{"1": {"2": 169.53582903794594, "6": 87.82635928177456}}