{"1": {"2": 340.8612263114127, "6": 155.94778378386783}}