{"1": {"2": 348.9127717333501, "6": 77.2231824091741}}