{"1": {"2": 58.834971218838234, "6": 176.15140291257853}}