{"1": {"2": 370.72954514812534, "6": 172.33654215539994}}