{"1": {"2": 499.69209620654465, "6": 178.07242661283667}}