{"1": {"2": 478.0818454973787, "6": 218.00234510686332}}