{"1": {"2": 177.54479004352777, "6": 251.77448236405235}}