{"1": {"2": 108.47158134465435, "6": 74.12868576602517}}