{"1": {"2": 154.1125089454507, "6": 166.82207859107376}}