{"1": {"2": 359.6748815885677, "6": 166.98478517649545}}