{"1": {"2": 204.60431125346773, "6": 213.3162133338501}}