{"1": {"2": 113.21150499663891, "6": 96.14592174832147}}