{"1": {"2": 136.23293348173917, "6": 120.6311324340235}}