{"1": {"2": 315.258953733079, "6": 183.56674037410102}}