{"1": {"2": 460.78736404821973, "6": 151.60848477429005}}