{"1": {"2": 350.4073479612598, "6": 182.2523261743705}}