{"1": {"2": 250.52441244077855, "6": 200.0887095474904}}