{"1": {"2": 246.54717710026824, "6": 143.03028581851703}}