{"1": {"2": 411.35541989819774, "6": 212.448892129012}}