{"1": {"2": 179.1672949943836, "6": 175.94675399008193}}