{"1": {"2": 137.07819165352237, "6": 155.4722962974509}}