{"1": {"2": 232.91380304715622, "6": 95.67453013230885}}