{"1": {"2": 181.2633929129965, "6": 264.91371071290826}}