{"1": {"2": 787.9573771973189, "6": 141.41444374736426}}