{"1": {"2": 229.30534007269753, "6": 225.44655643568916}}