{"1": {"2": 713.7816394775871, "6": 141.41444374736426}}