{"1": {"2": 600.0623635282208, "6": 169.30252858714513}}