{"1": {"2": 85.40690653820235, "6": 141.6292287860283}}