{"1": {"2": 211.0334313623069, "6": 182.16133407336798}}