{"1": {"2": 263.136752523794, "6": 211.1900663366909}}