{"1": {"2": 130.02474061022596, "6": 103.95724825434817}}