{"1": {"2": 181.27736610189987, "6": 151.81461083592936}}