{"1": {"2": 130.41679996455542, "6": 168.6702006890302}}