{"1": {"2": 441.2937941402157, "6": 184.5539349693076}}