{"1": {"2": 614.9761883076752, "6": 248.15285076215167}}