{"1": {"2": 124.47429507802028, "6": 199.5470741131229}}