{"1": {"2": 90.2707650958105, "6": 146.4255550753496}}