{"1": {"2": 317.41368858622945, "6": 139.37299956781465}}