{"1": {"2": 437.83472291544894, "6": 143.77783284973123}}