{"1": {"2": 47.651086933400464, "6": 100.8927296366964}}