{"1": {"2": 451.2185470532753, "6": 190.1099501559324}}