{"1": {"2": 323.89105756816065, "6": 124.81541947701903}}