{"1": {"2": 324.3739305949581, "6": 200.38210298240767}}