{"1": {"2": 64.98217394055015, "6": 301.3232773834046}}