{"1": {"2": 271.60502353503307, "6": 188.7894701851862}}