{"1": {"2": 268.01832645632356, "6": 230.24416262674458}}