{"1": {"2": 130.02474061022596, "6": 133.716371086022}}