{"1": {"2": 54.855518641133926, "6": 121.6616833820204}}