{"1": {"2": 189.79763662155125, "6": 184.2036419013184}}