{"1": {"2": 85.40690653820235, "6": 167.9687637668427}}