{"1": {"2": 123.81620481775175, "6": 194.6700129887688}}