{"1": {"2": 75.82675958548276, "6": 200.69460877417652}}