{"1": {"2": 53.88569437133151, "6": 174.34100585529026}}