{"1": {"2": 798.2576978648146, "6": 121.93244263568651}}