{"1": {"2": 433.68306095472553, "6": 133.22861611448064}}