{"1": {"2": 406.8106057201393, "6": 171.6015667426611}}