{"1": {"2": 185.58026242137686, "6": 165.85297029782706}}