{"1": {"2": 204.49521676882276, "6": 196.20942259102446}}