{"1": {"2": 314.5961011057861, "6": 164.24048837374082}}