{"1": {"2": 471.68795184862057, "6": 192.1302336131759}}