{"1": {"2": 350.86000452623676, "6": 136.25552561327396}}