{"1": {"2": 72.83101824396009, "6": 163.24283420538853}}