{"1": {"2": 238.91353968065405, "6": 126.81328465117898}}