{"1": {"2": 93.14254294469022, "6": 213.9397405334007}}