{"1": {"2": 787.9573771973189, "6": 148.57160416373807}}