{"1": {"2": 85.76003070455081, "6": 198.25271052090272}}