{"1": {"2": 234.22943002277992, "6": 91.57575219972166}}