{"1": {"2": 317.56031656917736, "6": 163.85664200597597}}