{"1": {"2": 340.98475282100156, "6": 119.91549240784047}}