{"1": {"2": 659.6221012561651, "6": 204.5765425295964}}