{"1": {"2": 383.27867026717456, "6": 171.84682679172099}}