{"1": {"2": 475.4854940185331, "6": 134.61908290584856}}