{"1": {"2": 331.63728765188364, "6": 178.1631382310847}}