{"1": {"2": 251.53303916546756, "6": 93.67377811198534}}