{"1": {"2": 186.44845583558075, "6": 221.7482137134015}}