{"1": {"2": 382.67832743379915, "6": 237.90202166826467}}