{"1": {"2": 284.6537801373653, "6": 195.90316881810014}}