{"1": {"2": 113.21150499663891, "6": 94.34132957348933}}