{"1": {"2": 88.50575618186267, "6": 195.9858019482579}}