{"1": {"2": 120.86733523935311, "6": 123.35988724068174}}