{"1": {"2": 241.03821102274452, "6": 222.6425428167373}}