{"1": {"2": 1314.4231514142903, "6": 301.77518111257166}}