{"1": {"2": 293.218737160825, "6": 119.01269854137908}}