{"1": {"2": 184.07491462686377, "6": 108.65440923734623}}