{"1": {"2": 234.22943002277992, "6": 93.86194688857962}}