{"1": {"2": 337.28796577160244, "6": 154.29132484926157}}