{"1": {"2": 169.90339364300766, "6": 185.3785703777481}}