{"5": {"305": 65.94764041900635, "6": 111.07421875}}