{"5": {"305": 68.47382020950317, "6": 118.037109375}}