{"5": {"305": 70.63238019667091, "6": 117.89612744103378}}