{"5": {"305": 72.50713373192028, "6": 121.1758963747315}}