{"5": {"305": 76.60075467633783, "6": 127.90734910363024, "56": 66.0}}