{"5": {"305": 75.90302112148852, "6": 129.21044653753475, "56": 66.0}}