{"5": {"305": 71.39236459248835, "6": 123.31090616316263}}