{"5": {"305": 77.23012902010879, "6": 134.14238461732728}}