{"5": {"305": 72.22166397183399, "6": 120.5475044365362}}