{"5": {"305": 78.48615639962921, "6": 134.35723368157562, "56": 66.0}}