{"5": {"305": 78.60665178431479, "6": 136.90264955808297}}