{"5": {"305": 76.55954315041797, "6": 126.32431545400502, "56": 66.0}}