{"5": {"305": 71.2378572801712, "6": 117.19690867490678}}