{"5": {"305": 76.08534472845272, "6": 132.64277822680276, "56": 66.0}}