{"5": {"305": 77.06154729598506, "6": 128.38367521409447, "56": 66.0}}