{"5": {"305": 71.03426851551315, "6": 122.16669639539116}}