{"5": {"305": 71.15425202658147, "6": 119.42295796242509}}