{"5": {"305": 76.81317788790521, "6": 131.80882466517926, "56": 66.0}}