{"5": {"305": 69.93164008209786, "6": 116.39915781497102}}