{"5": {"305": 78.48615639962921, "6": 133.13151031341803, "56": 66.0}}