{"5": {"305": 78.07773698148588, "6": 134.3211548850117, "56": 66.0}}