{"5": {"305": 75.39719111396539, "6": 128.7126606727481, "56": 66.0}}