{"5": {"305": 72.28289148417133, "6": 121.5021865961534}}