{"5": {"305": 77.868619075648, "6": 133.49636846106623, "56": 66.0}}