{"5": {"305": 76.51551416180845, "6": 127.94835433911139, "56": 66.0}}