{"5": {"305": 76.52656689348677, "6": 129.44636185155446, "56": 66.0}}