{"5": {"305": 75.95969020824204, "6": 131.70171367034197, "56": 66.0}}