{"5": {"305": 70.60109511354928, "6": 120.02949507995432}}