{"5": {"305": 77.62548858197023, "6": 131.1397170907247, "56": 66.0}}