{"5": {"305": 76.63398737204648, "6": 136.6346551676317, "56": 66.0}}