{"5": {"305": 77.79006796884644, "6": 135.53725417943264, "56": 66.0}}