{"5": {"305": 78.24451996538494, "6": 134.58583797714738, "56": 66.0}}