{"5": {"305": 71.53366401375676, "6": 118.95219516612671}}