{"5": {"305": 76.4793187259352, "6": 137.90867727655058, "56": 66.0}}