{"5": {"305": 76.3540270324079, "6": 133.00041863310358, "56": 66.0}}