{"5": {"305": 71.32622411083145, "6": 116.79154642400707}}