{"5": {"305": 77.62479187797939, "6": 133.45405845346363, "56": 66.0}}