{"5": {"305": 76.1715076986646, "6": 132.7899929887514, "56": 66.0}}