{"5": {"305": 76.55954315041797, "6": 125.96761336937273, "56": 66.0}}