{"5": {"305": 77.20429027612037, "6": 130.9883041080687, "56": 66.0}}