{"5": {"305": 75.5625923601803, "6": 131.23611555366503, "56": 66.0}}