{"5": {"305": 76.82297588851276, "6": 134.09789381979138, "56": 66.0}}