{"5": {"305": 70.77920676825694, "6": 115.93512671191498}}