{"5": {"305": 70.08716442890793, "6": 122.36516576330436}}