{"5": {"305": 75.45570695665471, "6": 124.48609014627273, "56": 66.0}}