{"5": {"305": 78.40620584938259, "6": 128.98112107889602, "56": 66.0}}