{"5": {"305": 77.51386124850833, "6": 130.8694736972618, "56": 66.0}}