{"5": {"305": 75.5064678008097, "6": 130.90737847828845, "56": 66.0}}