{"5": {"305": 75.78422486625382, "6": 129.83473324110065}}