{"5": {"305": 78.38670435462245, "6": 135.39761330687332, "56": 66.0}}