{"5": {"305": 76.11282804887637, "6": 132.3248676839302, "56": 66.0}}