{"5": {"305": 78.27649574821999, "6": 126.55188790724371, "56": 66.0}}