{"5": {"305": 76.54635468640132, "6": 131.74413609615152, "56": 66.0}}