{"5": {"305": 70.58511363507992, "6": 116.54225899199153}}