{"5": {"305": 71.72386417002417, "6": 119.34015943389386}}