{"5": {"305": 71.39236459248835, "6": 120.78897697376559}}