{"5": {"305": 76.16692447396682, "6": 134.07908890874313, "56": 66.0}}