{"5": {"305": 76.35137438295064, "6": 137.76107277053612, "56": 66.0}}