{"5": {"305": 70.66397460583066, "6": 118.06799425669381}}