{"5": {"305": 69.53383479426091, "6": 116.97453871538}}