{"5": {"305": 77.4545344366655, "6": 132.67641035392717, "56": 66.0}}