{"5": {"305": 77.72074687786942, "6": 135.38763910664352, "56": 66.0}}