{"5": {"305": 78.38670435462245, "6": 129.36352991340652, "56": 66.0}}