{"5": {"305": 74.70346353979261, "6": 134.20493952403078}}