{"5": {"305": 78.33676851917787, "6": 131.9857697200562, "56": 66.0}}