{"5": {"305": 76.74052784188076, "6": 138.01488987520986, "56": 66.0}}