{"5": {"305": 69.64800516337309, "6": 119.98586322723736}}