{"5": {"305": 78.53309166726008, "6": 131.9857697200562, "56": 66.0}}