{"5": {"305": 76.37231786282908, "6": 133.69091217690027}}