{"5": {"305": 77.59715301406588, "6": 132.8822277765376, "56": 66.0}}