{"5": {"305": 76.04079558205578, "6": 135.11019542181455, "56": 66.0}}