{"5": {"305": 70.43515929158967, "6": 119.25336332339812}}