{"5": {"305": 76.68271178658378, "6": 133.99287425203883, "56": 66.0}}