{"5": {"305": 76.396065336746, "6": 125.7333975955082, "56": 66.0}}