{"5": {"305": 78.29949747234507, "6": 131.09340037941286, "56": 66.0}}