{"5": {"305": 77.72954772511056, "6": 135.89900629103556, "56": 66.0}}