{"5": {"305": 72.87749371712549, "6": 115.79969737590494}}