{"5": {"305": 76.2439102041381, "6": 129.44636185155446, "56": 66.0}}