{"AUS": {"ETS": 114.94355452183603, "NAC": 203.57136492850842}}