{"AUS": {"ETS": 143.72703038523417, "NAC": 223.92850142135617}}