{"AUS": {"ETS": 140.54620453603263, "NAC": 223.9273709226615}}