{"AUS": {"ETS": 129.28456479609105, "NAC": 223.9275857174141}}