{"AUS": {"ETS": 141.41064115362443, "NAC": 223.92850142135907}}