{"AUS": {"ETS": 142.97564028227313, "NAC": 223.92850142091552}}