{"AUS": {"ETS": 127.14064227109381, "NAC": 223.9285014196132}}