{"AUS": {"ETS": 122.24749746672789, "NAC": 223.92850140843342}}