{"AUS": {"ETS": 116.29429797022308, "NAC": 203.57136492850842}}