{"AUS": {"ETS": 133.27576618518202, "NAC": 223.92850142135907}}