{"AUS": {"ETS": 85.75887430930132, "NAC": 203.57136492850842}}