{"AUS": {"ETS": 130.72030509127063, "NAC": 222.46706668902075}}