{"AUS": {"ETS": 125.70926921381208, "NAC": 223.92850142135907}}