{"AUS": {"ETS": 142.54051270421303, "NAC": 223.92850142133838}}