{"AUS": {"ETS": 146.47781529041256, "NAC": 223.9285014213527}}