{"AUS": {"ETS": 120.09127583316884, "NAC": 223.92850137050732}}