{"CHH": {"DIH": 136.73999799920708, "KOB": 149.490354570268}, "CHW": {"HFC": 112.6715456085891}}