{"CHH": {"DIH": 1224.1931019024173, "KOB": 138.02766015129026}, "CHW": {"HFC": 96.53141791146909}}