{"CHH": {"DIH": 105.0, "KOB": 130.4417724609375}, "CHW": {"HFC": 108.939453125}}