{"CHH": {"DIH": 115.46115815795565, "KOB": 30.41649233375038}, "CHW": {"HFC": 156.29786563125333}}