{"CHH": {"DIH": 129.43817406687668, "KOB": 172.79129527478375}, "CHW": {"HFC": 103.38210116419819}}