{"CHH": {"DIH": 1113.7737917121756, "KOB": 131.4021642502906}, "CHW": {"HFC": 93.57827612032219}}