{"CHH": {"DIH": 103.15062504405141, "KOB": 83.76074421817482}, "CHW": {"HFC": 104.40435906705461}}