{"CHH": {"DIH": 184.29480287532894, "KOB": 142.32308661855717}, "CHW": {"HFC": 124.24921407273368}}