{"CHH": {"DIH": 143.33427108350205, "KOB": 140.28029275113295}, "CHW": {"HFC": 122.6970960282298}}