{"CHH": {"DIH": 172.2840838210609, "KOB": 172.9830493639444}, "CHW": {"HFC": 142.33973166300188}}