{"CHH": {"DIH": 201.58310887948474, "KOB": 119.96267862279606}, "CHW": {"HFC": 96.46595513929545}}