{"CHH": {"DIH": 114.24515512392857, "KOB": 120.39362912874496}, "CHW": {"HFC": 100.85853846853954}}