{"CHH": {"DIH": 93.10421258226191, "KOB": 96.70974323851507}, "CHW": {"HFC": 120.32120712053631}}