{"CHH": {"DIH": 113.85459435760917, "KOB": 122.22578434098003}, "CHW": {"HFC": 100.92942644627088}}