{"CHH": {"DIH": 108.01944802996545, "KOB": 86.09426174341056}, "CHW": {"HFC": 107.39071256733227}}