{"CHH": {"DIH": 117.62739761141415, "KOB": 107.0980268594644}, "CHW": {"HFC": 100.95087124551802}}