{"CHH": {"DIH": 287.01024726199, "KOB": 159.9459640279344}, "CHW": {"HFC": 93.4252582394336}}