{"CHH": {"DIH": 149.48580435216533, "KOB": 184.2206549267101}, "CHW": {"HFC": 113.40102816812586}}