{"CHH": {"DIH": 105.25488635484422, "KOB": 147.32238664640585}, "CHW": {"HFC": 88.44742307103738}}