{"CHH": {"DIH": 1008.3964125409581, "KOB": 136.26194782526153}, "CHW": {"HFC": 93.57827612032219}}