{"CHH": {"DIH": 119.10287841855184, "KOB": 134.81746848172537}, "CHW": {"HFC": 89.92224035626539}}