{"CHH": {"DIH": 99.02256711774615, "KOB": 142.3572991615246}, "CHW": {"HFC": 129.7820801362301}}