{"CHH": {"DIH": 111.92731557855613, "KOB": 106.3199117915563}, "CHW": {"HFC": 119.85575939423127}}