{"CHH": {"DIH": 167.67226140475003, "KOB": 141.05096267691368}, "CHW": {"HFC": 98.82515691644738}}