{"CHH": {"DIH": 184.19429970597656, "KOB": 156.9703083610099}, "CHW": {"HFC": 90.66415613881783}}