{"CHH": {"DIH": 122.63561395610472, "KOB": 130.86498716305508}, "CHW": {"HFC": 138.15548070326327}}