{"CHH": {"DIH": 166.0953381690726, "KOB": 188.32179620581493}, "CHW": {"HFC": 127.35984659550874}}