{"CHH": {"DIH": 117.4511842971497, "KOB": 48.27681145565201}, "CHW": {"HFC": 141.02814404518367}}