{"CHH": {"DIH": 125.43193439715276, "KOB": 109.57506052230849}, "CHW": {"HFC": 89.60377116274546}}