{"CHH": {"DIH": 197.0148697353789, "KOB": 156.9703083610099}, "CHW": {"HFC": 107.29596647244246}}