{"CHH": {"DIH": 85.47495312081904, "KOB": 135.34341351099906}, "CHW": {"HFC": 128.67566367439952}}