{"CHH": {"DIH": 114.29717760963362, "KOB": 109.60513515683212}, "CHW": {"HFC": 93.07848710111097}}