{"CHH": {"DIH": 107.59711652380204, "KOB": 101.26351451751263}, "CHW": {"HFC": 106.59072070568163}}