{"CHH": {"DIH": 119.27170911663195, "KOB": 113.4143365845636}, "CHW": {"HFC": 104.09879305660415}}