{"CHH": {"DIH": 62.148267566579854, "KOB": 121.31885628491077}, "CHW": {"HFC": 105.13352399178389}}