{"CHH": {"DIH": 193.42479799153628, "KOB": 99.6277134444165}, "CHW": {"HFC": 83.53742366282931}}