{"CHH": {"DIH": 129.4144798212464, "KOB": 93.8626626731023}, "CHW": {"HFC": 105.49729994498607}}