{"CHH": {"DIH": 109.0857208197212, "KOB": 137.2740150319205}, "CHW": {"HFC": 110.45522237721191}}