{"CHH": {"DIH": 169.25800996224694, "KOB": 103.39844788997736}, "CHW": {"HFC": 101.39878185020258}}