{"CHH": {"DIH": 158.00507856406279, "KOB": 140.32093661232307}, "CHW": {"HFC": 106.76264122480265}}