{"CHH": {"DIH": 151.9352718279724, "KOB": 129.91574605882266}, "CHW": {"HFC": 120.80425529020306}}