{"CHH": {"DIH": 129.33249898990292, "KOB": 141.44904440370064}, "CHW": {"HFC": 105.11131546095899}}