{"CHH": {"DIH": 107.64680833200195, "KOB": 111.48110360799103}, "CHW": {"HFC": 100.40865771078606}}