{"CHH": {"DIH": 119.66715137272851, "KOB": 149.9117304906352}, "CHW": {"HFC": 113.40102816812586}}