{"CHH": {"DIH": 139.77253241122307, "KOB": 108.29895666689337}, "CHW": {"HFC": 105.52684336124885}}