{"CHH": {"DIH": 113.43943386397419, "KOB": 103.69952085628888}, "CHW": {"HFC": 108.0218571129875}}