{"CHH": {"DIH": 117.98601591838349, "KOB": 86.11912855116059}, "CHW": {"HFC": 105.17795402886603}}