{"CHH": {"DIH": 112.48180981400756, "KOB": 119.8132154224946}, "CHW": {"HFC": 118.73884662418436}}