{"CHH": {"DIH": 108.93679784367195, "KOB": 116.19693790252009}, "CHW": {"HFC": 96.2901172210791}}