{"CHH": {"DIH": 136.90123209778648, "KOB": 149.490354570268}, "CHW": {"HFC": 112.6715456085891}}