{"CHH": {"DIH": 142.83290083912175, "KOB": 169.83362274213056}, "CHW": {"HFC": 123.80716045799814}}