{"CHH": {"DIH": 103.31509103127621, "KOB": 109.84762680009673}, "CHW": {"HFC": 94.72582974265363}}