{"CHH": {"DIH": 92.07829794585169, "KOB": 98.79110208326671}, "CHW": {"HFC": 123.03777185499773}}