{"CHH": {"DIH": 83.68926526364521, "KOB": 108.65550936002427}, "CHW": {"HFC": 116.38292505002667}}