{"CHH": {"DIH": 122.3458126848016, "KOB": 94.00342922349266}, "CHW": {"HFC": 115.06899250254257}}