{"CHH": {"DIH": 146.6763620723465, "KOB": 135.85980633693458}, "CHW": {"HFC": 85.50623161581194}}