{"CHH": {"DIH": 173.80706262802596, "KOB": 121.27234708586528}, "CHW": {"HFC": 111.56385209762057}}