{"CHH": {"DIH": 92.68072512650532, "KOB": 120.7262739740481}, "CHW": {"HFC": 144.14322720808596}}