{"CHH": {"DIH": 128.5667422824809, "KOB": 113.77069903193885}, "CHW": {"HFC": 100.35190462076754}}