{"CHH": {"DIH": 123.75981985278516, "KOB": 164.11161290129047}, "CHW": {"HFC": 126.33766438232837}}