{"CHH": {"DIH": 110.41750322696889, "KOB": 87.55635201216255}, "CHW": {"HFC": 110.74647717953914}}