{"CHH": {"DIH": 115.25396187238512, "KOB": 113.4143365845636}, "CHW": {"HFC": 104.09879305660415}}