{"CHH": {"DIH": 113.10143306523318, "KOB": 104.57724411226809}, "CHW": {"HFC": 114.09749545416666}}