{"CHH": {"DIH": 116.61097080844965, "KOB": 107.02612597694925}, "CHW": {"HFC": 88.41657169263875}}