{"CHH": {"DIH": 142.2045707076565, "KOB": 140.32093661232307}, "CHW": {"HFC": 109.28637710232238}}