{"CHH": {"DIH": 112.90440208042791, "KOB": 111.47148509395956}, "CHW": {"HFC": 104.09879305660415}}