{"CHH": {"DIH": 80.30550346757671, "KOB": 135.34341351099906}, "CHW": {"HFC": 117.05884404246851}}