{"CHH": {"DIH": 111.59150631165195, "KOB": 150.18349761421854}, "CHW": {"HFC": 98.67735281103324}}