{"CHH": {"DIH": 129.5186025360899, "KOB": 120.45765312585043}, "CHW": {"HFC": 91.42648096127236}}