{"CHH": {"DIH": 132.81693087686958, "KOB": 123.09072786914817}, "CHW": {"HFC": 122.36380531239188}}