{"CHH": {"DIH": 156.12255781231158, "KOB": 128.02799757418535}, "CHW": {"HFC": 114.15832234446434}}