{"CHH": {"DIH": 123.8925780156472, "KOB": 127.72165152767306}, "CHW": {"HFC": 116.93483281618197}}