{"CHH": {"DIH": 103.44912509140212, "KOB": 103.77390766805107}, "CHW": {"HFC": 100.73114056825912}}