{"CHH": {"DIH": 108.93679784367195, "KOB": 143.45300975619764}, "CHW": {"HFC": 100.32235246786566}}