{"CHH": {"DIH": 160.38543805964983, "KOB": 178.21906201072005}, "CHW": {"HFC": 110.1785713483865}}