{"CHH": {"DIH": 122.91318834831414, "KOB": 136.13676290950795}, "CHW": {"HFC": 124.24921407273368}}