{"CHH": {"DIH": 90.104736328125, "KOB": 75.05222905799747}, "CHW": {"HFC": 85.00862838327885}}