{"CHH": {"DIH": 103.6494792025259, "KOB": 98.79110208326671}, "CHW": {"HFC": 123.06859520254818}}