{"CHH": {"DIH": 99.99556137995012, "KOB": 127.18322839033787}, "CHW": {"HFC": 139.74861261069245}}