{"CIO": {"SHM": 117.90279136752274, "STW": 115.95360720506656}}