{"CIO": {"SHM": 142.87646555103507, "STW": 131.6052721744848}}