{"CIO": {"SHM": 130.95816896513696, "STW": 138.68710932152476}}