{"CIO": {"SHM": 125.91291513998767, "STW": 124.10532933492632}}