{"CIO": {"SHM": 120.78994867836612, "STW": 138.29335411910958}}