{"CIO": {"SHM": 123.28101682220854, "STW": 134.43023827911347}}