{"CIO": {"SHM": 131.1317283495752, "STW": 131.69582695799514}}