{"CIO": {"SHM": 128.3974609375, "STW": 126.65625}}