{"CIO": {"SHM": 126.03121864315092, "STW": 130.75830928502458}}