{"CIO": {"SHM": 124.55049340839746, "STW": 138.67474868050715}}