{"CIO": {"SHM": 121.99124609910078, "STW": 117.18954214368807}}