{"CIO": {"SHM": 119.35319160377207, "STW": 125.26324497551977}}