{"CIO": {"SHM": 131.3188513486335, "STW": 121.48068625013725}}