{"CIO": {"SHM": 127.77741578650623, "STW": 140.00985862911037}}