{"CIO": {"SHM": 122.18826625391054, "STW": 115.3378586321328}}