{"CIO": {"SHM": 127.77741578650623, "STW": 140.85887276619934}}