{"CIO": {"SHM": 120.36026959239314, "STW": 122.60638575898194}}