{"CIO": {"SHM": 121.03733247662358, "STW": 117.40155103705112}}