{"CIO": {"SHM": 132.21688514126296, "STW": 133.1421365449785}}