{"CIO": {"SHM": 130.63520624777408, "STW": 133.62636274341082}}