{"CIO": {"SHM": 129.9658725865289, "STW": 146.12218373919512}}