{"CIO": {"SHM": 108.5843993185509, "STW": 126.66820822359367}}