{"CIO": {"SHM": 108.17985767022992, "STW": 121.57288112243768}}