{"CIO": {"SHM": 132.95604338670455, "STW": 132.41474495703633}}