{"CIO": {"SHM": 115.55502954195826, "STW": 136.9627030402387}}