{"CIO": {"SHM": 121.03733247662358, "STW": 117.8952563400114}}