{"CIO": {"SHM": 90.05768125504255, "STW": 123.78056812286377}}