{"CIO": {"SHM": 109.44174148416774, "STW": 138.1267938768379}}