{"CIO": {"SHM": 118.01981703920069, "STW": 131.5363922542221}}