{"CKT": {"STW": 127.93134762065424, "TAW": 124.58074619261845}}