{"CKT": {"STW": 122.62503632606402, "TAW": 118.85094177992985}}