{"CKT": {"STW": 130.80933287759345, "TAW": 121.97717688275779}}