{"CKT": {"STW": 115.39785554701402, "TAW": 328.9974868397357}}