{"CKT": {"STW": 130.28030575331283, "TAW": 124.89222171805633}}