{"CKT": {"STW": 104.6884765625, "TAW": 122.66796875}}