{"CKT": {"STW": 105.71097522283954, "TAW": 115.45167066360156}}