{"CKT": {"STW": 116.5567595343698, "TAW": 114.94630073733506}}