{"CKT": {"STW": 126.39253567603221, "TAW": 130.95646802343282}}