{"CKT": {"STW": 133.5374967343153, "TAW": 119.85428358533773}}