{"CKT": {"STW": 131.13200366776562, "TAW": 122.979459194482}}