{"CKT": {"STW": 122.88025624423328, "TAW": 114.50229293302148}}