{"CKT": {"STW": 117.96491530168332, "TAW": 102.5962253135446}}