{"CKT": {"STW": 122.43395788409183, "TAW": 103.02521960056404}}