{"CKT": {"STW": 129.57809154244137, "TAW": 107.17485303924278}}