{"CKT": {"STW": 115.69231296955834, "TAW": 120.64368476614918}}