{"CKT": {"STW": 117.5078125, "TAW": 125.3359375}}