{"CKT": {"STW": 114.3183401814988, "TAW": 517.0094212522852}}