{"CKT": {"STW": 120.64361176892707, "TAW": 113.82255068879695}}