{"CKT": {"STW": 118.52728741871297, "TAW": 119.8203373306799}}