{"CKT": {"STW": 121.76217276388611, "TAW": 120.42048139383083}}