{"CKT": {"STW": 110.02900914951105, "TAW": 103.62341277822156}}