{"CKT": {"STW": 130.08922861479203, "TAW": 124.89222171805633}}