{"CKT": {"STW": 89.376953125, "TAW": 122.66796875}}