{"CKT": {"STW": 125.55853874314789, "TAW": 101.35167041881822}}