{"CKT": {"STW": 129.45481430843716, "TAW": 120.13019653639753}}