{"CKT": {"STW": 121.21368107728703, "TAW": 121.01857150761955}}