{"CKT": {"STW": 134.11387195327822, "TAW": 124.49940849496917}}