{"CKT": {"STW": 129.40427160738426, "TAW": 121.12068772287549}}