{"CKT": {"STW": 127.45992565006611, "TAW": 128.42471273947857}}