{"CKT": {"STW": 132.56441459687247, "TAW": 122.5990266842607}}