{"CKT": {"STW": 119.18478636366027, "TAW": 106.92734572974337}}