{"CKT": {"STW": 102.83786945587335, "TAW": 111.32722009927616}}