{"CKT": {"STW": 126.79670199669775, "TAW": 111.92166469269107}}