{"CKT": {"STW": 119.40241418209567, "TAW": 122.54387022473361}}