{"CKT": {"STW": 127.33599868209038, "TAW": 112.80863945213301}}