{"CKT": {"STW": 114.91487987724258, "TAW": 135.78271830290083}}