{"CKT": {"STW": 110.88724474506098, "TAW": 116.5065035972414}}