{"CKT": {"STW": 127.9390863335306, "TAW": 123.07433655756886}}