{"CKT": {"STW": 132.77423127142998, "TAW": 124.1882092349397}}