{"CKT": {"STW": 133.24761130027224, "TAW": 117.02407188076786}}