{"CKT": {"STW": 133.5374967343153, "TAW": 114.77561893817668}}