{"CKT": {"STW": 129.95628627508088, "TAW": 133.22354357365128}}