{"CKT": {"STW": 125.10203653679893, "TAW": 133.0351209414807}}