{"CKT": {"STW": 133.54026086453365, "TAW": 127.92520148253479}}