{"CKT": {"STW": 109.38636684577894, "TAW": 127.76648685974969}}