{"CKT": {"STW": 119.36962766823217, "TAW": 86.31320825100315}}