{"CKT": {"STW": 124.33559615199883, "TAW": 124.39644560676632}}