{"CKT": {"STW": 111.7985202705549, "TAW": 116.85585323751727}}