{"CKT": {"STW": 125.12824102451896, "TAW": 125.16885416670065}}