{"CKT": {"STW": 129.95628627508088, "TAW": 127.05107029465755}}