{"CKT": {"STW": 121.54040760642104, "TAW": 126.56276317749966}}