{"CSW": {"SSP": 110.15722466968437, "LCK": 125.45872798130145}}