{"CSW": {"SSP": 109.36951735488955, "LCK": 94.7056472490576}}