{"CSW": {"SSP": 77.58759305068814, "LCK": 109.24565308151318}}