{"CSW": {"SSP": 98.2421897704746, "LCK": 93.24135849688868}}