{"CSW": {"SSP": 115.29255477945549, "LCK": 125.17527571780388}}