{"CSW": {"SSP": 72.87578203095443, "LCK": 261.8936952773588}}