{"CSW": {"SSP": 93.0822710305898, "LCK": 105.15102655557948}}