{"CSW": {"SSP": 105.34906123419076, "LCK": 78.49750246327447}}