{"CSW": {"SSP": 111.00468708797943, "LCK": 122.96263889545271}}