{"CSW": {"SSP": 104.91282511629586, "LCK": 104.58710068244855}}