{"CSW": {"SSP": 117.25311022618594, "LCK": 102.2538854926637}}