{"CSW": {"SSP": 74.08722343359804, "LCK": 98.02637289666154}}