{"CSW": {"SSP": 111.09983230175276, "LCK": 121.32101802366726}}