{"CSW": {"SSP": 90.88506198480528, "LCK": 97.88769219304484}}