{"CSW": {"SSP": 72.14842051625756, "LCK": 101.235927228748}}