{"CSW": {"SSP": 83.28129126354067, "LCK": 94.46610504401794}}