{"CSW": {"SSP": 106.85501928321062, "LCK": 94.7056472490576}}