{"CSW": {"SSP": 113.38067397586197, "LCK": 125.17233893279528}}