{"CSW": {"SSP": 88.70467022085296, "LCK": 116.40348593335133}}