{"CSW": {"SSP": 107.45388691954368, "LCK": 99.34872160748552}}