{"CSW": {"SSP": 108.33158469473145, "LCK": 125.49933885276718}}