{"CSW": {"SSP": 95.20921821460257, "LCK": 101.81000622718264}}