{"CSW": {"SSP": 80.88457083064495, "LCK": 102.97984142592217}}