{"CSW": {"SSP": 97.3916497255621, "LCK": 95.15755312078272}}