{"CSW": {"SSP": 86.9531621371866, "LCK": 97.11949453961614}}