{"CSW": {"SSP": 93.07429268197289, "LCK": 98.48738425946365}}