{"CSW": {"SSP": 99.87209832996047, "LCK": 108.71309342159648}}