{"CSW": {"SSP": 106.98528549880739, "LCK": 109.53284935722368}}