{"CSW": {"SSP": 98.52213755521822, "LCK": 99.6964544814652}}