{"CSW": {"SSP": 111.27944686550147, "LCK": 101.2926506363808}}