{"CSW": {"SSP": 87.61959709683354, "LCK": 87.29575361737874}}