{"CSW": {"SSP": 89.52398326706192, "LCK": 126.18963870780556}}