{"CSW": {"SSP": 113.63222807287539, "LCK": 121.31428802036778}}