{"CSW": {"SSP": 106.52945968254119, "LCK": 98.37886853948784}}