{"CSW": {"SSP": 99.11344258884496, "LCK": 100.05636957694988}}