{"CSW": {"SSP": 87.79283503299133, "LCK": 95.36306753842072}}