{"CSW": {"SSP": 105.33589340829727, "LCK": 117.52189563110237}}