{"CSW": {"SSP": 97.47350743421626, "LCK": 86.9241723010775}}