{"CSW": {"SSP": 105.86409010632539, "LCK": 115.08592112865458}}