{"CSW": {"SSP": 98.18288528024787, "LCK": 93.70529749916581}}