{"CSW": {"SSP": 96.53917897855635, "LCK": 111.75550426806981}}