{"CSW": {"SSP": 108.39886234285837, "LCK": 101.10164227549397}}