{"CSW": {"SSP": 99.14150220271594, "LCK": 119.51285518317131}}