{"CSW": {"SSP": 95.73417959874234, "LCK": 100.5977301819918}}