{"CSW": {"SSP": 77.76830136963102, "LCK": 105.83412812998681}}