{"CSW": {"SSP": 94.16266967820812, "LCK": 103.40111151938018}}