{"CSW": {"SSP": 84.10536000729796, "LCK": 33.727649692076085}}