{"CSW": {"SSP": 112.71342375840607, "LCK": 104.72843238319999}}