{"CSW": {"SSP": 72.14842051625756, "LCK": 104.3123345058732}}