{"CSW": {"SSP": 101.13573432447208, "LCK": 123.32120351021153}}