{"CSW": {"SSP": 104.84772954225545, "LCK": 118.02556999216395}}