{"CSW": {"SSP": 116.2018731145583, "LCK": 117.46586023157484}}