{"CSW": {"SSP": 98.19017707239804, "LCK": 107.2970155313707}}