{"CSW": {"SSP": 92.04599114392586, "LCK": 105.93164630676071}}