{"CSW": {"SSP": 78.13357846463181, "LCK": 107.08110105528587}}