{"CSW": {"SSP": 116.2018731145583, "LCK": 115.85095581286093}}