{"CSW": {"SSP": 116.2018731145583, "LCK": 111.9406861887172}}