{"CSW": {"SSP": 102.65189606184249, "LCK": 93.75745204042009}}