{"DIH": {"HIK": 333.0095872942026, "WTS": 99.13523164760508, "KAT": 152.8535037161389, "CHH": 98.10322518074686}, "DIS": {"SUN": 198.57938038523076}}