{"DIH": {"HIK": 333.01058002448843, "WTS": 84.7300287635453, "KAT": 158.09289468317763, "CHH": 112.89444537560571}, "DIS": {"SUN": 198.57938038523076}}