{"DIH": {"HIK": 318.5307683796785, "WTS": 89.1896038555799, "KAT": 174.76487366909916, "CHH": 123.42463639363616}, "DIS": {"SUN": 198.57938038469106}}