{"DIH": {"HIK": 332.64812782218934, "WTS": 116.50857543093915, "KAT": 175.3673598209196, "CHH": 114.08229269556962}, "DIS": {"SUN": 198.57938038523076}}