{"DIH": {"HIK": 333.01058002448843, "WTS": 110.14028093405845, "KAT": 162.96225079519158, "CHH": 121.40795074921452}, "DIS": {"SUN": 198.57938038523076}}