{"DIH": {"HIK": 333.0105800244088, "WTS": 94.59470643475998, "KAT": 143.3813689900375, "CHH": 98.34982559998602}, "DIS": {"SUN": 198.57938038523076}}