{"DIH": {"HIK": 302.73689093135357, "WTS": 112.46289038333762, "KAT": 377.80865013817885, "CHH": 96.07246913340612}, "DIS": {"SUN": 180.526709441119}}