{"DIH": {"HIK": 333.0105800162143, "WTS": 126.2238367014669, "KAT": 148.20232020708391, "CHH": 102.10019426995002}, "DIS": {"SUN": 198.57938038523076}}