{"DIH": {"HIK": 333.0105798964197, "WTS": 93.38902258013103, "KAT": 153.48194154612472, "CHH": 96.6862882955271}, "DIS": {"SUN": 198.57938038523076}}