{"DIH": {"HIK": 302.73689093135357, "WTS": 108.68359375, "KAT": 155.96875, "CHH": 118.21875}, "DIS": {"SUN": 180.526709441119}}