{"DIH": {"HIK": 333.0105800244879, "WTS": 80.21484438697546, "KAT": 157.88540737192898, "CHH": 97.63614277057765}, "DIS": {"SUN": 198.57938038523076}}