{"DIH": {"HIK": 302.73689093135357, "WTS": 62.92759699241437, "KAT": 148.97758913168283, "CHH": 88.55050041174067}, "DIS": {"SUN": 180.526709441119}}