{"DIH": {"HIK": 302.73689093135357, "WTS": 89.47392687592139, "KAT": 175.21254464213226, "CHH": 111.08172121550483}, "DIS": {"SUN": 196.14073222988702}}