{"DIH": {"HIK": 333.01058002448843, "WTS": 104.65356834337281, "KAT": 139.32024549716454, "CHH": 99.38026817255675}, "DIS": {"SUN": 198.57938038523076}}