{"DIH": {"HIK": 333.01058002447405, "WTS": 105.54340367518762, "KAT": 164.98012931832534, "CHH": 108.49569738001256}, "DIS": {"SUN": 198.57938038523076}}