{"DIH": {"HIK": 333.0105778220858, "WTS": 102.42243664459102, "KAT": 160.0728851770444, "CHH": 108.25205750589755}, "DIS": {"SUN": 198.57938038523076}}