{"DIH": {"HIK": 332.56310816979806, "WTS": 114.78730603437683, "KAT": 172.852622023244, "CHH": 112.68784132840972}, "DIS": {"SUN": 198.57938038523076}}