{"DIH": {"HIK": 333.01058002448843, "WTS": 74.50752009906748, "KAT": 154.29002479106867, "CHH": 119.8239551665705}, "DIS": {"SUN": 198.57938038523076}}