{"DIH": {"HIK": 332.8842007559803, "WTS": 111.83161325435974, "KAT": 180.3565899635304, "CHH": 108.88012907435873}, "DIS": {"SUN": 198.57938038523076}}