{"DIH": {"HIK": 333.0105087565815, "WTS": 98.3128833411809, "KAT": 166.39053216088269, "CHH": 105.43550073643048}, "DIS": {"SUN": 198.57938038523076}}