{"DIH": {"HIK": 333.01058002448843, "WTS": 102.99366037739847, "KAT": 150.27460176362067, "CHH": 115.21100136384071}, "DIS": {"SUN": 198.57938038523076}}