{"DIH": {"HIK": 333.01057804232613, "WTS": 86.62316068251619, "KAT": 165.58153329406537, "CHH": 110.6268517553078}, "DIS": {"SUN": 198.57938038523076}}