{"DIH": {"HIK": 302.73689093135357, "WTS": 86.21094920876374, "KAT": 145.97034609224647, "CHH": 109.01733916424882}, "DIS": {"SUN": 180.526709441119}}