{"DIH": {"HIK": 332.71699374062626, "WTS": 112.85275148915464, "KAT": 175.3673598209196, "CHH": 115.87406342601267}, "DIS": {"SUN": 198.57938038523076}}