{"DIH": {"HIK": 302.73689093135357, "WTS": 84.58120420464631, "KAT": 153.8508265859857, "CHH": 94.14590235944146}, "DIS": {"SUN": 180.526709441119}}