{"DIH": {"HIK": 302.73689093135357, "WTS": 76.19075656592113, "KAT": 152.83774660636738, "CHH": 77.89089584038429}, "DIS": {"SUN": 180.526709441119}}