{"DIH": {"HIK": 333.01058002447917, "WTS": 111.57644418680903, "KAT": 165.7445142730592, "CHH": 118.91294434592359}, "DIS": {"SUN": 198.57938038523076}}