{"DIH": {"HIK": 332.98455965382243, "WTS": 118.89497248594887, "KAT": 165.42464905711668, "CHH": 123.51175371968839}, "DIS": {"SUN": 198.57938038523076}}