{"DIH": {"HIK": 302.73689093135357, "WTS": 81.45885124557867, "KAT": 142.62555590528518, "CHH": 78.88706810246381}, "DIS": {"SUN": 180.526709441119}}