{"DIH": {"HIK": 333.0105800244867, "WTS": 108.69672602235012, "KAT": 155.92837581455416, "CHH": 92.17646882829449}, "DIS": {"SUN": 198.57938038523076}}