{"DIH": {"HIK": 302.73689093135357, "WTS": 101.51055053757186, "KAT": 150.73826489423448, "CHH": 93.43322819702767}, "DIS": {"SUN": 180.526709441119}}