{"DIH": {"HIK": 333.010580024487, "WTS": 88.0443480781036, "KAT": 153.53553823309875, "CHH": 92.17646882829449}, "DIS": {"SUN": 198.57938038523076}}