{"DIH": {"HIK": 333.01058002448843, "WTS": 101.10875299596495, "KAT": 146.40559862282225, "CHH": 109.3396553930223}, "DIS": {"SUN": 198.57938038523076}}