{"DIH": {"HIK": 302.73689093135357, "WTS": 87.12653418832926, "KAT": 175.21254464213226, "CHH": 111.08172121550483}, "DIS": {"SUN": 198.42181733092406}}