{"DIH": {"HIK": 330.32744169362843, "WTS": 93.91724313036345, "KAT": 166.13840722757973, "CHH": 96.91506807363302}, "DIS": {"SUN": 198.57938038523076}}