{"DIH": {"HIK": 302.73689093135357, "WTS": 90.22022909435327, "KAT": 170.53759384155273, "CHH": 112.1697341054678}, "DIS": {"SUN": 180.526709441119}}