{"DIH": {"HIK": 302.73689093135357, "WTS": 102.62869827547256, "KAT": 135.2815080373965, "CHH": 99.62554102006986}, "DIS": {"SUN": 180.526709441119}}