{"DIH": {"HIK": 333.0105800142734, "WTS": 124.86893419934185, "KAT": 148.20232020708391, "CHH": 107.28147362133059}, "DIS": {"SUN": 198.57938038523076}}