{"DIH": {"HIK": 333.00150728223406, "WTS": 122.14031144803107, "KAT": 169.61680502173684, "CHH": 114.54756161548758}, "DIS": {"SUN": 198.57938038523076}}