{"DIH": {"HIK": 332.8968386828312, "WTS": 119.47674963914662, "KAT": 180.5107668075651, "CHH": 107.65594741711811}, "DIS": {"SUN": 198.57938038523076}}