{"DIH": {"HIK": 333.0105795710336, "WTS": 90.84386311359474, "KAT": 147.29510810442684, "CHH": 84.21501035745635}, "DIS": {"SUN": 198.57938038523076}}