{"DIH": {"HIK": 332.96651429828444, "WTS": 119.35920208192174, "KAT": 165.93166550261316, "CHH": 121.52068360455355}, "DIS": {"SUN": 198.57938038523076}}