{"DIH": {"HIK": 302.73689093135357, "WTS": 100.42707119170419, "KAT": 135.17638230124768, "CHH": 32.82396215077432}, "DIS": {"SUN": 180.526709441119}}