{"DIH": {"HIK": 302.73689093135357, "WTS": 104.36582844792528, "KAT": 139.75335723365683, "CHH": 101.66298691806287}, "DIS": {"SUN": 180.526709441119}}