{"DIH": {"HIK": 333.01058002448843, "WTS": 112.64721264513692, "KAT": 151.87894371878969, "CHH": 97.58796987608416}, "DIS": {"SUN": 198.57938038523076}}