{"DIH": {"HIK": 333.0105800243899, "WTS": 107.68482275896295, "KAT": 134.69798640745367, "CHH": 109.27758399998447}, "DIS": {"SUN": 198.57938038523076}}