{"DIH": {"HIK": 302.73689093135357, "WTS": 62.92759699241437, "KAT": 151.60184719666307, "CHH": 81.34678498812876}, "DIS": {"SUN": 180.526709441119}}