{"DIH": {"HIK": 302.73689093135357, "WTS": 108.74242004468378, "KAT": 141.90337768100224, "CHH": 103.49668822625658}, "DIS": {"SUN": 180.526709441119}}