{"DIH": {"HIK": 333.0105800118771, "WTS": 122.22073706692285, "KAT": 137.58195428605993, "CHH": 103.19052624592287}, "DIS": {"SUN": 198.57938038523076}}