{"DIH": {"HIK": 333.0105785794923, "WTS": 89.58958572379888, "KAT": 162.22337996465882, "CHH": 90.30074992179932}, "DIS": {"SUN": 198.57938038523076}}