{"DIH": {"HIK": 333.01058002448843, "WTS": 108.75630681007033, "KAT": 174.64816425389765, "CHH": 119.45299852623334}, "DIS": {"SUN": 198.57938038523076}}