{"DIH": {"HIK": 333.01058002448843, "WTS": 119.65807099130996, "KAT": 152.30511307068963, "CHH": 115.21100136384071}, "DIS": {"SUN": 198.57938038523076}}