{"DIH": {"HIK": 333.01058002448815, "WTS": 92.2358970038455, "KAT": 159.93941577672263, "CHH": 89.139073271776}, "DIS": {"SUN": 198.57938038523076}}