{"DIH": {"HIK": 333.0105800244875, "WTS": 73.8498270966394, "KAT": 155.38378596880997, "CHH": 99.74293975091852}, "DIS": {"SUN": 198.57938038523076}}