{"DIH": {"HIK": 332.81795806364664, "WTS": 107.10075710414783, "KAT": 178.1568053094504, "CHH": 120.24419223756327}, "DIS": {"SUN": 198.57938038523076}}