{"DIH": {"HIK": 333.0101526866524, "WTS": 113.47331762223912, "KAT": 161.18208378815876, "CHH": 86.21171083555785}, "DIS": {"SUN": 198.57938038523076}}