{"DIH": {"HIK": 302.73689093135357, "WTS": 75.66515230222416, "KAT": 145.51432925027459, "CHH": 86.69852516299568}, "DIS": {"SUN": 180.526709441119}}