{"DIH": {"HIK": 302.73689093135357, "WTS": 71.28561835947794, "KAT": 174.7634357230895, "CHH": 102.09376804679898}, "DIS": {"SUN": 180.526709441119}}