{"DIH": {"HIK": 333.01058002448843, "WTS": 113.28261284536833, "KAT": 155.95585759540035, "CHH": 123.07763777580087}, "DIS": {"SUN": 198.57938038523076}}