{"DIH": {"HIK": 332.8842007559803, "WTS": 120.45162431056686, "KAT": 180.36483787045967, "CHH": 101.94561409520752}, "DIS": {"SUN": 198.57938038523076}}