{"DIH": {"HIK": 333.01058002448843, "WTS": 118.19082131859292, "KAT": 151.1206361025922, "CHH": 105.12676402390517}, "DIS": {"SUN": 198.57938038523076}}