{"DIH": {"HIK": 333.0105800244881, "WTS": 99.20481111585862, "KAT": 155.71046197413625, "CHH": 84.37674807975111}, "DIS": {"SUN": 198.57938038523076}}