{"DIH": {"HIK": 333.01058002448843, "WTS": 119.16900508200187, "KAT": 172.65883846992057, "CHH": 118.8781936842199}, "DIS": {"SUN": 198.57938038523076}}