{"DIH": {"HIK": 333.01058002448843, "WTS": 97.82350548312111, "KAT": 169.76258642450375, "CHH": 105.610204836187}, "DIS": {"SUN": 198.57938038523076}}