{"DIH": {"HIK": 332.7727751345601, "WTS": 117.55649025203437, "KAT": 178.1568053094504, "CHH": 120.24419223756327}, "DIS": {"SUN": 198.57938038523076}}