{"DIH": {"HIK": 333.01058002448843, "WTS": 102.62507013588929, "KAT": 172.50996468298715, "CHH": 119.45299852623334}, "DIS": {"SUN": 198.57938038523076}}