{"DIH": {"HIK": 333.01057433970146, "WTS": 108.02698953334614, "KAT": 142.73007443813103, "CHH": 86.0345877419445}, "DIS": {"SUN": 198.57938038523076}}