{"DIH": {"HIK": 302.73689093135357, "WTS": 87.31989602832142, "KAT": 151.47015627899466, "CHH": 94.14590235944146}, "DIS": {"SUN": 180.526709441119}}