{"DIH": {"HIK": 333.00906694677786, "WTS": 99.61510079951243, "KAT": 149.792781906821, "CHH": 103.80027800092205}, "DIS": {"SUN": 198.57938038523076}}