{"DIH": {"HIK": 333.01051588337225, "WTS": 85.57343550635653, "KAT": 170.63633105031496, "CHH": 101.37103203317204}, "DIS": {"SUN": 198.57938038523076}}