{"ETS": {"AUS": 184.64584131176196, "HUH": 186.5361838765855}}