{"ETS": {"AUS": 167.4557073532063, "HUH": 162.62477118034175}}