{"ETS": {"AUS": 123.66995526471612, "HUH": 132.42086926431028}}