{"ETS": {"AUS": 145.52902773287903, "HUH": 155.6983571276417}}