{"ETS": {"AUS": 164.60750521855806, "HUH": 131.8169952187668}}