{"ETS": {"AUS": 170.1978169151929, "HUH": 180.16957275964347}}