{"ETS": {"AUS": 128.26181879955888, "HUH": 204.14970362341396}}