{"ETS": {"AUS": 120.78970774976308, "HUH": 162.24827363749046}}