{"ETS": {"AUS": 152.29482000438242, "HUH": 187.29463722727968}}