{"ETS": {"AUS": 138.7457902917291, "HUH": 315.7903180073686}}