{"ETS": {"AUS": 158.10991288986293, "HUH": 183.0125180939504}}