{"ETS": {"AUS": 172.11333686166432, "HUH": 210.74780150533905}}