{"ETS": {"AUS": 166.93659032951214, "HUH": 184.22910324879612}}