{"ETS": {"AUS": 161.41554361668165, "HUH": 180.43772736460375}}