{"ETS": {"AUS": 96.12903543023347, "HUH": 155.4747484152602}}