{"ETS": {"AUS": 154.66978612491192, "HUH": 133.9321502541886}}