{"ETS": {"AUS": 182.43649179803063, "HUH": 154.00447196023464}}