{"ETS": {"AUS": 156.28911078172183, "HUH": 133.99840451628333}}