{"ETS": {"AUS": 183.10227322439746, "HUH": 185.26242652953945}}