{"ETS": {"AUS": 145.3748314048753, "HUH": 191.26550690270275}}