{"ETS": {"AUS": 151.31461989781045, "HUH": 183.76093431327317}}