{"ETS": {"AUS": 154.9210579055038, "HUH": 170.03235679375126}}