{"ETS": {"AUS": 172.32906031493795, "HUH": 209.05314729739217}}