{"ETS": {"AUS": 158.7621854906541, "HUH": 226.07098819014465}}