{"ETS": {"AUS": 148.88343523435796, "HUH": 212.65738988652907}}