{"ETS": {"AUS": 169.6710188111745, "HUH": 197.669849170977}}