{"ETS": {"AUS": 123.0228659048784, "HUH": 168.87683264333074}}