{"ETS": {"AUS": 142.99769261532077, "HUH": 129.60815396083194}}