{"ETS": {"AUS": 158.20625209415408, "HUH": 185.3389562124325}}