{"ETS": {"AUS": 171.69404569268227, "HUH": 247.47815915569663}}