{"ETS": {"AUS": 183.29833648464702, "HUH": 191.42256548892698}}