{"ETS": {"AUS": 165.15715897245101, "HUH": 173.66604464620087}}