{"ETS": {"AUS": 168.08959738990697, "HUH": 148.39954357987924}}