{"FOT": {"UNI": 169.46386093530927, "SHT": 141.8066086270742}, "FOH": {"TIH": 109.40295737173797, "NOP": 119.3768295473836}}