{"FOT": {"UNI": 169.46386093530927, "SHT": 141.8066086270742}, "FOH": {"TIH": 84.19126597584842, "NOP": 99.64123478011416}}