{"FOT": {"UNI": 186.41024702884016, "SHT": 155.98726948978157}, "FOH": {"TIH": 91.61086673222177, "NOP": 114.75650627801997}}