{"FOT": {"UNI": 169.46386093530927, "SHT": 141.8066086270742}, "FOH": {"TIH": 114.43280321190483, "NOP": 115.25678596992938}}