{"FOT": {"UNI": 169.46386093530927, "SHT": 141.8066086270742}, "FOH": {"TIH": 104.14469962138037, "NOP": 57.556582909147274}}