{"FOT": {"UNI": 186.41024702884016, "SHT": 155.98726948978157}, "FOH": {"TIH": 106.04119419895497, "NOP": 123.83666140647878}}