{"FOT": {"UNI": 186.41024702884016, "SHT": 155.98726948978157}, "FOH": {"TIH": 110.98862809660363, "NOP": 116.60236586571689}}