{"FOT": {"UNI": 186.41024702884016, "SHT": 155.98726948978157}, "FOH": {"TIH": 67.86617716323747, "NOP": 130.22552138029988}}