{"FOT": {"UNI": 169.4638609353093, "SHT": 141.8066086270742}, "FOH": {"TIH": 99.0639966344922, "NOP": 52.81065309271277}}