{"FOT": {"UNI": 186.41024702884016, "SHT": 155.98726948978157}, "FOH": {"TIH": 96.83461166006013, "NOP": 95.08272103242285}}