{"FOT": {"UNI": 186.41016362074734, "SHT": 155.98656074094663}, "FOH": {"TIH": 113.94261637795975, "NOP": 129.2218024394423}}