{"FOT": {"UNI": 186.40250632795446, "SHT": 155.96433497551482}, "FOH": {"TIH": 112.05745130307932, "NOP": 121.85406152661008}}