{"FOT": {"UNI": 169.46386093530927, "SHT": 141.8066086270742}, "FOH": {"TIH": 84.30972822129921, "NOP": 102.91923322355164}}