{"FOT": {"UNI": 186.4102469643197, "SHT": 155.98726925377574}, "FOH": {"TIH": 105.51742754764769, "NOP": 111.80602786121626}}