{"FOT": {"UNI": 169.4638609353093, "SHT": 141.8066086270742}, "FOH": {"TIH": 29.3819580078125, "NOP": 93.79787534475327}}