{"FOT": {"UNI": 186.41024702884016, "SHT": 155.98726948978157}, "FOH": {"TIH": 95.43170372440139, "NOP": 113.83757349884554}}