{"FOT": {"UNI": 169.46386093530927, "SHT": 141.8066086270742}, "FOH": {"TIH": 77.92568780247264, "NOP": 107.50606236848316}}