{"FOT": {"UNI": 186.41024702884016, "SHT": 155.98726948978157}, "FOH": {"TIH": 89.51677672255911, "NOP": 111.17887352468274}}