{"FOT": {"UNI": 169.46386093530927, "SHT": 141.8066086270742}, "FOH": {"TIH": 253.84492959621994, "NOP": 133.07919088417822}}