{"FOT": {"UNI": 186.41024702884016, "SHT": 155.98726948978157}, "FOH": {"TIH": 108.58064761187316, "NOP": 121.58878055067268}}