{"FOT": {"UNI": 186.41024702833352, "SHT": 155.9872694869561}, "FOH": {"TIH": 102.74005971853175, "NOP": 112.97150650759508}}