{"FOT": {"UNI": 186.41024702884016, "SHT": 155.98726948978157}, "FOH": {"TIH": 96.96694654769468, "NOP": 133.49519294030503}}