{"FOT": {"UNI": 186.4102470272253, "SHT": 155.98726947866555}, "FOH": {"TIH": 101.30638579261048, "NOP": 102.73954657460001}}