{"FOT": {"UNI": 186.40930594032244, "SHT": 155.9838271422271}, "FOH": {"TIH": 110.3117061727714, "NOP": 124.46054961176324}}