{"FOT": {"UNI": 169.4638609353093, "SHT": 141.8066086270742}, "FOH": {"TIH": 103.04951005522162, "NOP": 88.40064925336969}}