{"FOT": {"UNI": 169.4638609353093, "SHT": 141.8066086270742}, "FOH": {"TIH": 104.337287068367, "NOP": 60.82077610783017}}