{"FOT": {"UNI": 186.41024702884016, "SHT": 155.98726948978157}, "FOH": {"TIH": 95.62474239390471, "NOP": 104.31668708211882}}