{"FOT": {"UNI": 169.4638609353093, "SHT": 141.8066086270742}, "FOH": {"TIH": 112.1279932689844, "NOP": 52.81065309271277}}