{"FOT": {"UNI": 186.41024702884016, "SHT": 155.98726948978157}, "FOH": {"TIH": 87.24846017503279, "NOP": 127.01089067452048}}