{"FOT": {"UNI": 169.46386093530927, "SHT": 141.8066086270742}, "FOH": {"TIH": 75.40640051567038, "NOP": 100.64681894137411}}