{"FOT": {"UNI": 169.4638609353093, "SHT": 141.8066086270742}, "FOH": {"TIH": 73.39659309387207, "NOP": 60.23736720904708}}