{"FOT": {"UNI": 169.46386093530927, "SHT": 141.8066086270742}, "FOH": {"TIH": 112.00328596859772, "NOP": 119.19647727487066}}