{"FOT": {"UNI": 186.41024702884016, "SHT": 155.98726948978157}, "FOH": {"TIH": 105.4829223527513, "NOP": 123.56691224604488}}