{"FOT": {"UNI": 186.41024702884016, "SHT": 155.98726948978157}, "FOH": {"TIH": 101.61682524337044, "NOP": 111.59677300351136}}