{"FOT": {"UNI": 186.41024702884016, "SHT": 155.98726948978157}, "FOH": {"TIH": 94.93463011747617, "NOP": 108.54034601216703}}