{"FOT": {"UNI": 186.41023450973304, "SHT": 155.98717374832364}, "FOH": {"TIH": 114.80655060557937, "NOP": 130.18369397835346}}