{"FOT": {"UNI": 186.41024702877183, "SHT": 155.98726948913534}, "FOH": {"TIH": 96.61150353480964, "NOP": 115.22540541963312}}