{"FOT": {"UNI": 169.46386093530927, "SHT": 141.8066086270742}, "FOH": {"TIH": 109.03057060164292, "NOP": 119.0079966356428}}