{"FOT": {"UNI": 186.41024702884016, "SHT": 155.98726948978157}, "FOH": {"TIH": 93.56101104025342, "NOP": 115.61480683138866}}