{"FOT": {"UNI": 186.41024702884016, "SHT": 155.98726948978157}, "FOH": {"TIH": 91.63569872554667, "NOP": 147.57037188824523}}