{"FOT": {"UNI": 186.41024702884016, "SHT": 155.98726948978157}, "FOH": {"TIH": 115.99730031000384, "NOP": 106.91468654385967}}