{"FOT": {"UNI": 186.41024677500843, "SHT": 155.98726845814224}, "FOH": {"TIH": 109.02915340290755, "NOP": 120.57274055036524}}