{"FOT": {"UNI": 186.41024702884016, "SHT": 155.98726948978157}, "FOH": {"TIH": 110.04842292181597, "NOP": 110.69941555229335}}