{"FOT": {"UNI": 186.41024702884016, "SHT": 155.98726948978157}, "FOH": {"TIH": 84.49941595312009, "NOP": 133.9306031198533}}