{"FOT": {"UNI": 186.41024702884016, "SHT": 155.98726948978157}, "FOH": {"TIH": 101.83975329049446, "NOP": 129.4766701213968}}