{"FOT": {"UNI": 169.46386093530927, "SHT": 141.8066086270742}, "FOH": {"TIH": 68.56614810796619, "NOP": 104.15448309779674}}