{"FOT": {"UNI": 169.46386093530927, "SHT": 141.8066086270742}, "FOH": {"TIH": 83.73240156606633, "NOP": 108.9085328382907}}