{"FOT": {"UNI": 186.41024702884016, "SHT": 155.98726948978157}, "FOH": {"TIH": 105.82763677828143, "NOP": 119.67199284183732}}