{"FOT": {"UNI": 169.46386093530927, "SHT": 141.8066086270742}, "FOH": {"TIH": 585.7532575580784, "NOP": 180.21425476796566}}