{"FOT": {"UNI": 186.41024702884016, "SHT": 155.98726948978157}, "FOH": {"TIH": 76.4520705718981, "NOP": 129.80928565469125}}