{"FOT": {"UNI": 186.41024702884016, "SHT": 155.98726948978157}, "FOH": {"TIH": 105.16221071333098, "NOP": 124.74906544117698}}