{"FOT": {"UNI": 186.41024702884016, "SHT": 155.98726948978157}, "FOH": {"TIH": 113.66571209766684, "NOP": 121.51275424225761}}