{"FOT": {"UNI": 169.46386093530927, "SHT": 141.8066086270742}, "FOH": {"TIH": 77.13526613011155, "NOP": 109.1822635235433}}