{"FOT": {"UNI": 0.04621618415427755, "SHT": 0.038673498304775684}, "FOH": {"TIH": 81.5, "NOP": 54.0487060546875}}