{"FOT": {"UNI": 184.74141623663246, "SHT": 154.7304462925622}, "FOH": {"TIH": 96.5968256616314, "NOP": 118.27282431466531}}