{"FOT": {"UNI": 186.410246919574, "SHT": 155.9872689963518}, "FOH": {"TIH": 107.45361425635515, "NOP": 124.22891984579584}}