{"FOT": {"UNI": 186.4102463736558, "SHT": 155.98726754857006}, "FOH": {"TIH": 109.02915340290755, "NOP": 120.57274055036524}}