{"FOT": {"UNI": 186.41024702884016, "SHT": 155.98726948978157}, "FOH": {"TIH": 89.37737108379227, "NOP": 133.2693840066609}}