{"FOT": {"UNI": 185.7637077872649, "SHT": 155.162667790086}, "FOH": {"TIH": 84.84342878592143, "NOP": 118.27282431466531}}