{"FOT": {"UNI": 186.41024702884016, "SHT": 155.98726948978157}, "FOH": {"TIH": 95.37705039515569, "NOP": 97.68631141095032}}