{"FOT": {"UNI": 186.41024702884016, "SHT": 155.98726948978157}, "FOH": {"TIH": 108.50872983914891, "NOP": 117.37738015983186}}