{"FOT": {"UNI": 186.41024702884016, "SHT": 155.9872694897811}, "FOH": {"TIH": 113.24192187279864, "NOP": 121.23751303790777}}