{"HEO": {"MOS": 127.31028348919192, "TSH": 118.23807528809816}}