{"HEO": {"MOS": 123.8011609160274, "TSH": 112.86521518533637}}