{"HEO": {"MOS": 122.96649607785089, "TSH": 135.58661595889203}}