{"HEO": {"MOS": 125.73293243526135, "TSH": 140.75990226694233}}