{"HEO": {"MOS": 108.41322667460477, "TSH": 122.43403220823302}}