{"HEO": {"MOS": 111.72296774089008, "TSH": 122.77851063883361}}