{"HEO": {"MOS": 115.2266737116324, "TSH": 132.6903643895828}}