{"HEO": {"MOS": 135.5514844285396, "TSH": 121.43233126403183}}