{"HEO": {"MOS": 126.69071197445844, "TSH": 131.73493081969076}}