{"HEO": {"MOS": 133.09416779331187, "TSH": 116.7089725423313}}