{"HEO": {"MOS": 118.26548115874127, "TSH": 122.23029862051843}}