{"HEO": {"MOS": 132.8549912170634, "TSH": 133.6862024286574}}