{"HEO": {"MOS": 104.89214939577145, "TSH": 121.89159096657473}}