{"HEO": {"MOS": 129.4317378254772, "TSH": 137.44763830202643}}