{"HEO": {"MOS": 115.74376749485926, "TSH": 138.85448876125307}}