{"HEO": {"MOS": 111.70385468116619, "TSH": 121.68229660796544}}