{"HEO": {"MOS": 110.73009485619131, "TSH": 133.44338043918498}}