{"HEO": {"MOS": 119.45266819000244, "TSH": 126.69440174102783}}