{"HEO": {"MOS": 119.29360570642226, "TSH": 132.62132795062453}}