{"HEO": {"MOS": 119.86316704750061, "TSH": 126.69440174102783}}