{"HEO": {"MOS": 110.20475422814783, "TSH": 120.44825355499589}}