{"HEO": {"MOS": 97.82527396270686, "TSH": 127.31662328534973}}