{"HEO": {"MOS": 110.20475422814783, "TSH": 119.16472617221766}}