{"HEO": {"MOS": 127.49644123330992, "TSH": 132.94828457804857}}