{"HEO": {"MOS": 113.9375194387325, "TSH": 133.25444274520308}}