{"HEO": {"MOS": 139.14382616720727, "TSH": 109.59918912316274}}