{"HEO": {"MOS": 126.38475101398069, "TSH": 118.23807528809816}}