{"HEO": {"MOS": 117.75226732519384, "TSH": 137.6347859271855}}