{"HEO": {"MOS": 105.45116224693197, "TSH": 125.90081837501995}}