{"HEO": {"MOS": 119.73015400822442, "TSH": 140.65196128505323}}