{"HEO": {"MOS": 126.91648912138571, "TSH": 124.7858055934307}}