{"HEO": {"MOS": 114.45196465207198, "TSH": 135.5936004954325}}