{"HEO": {"MOS": 104.62690565908292, "TSH": 124.8330025604919}}