{"HEO": {"MOS": 122.9440259179305, "TSH": 134.15030629308342}}