{"HEO": {"MOS": 122.9440259179305, "TSH": 133.93527566377506}}