{"HEO": {"MOS": 109.37190400714431, "TSH": 122.10319875969802}}