{"HEO": {"MOS": 120.07713860740198, "TSH": 128.0080886408931}}