{"HEO": {"MOS": 137.14332569072644, "TSH": 128.77022686926418}}