{"HEO": {"MOS": 118.90510148007206, "TSH": 117.66413068900586}}