{"HEO": {"MOS": 124.15225114229301, "TSH": 131.63639344264845}}