{"HEO": {"MOS": 112.6139303139621, "TSH": 122.45685261833837}}