{"HEO": {"MOS": 129.71626063253706, "TSH": 128.9638197234052}}