{"HEO": {"MOS": 111.80823915016347, "TSH": 132.85230171553434}}