{"HIK": {"DIH": 333.01058002448815, "TAW": 139.13107226120374}}