{"HIK": {"DIH": 333.0105800239543, "TAW": 137.08702206443365}}