{"HIK": {"DIH": 332.9895035242491, "TAW": 137.5104860548492}}