{"HIK": {"DIH": 302.73689093135357, "TAW": 140.29607824326234}}