{"HIK": {"DIH": 310.94106067559323, "TAW": 133.01442345666698}}