{"HIK": {"DIH": 333.01057975672813, "TAW": 130.33081951686174}}