{"HIK": {"DIH": 331.97107726029236, "TAW": 103.48999434030436}}