{"HIK": {"DIH": 302.73689093135357, "TAW": 133.0254948004226}}