{"HIK": {"DIH": 333.01058002448843, "TAW": 142.32701680291973}}