{"HIK": {"DIH": 332.9709208709049, "TAW": 140.42670672636152}}