{"HIK": {"DIH": 302.73689093135357, "TAW": 127.80610533380289}}