{"HIK": {"DIH": 333.0105800244859, "TAW": 136.7432001578413}}