{"HIK": {"DIH": 333.01058002348293, "TAW": 137.08702206443365}}