{"HIK": {"DIH": 302.73689093135357, "TAW": 131.65888198223143}}