{"HIK": {"DIH": 333.0105800244305, "TAW": 139.5148520929447}}