{"HIK": {"DIH": 333.00150728223406, "TAW": 132.64948355777486}}