{"HIK": {"DIH": 331.2501729656113, "TAW": 97.41357325963502}}