{"HIK": {"DIH": 332.9967517326815, "TAW": 141.8538869105279}}