{"HIK": {"DIH": 333.01057982929126, "TAW": 118.76796380865801}}