{"HIK": {"DIH": 333.010580024487, "TAW": 142.86888014205718}}