{"HIK": {"DIH": 332.9748867862633, "TAW": 140.42670672636152}}