{"HIK": {"DIH": 333.0105800223856, "TAW": 129.92458445052628}}