{"HIK": {"DIH": 302.73689093135357, "TAW": 139.31625693540443}}