{"HIK": {"DIH": 333.01058002448843, "TAW": 149.8337433485361}}