{"HOK": {"KOW": 161.565000538111}, "HOM": {"TKW": 124.57497842234261, "YMT": 168.18600499499627, "HUH": 63.49752600863576}}