{"HOK": {"KOW": 177.72150059192205}, "HOM": {"TKW": 131.16160947978682, "YMT": 125.50454621433983, "HUH": 129.51987571940694}}