{"HOK": {"KOW": 177.72150059192205}, "HOM": {"TKW": 132.37145080472266, "YMT": 115.73794869330388, "HUH": 128.66944728299387}}