{"HOK": {"KOW": 177.72150059192205}, "HOM": {"TKW": 125.64919307986641, "YMT": 139.60565601791475, "HUH": 117.60940072080743}}