{"HOK": {"KOW": 161.565000538111}, "HOM": {"TKW": 119.5665482797936, "YMT": 84.20579000708018, "HUH": 72.1287268142659}}