{"HOK": {"KOW": 161.565000538111}, "HOM": {"TKW": 130.1023844392258, "YMT": 45.36308597797908, "HUH": 98.82599459258923}}