{"HOK": {"KOW": 161.565000538111}, "HOM": {"TKW": 124.13297417494974, "YMT": 98.92698180732742, "HUH": 102.17869370736099}}