{"HOK": {"KOW": 161.565000538111}, "HOM": {"TKW": 118.19406376277797, "YMT": 83.40973563668454, "HUH": 236.02459679246618}}