{"HOK": {"KOW": 177.72150059192205}, "HOM": {"TKW": 110.95235062136598, "YMT": 104.05660889764549, "HUH": 96.22749261233481}}