{"HOK": {"KOW": 161.565000538111}, "HOM": {"TKW": 124.13297417494974, "YMT": 108.79874297200918, "HUH": 102.17869370736099}}