{"HOK": {"KOW": 177.72150059192205}, "HOM": {"TKW": 135.3666182274564, "YMT": 103.58394079695586, "HUH": 126.81467623856004}}