{"HOK": {"KOW": 177.72150059192205}, "HOM": {"TKW": 126.28427377187977, "YMT": 152.57932323705987, "HUH": 117.60940072080743}}