{"HOK": {"KOW": 177.72150059192205}, "HOM": {"TKW": 135.4502182246512, "YMT": 91.08777076168181, "HUH": 138.71525766086614}}