{"HOK": {"KOW": 177.72150059192205}, "HOM": {"TKW": 112.15814222414426, "YMT": 97.3702439339837, "HUH": 126.69126220703879}}