{"HOK": {"KOW": 177.72150059192205}, "HOM": {"TKW": 135.08407167239818, "YMT": 120.57014596209467, "HUH": 148.38885852208108}}