{"HOK": {"KOW": 161.565000538111}, "HOM": {"TKW": 111.32673751419775, "YMT": 99.21350734417283, "HUH": 236.02459679246618}}