{"HOK": {"KOW": 177.72150059192205}, "HOM": {"TKW": 129.62749071646368, "YMT": 109.71913660115854, "HUH": 129.27250669308694}}