{"HOK": {"KOW": 177.72150059192205}, "HOM": {"TKW": 133.56426284683008, "YMT": 89.3409794190319, "HUH": 136.40588055129427}}