{"HOK": {"KOW": 177.72150059192205}, "HOM": {"TKW": 133.17885725765683, "YMT": 108.4778355609644, "HUH": 99.66622305268429}}