{"HOK": {"KOW": 177.72150059192205}, "HOM": {"TKW": 116.3159436387227, "YMT": 106.46494925635245, "HUH": 96.22749261233481}}