{"HOK": {"KOW": 177.72150059192205}, "HOM": {"TKW": 135.02995640471076, "YMT": 115.49150920119448, "HUH": 126.81467623856004}}