{"HOK": {"KOW": 161.565000538111}, "HOM": {"TKW": 129.9184655085569, "YMT": 72.10647009283835, "HUH": 104.66505395970493}}