{"HOK": {"KOW": 177.72150059192205}, "HOM": {"TKW": 133.03602420620612, "YMT": 121.47170428765625, "HUH": 127.21123119668123}}