{"HOK": {"KOW": 177.72150059192205}, "HOM": {"TKW": 125.82511961891399, "YMT": 79.63718933401866, "HUH": 118.90912354285656}}