{"HOK": {"KOW": 177.72150059192205}, "HOM": {"TKW": 143.05088677567525, "YMT": 112.79618919707545, "HUH": 112.53366472898827}}