{"HOK": {"KOW": 161.565000538111}, "HOM": {"TKW": 101.9833984375, "YMT": 24.80328369140625, "HUH": 116.864501953125}}