{"HOK": {"KOW": 161.565000538111}, "HOM": {"TKW": 131.2248715991398, "YMT": 69.41537702243744, "HUH": 83.68449189655587}}