{"HOK": {"KOW": 177.72150059192205}, "HOM": {"TKW": 135.154874378702, "YMT": 111.89028340835448, "HUH": 102.89960074741585}}