{"HOK": {"KOW": 177.72150059192205}, "HOM": {"TKW": 148.62635552411757, "YMT": 99.3215273720792, "HUH": 132.16185005049348}}