{"HOK": {"KOW": 177.72150059192205}, "HOM": {"TKW": 134.3804564701329, "YMT": 125.54766769946009, "HUH": 123.830831602963}}