{"HOK": {"KOW": 177.72150059192205}, "HOM": {"TKW": 125.3262390062833, "YMT": 89.15108533903643, "HUH": 157.51462178055579}}