{"HOK": {"KOW": 177.72150059192205}, "HOM": {"TKW": 114.09837083461653, "YMT": 81.27220023030422, "HUH": 115.3809422891748}}