{"HOK": {"KOW": 177.72150059192205}, "HOM": {"TKW": 138.814615252617, "YMT": 120.93487726483745, "HUH": 133.832296190752}}