{"HOK": {"KOW": 176.4327540500584}, "HOM": {"TKW": 123.45844005287265, "YMT": 96.04355954303317, "HUH": 173.637027743985}}