{"HOK": {"KOW": 177.72150059192205}, "HOM": {"TKW": 133.44026941661284, "YMT": 103.58394079695586, "HUH": 126.81467623856004}}