{"HOK": {"KOW": 177.72150059192205}, "HOM": {"TKW": 131.98281331076458, "YMT": 127.71031419025374, "HUH": 129.51987571940694}}