{"HOK": {"KOW": 177.72150059192205}, "HOM": {"TKW": 141.99918129375106, "YMT": 75.56830146516961, "HUH": 136.40588055129427}}