{"HOK": {"KOW": 161.565000538111}, "HOM": {"TKW": 111.32673751419775, "YMT": 92.30933792067601, "HUH": 270.6476503610694}}