{"HOK": {"KOW": 177.72150059192205}, "HOM": {"TKW": 138.24087515182535, "YMT": 110.81032932390902, "HUH": 129.99525229922503}}