{"HOK": {"KOW": 177.56481909874725}, "HOM": {"TKW": 111.88133644282684, "YMT": 81.15325490687118, "HUH": 169.47332496958649}}