{"HOK": {"KOW": 177.72150059192205}, "HOM": {"TKW": 140.04748817719366, "YMT": 102.81448639673945, "HUH": 138.04373189477954}}