{"HOK": {"KOW": 161.565000538111}, "HOM": {"TKW": 115.2764043085587, "YMT": 104.42762368488688, "HUH": 116.294115154487}}