{"HOK": {"KOW": 169.13527404682475}, "HOM": {"TKW": 128.78819759613907, "YMT": 96.04355954303317, "HUH": 203.7819310617078}}