{"HOK": {"KOW": 161.565000538111}, "HOM": {"TKW": 120.77790447883308, "YMT": 87.61727871904623, "HUH": 119.99010403454304}}