{"HOK": {"KOW": 177.72150059192205}, "HOM": {"TKW": 118.9247418325842, "YMT": 116.09602799833633, "HUH": 125.87291549390036}}