{"HOK": {"KOW": 177.72150059192205}, "HOM": {"TKW": 113.6606054757095, "YMT": 93.39182755413665, "HUH": 106.66993185364245}}