{"HOK": {"KOW": 161.565000538111}, "HOM": {"TKW": 120.16893460404299, "YMT": 127.05786443797092, "HUH": 472.38132708171304}}