{"HOK": {"KOW": 177.72150059192205}, "HOM": {"TKW": 141.99918129375106, "YMT": 76.63144607241068, "HUH": 136.8954228347714}}