{"HOK": {"KOW": 177.72150059192205}, "HOM": {"TKW": 140.3643341764359, "YMT": 103.12620078975951, "HUH": 134.22127238621397}}