{"HOK": {"KOW": 161.565000538111}, "HOM": {"TKW": 131.37239071745353, "YMT": 135.9826323602374, "HUH": 120.5533083991857}}