{"HOK": {"KOW": 161.565000538111}, "HOM": {"TKW": 131.82440128952817, "YMT": 141.29304850512673, "HUH": 120.93703263253515}}