{"HOK": {"KOW": 177.72150059192205}, "HOM": {"TKW": 134.06884747879423, "YMT": 96.07402064565144, "HUH": 120.71610013133545}}