{"HOK": {"KOW": 177.72148421938363}, "HOM": {"TKW": 132.59723372665346, "YMT": 79.95980054439818, "HUH": 163.23339322536506}}