{"HOK": {"KOW": 177.72150059192205}, "HOM": {"TKW": 140.80175240169228, "YMT": 132.18159766533398, "HUH": 105.29720813304289}}