{"HOK": {"KOW": 161.565000538111}, "HOM": {"TKW": 114.751560342843, "YMT": 110.18384954258026, "HUH": 116.294115154487}}