{"HOK": {"KOW": 161.565000538111}, "HOM": {"TKW": 121.71010735072261, "YMT": 117.46257534726662, "HUH": 113.7494230031298}}