{"HOK": {"KOW": 177.72150059192205}, "HOM": {"TKW": 140.8325134818344, "YMT": 111.69010202543609, "HUH": 137.33210856183328}}