{"HOK": {"KOW": 161.565000538111}, "HOM": {"TKW": 128.59982737874088, "YMT": 174.9760799199404, "HUH": 119.99010403454304}}