{"HOK": {"KOW": 177.72150059192205}, "HOM": {"TKW": 127.4985122021883, "YMT": 79.63718933401866, "HUH": 118.90912354285656}}