{"HOK": {"KOW": 161.565000538111}, "HOM": {"TKW": 111.44744122574681, "YMT": 136.69740698298807, "HUH": 120.44817980334042}}