{"HOK": {"KOW": 177.72150059192205}, "HOM": {"TKW": 116.99581749005422, "YMT": 105.92579886288188, "HUH": 124.6477484426667}}