{"HUH": {"EXC": 199.7187365304597, "ETS": 238.43603810662336, "HOM": 130.4761260796236, "MKK": 188.31605289634018}}