{"HUH": {"EXC": 199.7187365304597, "ETS": 228.86639265826534, "HOM": 120.85636578514928, "MKK": 188.31605289634018}}