{"HUH": {"EXC": 0.049515721660533626, "ETS": 180.0, "HOM": -65.0, "MKK": 0.04668868540535451}}