{"HUH": {"EXC": 181.56248775496346, "ETS": 178.08864779016594, "HOM": 110.21859462108971, "MKK": 171.19641172394583}}