{"HUH": {"EXC": 199.7187365304597, "ETS": 226.46518562449074, "HOM": 126.1125781610322, "MKK": 188.31605289634018}}