{"HUH": {"EXC": 199.7187365301713, "ETS": 168.8501740708675, "HOM": 124.95030809970949, "MKK": 188.31605289625494}}