{"HUH": {"EXC": 199.71873651893142, "ETS": 244.03196083962885, "HOM": 126.76142977240595, "MKK": 188.3160528916611}}