{"HUH": {"EXC": 199.63452062814244, "ETS": 209.27744992663898, "HOM": 115.79724695449332, "MKK": 188.30133848847237}}