{"HUH": {"EXC": 199.7187365304597, "ETS": 200.46774090137492, "HOM": 114.74193109627545, "MKK": 188.31605289634018}}