{"HUH": {"EXC": 199.7187365304597, "ETS": 231.31821406473927, "HOM": 119.61818420572142, "MKK": 188.31605289634018}}