{"HUH": {"EXC": 199.71873638593243, "ETS": 255.31608114560095, "HOM": 124.01559178845598, "MKK": 188.3160528617009}}