{"HUH": {"EXC": 199.7187365304597, "ETS": 311.59455299957733, "HOM": 110.05289086516696, "MKK": 188.31605289634018}}