{"HUH": {"EXC": 199.7187365304597, "ETS": 270.4361058562419, "HOM": 127.63894815386604, "MKK": 188.31605289634018}}