{"HUH": {"EXC": 199.71873645365207, "ETS": 271.1466231551432, "HOM": 124.01559178845598, "MKK": 188.3160528814292}}