{"HUH": {"EXC": 199.7186778994658, "ETS": 204.39424926646296, "HOM": 113.98915496596355, "MKK": 188.31603554778187}}