{"HUH": {"EXC": 181.56248775496343, "ETS": 139.3821035093315, "HOM": 123.50526659889147, "MKK": 171.19641172394583}}