{"HUH": {"EXC": 181.56248775496346, "ETS": 178.27978301114933, "HOM": 108.48661793780727, "MKK": 171.19641172394583}}