{"HUH": {"EXC": 181.56248775496346, "ETS": 243.24199942969503, "HOM": 119.0814532051018, "MKK": 171.19641172394583}}