{"HUH": {"EXC": 199.7187365304597, "ETS": 258.6843945653826, "HOM": 123.29687226947831, "MKK": 188.31605289634018}}