{"HUH": {"EXC": 199.7187365304597, "ETS": 265.3275062481155, "HOM": 121.23824718479894, "MKK": 188.31605289634018}}