{"HUH": {"EXC": 199.7187365304597, "ETS": 252.71335798993601, "HOM": 125.01525190502593, "MKK": 188.31605289634018}}