{"HUH": {"EXC": 199.7187365304597, "ETS": 277.7141831171023, "HOM": 121.35414099226632, "MKK": 188.31605289634018}}