{"HUH": {"EXC": 181.56248775496346, "ETS": 141.65460554690537, "HOM": 105.41690665142146, "MKK": 171.19641172394583}}