{"HUH": {"EXC": 181.56248775496343, "ETS": 192.28470039367676, "HOM": 117.214599609375, "MKK": 171.19641172394583}}