{"HUH": {"EXC": 199.7187365304597, "ETS": 233.6492665807012, "HOM": 111.94477430030297, "MKK": 188.31605289634018}}