{"HUH": {"EXC": 199.7187365304597, "ETS": 199.89259403158442, "HOM": 130.97700818288652, "MKK": 188.31605289634018}}