{"HUH": {"EXC": 199.7187365304597, "ETS": 265.0974154232383, "HOM": 117.8502127836186, "MKK": 188.31605289634018}}