{"HUH": {"EXC": 199.7187365304597, "ETS": 390.8319305956692, "HOM": 122.17144691040559, "MKK": 188.31605289634018}}