{"HUH": {"EXC": 181.56248775496343, "ETS": 142.265625, "HOM": 117.734375, "MKK": 171.19641172394583}}