{"HUH": {"EXC": 199.7187365304597, "ETS": 256.8694848822342, "HOM": 127.39189178186999, "MKK": 188.31605289634018}}