{"HUH": {"EXC": 199.7187365304597, "ETS": 253.22412775342795, "HOM": 120.38065484379078, "MKK": 188.31605289634018}}