{"HUH": {"EXC": 199.7187365304597, "ETS": 311.6245330276931, "HOM": 102.33818472761631, "MKK": 188.31605289634018}}