{"HUH": {"EXC": 199.7187365304597, "ETS": 200.46774090137492, "HOM": 116.9077379866479, "MKK": 188.31605289634018}}