{"HUH": {"EXC": 181.56248775496346, "ETS": 154.88222907025357, "HOM": 103.79656294602383, "MKK": 171.19641172394583}}