{"HUH": {"EXC": 199.7187365304597, "ETS": 351.2904397745805, "HOM": 124.70431674952756, "MKK": 188.31605289634018}}