{"HUH": {"EXC": 199.6634824769494, "ETS": 208.1497049339751, "HOM": 115.79724695449332, "MKK": 188.3053260930046}}