{"HUH": {"EXC": 199.7187365304597, "ETS": 244.925245743556, "HOM": 123.63871388375154, "MKK": 188.31605289634018}}