{"HUH": {"EXC": 181.56248775496346, "ETS": 184.6004348102818, "HOM": 110.46146706477104, "MKK": 171.19641172394583}}