{"HUH": {"EXC": 199.7187365304597, "ETS": 267.7338829479856, "HOM": 104.94932447634827, "MKK": 188.31605289634018}}