{"HUH": {"EXC": 199.71873652549726, "ETS": 224.93272455619245, "HOM": 127.28528679516535, "MKK": 188.31605289487192}}