{"HUH": {"EXC": 199.7187365304597, "ETS": 226.96650307157387, "HOM": 130.10876808087838, "MKK": 188.31605289634018}}