{"HUH": {"EXC": 199.7187352095974, "ETS": 253.35846694372634, "HOM": 120.59477611585184, "MKK": 188.31605254458862}}