{"HUH": {"EXC": 181.56248775496346, "ETS": 200.37043543833812, "HOM": 112.52841004438915, "MKK": 171.19641172394583}}