{"HUH": {"EXC": 199.71873653040046, "ETS": 285.40346735839586, "HOM": 126.86077460468823, "MKK": 188.31605289632273}}