{"HUH": {"EXC": 199.71873652205562, "ETS": 244.03196083962885, "HOM": 127.28528679516535, "MKK": 188.31605289292912}}