{"HUH": {"EXC": 181.56248775496343, "ETS": 99.06640625, "HOM": 118.8671875, "MKK": 171.19641172394583}}