{"HUH": {"EXC": 199.7187364800663, "ETS": 271.1466231551432, "HOM": 124.01559178845598, "MKK": 188.31605288426232}}