{"HUH": {"EXC": 199.7187365304597, "ETS": 248.58171497808516, "HOM": 124.37654764301112, "MKK": 188.31605289634018}}