{"JOR": {"TST": 93.5443601149306, "YMT": 60.516806012740425}}