{"JOR": {"TST": 81.2902071336302, "YMT": 96.7980964411649}}