{"JOR": {"TST": 108.22566397176142, "YMT": 117.69896958117263}}