{"JOR": {"TST": 102.45097309859156, "YMT": 117.58625509749808}}