{"JOR": {"TST": 114.4413808357424, "YMT": 101.65866056047601}}