{"JOR": {"TST": 178.4005686463766, "YMT": 109.1791546000812}}