{"JOR": {"TST": 100.06213565673877, "YMT": 107.12446669470096}}