{"JOR": {"TST": 109.43029965165678, "YMT": 119.8887370416538}}