{"JOR": {"TST": 44.48539044861923, "YMT": 56.16559470280633}}