{"JOR": {"TST": 95.06253789217394, "YMT": 101.15268951225045}}