{"JOR": {"TST": 83.16744911106511, "YMT": 101.93482369313514}}