{"JOR": {"TST": 81.87203860053337, "YMT": 109.31226636329214}}