{"JOR": {"TST": 92.34391795784957, "YMT": 55.11331645985241}}