{"JOR": {"TST": 88.5939129175311, "YMT": 121.26998374341659}}