{"JOR": {"TST": 105.18867502584888, "YMT": 115.98705278969155}}