{"JOR": {"TST": 119.08423154892368, "YMT": 126.60913747522952}}