{"JOR": {"TST": 74.84059416665276, "YMT": 117.30688082680845}}