{"JOR": {"TST": 107.22224009800784, "YMT": 94.52107231047263}}