{"JOR": {"TST": 79.23494047002055, "YMT": 108.64990154676855}}