{"JOR": {"TST": 105.99980752326398, "YMT": 121.63034880178495}}