{"JOR": {"TST": 114.68410576693097, "YMT": 122.0238163033782}}