{"JOR": {"TST": 77.78847649292214, "YMT": 118.01077718415404}}