{"JOR": {"TST": 84.70328954887444, "YMT": 108.78311365220812}}