{"JOR": {"TST": 91.93794940153667, "YMT": 98.20769964515657}}