{"JOR": {"TST": 99.42920320485243, "YMT": 87.83952540217403}}