{"JOR": {"TST": 106.09271499670963, "YMT": 103.89571395066064}}