{"JOR": {"TST": 114.03198844605781, "YMT": 125.17385490215354}}