{"JOR": {"TST": 90.41961428293864, "YMT": 106.5176865604645}}