{"JOR": {"TST": 86.13968815963524, "YMT": 96.45299960572952}}