{"JOR": {"TST": 83.98483474048004, "YMT": 109.31226636329214}}