{"JOR": {"TST": 61.4982347203495, "YMT": 116.90924974826643}}