{"JOR": {"TST": 99.3467948999548, "YMT": 113.75375106707989}}