{"JOR": {"TST": 109.53387479933637, "YMT": 103.9728055224812}}