{"JOR": {"TST": 65.84506777824046, "YMT": 92.28581230560921}}