{"JOR": {"TST": 77.87362284347964, "YMT": 119.06189479998007}}