{"JOR": {"TST": 88.56576511372023, "YMT": 101.5869296806409}}