{"JOR": {"TST": 91.84245467140596, "YMT": 60.516806012740425}}