{"JOR": {"TST": 117.76153136360469, "YMT": 95.15212885412237}}