{"JOR": {"TST": 93.29712097965121, "YMT": 60.04103019923762}}