{"JOR": {"TST": 98.92334455180944, "YMT": 113.74665320543079}}