{"JOR": {"TST": 100.06213565673877, "YMT": 115.95613172185304}}