{"JOR": {"TST": 98.11265091448617, "YMT": 119.93801945896143}}