{"JOR": {"TST": 115.7262154383483, "YMT": 99.8911078635678}}