{"JOR": {"TST": 119.55373792742076, "YMT": 115.96721884379144}}