{"JOR": {"TST": 105.53040652135363, "YMT": 108.51381824667267}}