{"JOR": {"TST": 119.55373792742076, "YMT": 117.5704969594123}}