{"JOR": {"TST": 61.10893175351789, "YMT": 116.90924974826643}}