{"JOR": {"TST": 99.92063579840693, "YMT": 97.31277846465574}}