{"JOR": {"TST": 90.00478353165087, "YMT": 112.09291433466623}}