{"JOR": {"TST": 91.79502254676433, "YMT": 109.48448237264665}}