{"JOR": {"TST": 113.90043563778053, "YMT": 113.90530877540705}}