{"JOR": {"TST": 84.54747444238049, "YMT": 117.85664983040579}}