{"JOR": {"TST": 80.48149282868164, "YMT": 112.15263035680687}}