{"JOR": {"TST": 109.81726968649112, "YMT": 122.63628930336563}}