{"JOR": {"TST": 97.37257604649952, "YMT": 100.34729480422793}}