{"JOR": {"TST": 101.29951928334036, "YMT": 108.6131421201048}}