{"JOR": {"TST": 109.17300186153575, "YMT": 103.7151786306903}}