{"JOR": {"TST": 94.70920248455732, "YMT": 111.16547474274724}}