{"JOR": {"TST": 117.1720961157777, "YMT": 115.05477789786634}}