{"JOR": {"TST": 121.85734333257658, "YMT": 106.68945210697879}}