{"JOR": {"TST": 118.81823450506212, "YMT": 106.80401763254095}}