{"JOR": {"TST": 111.92201310409268, "YMT": 122.0238163033782}}