{"JOR": {"TST": 117.35359389451348, "YMT": 106.80401763254095}}