{"JOR": {"TST": 99.4273074843056, "YMT": 120.5841565672483}}