{"JOR": {"TST": 85.2814464230185, "YMT": 104.73686040483483}}