{"JOR": {"TST": 71.80221199281145, "YMT": 94.07356535373931}}