{"JOR": {"TST": 120.05705609672631, "YMT": 96.323453181742}}