{"JOR": {"TST": 87.08657313575368, "YMT": 109.06137228427296}}