{"JOR": {"TST": 113.11473170997094, "YMT": 122.00731392160647}}