{"JOR": {"TST": 117.9614923186854, "YMT": 111.40937184974064}}