{"JOR": {"TST": 78.60303336176985, "YMT": 109.25938323830341}}