{"JOR": {"TST": 107.1758083940313, "YMT": 115.7534013549359}}