{"JOR": {"TST": 102.73820701902227, "YMT": 81.62029581135154}}