{"JOR": {"TST": 113.00758422575967, "YMT": 117.25517483446271}}