{"JOR": {"TST": 110.55962928229644, "YMT": 108.13264453647776}}