{"JOR": {"TST": 98.22532948124339, "YMT": 94.30457108425918}}