{"JOR": {"TST": 74.5358201886572, "YMT": 118.53578239927973}}