{"JOR": {"TST": 96.912986769556, "YMT": 110.8273554459599}}