{"K12-U010": {"K12-U020": 217.31773732006232}, "K12-D020": {"K12-D030": 221.8173415529121}, "K14-D020": {"K14-D030": 13.59306418092795}, "K18-U010": {"K18-U020": 201.59797900655929}, "K17-D010": {"K17-D020": 176.31408868261204}, "K17-U010": {"K17-U020": 208.341880861365}, "K14-D010": {"K14-D020": 233.79756409109183}, "K18-D020": {"K18-D030": 44.62107710955011}, "K12-U020": {"K12-U030": 203.27691617531946}, "K17-D020": {"K17-D030": 34.678059039263005}, "K18-D010": {"K18-D020": 211.5078792772703}, "K17-U030": {"K17-U040": 29.20506528455922}, "K18-U020": {"K18-U030": 56.6413674346501}, "K17-U020": {"K17-U030": 129.16935275402602}, "K12-D030": {"K12-D040": 11.970513490255758}, "K12-D010": {"K12-D020": 143.30820239925197}}