{"K12-U010": {"K12-U020": 264.36663743452783}, "K12-D020": {"K12-D030": 296.8254110695418}, "K14-D020": {"K14-D030": 18.501815134161312}, "K18-U010": {"K18-U020": 196.9225860670449}, "K17-D010": {"K17-D020": 184.5520985373908}, "K17-U010": {"K17-U020": 210.66238731800144}, "K14-D010": {"K14-D020": 236.20377152065603}, "K18-D020": {"K18-D030": 53.87850583322127}, "K12-U020": {"K12-U030": 231.21219876291488}, "K17-D020": {"K17-D030": 51.21198748229161}, "K18-D010": {"K18-D020": 233.22106302898706}, "K17-U030": {"K17-U040": 31.63799685520622}, "K18-U020": {"K18-U030": 62.56379139257135}, "K17-U020": {"K17-U030": 138.84799755992051}, "K12-D030": {"K12-D040": 16.100632188445427}, "K12-D010": {"K12-D020": 164.1038952080889}}