{"K12-U010": {"K12-U020": 227.20174434699803}, "K12-D020": {"K12-D030": 259.9997794106804}, "K14-D020": {"K14-D030": 12.659529475555267}, "K18-U010": {"K18-U020": 240.94708009761612}, "K17-D010": {"K17-D020": 286.53065230920976}, "K17-U010": {"K17-U020": 237.25748274670323}, "K14-D010": {"K14-D020": 275.74708503766726}, "K18-D020": {"K18-D030": 66.2709271281498}, "K12-U020": {"K12-U030": 192.6357460447576}, "K17-D020": {"K17-D030": 48.26985069198646}, "K18-D010": {"K18-D020": 225.72641006432863}, "K17-U030": {"K17-U040": 37.213757167832014}, "K18-U020": {"K18-U030": 54.72575032380348}, "K17-U020": {"K17-U030": 152.78470594821903}, "K12-D030": {"K12-D040": 12.304081333174206}, "K12-D010": {"K12-D020": 153.23219941185693}}