{"K12-U010": {"K12-U020": 221.32376509675214}, "K12-D020": {"K12-D030": 302.1850927676282}, "K14-D020": {"K14-D030": 11.898420323349928}, "K18-U010": {"K18-U020": 220.7686287494602}, "K17-D010": {"K17-D020": 257.90412541364054}, "K17-U010": {"K17-U020": 240.77846348901122}, "K14-D010": {"K14-D020": 275.7702722177385}, "K18-D020": {"K18-D030": 45.39348344047486}, "K12-U020": {"K12-U030": 209.66564860236448}, "K17-D020": {"K17-D030": 39.13317731039246}, "K18-D010": {"K18-D020": 223.81098690128124}, "K17-U030": {"K17-U040": 27.72049802173968}, "K18-U020": {"K18-U030": 54.361234263397456}, "K17-U020": {"K17-U030": 142.89340401961198}, "K12-D030": {"K12-D040": 12.477944985814847}, "K12-D010": {"K12-D020": 156.98079800141736}}