{"K12-U010": {"K12-U020": 258.93353893846245}, "K12-D020": {"K12-D030": 280.00717325252657}, "K14-D020": {"K14-D030": 13.415988322037213}, "K18-U010": {"K18-U020": 203.91929171502235}, "K17-D010": {"K17-D020": 255.1992147241872}, "K17-U010": {"K17-U020": 217.06846814714714}, "K14-D010": {"K14-D020": 225.67120047454145}, "K18-D020": {"K18-D030": 39.04750541070986}, "K12-U020": {"K12-U030": 186.19624453281918}, "K17-D020": {"K17-D030": 35.55773497053944}, "K18-D010": {"K18-D020": 200.9019415080988}, "K17-U030": {"K17-U040": 30.821713975193326}, "K18-U020": {"K18-U030": 55.12055360522726}, "K17-U020": {"K17-U030": 112.79052855290638}, "K12-D030": {"K12-D040": 12.082477260698848}, "K12-D010": {"K12-D020": 152.71627375631058}}