{"K12-U010": {"K12-U020": 205.91602490047495}, "K12-D020": {"K12-D030": 283.49797583067055}, "K14-D020": {"K14-D030": 13.44635961896724}, "K18-U010": {"K18-U020": 191.47439381067198}, "K17-D010": {"K17-D020": 218.58695673980992}, "K17-U010": {"K17-U020": 194.94048083040764}, "K14-D010": {"K14-D020": 236.6146636682933}, "K18-D020": {"K18-D030": 41.39902202975609}, "K12-U020": {"K12-U030": 193.81631697811633}, "K17-D020": {"K17-D030": 32.44548179435723}, "K18-D010": {"K18-D020": 207.71099102981353}, "K17-U030": {"K17-U040": 27.73322535151052}, "K18-U020": {"K18-U030": 57.84030813507618}, "K17-U020": {"K17-U030": 130.34976975718473}, "K12-D030": {"K12-D040": 11.313105736066754}, "K12-D010": {"K12-D020": 145.28752893689523}}