{"K12-U010": {"K12-U020": 213.69280952556716}, "K12-D020": {"K12-D030": 302.2975034698419}, "K14-D020": {"K14-D030": 11.898420323349928}, "K18-U010": {"K18-U020": 213.87534129593791}, "K17-D010": {"K17-D020": 269.09903773634414}, "K17-U010": {"K17-U020": 243.4660043074212}, "K14-D010": {"K14-D020": 275.7702722177385}, "K18-D020": {"K18-D030": 48.846740790163594}, "K12-U020": {"K12-U030": 220.5754612508768}, "K17-D020": {"K17-D030": 45.81065187391967}, "K18-D010": {"K18-D020": 226.03578629787802}, "K17-U030": {"K17-U040": 30.428029869241698}, "K18-U020": {"K18-U030": 59.166987472512666}, "K17-U020": {"K17-U030": 151.43394303339787}, "K12-D030": {"K12-D040": 13.665670859480851}, "K12-D010": {"K12-D020": 154.61594081265338}}