{"K12-U010": {"K12-U020": 235.48617479213598}, "K12-D020": {"K12-D030": 279.4845146617942}, "K14-D020": {"K14-D030": 13.013102465362362}, "K18-U010": {"K18-U020": 213.00860351133764}, "K17-D010": {"K17-D020": 238.59443956537862}, "K17-U010": {"K17-U020": 241.38664283355374}, "K14-D010": {"K14-D020": 257.6291969307188}, "K18-D020": {"K18-D030": 55.10942310396537}, "K12-U020": {"K12-U030": 230.696026134578}, "K17-D020": {"K17-D030": 44.631310720871994}, "K18-D010": {"K18-D020": 246.9934451566442}, "K17-U030": {"K17-U040": 29.79680808920717}, "K18-U020": {"K18-U030": 56.82118703641165}, "K17-U020": {"K17-U030": 139.85827251352464}, "K12-D030": {"K12-D040": 12.982027577355222}, "K12-D010": {"K12-D020": 163.77409103712597}}