{"K12-U010": {"K12-U020": 201.31967887254166}, "K12-D020": {"K12-D030": 216.96890233305075}, "K14-D020": {"K14-D030": 12.686162446475489}, "K18-U010": {"K18-U020": 203.6657825860144}, "K17-D010": {"K17-D020": 194.10655653869176}, "K17-U010": {"K17-U020": 191.9156214998312}, "K14-D010": {"K14-D020": 240.63746524586685}, "K18-D020": {"K18-D030": 53.091113725421835}, "K12-U020": {"K12-U030": 155.55205510415118}, "K17-D020": {"K17-D030": 46.633223450187145}, "K18-D010": {"K18-D020": 196.3413707914653}, "K17-U030": {"K17-U040": 31.73048728682803}, "K18-U020": {"K18-U030": 53.49651890871637}, "K17-U020": {"K17-U030": 118.24378864683081}, "K12-D030": {"K12-D040": 11.22269124008508}, "K12-D010": {"K12-D020": 139.45350650971196}}