{"K12-U010": {"K12-U020": 240.0327055098158}, "K12-D020": {"K12-D030": 298.10960696462723}, "K14-D020": {"K14-D030": 15.202957553875356}, "K18-U010": {"K18-U020": 205.88601434143334}, "K17-D010": {"K17-D020": 216.07023856832794}, "K17-U010": {"K17-U020": 236.42548736788723}, "K14-D010": {"K14-D020": 286.0134790240505}, "K18-D020": {"K18-D030": 59.75057174675378}, "K12-U020": {"K12-U030": 212.5156574331831}, "K17-D020": {"K17-D030": 60.2184165791351}, "K18-D010": {"K18-D020": 231.0208848453238}, "K17-U030": {"K17-U040": 31.110885741177448}, "K18-U020": {"K18-U030": 51.96640990028735}, "K17-U020": {"K17-U030": 149.82341937265605}, "K12-D030": {"K12-D040": 13.544182443392037}, "K12-D010": {"K12-D020": 155.87936975919814}}