{"K12-U010": {"K12-U020": 202.21499681112263}, "K12-D020": {"K12-D030": 256.6655169997032}, "K14-D020": {"K14-D030": 16.60014821699604}, "K18-U010": {"K18-U020": 205.61192299050512}, "K17-D010": {"K17-D020": 147.54015871081384}, "K17-U010": {"K17-U020": 228.9349054968669}, "K14-D010": {"K14-D020": 252.28069029102767}, "K18-D020": {"K18-D030": 51.64458435792064}, "K12-U020": {"K12-U030": 184.0783738819084}, "K17-D020": {"K17-D030": 57.27818103290109}, "K18-D010": {"K18-D020": 256.86299397487096}, "K17-U030": {"K17-U040": 28.586598977927547}, "K18-U020": {"K18-U030": 52.26106101002688}, "K17-U020": {"K17-U030": 144.87987756304338}, "K12-D030": {"K12-D040": 12.148978686304426}, "K12-D010": {"K12-D020": 169.27345035317967}}