{"K12-U010": {"K12-U020": 225.31835716154166}, "K12-D020": {"K12-D030": 258.24220132773945}, "K14-D020": {"K14-D030": 13.384675865656856}, "K18-U010": {"K18-U020": 219.40473355972063}, "K17-D010": {"K17-D020": 202.11481233176158}, "K17-U010": {"K17-U020": 181.89153787285127}, "K14-D010": {"K14-D020": 255.66461444459432}, "K18-D020": {"K18-D030": 32.68391912200148}, "K12-U020": {"K12-U030": 181.8764861266835}, "K17-D020": {"K17-D030": 14.67274616853399}, "K18-D010": {"K18-D020": 204.61027031482396}, "K17-U030": {"K17-U040": 26.693193597667424}, "K18-U020": {"K18-U030": 52.75595081584963}, "K17-U020": {"K17-U030": 130.37000323794217}, "K12-D030": {"K12-D040": 12.554150662228093}, "K12-D010": {"K12-D020": 152.24004600298548}}