{"K12-U010": {"K12-U020": 198.57156954003966}, "K12-D020": {"K12-D030": 267.9246185913395}, "K14-D020": {"K14-D030": 12.56466963115305}, "K18-U010": {"K18-U020": 197.8195175626397}, "K17-D010": {"K17-D020": 216.4189464232977}, "K17-U010": {"K17-U020": 213.93122540268843}, "K14-D010": {"K14-D020": 222.3371932852743}, "K18-D020": {"K18-D030": 35.15561848818214}, "K12-U020": {"K12-U030": 194.51626356107346}, "K17-D020": {"K17-D030": 24.30309342833176}, "K18-D010": {"K18-D020": 200.88656687963285}, "K17-U030": {"K17-U040": 29.16591584308781}, "K18-U020": {"K18-U030": 53.97315161531676}, "K17-U020": {"K17-U030": 127.98961629271086}, "K12-D030": {"K12-D040": 10.509202443716235}, "K12-D010": {"K12-D020": 138.36885223001707}}