{"K12-U010": {"K12-U020": 216.43048044953747}, "K12-D020": {"K12-D030": 214.25077837568148}, "K14-D020": {"K14-D030": 13.293852768233592}, "K18-U010": {"K18-U020": 221.80653463224454}, "K17-D010": {"K17-D020": 213.47026222580854}, "K17-U010": {"K17-U020": 242.74951154089112}, "K14-D010": {"K14-D020": 259.79190772359686}, "K18-D020": {"K18-D030": 47.08607162066187}, "K12-U020": {"K12-U030": 184.85233169988697}, "K17-D020": {"K17-D030": 37.41803112196979}, "K18-D010": {"K18-D020": 224.2619327232263}, "K17-U030": {"K17-U040": 30.658566777303765}, "K18-U020": {"K18-U030": 60.65949718270315}, "K17-U020": {"K17-U030": 149.0208864607729}, "K12-D030": {"K12-D040": 12.039441879769099}, "K12-D010": {"K12-D020": 157.40844290389782}}