{"K12-U010": {"K12-U020": 220.20199499886866}, "K12-D020": {"K12-D030": 267.0627398082944}, "K14-D020": {"K14-D030": 12.019021288178926}, "K18-U010": {"K18-U020": 211.24043781539294}, "K17-D010": {"K17-D020": 203.87372757163564}, "K17-U010": {"K17-U020": 207.18463558185994}, "K14-D010": {"K14-D020": 212.66917832505123}, "K18-D020": {"K18-D030": 35.22371952777309}, "K12-U020": {"K12-U030": 205.1660237295351}, "K17-D020": {"K17-D030": 22.158921083047993}, "K18-D010": {"K18-D020": 213.41292407367237}, "K17-U030": {"K17-U040": 25.045235026737288}, "K18-U020": {"K18-U030": 54.15625093011316}, "K17-U020": {"K17-U030": 134.14317293989149}, "K12-D030": {"K12-D040": 11.045427714139771}, "K12-D010": {"K12-D020": 145.41952006107067}}