{"K12-U010": {"K12-U020": 193.4859565742901}, "K12-D020": {"K12-D030": 266.04985538435756}, "K14-D020": {"K14-D030": 12.577764423620106}, "K18-U010": {"K18-U020": 199.40607726684394}, "K17-D010": {"K17-D020": 217.99879858419808}, "K17-U010": {"K17-U020": 200.322271433567}, "K14-D010": {"K14-D020": 249.19819596906382}, "K18-D020": {"K18-D030": 44.27215816737632}, "K12-U020": {"K12-U030": 196.12742646907992}, "K17-D020": {"K17-D030": 27.740917269037602}, "K18-D010": {"K18-D020": 188.18606010121152}, "K17-U030": {"K17-U040": 25.075016811128553}, "K18-U020": {"K18-U030": 55.78988566128483}, "K17-U020": {"K17-U030": 127.25586688828079}, "K12-D030": {"K12-D040": 11.40716735069141}, "K12-D010": {"K12-D020": 148.0169469644798}}