{"K12-U010": {"K12-U020": 228.82245103010086}, "K12-D020": {"K12-D030": 272.29474359866276}, "K14-D020": {"K14-D030": 16.60014821699604}, "K18-U010": {"K18-U020": 235.05441519471069}, "K17-D010": {"K17-D020": 177.09252855575923}, "K17-U010": {"K17-U020": 214.642346107216}, "K14-D010": {"K14-D020": 252.28069029102767}, "K18-D020": {"K18-D030": 36.37457672077038}, "K12-U020": {"K12-U030": 204.14806241882548}, "K17-D020": {"K17-D030": 32.80137465578675}, "K18-D010": {"K18-D020": 246.3004932329737}, "K17-U030": {"K17-U040": 27.564015830476443}, "K18-U020": {"K18-U030": 56.88923019304957}, "K17-U020": {"K17-U030": 145.92178145783507}, "K12-D030": {"K12-D040": 12.853398782028313}, "K12-D010": {"K12-D020": 171.40214530746795}}