{"K12-U010": {"K12-U020": 225.0823975272205}, "K12-D020": {"K12-D030": 282.9738289172313}, "K14-D020": {"K14-D030": 13.438485003734076}, "K18-U010": {"K18-U020": 205.71363430522712}, "K17-D010": {"K17-D020": 196.59740219531167}, "K17-U010": {"K17-U020": 247.34629657920465}, "K14-D010": {"K14-D020": 280.28709634005884}, "K18-D020": {"K18-D030": 58.94029132253968}, "K12-U020": {"K12-U030": 209.9617284284381}, "K17-D020": {"K17-D030": 45.465413698597864}, "K18-D010": {"K18-D020": 235.07901690050576}, "K17-U030": {"K17-U040": 35.21627109835694}, "K18-U020": {"K18-U030": 57.40561277328991}, "K17-U020": {"K17-U030": 153.0838294898602}, "K12-D030": {"K12-D040": 15.346961416753548}, "K12-D010": {"K12-D020": 167.258867325985}}