{"K12-U010": {"K12-U020": 249.49400799663823}, "K12-D020": {"K12-D030": 288.2013849819403}, "K14-D020": {"K14-D030": 15.89427781019846}, "K18-U010": {"K18-U020": 206.26604745635981}, "K17-D010": {"K17-D020": 232.1330983691259}, "K17-U010": {"K17-U020": 205.26942429671408}, "K14-D010": {"K14-D020": 267.54681102430004}, "K18-D020": {"K18-D030": 54.48745460620703}, "K12-U020": {"K12-U030": 216.335523308441}, "K17-D020": {"K17-D030": 54.84586807533462}, "K18-D010": {"K18-D020": 224.2248052286349}, "K17-U030": {"K17-U040": 41.061461279263995}, "K18-U020": {"K18-U030": 57.007841166420135}, "K17-U020": {"K17-U030": 148.69819068543916}, "K12-D030": {"K12-D040": 13.302980590508346}, "K12-D010": {"K12-D020": 161.83047392806535}}