{"K12-U010": {"K12-U020": 212.97458880784535}, "K12-D020": {"K12-D030": 284.55949206564367}, "K14-D020": {"K14-D030": 11.898420323349928}, "K18-U010": {"K18-U020": 213.2584766884751}, "K17-D010": {"K17-D020": 269.78781970704904}, "K17-U010": {"K17-U020": 248.825931834597}, "K14-D010": {"K14-D020": 275.7702722177385}, "K18-D020": {"K18-D030": 64.88876420230734}, "K12-U020": {"K12-U030": 209.53153694095232}, "K17-D020": {"K17-D030": 57.298124944599046}, "K18-D010": {"K18-D020": 219.16759611790525}, "K17-U030": {"K17-U040": 33.70105208534163}, "K18-U020": {"K18-U030": 58.4706179492037}, "K17-U020": {"K17-U030": 150.03828980410958}, "K12-D030": {"K12-D040": 13.698738097987862}, "K12-D010": {"K12-D020": 154.5717980969182}}