{"K12-U010": {"K12-U020": 241.860701116966}, "K12-D020": {"K12-D030": 264.80892548441926}, "K14-D020": {"K14-D030": 14.545850185081061}, "K18-U010": {"K18-U020": 193.15097468255078}, "K17-D010": {"K17-D020": 208.90338509030477}, "K17-U010": {"K17-U020": 230.52709733535872}, "K14-D010": {"K14-D020": 275.67098082968687}, "K18-D020": {"K18-D030": 59.03921556840834}, "K12-U020": {"K12-U030": 197.43702965089685}, "K17-D020": {"K17-D030": 39.73196100835276}, "K18-D010": {"K18-D020": 236.61415128792243}, "K17-U030": {"K17-U040": 29.904904768547606}, "K18-U020": {"K18-U030": 59.70269618479301}, "K17-U020": {"K17-U030": 151.01220147886244}, "K12-D030": {"K12-D040": 16.82120481464855}, "K12-D010": {"K12-D020": 159.78508738244187}}