{"K12-U010": {"K12-U020": 215.54967200598207}, "K12-D020": {"K12-D030": 282.3511260993274}, "K14-D020": {"K14-D030": 13.894115832561486}, "K18-U010": {"K18-U020": 226.52860227369985}, "K17-D010": {"K17-D020": 247.31790956725655}, "K17-U010": {"K17-U020": 235.52564650491118}, "K14-D010": {"K14-D020": 265.89075452920406}, "K18-D020": {"K18-D030": 34.72802636084628}, "K12-U020": {"K12-U030": 195.93206424297455}, "K17-D020": {"K17-D030": 24.400346743114845}, "K18-D010": {"K18-D020": 212.27706276084714}, "K17-U030": {"K17-U040": 25.49974890969277}, "K18-U020": {"K18-U030": 58.27605817228469}, "K17-U020": {"K17-U030": 107.67767076547966}, "K12-D030": {"K12-D040": 12.66316657311187}, "K12-D010": {"K12-D020": 164.1420708345696}}