{"K12-U010": {"K12-U020": 252.06048051702828}, "K12-D020": {"K12-D030": 247.90781635394373}, "K14-D020": {"K14-D030": 13.014534192652047}, "K18-U010": {"K18-U020": 202.03235830544386}, "K17-D010": {"K17-D020": 256.5101905240927}, "K17-U010": {"K17-U020": 228.8850357394977}, "K14-D010": {"K14-D020": 239.90185190592211}, "K18-D020": {"K18-D030": 63.13148279631182}, "K12-U020": {"K12-U030": 185.16341354925945}, "K17-D020": {"K17-D030": 53.6782224351996}, "K18-D010": {"K18-D020": 238.84428405762907}, "K17-U030": {"K17-U040": 31.08485707772936}, "K18-U020": {"K18-U030": 57.90908357219801}, "K17-U020": {"K17-U030": 139.7510197229379}, "K12-D030": {"K12-D040": 11.824683817499977}, "K12-D010": {"K12-D020": 148.98957459988586}}