{"K12-U010": {"K12-U020": 218.78871331410429}, "K12-D020": {"K12-D030": 281.79441165888534}, "K14-D020": {"K14-D030": 13.894115832561486}, "K18-U010": {"K18-U020": 231.08765743991754}, "K17-D010": {"K17-D020": 239.9701023580351}, "K17-U010": {"K17-U020": 242.65758827766817}, "K14-D010": {"K14-D020": 265.89075452920406}, "K18-D020": {"K18-D030": 45.84265030200298}, "K12-U020": {"K12-U030": 195.9467380477495}, "K17-D020": {"K17-D030": 42.379990706310124}, "K18-D010": {"K18-D020": 222.97965161989706}, "K17-U030": {"K17-U040": 26.41473694511929}, "K18-U020": {"K18-U030": 62.23092294831166}, "K17-U020": {"K17-U030": 140.83514412092896}, "K12-D030": {"K12-D040": 12.17690887944015}, "K12-D010": {"K12-D020": 154.0136676969995}}