{"K12-U010": {"K12-U020": 284.4214808188122}, "K12-D020": {"K12-D030": 278.2436665720089}, "K14-D020": {"K14-D030": 12.019021288178926}, "K18-U010": {"K18-U020": 219.71323205557064}, "K17-D010": {"K17-D020": 216.41995739377518}, "K17-U010": {"K17-U020": 181.03581752643333}, "K14-D010": {"K14-D020": 212.66917832505123}, "K18-D020": {"K18-D030": 45.785220104466674}, "K12-U020": {"K12-U030": 194.54775324294516}, "K17-D020": {"K17-D030": 36.83492081522985}, "K18-D010": {"K18-D020": 202.99436441667578}, "K17-U030": {"K17-U040": 24.852694363252116}, "K18-U020": {"K18-U030": 53.57184852902319}, "K17-U020": {"K17-U030": 120.9556932859826}, "K12-D030": {"K12-D040": 12.778618934455789}, "K12-D010": {"K12-D020": 151.09312790761112}}