{"K12-U010": {"K12-U020": 253.71429096590023}, "K12-D020": {"K12-D030": 280.8405354087396}, "K14-D020": {"K14-D030": 13.732252135069782}, "K18-U010": {"K18-U020": 213.90830168470856}, "K17-D010": {"K17-D020": 188.29375946479462}, "K17-U010": {"K17-U020": 240.82157580346106}, "K14-D010": {"K14-D020": 268.66087614380086}, "K18-D020": {"K18-D030": 53.780105807666516}, "K12-U020": {"K12-U030": 185.73200702719538}, "K17-D020": {"K17-D030": 47.71536230087349}, "K18-D010": {"K18-D020": 226.41440300435715}, "K17-U030": {"K17-U040": 33.49166226306606}, "K18-U020": {"K18-U030": 58.62218997095484}, "K17-U020": {"K17-U030": 138.61023207680765}, "K12-D030": {"K12-D040": 11.861823943679228}, "K12-D010": {"K12-D020": 162.88828971234435}}