{"K12-U010": {"K12-U020": 193.62289407005105}, "K12-D020": {"K12-D030": 277.1296594648736}, "K14-D020": {"K14-D030": 16.46890617322933}, "K18-U010": {"K18-U020": 235.53399446307796}, "K17-D010": {"K17-D020": 260.6886603260441}, "K17-U010": {"K17-U020": 223.04009579403845}, "K14-D010": {"K14-D020": 258.6131920217043}, "K18-D020": {"K18-D030": 47.44569819270766}, "K12-U020": {"K12-U030": 200.00906232221547}, "K17-D020": {"K17-D030": 68.08257778339377}, "K18-D010": {"K18-D020": 200.07508126037496}, "K17-U030": {"K17-U040": 28.495316060742333}, "K18-U020": {"K18-U030": 46.77566320398235}, "K17-U020": {"K17-U030": 106.39672548116596}, "K12-D030": {"K12-D040": 11.501999053208861}, "K12-D010": {"K12-D020": 166.71793897708608}}