{"K12-U010": {"K12-U020": 197.10051585792334}, "K12-D020": {"K12-D030": 266.40873788748337}, "K14-D020": {"K14-D030": 11.718918526720548}, "K18-U010": {"K18-U020": 201.6163687453148}, "K17-D010": {"K17-D020": 179.69849658600396}, "K17-U010": {"K17-U020": 202.8467601850163}, "K14-D010": {"K14-D020": 234.41215603810912}, "K18-D020": {"K18-D030": 28.070641217813648}, "K12-U020": {"K12-U030": 190.48238396553705}, "K17-D020": {"K17-D030": 17.514688261739433}, "K18-D010": {"K18-D020": 202.5834317138664}, "K17-U030": {"K17-U040": 26.40481423596834}, "K18-U020": {"K18-U030": 58.351207886957106}, "K17-U020": {"K17-U030": 134.2886161478015}, "K12-D030": {"K12-D040": 11.394087547824066}, "K12-D010": {"K12-D020": 140.34975664769547}}