{"K12-U010": {"K12-U020": 251.79498714064215}, "K12-D020": {"K12-D030": 305.4313913025991}, "K14-D020": {"K14-D030": 16.56924967845658}, "K18-U010": {"K18-U020": 210.9807029303381}, "K17-D010": {"K17-D020": 202.9017467287942}, "K17-U010": {"K17-U020": 234.90054833629915}, "K14-D010": {"K14-D020": 275.23479144451903}, "K18-D020": {"K18-D030": 47.576082515242646}, "K12-U020": {"K12-U030": 224.5620676274772}, "K17-D020": {"K17-D030": 46.7672860547478}, "K18-D010": {"K18-D020": 243.84513449844127}, "K17-U030": {"K17-U040": 25.419807653929062}, "K18-U020": {"K18-U030": 62.015209304463404}, "K17-U020": {"K17-U030": 147.38404040448467}, "K12-D030": {"K12-D040": 13.51846240403996}, "K12-D010": {"K12-D020": 163.67238857398843}}