{"K12-U010": {"K12-U020": 219.40215249644635}, "K12-D020": {"K12-D030": 195.2131125252936}, "K14-D020": {"K14-D030": 12.328153429682125}, "K18-U010": {"K18-U020": 200.97103486360814}, "K17-D010": {"K17-D020": 233.37277706767378}, "K17-U010": {"K17-U020": 209.61206514823826}, "K14-D010": {"K14-D020": 248.2991585602048}, "K18-D020": {"K18-D030": 42.69725089126224}, "K12-U020": {"K12-U030": 199.49572251016997}, "K17-D020": {"K17-D030": 26.28104319069509}, "K18-D010": {"K18-D020": 220.3053409759369}, "K17-U030": {"K17-U040": 27.395166117986253}, "K18-U020": {"K18-U030": 51.75792178613831}, "K17-U020": {"K17-U030": 127.42558418421281}, "K12-D030": {"K12-D040": 12.164893813922443}, "K12-D010": {"K12-D020": 139.70556182280728}}