{"K12-U010": {"K12-U020": 249.74901337388627}, "K12-D020": {"K12-D030": 272.4988127268374}, "K14-D020": {"K14-D030": 14.043679495425275}, "K18-U010": {"K18-U020": 220.90776354309423}, "K17-D010": {"K17-D020": 227.0686612712155}, "K17-U010": {"K17-U020": 225.41135101317522}, "K14-D010": {"K14-D020": 253.58826035866514}, "K18-D020": {"K18-D030": 46.369725478215756}, "K12-U020": {"K12-U030": 201.29609931027272}, "K17-D020": {"K17-D030": 44.32098558185815}, "K18-D010": {"K18-D020": 221.4759885950497}, "K17-U030": {"K17-U040": 29.947013085445935}, "K18-U020": {"K18-U030": 58.844993556077874}, "K17-U020": {"K17-U030": 142.04502226184397}, "K12-D030": {"K12-D040": 13.63021065762029}, "K12-D010": {"K12-D020": 172.84141055511196}}