{"K12-U010": {"K12-U020": 219.3648089120803}, "K12-D020": {"K12-D030": 301.27936020124724}, "K14-D020": {"K14-D030": 12.078965781539463}, "K18-U010": {"K18-U020": 221.9957527762544}, "K17-D010": {"K17-D020": 248.87009204035175}, "K17-U010": {"K17-U020": 192.30875506430272}, "K14-D010": {"K14-D020": 277.6226718004444}, "K18-D020": {"K18-D030": 61.034988482046955}, "K12-U020": {"K12-U030": 214.2420124563301}, "K17-D020": {"K17-D030": 43.26266112860225}, "K18-D010": {"K18-D020": 232.14565070182962}, "K17-U030": {"K17-U040": 32.78150586429254}, "K18-U020": {"K18-U030": 58.21376940310462}, "K17-U020": {"K17-U030": 149.77098736084676}, "K12-D030": {"K12-D040": 12.281858585394287}, "K12-D010": {"K12-D020": 168.2768883924666}}