{"K12-U010": {"K12-U020": 242.03723356669934}, "K12-D020": {"K12-D030": 272.52354105272445}, "K14-D020": {"K14-D030": 14.87723211894208}, "K18-U010": {"K18-U020": 205.380376969302}, "K17-D010": {"K17-D020": 214.95077125840612}, "K17-U010": {"K17-U020": 216.07151916436288}, "K14-D010": {"K14-D020": 266.16135181300774}, "K18-D020": {"K18-D030": 63.85806302128434}, "K12-U020": {"K12-U030": 213.06535418214722}, "K17-D020": {"K17-D030": 51.52922487494859}, "K18-D010": {"K18-D020": 231.51267833672523}, "K17-U030": {"K17-U040": 42.811041747589954}, "K18-U020": {"K18-U030": 54.33906726750041}, "K17-U020": {"K17-U030": 145.7305843141325}, "K12-D030": {"K12-D040": 11.815648416143214}, "K12-D010": {"K12-D020": 148.69368955292637}}