{"K12-U010": {"K12-U020": 245.36347398835537}, "K12-D020": {"K12-D030": 289.25888313622943}, "K14-D020": {"K14-D030": 14.043679495425275}, "K18-U010": {"K18-U020": 208.19824734433232}, "K17-D010": {"K17-D020": 250.39214578900527}, "K17-U010": {"K17-U020": 241.3099727489151}, "K14-D010": {"K14-D020": 253.58826035866514}, "K18-D020": {"K18-D030": 57.349573087824794}, "K12-U020": {"K12-U030": 212.6133214913878}, "K17-D020": {"K17-D030": 46.25511335543202}, "K18-D010": {"K18-D020": 226.93449901279078}, "K17-U030": {"K17-U040": 38.59231221271846}, "K18-U020": {"K18-U030": 58.33666997326155}, "K17-U020": {"K17-U030": 131.6085249222608}, "K12-D030": {"K12-D040": 13.829720642871752}, "K12-D010": {"K12-D020": 173.11702133482694}}