{"K12-U010": {"K12-U020": 236.03205994729151}, "K12-D020": {"K12-D030": 272.2752415372209}, "K14-D020": {"K14-D030": 15.023039840987702}, "K18-U010": {"K18-U020": 216.40748819263544}, "K17-D010": {"K17-D020": 226.26931959714852}, "K17-U010": {"K17-U020": 168.38727622738426}, "K14-D010": {"K14-D020": 282.51035870055455}, "K18-D020": {"K18-D030": 40.451359782583054}, "K12-U020": {"K12-U030": 208.83930163074962}, "K17-D020": {"K17-D030": 36.95228293590236}, "K18-D010": {"K18-D020": 224.26065868650716}, "K17-U030": {"K17-U040": 22.665071164295206}, "K18-U020": {"K18-U030": 58.466543973119414}, "K17-U020": {"K17-U030": 125.52818018316876}, "K12-D030": {"K12-D040": 14.523868260847689}, "K12-D010": {"K12-D020": 165.9192774831244}}