{"K12-U010": {"K12-U020": 221.54131200595097}, "K12-D020": {"K12-D030": 258.38480045188703}, "K14-D020": {"K14-D030": 12.98919708236959}, "K18-U010": {"K18-U020": 242.11351877974408}, "K17-D010": {"K17-D020": 252.36633563484315}, "K17-U010": {"K17-U020": 164.37992196854887}, "K14-D010": {"K14-D020": 291.1532980054261}, "K18-D020": {"K18-D030": 43.257654397295724}, "K12-U020": {"K12-U030": 96.04878427326645}, "K17-D020": {"K17-D030": 7.72141102284253}, "K18-D010": {"K18-D020": 183.54073286951558}, "K17-U030": {"K17-U040": 25.76616239101034}, "K18-U020": {"K18-U030": 59.1088839974763}, "K17-U020": {"K17-U030": 136.0681093155362}, "K12-D030": {"K12-D040": 9.801719696030474}, "K12-D010": {"K12-D020": 166.04684017851224}}