{"K12-U010": {"K12-U020": 209.29161674229536}, "K12-D020": {"K12-D030": 229.45483930757874}, "K14-D020": {"K14-D030": 15.431268618499024}, "K18-U010": {"K18-U020": 200.11844219052097}, "K17-D010": {"K17-D020": 201.84559345621534}, "K17-U010": {"K17-U020": 204.45845380038145}, "K14-D010": {"K14-D020": 249.46209704741813}, "K18-D020": {"K18-D030": 68.5512021845673}, "K12-U020": {"K12-U030": 211.87211473915804}, "K17-D020": {"K17-D030": 57.674078025229996}, "K18-D010": {"K18-D020": 211.50478244898}, "K17-U030": {"K17-U040": 34.12948566875922}, "K18-U020": {"K18-U030": 50.12305068874706}, "K17-U020": {"K17-U030": 130.59075534222475}, "K12-D030": {"K12-D040": 13.56970308370401}, "K12-D010": {"K12-D020": 151.09063994372318}}