{"K12-U010": {"K12-U020": 240.18254295083062}, "K12-D020": {"K12-D030": 251.3603868640981}, "K14-D020": {"K14-D030": 12.93271897814785}, "K18-U010": {"K18-U020": 204.21372628584987}, "K17-D010": {"K17-D020": 200.51084192734726}, "K17-U010": {"K17-U020": 244.92373080570556}, "K14-D010": {"K14-D020": 266.6578717824702}, "K18-D020": {"K18-D030": 51.709573609469565}, "K12-U020": {"K12-U030": 189.4787283850293}, "K17-D020": {"K17-D030": 23.80188480996768}, "K18-D010": {"K18-D020": 235.5913296675351}, "K17-U030": {"K17-U040": 37.98696863078414}, "K18-U020": {"K18-U030": 61.86674815047197}, "K17-U020": {"K17-U030": 143.20576665837348}, "K12-D030": {"K12-D040": 12.014056581406454}, "K12-D010": {"K12-D020": 161.97196260783252}}