{"K12-U010": {"K12-U020": 224.56353209988742}, "K12-D020": {"K12-D030": 271.2155893717329}, "K14-D020": {"K14-D030": 15.125293068588595}, "K18-U010": {"K18-U020": 229.96052295254373}, "K17-D010": {"K17-D020": 217.4751450682013}, "K17-U010": {"K17-U020": 215.99428547062766}, "K14-D010": {"K14-D020": 257.71960693350746}, "K18-D020": {"K18-D030": 62.85965650617925}, "K12-U020": {"K12-U030": 211.1015169515014}, "K17-D020": {"K17-D030": 54.19676828252585}, "K18-D010": {"K18-D020": 236.3469341454939}, "K17-U030": {"K17-U040": 42.012794830360306}, "K18-U020": {"K18-U030": 51.835047992618044}, "K17-U020": {"K17-U030": 140.51050119376004}, "K12-D030": {"K12-D040": 12.57244865925867}, "K12-D010": {"K12-D020": 166.8323621785568}}