{"K12-U010": {"K12-U020": 194.2184102199208}, "K12-D020": {"K12-D030": 258.85881027685684}, "K14-D020": {"K14-D030": 12.035747757045696}, "K18-U010": {"K18-U020": 193.96398350315727}, "K17-D010": {"K17-D020": 223.3172393945209}, "K17-U010": {"K17-U020": 212.89504815555955}, "K14-D010": {"K14-D020": 231.05844935614533}, "K18-D020": {"K18-D030": 46.457011602402204}, "K12-U020": {"K12-U030": 178.2981560946053}, "K17-D020": {"K17-D030": 32.57155325462461}, "K18-D010": {"K18-D020": 204.49677352686973}, "K17-U030": {"K17-U040": 26.24376799513476}, "K18-U020": {"K18-U030": 50.04439012105047}, "K17-U020": {"K17-U030": 116.25243733024993}, "K12-D030": {"K12-D040": 10.272462826300554}, "K12-D010": {"K12-D020": 153.62915347740744}}