{"K12-U010": {"K12-U020": 209.49858703273622}, "K12-D020": {"K12-D030": 283.81322984861947}, "K14-D020": {"K14-D030": 12.296769394194477}, "K18-U010": {"K18-U020": 210.29165282099794}, "K17-D010": {"K17-D020": 240.27766345826458}, "K17-U010": {"K17-U020": 194.91638448588523}, "K14-D010": {"K14-D020": 244.99489013821534}, "K18-D020": {"K18-D030": 27.213582054100765}, "K12-U020": {"K12-U030": 190.11494873199456}, "K17-D020": {"K17-D030": 21.58622055145988}, "K18-D010": {"K18-D020": 200.21692424793645}, "K17-U030": {"K17-U040": 23.533767438443686}, "K18-U020": {"K18-U030": 55.359276843099586}, "K17-U020": {"K17-U030": 114.55107232017781}, "K12-D030": {"K12-D040": 10.196144220086333}, "K12-D010": {"K12-D020": 150.26282010655297}}