{"K12-U010": {"K12-U020": 206.9154994304531}, "K12-D020": {"K12-D030": 294.49266310969887}, "K14-D020": {"K14-D030": 13.293852768233592}, "K18-U010": {"K18-U020": 215.8202910681486}, "K17-D010": {"K17-D020": 252.12260665418165}, "K17-U010": {"K17-U020": 242.6944586924582}, "K14-D010": {"K14-D020": 259.79190772359686}, "K18-D020": {"K18-D030": 59.68383021742123}, "K12-U020": {"K12-U030": 219.57621362356093}, "K17-D020": {"K17-D030": 51.126637424614316}, "K18-D010": {"K18-D020": 231.897229551825}, "K17-U030": {"K17-U040": 32.71593531041783}, "K18-U020": {"K18-U030": 56.390563259068166}, "K17-U020": {"K17-U030": 146.58943836605687}, "K12-D030": {"K12-D040": 12.881413247010858}, "K12-D010": {"K12-D020": 156.67041762586632}}