{"K12-U010": {"K12-U020": 250.80482615322097}, "K12-D020": {"K12-D030": 263.0575789640305}, "K14-D020": {"K14-D030": 16.52921209191371}, "K18-U010": {"K18-U020": 209.65243178908713}, "K17-D010": {"K17-D020": 187.7524966931873}, "K17-U010": {"K17-U020": 215.69758073753079}, "K14-D010": {"K14-D020": 250.6631561693413}, "K18-D020": {"K18-D030": 56.64844813148585}, "K12-U020": {"K12-U030": 213.39310272680527}, "K17-D020": {"K17-D030": 39.4762800992814}, "K18-D010": {"K18-D020": 231.61793237278522}, "K17-U030": {"K17-U040": 25.825009208973835}, "K18-U020": {"K18-U030": 63.915265386941556}, "K17-U020": {"K17-U030": 124.3159930042541}, "K12-D030": {"K12-D040": 10.10199361517705}, "K12-D010": {"K12-D020": 178.2136543782172}}