{"K12-U010": {"K12-U020": 224.29341586758883}, "K12-D020": {"K12-D030": 271.92072741160973}, "K14-D020": {"K14-D030": 14.393031584687265}, "K18-U010": {"K18-U020": 214.29017577582172}, "K17-D010": {"K17-D020": 229.04211308975223}, "K17-U010": {"K17-U020": 249.76733880266391}, "K14-D010": {"K14-D020": 269.8368646265959}, "K18-D020": {"K18-D030": 67.48125558230227}, "K12-U020": {"K12-U030": 208.33782126797078}, "K17-D020": {"K17-D030": 48.83106007841518}, "K18-D010": {"K18-D020": 214.93952407925286}, "K17-U030": {"K17-U040": 34.52570289726499}, "K18-U020": {"K18-U030": 57.34756476616765}, "K17-U020": {"K17-U030": 140.5534240349356}, "K12-D030": {"K12-D040": 12.916007532645136}, "K12-D010": {"K12-D020": 158.33871358125023}}