{"K12-U010": {"K12-U020": 255.21244086491873}, "K12-D020": {"K12-D030": 252.96037110582438}, "K14-D020": {"K14-D030": 17.79065060836545}, "K18-U010": {"K18-U020": 215.61858786461798}, "K17-D010": {"K17-D020": 186.3102494647262}, "K17-U010": {"K17-U020": 227.8559510989117}, "K14-D010": {"K14-D020": 276.5124601020897}, "K18-D020": {"K18-D030": 57.052973914062626}, "K12-U020": {"K12-U030": 196.11429273066634}, "K17-D020": {"K17-D030": 48.82182668069562}, "K18-D010": {"K18-D020": 248.80087004209}, "K17-U030": {"K17-U040": 27.289294291857896}, "K18-U020": {"K18-U030": 59.72452604674355}, "K17-U020": {"K17-U030": 148.62750393412335}, "K12-D030": {"K12-D040": 10.448053983162904}, "K12-D010": {"K12-D020": 160.93075804449768}}