{"K12-U010": {"K12-U020": 252.90692031709509}, "K12-D020": {"K12-D030": 310.24038658734696}, "K14-D020": {"K14-D030": 14.234396515585058}, "K18-U010": {"K18-U020": 214.33062575296384}, "K17-D010": {"K17-D020": 115.15110067800944}, "K17-U010": {"K17-U020": 228.47135508904026}, "K14-D010": {"K14-D020": 285.085272410181}, "K18-D020": {"K18-D030": 55.51167424395938}, "K12-U020": {"K12-U030": 229.35338249773963}, "K17-D020": {"K17-D030": 42.10769336839523}, "K18-D010": {"K18-D020": 238.57786626959404}, "K17-U030": {"K17-U040": 31.45917882208669}, "K18-U020": {"K18-U030": 57.657124724307415}, "K17-U020": {"K17-U030": 147.55380006837626}, "K12-D030": {"K12-D040": 12.66892225829949}, "K12-D010": {"K12-D020": 164.27561442626273}}