{"K12-U010": {"K12-U020": 215.23158025890854}, "K12-D020": {"K12-D030": 185.33579333541562}, "K14-D020": {"K14-D030": 12.744632032018359}, "K18-U010": {"K18-U020": 215.56571882526333}, "K17-D010": {"K17-D020": 213.83000739064119}, "K17-U010": {"K17-U020": 243.28493026812242}, "K14-D010": {"K14-D020": 232.95919770666842}, "K18-D020": {"K18-D030": 47.0320107364573}, "K12-U020": {"K12-U030": 219.40183111668907}, "K17-D020": {"K17-D030": 41.6657954467556}, "K18-D010": {"K18-D020": 237.2946307369281}, "K17-U030": {"K17-U040": 32.90850804719402}, "K18-U020": {"K18-U030": 59.92788999116068}, "K17-U020": {"K17-U030": 137.9443332955379}, "K12-D030": {"K12-D040": 12.724299088850268}, "K12-D010": {"K12-D020": 156.73827982247607}}