{"K12-U010": {"K12-U020": 209.5562978703493}, "K12-D020": {"K12-D030": 287.2989328587403}, "K14-D020": {"K14-D030": 12.296769394194477}, "K18-U010": {"K18-U020": 199.2908818455824}, "K17-D010": {"K17-D020": 239.22318126917162}, "K17-U010": {"K17-U020": 215.12417566069752}, "K14-D010": {"K14-D020": 244.99489013821534}, "K18-D020": {"K18-D030": 29.046186111842673}, "K12-U020": {"K12-U030": 203.63961093125218}, "K17-D020": {"K17-D030": 17.254523309840614}, "K18-D010": {"K18-D020": 219.11466762549517}, "K17-U030": {"K17-U040": 25.755760273816264}, "K18-U020": {"K18-U030": 56.16846314003035}, "K17-U020": {"K17-U030": 119.33217483857291}, "K12-D030": {"K12-D040": 11.033552897834307}, "K12-D010": {"K12-D020": 145.19070279919669}}