{"K12-U010": {"K12-U020": 190.74590727428267}, "K12-D020": {"K12-D030": 281.12711030975527}, "K14-D020": {"K14-D030": 12.569495811351839}, "K18-U010": {"K18-U020": 195.1182397477186}, "K17-D010": {"K17-D020": 175.90014711375943}, "K17-U010": {"K17-U020": 181.7784202100765}, "K14-D010": {"K14-D020": 233.68788099570216}, "K18-D020": {"K18-D030": 52.20876656025496}, "K12-U020": {"K12-U030": 181.30691243300353}, "K17-D020": {"K17-D030": 38.895199618527855}, "K18-D010": {"K18-D020": 206.04118673370644}, "K17-U030": {"K17-U040": 32.84258410786793}, "K18-U020": {"K18-U030": 52.51439431623584}, "K17-U020": {"K17-U030": 132.16947104926572}, "K12-D030": {"K12-D040": 11.676978929952975}, "K12-D010": {"K12-D020": 135.94538334223392}}