{"K12-U010": {"K12-U020": 249.75190823854956}, "K12-D020": {"K12-D030": 251.92899108808336}, "K14-D020": {"K14-D030": 16.534214714035365}, "K18-U010": {"K18-U020": 220.05045852013868}, "K17-D010": {"K17-D020": 226.08006425310617}, "K17-U010": {"K17-U020": 226.43057372521994}, "K14-D010": {"K14-D020": 282.7980481822523}, "K18-D020": {"K18-D030": 50.40947321783731}, "K12-U020": {"K12-U030": 211.6415649038839}, "K17-D020": {"K17-D030": 46.9948787406511}, "K18-D010": {"K18-D020": 234.0158048674819}, "K17-U030": {"K17-U040": 30.367398056674592}, "K18-U020": {"K18-U030": 59.00122478345641}, "K17-U020": {"K17-U030": 141.0463360334548}, "K12-D030": {"K12-D040": 10.856017088444734}, "K12-D010": {"K12-D020": 149.76323802181554}}