{"K12-U010": {"K12-U020": 251.50091328827412}, "K12-D020": {"K12-D030": 295.6288567496228}, "K14-D020": {"K14-D030": 14.765013743004847}, "K18-U010": {"K18-U020": 208.4046961534911}, "K17-D010": {"K17-D020": 211.21587811923214}, "K17-U010": {"K17-U020": 233.55462399999334}, "K14-D010": {"K14-D020": 250.6328867627048}, "K18-D020": {"K18-D030": 56.5021230806489}, "K12-U020": {"K12-U030": 218.2775403414699}, "K17-D020": {"K17-D030": 50.82935259938572}, "K18-D010": {"K18-D020": 229.71907368284528}, "K17-U030": {"K17-U040": 34.3351594981169}, "K18-U020": {"K18-U030": 61.26856170623878}, "K17-U020": {"K17-U030": 140.31013672588227}, "K12-D030": {"K12-D040": 13.713478258233106}, "K12-D010": {"K12-D020": 156.35516557943285}}