{"K12-U010": {"K12-U020": 209.92451827383374}, "K12-D020": {"K12-D030": 284.3247224689046}, "K14-D020": {"K14-D030": 14.281475656865188}, "K18-U010": {"K18-U020": 192.18435249253884}, "K17-D010": {"K17-D020": 243.4637278488971}, "K17-U010": {"K17-U020": 207.3294190439361}, "K14-D010": {"K14-D020": 244.0948924564731}, "K18-D020": {"K18-D030": 41.93747840024713}, "K12-U020": {"K12-U030": 192.9570919006624}, "K17-D020": {"K17-D030": 46.58889062663586}, "K18-D010": {"K18-D020": 210.5041497389468}, "K17-U030": {"K17-U040": 27.37967017155442}, "K18-U020": {"K18-U030": 57.76114494197334}, "K17-U020": {"K17-U030": 128.6521512157547}, "K12-D030": {"K12-D040": 11.324317166121833}, "K12-D010": {"K12-D020": 148.59902968432215}}