{"K12-U010": {"K12-U020": 233.9262750525264}, "K12-D020": {"K12-D030": 253.8514257804474}, "K14-D020": {"K14-D030": 12.348924248414063}, "K18-U010": {"K18-U020": 208.93884596694744}, "K17-D010": {"K17-D020": 170.6823395447082}, "K17-U010": {"K17-U020": 250.54234145580818}, "K14-D010": {"K14-D020": 285.73383511383565}, "K18-D020": {"K18-D030": 44.75052581694907}, "K12-U020": {"K12-U030": 212.20214763662437}, "K17-D020": {"K17-D030": 46.010154204647414}, "K18-D010": {"K18-D020": 236.20158581730234}, "K17-U030": {"K17-U040": 32.76541400784964}, "K18-U020": {"K18-U030": 57.56246385894474}, "K17-U020": {"K17-U030": 144.17734871243712}, "K12-D030": {"K12-D040": 13.47309495093648}, "K12-D010": {"K12-D020": 174.71521597657804}}