{"K12-U010": {"K12-U020": 232.91769237580837}, "K12-D020": {"K12-D030": 230.23759946132517}, "K14-D020": {"K14-D030": 13.692478273878601}, "K18-U010": {"K18-U020": 218.56060435193703}, "K17-D010": {"K17-D020": 213.6067985367653}, "K17-U010": {"K17-U020": 215.39741154564086}, "K14-D010": {"K14-D020": 276.21421533245973}, "K18-D020": {"K18-D030": 46.18864764246088}, "K12-U020": {"K12-U030": 210.65785224990682}, "K17-D020": {"K17-D030": 31.238083891916183}, "K18-D010": {"K18-D020": 216.1863418646139}, "K17-U030": {"K17-U040": 25.476112699293804}, "K18-U020": {"K18-U030": 60.18012166966503}, "K17-U020": {"K17-U030": 133.36716751516911}, "K12-D030": {"K12-D040": 12.620530464591031}, "K12-D010": {"K12-D020": 161.01036221546693}}