{"K12-U010": {"K12-U020": 255.38254551766695}, "K12-D020": {"K12-D030": 277.67473507251805}, "K14-D020": {"K14-D030": 12.93271897814785}, "K18-U010": {"K18-U020": 215.06477964967615}, "K17-D010": {"K17-D020": 177.31528829421626}, "K17-U010": {"K17-U020": 240.82157580346106}, "K14-D010": {"K14-D020": 266.6578717824702}, "K18-D020": {"K18-D030": 41.56579150688389}, "K12-U020": {"K12-U030": 185.08149015703128}, "K17-D020": {"K17-D030": 51.370817655399364}, "K18-D010": {"K18-D020": 226.41440300435715}, "K17-U030": {"K17-U040": 34.32913010679174}, "K18-U020": {"K18-U030": 58.53576663439428}, "K17-U020": {"K17-U030": 139.46692452978627}, "K12-D030": {"K12-D040": 11.468693270754697}, "K12-D010": {"K12-D020": 162.88828971234435}}