{"K12-U010": {"K12-U020": 249.75190823854956}, "K12-D020": {"K12-D030": 242.5514827813475}, "K14-D020": {"K14-D030": 16.534214714035365}, "K18-U010": {"K18-U020": 216.029105835063}, "K17-D010": {"K17-D020": 231.08205782779555}, "K17-U010": {"K17-U020": 226.43057372521994}, "K14-D010": {"K14-D020": 282.7980481822523}, "K18-D020": {"K18-D030": 49.8869059758034}, "K12-U020": {"K12-U030": 216.65740841349552}, "K17-D020": {"K17-D030": 43.813866601934656}, "K18-D010": {"K18-D020": 229.02402174839435}, "K17-U030": {"K17-U040": 31.841224590637204}, "K18-U020": {"K18-U030": 62.35487358042576}, "K17-U020": {"K17-U030": 148.11332296439474}, "K12-D030": {"K12-D040": 10.25334281172859}, "K12-D010": {"K12-D020": 156.3872227976706}}