{"K12-U010": {"K12-U020": 222.61902548090643}, "K12-D020": {"K12-D030": 312.75455518591406}, "K14-D020": {"K14-D030": 13.652233824374804}, "K18-U010": {"K18-U020": 210.92536721486}, "K17-D010": {"K17-D020": 258.11533295049924}, "K17-U010": {"K17-U020": 237.06303300468502}, "K14-D010": {"K14-D020": 261.5030600517897}, "K18-D020": {"K18-D030": 50.88721562356948}, "K12-U020": {"K12-U030": 205.56479535581974}, "K17-D020": {"K17-D030": 39.074535582342236}, "K18-D010": {"K18-D020": 222.421718499912}, "K17-U030": {"K17-U040": 30.805214479833346}, "K18-U020": {"K18-U030": 59.872899761081875}, "K17-U020": {"K17-U030": 141.5067819766856}, "K12-D030": {"K12-D040": 14.964184578899912}, "K12-D010": {"K12-D020": 161.49413783839586}}