{"K12-U010": {"K12-U020": 202.21499681112263}, "K12-D020": {"K12-D030": 251.40292570350525}, "K14-D020": {"K14-D030": 16.60014821699604}, "K18-U010": {"K18-U020": 211.4146424066634}, "K17-D010": {"K17-D020": 177.09252855575923}, "K17-U010": {"K17-U020": 236.16927345246222}, "K14-D010": {"K14-D020": 252.28069029102767}, "K18-D020": {"K18-D030": 49.69640179723173}, "K12-U020": {"K12-U030": 189.59023455991118}, "K17-D020": {"K17-D030": 50.34985811811776}, "K18-D010": {"K18-D020": 251.2291226076809}, "K17-U030": {"K17-U040": 27.390145172121315}, "K18-U020": {"K18-U030": 54.38904762180673}, "K17-U020": {"K17-U030": 144.5640502119814}, "K12-D030": {"K12-D040": 12.694080817673983}, "K12-D010": {"K12-D020": 168.6261053178617}}