{"K12-U010": {"K12-U020": 238.65172142346714}, "K12-D020": {"K12-D030": 279.4845146617942}, "K14-D020": {"K14-D030": 13.013102465362362}, "K18-U010": {"K18-U020": 209.9369688441835}, "K17-D010": {"K17-D020": 238.59443956537862}, "K17-U010": {"K17-U020": 244.9679785501984}, "K14-D010": {"K14-D020": 257.6291969307188}, "K18-D020": {"K18-D030": 52.17136944279075}, "K12-U020": {"K12-U030": 232.04642352112018}, "K17-D020": {"K17-D030": 41.268179648784795}, "K18-D010": {"K18-D020": 246.64969057688182}, "K17-U030": {"K17-U040": 29.677127280286452}, "K18-U020": {"K18-U030": 56.82118703641165}, "K17-U020": {"K17-U030": 141.8800806623595}, "K12-D030": {"K12-D040": 13.052098103891959}, "K12-D010": {"K12-D020": 167.44371236606486}}