{"K12-U010": {"K12-U020": 239.30407399765267}, "K12-D020": {"K12-D030": 264.1033668494414}, "K14-D020": {"K14-D030": 16.604036324756464}, "K18-U010": {"K18-U020": 216.60392379430633}, "K17-D010": {"K17-D020": 175.54044199530378}, "K17-U010": {"K17-U020": 214.8939181627151}, "K14-D010": {"K14-D020": 261.9344120392328}, "K18-D020": {"K18-D030": 57.040556492729195}, "K12-U020": {"K12-U030": 219.13014997801127}, "K17-D020": {"K17-D030": 43.53735766459651}, "K18-D010": {"K18-D020": 235.06896227662588}, "K17-U030": {"K17-U040": 33.148845344458}, "K18-U020": {"K18-U030": 62.37285742402919}, "K17-U020": {"K17-U030": 146.3094879775051}, "K12-D030": {"K12-D040": 10.681733709373209}, "K12-D010": {"K12-D020": 165.13824810502305}}