{"K12-U010": {"K12-U020": 240.61660754931762}, "K12-D020": {"K12-D030": 234.9340399799954}, "K14-D020": {"K14-D030": 12.348580203045788}, "K18-U010": {"K18-U020": 212.64553978400153}, "K17-D010": {"K17-D020": 230.41490885294493}, "K17-U010": {"K17-U020": 241.6138179257561}, "K14-D010": {"K14-D020": 247.4686963045096}, "K18-D020": {"K18-D030": 61.39659966949479}, "K12-U020": {"K12-U030": 241.75756743341896}, "K17-D020": {"K17-D030": 59.99833490470333}, "K18-D010": {"K18-D020": 235.72966295276984}, "K17-U030": {"K17-U040": 33.27523004116383}, "K18-U020": {"K18-U030": 59.8481005208793}, "K17-U020": {"K17-U030": 142.88478511436603}, "K12-D030": {"K12-D040": 13.500171157478775}, "K12-D010": {"K12-D020": 145.97923732678177}}