{"K12-U010": {"K12-U020": 227.39103627086212}, "K12-D020": {"K12-D030": 295.4877604991346}, "K14-D020": {"K14-D030": 12.760158042481626}, "K18-U010": {"K18-U020": 215.1116997976198}, "K17-D010": {"K17-D020": 203.1309670074225}, "K17-U010": {"K17-U020": 200.37553987073855}, "K14-D010": {"K14-D020": 267.2197316200742}, "K18-D020": {"K18-D030": 48.836904553180474}, "K12-U020": {"K12-U030": 214.99878483250345}, "K17-D020": {"K17-D030": 39.40024903352077}, "K18-D010": {"K18-D020": 228.12076669663648}, "K17-U030": {"K17-U040": 30.980895785701545}, "K18-U020": {"K18-U030": 62.09012757768212}, "K17-U020": {"K17-U030": 147.1149501809207}, "K12-D030": {"K12-D040": 14.54020152406365}, "K12-D010": {"K12-D020": 146.01760878571127}}