{"K12-U010": {"K12-U020": 191.27285736206596}, "K12-D020": {"K12-D030": 236.2749451103985}, "K14-D020": {"K14-D030": 11.481181688283566}, "K18-U010": {"K18-U020": 209.1794445148319}, "K17-D010": {"K17-D020": 233.3611999748874}, "K17-U010": {"K17-U020": 207.0658060705442}, "K14-D010": {"K14-D020": 220.66508901908847}, "K18-D020": {"K18-D030": 42.711098767251556}, "K12-U020": {"K12-U030": 200.4324688097085}, "K17-D020": {"K17-D030": 24.371727471606007}, "K18-D010": {"K18-D020": 210.69978255324617}, "K17-U030": {"K17-U040": 26.95630005206582}, "K18-U020": {"K18-U030": 54.19363396288156}, "K17-U020": {"K17-U030": 125.91810906264564}, "K12-D030": {"K12-D040": 12.775125593324638}, "K12-D010": {"K12-D020": 144.41382859495235}}