{"K12-U010": {"K12-U020": 234.53118045703522}, "K12-D020": {"K12-D030": 246.8545143380814}, "K14-D020": {"K14-D030": 14.278897361423086}, "K18-U010": {"K18-U020": 213.00030905309308}, "K17-D010": {"K17-D020": 174.76672989475614}, "K17-U010": {"K17-U020": 214.8999285183596}, "K14-D010": {"K14-D020": 243.7947598017407}, "K18-D020": {"K18-D030": 49.742845266253575}, "K12-U020": {"K12-U030": 210.7584512222098}, "K17-D020": {"K17-D030": 38.84539127473565}, "K18-D010": {"K18-D020": 217.02076587461434}, "K17-U030": {"K17-U040": 24.87550204743217}, "K18-U020": {"K18-U030": 58.46988173300931}, "K17-U020": {"K17-U030": 136.81062152881472}, "K12-D030": {"K12-D040": 11.109495009911853}, "K12-D010": {"K12-D020": 169.5253408462806}}