{"K12-U010": {"K12-U020": 217.08959138228943}, "K12-D020": {"K12-D030": 226.90151966740396}, "K14-D020": {"K14-D030": 16.46890617322933}, "K18-U010": {"K18-U020": 182.72226455411885}, "K17-D010": {"K17-D020": 234.01078190633564}, "K17-U010": {"K17-U020": 207.56613081846137}, "K14-D010": {"K14-D020": 258.6131920217043}, "K18-D020": {"K18-D030": 62.205657062635254}, "K12-U020": {"K12-U030": 197.26678970376972}, "K17-D020": {"K17-D030": 40.47038806571919}, "K18-D010": {"K18-D020": 220.36580541436288}, "K17-U030": {"K17-U040": 40.133427238545686}, "K18-U020": {"K18-U030": 44.036157037792215}, "K17-U020": {"K17-U030": 125.90056684602543}, "K12-D030": {"K12-D040": 12.023515242937105}, "K12-D010": {"K12-D020": 149.8488023142143}}