{"K12-U010": {"K12-U020": 246.03182195767494}, "K12-D020": {"K12-D030": 303.7713846423688}, "K14-D020": {"K14-D030": 14.043679495425275}, "K18-U010": {"K18-U020": 206.16822292335414}, "K17-D010": {"K17-D020": 225.38202625025468}, "K17-U010": {"K17-U020": 234.5436248085069}, "K14-D010": {"K14-D020": 253.58826035866514}, "K18-D020": {"K18-D030": 59.4001640688824}, "K12-U020": {"K12-U030": 222.13152326342689}, "K17-D020": {"K17-D030": 48.39473488705174}, "K18-D010": {"K18-D020": 232.48153988278378}, "K17-U030": {"K17-U040": 34.26085475269205}, "K18-U020": {"K18-U030": 61.38727706208067}, "K17-U020": {"K17-U030": 136.8990894889392}, "K12-D030": {"K12-D040": 12.778045030765295}, "K12-D010": {"K12-D020": 164.11111292800197}}