{"K12-U010": {"K12-U020": 213.10954114748466}, "K12-D020": {"K12-D030": 287.23692205402165}, "K14-D020": {"K14-D030": 12.296769394194477}, "K18-U010": {"K18-U020": 210.29165282099794}, "K17-D010": {"K17-D020": 238.86407050918288}, "K17-U010": {"K17-U020": 192.6848716509836}, "K14-D010": {"K14-D020": 244.99489013821534}, "K18-D020": {"K18-D030": 22.68175783788974}, "K12-U020": {"K12-U030": 190.11494873199456}, "K17-D020": {"K17-D030": 21.58622055145988}, "K18-D010": {"K18-D020": 200.21692424793645}, "K17-U030": {"K17-U040": 22.92640826493743}, "K18-U020": {"K18-U030": 56.38182326308591}, "K17-U020": {"K17-U030": 113.38403990145407}, "K12-D030": {"K12-D040": 10.196144220086333}, "K12-D010": {"K12-D020": 152.2920223406144}}