{"K12-U010": {"K12-U020": 243.30864521292105}, "K12-D020": {"K12-D030": 275.9242050500152}, "K14-D020": {"K14-D030": 13.46401311374279}, "K18-U010": {"K18-U020": 221.22359703691717}, "K17-D010": {"K17-D020": 211.61980567297127}, "K17-U010": {"K17-U020": 224.63997054230381}, "K14-D010": {"K14-D020": 256.52775411989444}, "K18-D020": {"K18-D030": 47.71416628440026}, "K12-U020": {"K12-U030": 222.39726052896611}, "K17-D020": {"K17-D030": 46.54848853749908}, "K18-D010": {"K18-D020": 223.82796460995564}, "K17-U030": {"K17-U040": 29.01208251332087}, "K18-U020": {"K18-U030": 60.872913022637114}, "K17-U020": {"K17-U030": 135.58370835281792}, "K12-D030": {"K12-D040": 12.961138755464884}, "K12-D010": {"K12-D020": 163.4284577868163}}