{"K12-U010": {"K12-U020": 240.2584139305678}, "K12-D020": {"K12-D030": 302.8396258063113}, "K14-D020": {"K14-D030": 14.043679495425275}, "K18-U010": {"K18-U020": 208.02231008261643}, "K17-D010": {"K17-D020": 227.11663808909424}, "K17-U010": {"K17-U020": 237.83287013395915}, "K14-D010": {"K14-D020": 253.58826035866514}, "K18-D020": {"K18-D030": 58.87103878102427}, "K12-U020": {"K12-U030": 214.12198934224904}, "K17-D020": {"K17-D030": 48.516372096724155}, "K18-D010": {"K18-D020": 228.3112497803245}, "K17-U030": {"K17-U040": 35.23405604276458}, "K18-U020": {"K18-U030": 58.230702678341856}, "K17-U020": {"K17-U030": 126.78820320149532}, "K12-D030": {"K12-D040": 13.668966348653509}, "K12-D010": {"K12-D020": 171.53531920134424}}