{"K12-U010": {"K12-U020": 225.89405825168114}, "K12-D020": {"K12-D030": 311.3685995327294}, "K14-D020": {"K14-D030": 14.278897361423086}, "K18-U010": {"K18-U020": 213.23078767161718}, "K17-D010": {"K17-D020": 197.96340184257122}, "K17-U010": {"K17-U020": 205.71444241201584}, "K14-D010": {"K14-D020": 243.7947598017407}, "K18-D020": {"K18-D030": 66.66678024183594}, "K12-U020": {"K12-U030": 213.4086660607458}, "K17-D020": {"K17-D030": 41.113269537442434}, "K18-D010": {"K18-D020": 228.72115827460502}, "K17-U030": {"K17-U040": 29.916072054364275}, "K18-U020": {"K18-U030": 51.84579989115677}, "K17-U020": {"K17-U030": 141.45183894042785}, "K12-D030": {"K12-D040": 11.382790563584779}, "K12-D010": {"K12-D020": 167.5346557033661}}