{"K12-U010": {"K12-U020": 195.190464272131}, "K12-D020": {"K12-D030": 266.40873788748337}, "K14-D020": {"K14-D030": 11.718918526720548}, "K18-U010": {"K18-U020": 207.60925868370495}, "K17-D010": {"K17-D020": 180.2462836100772}, "K17-U010": {"K17-U020": 194.7372881748769}, "K14-D010": {"K14-D020": 234.41215603810912}, "K18-D020": {"K18-D030": 22.92506226237456}, "K12-U020": {"K12-U030": 192.9416579108765}, "K17-D020": {"K17-D030": 16.210003300056353}, "K18-D010": {"K18-D020": 196.89210553344887}, "K17-U030": {"K17-U040": 25.02449862021883}, "K18-U020": {"K18-U030": 54.43335374358715}, "K17-U020": {"K17-U030": 127.85540117174727}, "K12-D030": {"K12-D040": 10.95467879304166}, "K12-D010": {"K12-D020": 140.34975664769547}}