{"K12-U010": {"K12-U020": 191.69467419468893}, "K12-D020": {"K12-D030": 269.60894105898495}, "K14-D020": {"K14-D030": 12.56466963115305}, "K18-U010": {"K18-U020": 200.33756580637572}, "K17-D010": {"K17-D020": 216.4189464232977}, "K17-U010": {"K17-U020": 212.6381028624196}, "K14-D010": {"K14-D020": 222.3371932852743}, "K18-D020": {"K18-D030": 33.299238044978}, "K12-U020": {"K12-U030": 194.51626356107346}, "K17-D020": {"K17-D030": 24.510955109253853}, "K18-D010": {"K18-D020": 200.88656687963285}, "K17-U030": {"K17-U040": 28.46439183290112}, "K18-U020": {"K18-U030": 54.57583645378509}, "K17-U020": {"K17-U030": 127.19065466343977}, "K12-D030": {"K12-D040": 10.51245397941015}, "K12-D010": {"K12-D020": 141.13196700701536}}