{"K12-U010": {"K12-U020": 231.97515116821424}, "K12-D020": {"K12-D030": 271.1062748109129}, "K14-D020": {"K14-D030": 14.234396515585058}, "K18-U010": {"K18-U020": 211.87080979681838}, "K17-D010": {"K17-D020": 166.8759433908243}, "K17-U010": {"K17-U020": 210.9151023143495}, "K14-D010": {"K14-D020": 285.085272410181}, "K18-D020": {"K18-D030": 68.13385138385198}, "K12-U020": {"K12-U030": 217.5295607510039}, "K17-D020": {"K17-D030": 49.58820527792126}, "K18-D010": {"K18-D020": 237.72509178042355}, "K17-U030": {"K17-U040": 42.873873993282984}, "K18-U020": {"K18-U030": 55.50526959841399}, "K17-U020": {"K17-U030": 132.7634750771388}, "K12-D030": {"K12-D040": 15.17765178527631}, "K12-D010": {"K12-D020": 164.28181616838214}}