{"K12-U010": {"K12-U020": 208.4279616095787}, "K12-D020": {"K12-D030": 233.79937045180827}, "K14-D020": {"K14-D030": 10.645683572609546}, "K18-U010": {"K18-U020": 217.74654555077163}, "K17-D010": {"K17-D020": 265.07948872060666}, "K17-U010": {"K17-U020": 211.6159814492342}, "K14-D010": {"K14-D020": 267.92379082906393}, "K18-D020": {"K18-D030": 44.29009437872046}, "K12-U020": {"K12-U030": 214.50458369006742}, "K17-D020": {"K17-D030": 57.669627256018615}, "K18-D010": {"K18-D020": 234.7257764404777}, "K17-U030": {"K17-U040": 48.32425945393527}, "K18-U020": {"K18-U030": 58.72068462259144}, "K17-U020": {"K17-U030": 134.67017349059643}, "K12-D030": {"K12-D040": 14.422495142264935}, "K12-D010": {"K12-D020": 159.49625768940456}}