{"K12-U010": {"K12-U020": 240.93347296079665}, "K12-D020": {"K12-D030": 283.29414792228056}, "K14-D020": {"K14-D030": 12.778852637324476}, "K18-U010": {"K18-U020": 214.92949505641292}, "K17-D010": {"K17-D020": 265.07948872060666}, "K17-U010": {"K17-U020": 229.26220161026018}, "K14-D010": {"K14-D020": 265.01926845342655}, "K18-D020": {"K18-D030": 39.55566042080051}, "K12-U020": {"K12-U030": 214.26064854451934}, "K17-D020": {"K17-D030": 56.13291917335401}, "K18-D010": {"K18-D020": 234.7257764404777}, "K17-U030": {"K17-U040": 29.013228765830547}, "K18-U020": {"K18-U030": 58.82864336837446}, "K17-U020": {"K17-U030": 134.67017349059643}, "K12-D030": {"K12-D040": 14.422495142264935}, "K12-D010": {"K12-D020": 159.49625768940456}}