{"K12-U010": {"K12-U020": 239.1909679445329}, "K12-D020": {"K12-D030": 270.99609293127935}, "K14-D020": {"K14-D030": 11.823062736977098}, "K18-U010": {"K18-U020": 213.95448011205926}, "K17-D010": {"K17-D020": 227.2105437330335}, "K17-U010": {"K17-U020": 212.38663928508976}, "K14-D010": {"K14-D020": 250.6168900559856}, "K18-D020": {"K18-D030": 58.35947165964825}, "K12-U020": {"K12-U030": 214.0407863884986}, "K17-D020": {"K17-D030": 49.96880288977407}, "K18-D010": {"K18-D020": 230.96007817490744}, "K17-U030": {"K17-U040": 29.96458731545949}, "K18-U020": {"K18-U030": 54.69276895868878}, "K17-U020": {"K17-U030": 131.36148355653057}, "K12-D030": {"K12-D040": 13.17084277340675}, "K12-D010": {"K12-D020": 170.04789632148302}}