{"K12-U010": {"K12-U020": 252.88845424062924}, "K12-D020": {"K12-D030": 287.79283618855186}, "K14-D020": {"K14-D030": 16.604036324756464}, "K18-U010": {"K18-U020": 204.7495023078124}, "K17-D010": {"K17-D020": 229.38782950429817}, "K17-U010": {"K17-U020": 199.67003025066484}, "K14-D010": {"K14-D020": 261.9344120392328}, "K18-D020": {"K18-D030": 55.08798044311171}, "K12-U020": {"K12-U030": 214.8098822021518}, "K17-D020": {"K17-D030": 45.422789590691124}, "K18-D010": {"K18-D020": 229.71763375157215}, "K17-U030": {"K17-U040": 37.27366764128727}, "K18-U020": {"K18-U030": 51.9190660058688}, "K17-U020": {"K17-U030": 135.45114195828}, "K12-D030": {"K12-D040": 11.3011147060116}, "K12-D010": {"K12-D020": 157.4572073308446}}