{"K12-U010": {"K12-U020": 273.0423733108592}, "K12-D020": {"K12-D030": 277.96647363371005}, "K14-D020": {"K14-D030": 12.036230214515296}, "K18-U010": {"K18-U020": 187.89534857562586}, "K17-D010": {"K17-D020": 243.37232324118105}, "K17-U010": {"K17-U020": 197.9908881939237}, "K14-D010": {"K14-D020": 213.08252961033776}, "K18-D020": {"K18-D030": 43.465664771683564}, "K12-U020": {"K12-U030": 191.3419980163644}, "K17-D020": {"K17-D030": 35.558488725668546}, "K18-D010": {"K18-D020": 197.57913558594842}, "K17-U030": {"K17-U040": 24.525219784726097}, "K18-U020": {"K18-U030": 49.28058264925012}, "K17-U020": {"K17-U030": 122.14910336974773}, "K12-D030": {"K12-D040": 12.876125968362004}, "K12-D010": {"K12-D020": 150.8245748998082}}