{"K12-U010": {"K12-U020": 240.18124418000298}, "K12-D020": {"K12-D030": 280.1075722939902}, "K14-D020": {"K14-D030": 14.822463863862751}, "K18-U010": {"K18-U020": 220.29316599239968}, "K17-D010": {"K17-D020": 222.63469927403003}, "K17-U010": {"K17-U020": 209.08328993984605}, "K14-D010": {"K14-D020": 259.9853517809724}, "K18-D020": {"K18-D030": 42.486244463853225}, "K12-U020": {"K12-U030": 216.6389674469645}, "K17-D020": {"K17-D030": 37.68375003901749}, "K18-D010": {"K18-D020": 224.88508206927267}, "K17-U030": {"K17-U040": 29.42625575642263}, "K18-U020": {"K18-U030": 53.92433997555361}, "K17-U020": {"K17-U030": 130.88580392370977}, "K12-D030": {"K12-D040": 15.262116485141735}, "K12-D010": {"K12-D020": 162.29850951954552}}