{"K12-U010": {"K12-U020": 313.7191571608657}, "K12-D020": {"K12-D030": 325.68130482976926}, "K14-D020": {"K14-D030": 14.403892003140887}, "K18-U010": {"K18-U020": 240.59165442634816}, "K17-D010": {"K17-D020": 259.85392134866487}, "K17-U010": {"K17-U020": 236.40116004433042}, "K14-D010": {"K14-D020": 248.63454591586583}, "K18-D020": {"K18-D030": 41.45539980784192}, "K12-U020": {"K12-U030": 205.12456929445307}, "K17-D020": {"K17-D030": 30.206526673490952}, "K18-D010": {"K18-D020": 231.28282350433415}, "K17-U030": {"K17-U040": 27.892216653862626}, "K18-U020": {"K18-U030": 57.92813007643483}, "K17-U020": {"K17-U030": 145.0695356586852}, "K12-D030": {"K12-D040": 13.641873768463848}, "K12-D010": {"K12-D020": 177.46001897478712}}