{"K12-U010": {"K12-U020": 200.20655888629818}, "K12-D020": {"K12-D030": 257.3044159798909}, "K14-D020": {"K14-D030": 13.08758882846374}, "K18-U010": {"K18-U020": 194.12412634531526}, "K17-D010": {"K17-D020": 189.26825599577688}, "K17-U010": {"K17-U020": 188.32938103083535}, "K14-D010": {"K14-D020": 224.22181827343246}, "K18-D020": {"K18-D030": 57.793356425185834}, "K12-U020": {"K12-U030": 193.82408218460128}, "K17-D020": {"K17-D030": 34.98196000076298}, "K18-D010": {"K18-D020": 197.5056347064505}, "K17-U030": {"K17-U040": 26.60922374990684}, "K18-U020": {"K18-U030": 52.26363934527757}, "K17-U020": {"K17-U030": 117.24783630465967}, "K12-D030": {"K12-D040": 11.800121097403892}, "K12-D010": {"K12-D020": 146.14144229549646}}