{"K12-U010": {"K12-U020": 241.55856953133298}, "K12-D020": {"K12-D030": 293.21447719661603}, "K14-D020": {"K14-D030": 13.236656551014814}, "K18-U010": {"K18-U020": 214.51513008663375}, "K17-D010": {"K17-D020": 162.19518507446952}, "K17-U010": {"K17-U020": 242.6756506365863}, "K14-D010": {"K14-D020": 277.5254406501794}, "K18-D020": {"K18-D030": 64.58009781522624}, "K12-U020": {"K12-U030": 220.3966599080984}, "K17-D020": {"K17-D030": 42.799999907357275}, "K18-D010": {"K18-D020": 238.47453292483323}, "K17-U030": {"K17-U040": 32.9250096889658}, "K18-U020": {"K18-U030": 56.756159469504254}, "K17-U020": {"K17-U030": 138.02221977996655}, "K12-D030": {"K12-D040": 12.827371893190541}, "K12-D010": {"K12-D020": 167.0255592464899}}