{"K12-U010": {"K12-U020": 207.72547506939992}, "K12-D020": {"K12-D030": 258.9003156449137}, "K14-D020": {"K14-D030": 15.42456768462431}, "K18-U010": {"K18-U020": 199.00902526598338}, "K17-D010": {"K17-D020": 211.35814752765782}, "K17-U010": {"K17-U020": 193.30325598417096}, "K14-D010": {"K14-D020": 239.40917660076883}, "K18-D020": {"K18-D030": 58.042427764747494}, "K12-U020": {"K12-U030": 178.89249916510911}, "K17-D020": {"K17-D030": 45.18212461302902}, "K18-D010": {"K18-D020": 212.87960402430082}, "K17-U030": {"K17-U040": 33.262228411637906}, "K18-U020": {"K18-U030": 53.944659603353124}, "K17-U020": {"K17-U030": 132.17365020811226}, "K12-D030": {"K12-D040": 10.836454002227272}, "K12-D010": {"K12-D020": 139.8868638670404}}