{"K12-U010": {"K12-U020": 286.25062019312276}, "K12-D020": {"K12-D030": 301.0708073217136}, "K14-D020": {"K14-D030": 14.757152076629286}, "K18-U010": {"K18-U020": 241.1797975649437}, "K17-D010": {"K17-D020": 234.41638400795074}, "K17-U010": {"K17-U020": 228.5352068538116}, "K14-D010": {"K14-D020": 268.70528365016787}, "K18-D020": {"K18-D030": 64.87616793125048}, "K12-U020": {"K12-U030": 205.01401687113093}, "K17-D020": {"K17-D030": 55.834347952134195}, "K18-D010": {"K18-D020": 232.93698398851546}, "K17-U030": {"K17-U040": 31.340385147430727}, "K18-U020": {"K18-U030": 57.41803953985449}, "K17-U020": {"K17-U030": 111.23706711960088}, "K12-D030": {"K12-D040": 13.617976620613145}, "K12-D010": {"K12-D020": 165.24848155021874}}