{"K12-U010": {"K12-U020": 229.90266657208585}, "K12-D020": {"K12-D030": 207.25319467005065}, "K14-D020": {"K14-D030": 18.65543498591294}, "K18-U010": {"K18-U020": 210.68569054698474}, "K17-D010": {"K17-D020": 179.0338624804473}, "K17-U010": {"K17-U020": 225.2152108925145}, "K14-D010": {"K14-D020": 241.17760568663803}, "K18-D020": {"K18-D030": 46.14946767848472}, "K12-U020": {"K12-U030": 210.76227730102914}, "K17-D020": {"K17-D030": 35.74481328477354}, "K18-D010": {"K18-D020": 226.48959979228607}, "K17-U030": {"K17-U040": 32.14831552292104}, "K18-U020": {"K18-U030": 63.70049487935351}, "K17-U020": {"K17-U030": 118.50728519390512}, "K12-D030": {"K12-D040": 12.42509198285511}, "K12-D010": {"K12-D020": 175.6348308786816}}