{"K12-U010": {"K12-U020": 241.83816198983308}, "K12-D020": {"K12-D030": 290.9306008260671}, "K14-D020": {"K14-D030": 15.023039840987702}, "K18-U010": {"K18-U020": 199.56985688605369}, "K17-D010": {"K17-D020": 235.1260230373009}, "K17-U010": {"K17-U020": 221.7946175958632}, "K14-D010": {"K14-D020": 282.51035870055455}, "K18-D020": {"K18-D030": 67.85712757701954}, "K12-U020": {"K12-U030": 213.68739717638496}, "K17-D020": {"K17-D030": 48.77996475557053}, "K18-D010": {"K18-D020": 212.84835929341256}, "K17-U030": {"K17-U040": 36.61712214227221}, "K18-U020": {"K18-U030": 57.29296399858513}, "K17-U020": {"K17-U030": 150.58689513814224}, "K12-D030": {"K12-D040": 14.066195813150802}, "K12-D010": {"K12-D020": 150.60461819093254}}