{"K12-U010": {"K12-U020": 337.1596625846578}, "K12-D020": {"K12-D030": 303.5570291727393}, "K14-D020": {"K14-D030": 17.43486609949717}, "K18-U010": {"K18-U020": 234.84840711333118}, "K17-D010": {"K17-D020": 278.7621274656558}, "K17-U010": {"K17-U020": 217.08356277511785}, "K14-D010": {"K14-D020": 255.09815681292693}, "K18-D020": {"K18-D030": 40.712454372961105}, "K12-U020": {"K12-U030": 219.80481189921633}, "K17-D020": {"K17-D030": 41.058920463219536}, "K18-D010": {"K18-D020": 235.44738091724025}, "K17-U030": {"K17-U040": 29.69092825452001}, "K18-U020": {"K18-U030": 58.29569688959098}, "K17-U020": {"K17-U030": 121.07564294671177}, "K12-D030": {"K12-D040": 11.208365458433516}, "K12-D010": {"K12-D020": 171.77338454404543}}