{"K12-U010": {"K12-U020": 221.24331756423095}, "K12-D020": {"K12-D030": 307.8617215780947}, "K14-D020": {"K14-D030": 12.012228004905719}, "K18-U010": {"K18-U020": 223.12827595373886}, "K17-D010": {"K17-D020": 210.77288354565303}, "K17-U010": {"K17-U020": 228.89397728355925}, "K14-D010": {"K14-D020": 253.67368560948535}, "K18-D020": {"K18-D030": 34.218653017603245}, "K12-U020": {"K12-U030": 217.52182684929284}, "K17-D020": {"K17-D030": 25.182501246841145}, "K18-D010": {"K18-D020": 225.2352336240158}, "K17-U030": {"K17-U040": 28.217656174256383}, "K18-U020": {"K18-U030": 52.96109787256813}, "K17-U020": {"K17-U030": 141.0560849718485}, "K12-D030": {"K12-D040": 11.999761709096571}, "K12-D010": {"K12-D020": 172.41429727742366}}