{"K12-U010": {"K12-U020": -231.7605755329132}, "K12-D020": {"K12-D030": -71.0703125}, "K14-D020": {"K14-D030": -257.984375}, "K18-U010": {"K18-U020": 251.91144180297852}, "K17-D010": {"K17-D020": 120.03466796875}, "K17-U010": {"K17-U020": -5.4920654296875}, "K14-D010": {"K14-D020": 230.8125}, "K18-D020": {"K18-D030": -24.06291725859046}, "K12-U020": {"K12-U030": 2.6333999633789062}, "K17-D020": {"K17-D030": -9.34044861793518}, "K18-D010": {"K18-D020": 56.68486022949219}, "K17-U030": {"K17-U040": -52.582664489746094}, "K18-U020": {"K18-U030": 67.50458490103483}, "K17-U020": {"K17-U030": -61.959442138671875}, "K12-D030": {"K12-D040": 7.125391840934753}, "K12-D010": {"K12-D020": -127.0108642578125}}