{"K12-U010": {"K12-U020": 216.2407399159644}, "K12-D020": {"K12-D030": 289.1737226798315}, "K14-D020": {"K14-D030": 14.281475656865188}, "K18-U010": {"K18-U020": 202.30283302522486}, "K17-D010": {"K17-D020": 203.56292762323218}, "K17-U010": {"K17-U020": 185.95294865125385}, "K14-D010": {"K14-D020": 244.0948924564731}, "K18-D020": {"K18-D030": 31.699456512573096}, "K12-U020": {"K12-U030": 183.4073011162553}, "K17-D020": {"K17-D030": 25.00008104625111}, "K18-D010": {"K18-D020": 201.6935629138028}, "K17-U030": {"K17-U040": 25.390955379522328}, "K18-U020": {"K18-U030": 52.8471897396096}, "K17-U020": {"K17-U030": 117.94911240990318}, "K12-D030": {"K12-D040": 10.646696439080952}, "K12-D010": {"K12-D020": 153.02953011691736}}