{"K12-U010": {"K12-U020": 179.86171826838108}, "K12-D020": {"K12-D030": 296.20205763727427}, "K14-D020": {"K14-D030": 11.216014862060547}, "K18-U010": {"K18-U020": 191.01240509984538}, "K17-D010": {"K17-D020": 228.8372053229832}, "K17-U010": {"K17-U020": 220.220703125}, "K14-D010": {"K14-D020": 240.38832893967628}, "K18-D020": {"K18-D030": 28.14092033974137}, "K12-U020": {"K12-U030": 211.96423085669323}, "K17-D020": {"K17-D030": 17.2768362991156}, "K18-D010": {"K18-D020": 215.07862624358677}, "K17-U030": {"K17-U040": 51.52248860616237}, "K18-U020": {"K18-U030": 59.36209765299562}, "K17-U020": {"K17-U030": 146.18640415777918}, "K12-D030": {"K12-D040": 9.45376651949482}, "K12-D010": {"K12-D020": 156.3084487915039}}