{"K12-U010": {"K12-U020": 206.9915447286181}, "K12-D020": {"K12-D030": 273.69253082235707}, "K14-D020": {"K14-D030": 12.328153429682125}, "K18-U010": {"K18-U020": 196.14819597202762}, "K17-D010": {"K17-D020": 229.08086340852643}, "K17-U010": {"K17-U020": 204.23562794248693}, "K14-D010": {"K14-D020": 248.2991585602048}, "K18-D020": {"K18-D030": 46.405574449961975}, "K12-U020": {"K12-U030": 197.0356079229303}, "K17-D020": {"K17-D030": 29.507460729253193}, "K18-D010": {"K18-D020": 207.7343503905484}, "K17-U030": {"K17-U040": 30.119609844818665}, "K18-U020": {"K18-U030": 54.70874886736315}, "K17-U020": {"K17-U030": 133.5138329001547}, "K12-D030": {"K12-D040": 12.657731399214967}, "K12-D010": {"K12-D020": 136.10138251058396}}