{"K12-U010": {"K12-U020": 229.06530521997382}, "K12-D020": {"K12-D030": 263.2038545625036}, "K14-D020": {"K14-D030": 14.074757316121515}, "K18-U010": {"K18-U020": 200.33888345645687}, "K17-D010": {"K17-D020": 234.91290215967265}, "K17-U010": {"K17-U020": 217.60977731614352}, "K14-D010": {"K14-D020": 245.2987307179118}, "K18-D020": {"K18-D030": 54.628732753226906}, "K12-U020": {"K12-U030": 216.54050078327722}, "K17-D020": {"K17-D030": 55.85857246846297}, "K18-D010": {"K18-D020": 231.19870000131382}, "K17-U030": {"K17-U040": 30.763652884902278}, "K18-U020": {"K18-U030": 58.033444702039944}, "K17-U020": {"K17-U030": 135.4954862884263}, "K12-D030": {"K12-D040": 13.373765339866774}, "K12-D010": {"K12-D020": 160.77933643355018}}