{"K12-U010": {"K12-U020": 218.17162910610188}, "K12-D020": {"K12-D030": 272.79865855106857}, "K14-D020": {"K14-D030": 12.760158042481626}, "K18-U010": {"K18-U020": 208.52110172345525}, "K17-D010": {"K17-D020": 232.32341605854631}, "K17-U010": {"K17-U020": 190.61726652304282}, "K14-D010": {"K14-D020": 267.2197316200742}, "K18-D020": {"K18-D030": 57.91995584303896}, "K12-U020": {"K12-U030": 209.8732773787966}, "K17-D020": {"K17-D030": 66.57056082429294}, "K18-D010": {"K18-D020": 223.46372774135415}, "K17-U030": {"K17-U040": 34.8364742395394}, "K18-U020": {"K18-U030": 55.60110244429111}, "K17-U020": {"K17-U030": 141.24290615498595}, "K12-D030": {"K12-D040": 14.96710025360493}, "K12-D010": {"K12-D020": 136.8596433228526}}