{"K12-U010": {"K12-U020": 221.4495238892132}, "K12-D020": {"K12-D030": 291.70341621551853}, "K14-D020": {"K14-D030": 13.86964175587932}, "K18-U010": {"K18-U020": 207.61327435849503}, "K17-D010": {"K17-D020": 239.5532976100697}, "K17-U010": {"K17-U020": 229.70408165976974}, "K14-D010": {"K14-D020": 247.0409345159424}, "K18-D020": {"K18-D030": 63.47961200240853}, "K12-U020": {"K12-U030": 209.1073326840784}, "K17-D020": {"K17-D030": 49.345431885482505}, "K18-D010": {"K18-D020": 228.37728058150356}, "K17-U030": {"K17-U040": 29.286062944803945}, "K18-U020": {"K18-U030": 58.51272527245476}, "K17-U020": {"K17-U030": 150.09982796146954}, "K12-D030": {"K12-D040": 12.578247620248266}, "K12-D010": {"K12-D020": 154.3645611571236}}