{"K12-U010": {"K12-U020": 241.81249353333664}, "K12-D020": {"K12-D030": 278.96396921554464}, "K14-D020": {"K14-D030": 14.822463863862751}, "K18-U010": {"K18-U020": 220.83724196592553}, "K17-D010": {"K17-D020": 198.10209786917287}, "K17-U010": {"K17-U020": 203.29926264598708}, "K14-D010": {"K14-D020": 259.9853517809724}, "K18-D020": {"K18-D030": 50.011094555822545}, "K12-U020": {"K12-U030": 216.6389674469645}, "K17-D020": {"K17-D030": 38.68522283501567}, "K18-D010": {"K18-D020": 232.50496436908833}, "K17-U030": {"K17-U040": 30.25834044002794}, "K18-U020": {"K18-U030": 63.41933316219321}, "K17-U020": {"K17-U030": 133.4219801527281}, "K12-D030": {"K12-D040": 15.417522458682722}, "K12-D010": {"K12-D020": 164.07612168838392}}