{"K12-U010": {"K12-U020": 242.26923155230352}, "K12-D020": {"K12-D030": 302.7455197367334}, "K14-D020": {"K14-D030": 12.398606249282762}, "K18-U010": {"K18-U020": 225.10417020015387}, "K17-D010": {"K17-D020": 215.43889499551852}, "K17-U010": {"K17-U020": 214.43309025385616}, "K14-D010": {"K14-D020": 300.9871291696247}, "K18-D020": {"K18-D030": 60.083462058856824}, "K12-U020": {"K12-U030": 217.81911568521122}, "K17-D020": {"K17-D030": 48.01272631365736}, "K18-D010": {"K18-D020": 231.0531289591313}, "K17-U030": {"K17-U040": 32.8883772078332}, "K18-U020": {"K18-U030": 61.587900053406074}, "K17-U020": {"K17-U030": 140.99752109131686}, "K12-D030": {"K12-D040": 12.240820182254058}, "K12-D010": {"K12-D020": 148.84729659909902}}