{"K12-U010": {"K12-U020": 280.66733298400914}, "K12-D020": {"K12-D030": 277.30742757367307}, "K14-D020": {"K14-D030": 14.394269456702204}, "K18-U010": {"K18-U020": 252.508171141565}, "K17-D010": {"K17-D020": 220.11374780284785}, "K17-U010": {"K17-U020": 227.69793395950745}, "K14-D010": {"K14-D020": 291.2834421213625}, "K18-D020": {"K18-D030": 80.33241083676248}, "K12-U020": {"K12-U030": 198.95050981429992}, "K17-D020": {"K17-D030": 56.219852820463984}, "K18-D010": {"K18-D020": 226.0030212504078}, "K17-U030": {"K17-U040": 32.007657569417844}, "K18-U020": {"K18-U030": 55.012291402422946}, "K17-U020": {"K17-U030": 148.71854727385087}, "K12-D030": {"K12-D040": 12.762219490016154}, "K12-D010": {"K12-D020": 161.15869703042705}}