{"K12-U010": {"K12-U020": 232.410380015271}, "K12-D020": {"K12-D030": 296.760726529259}, "K14-D020": {"K14-D030": 13.342990895913335}, "K18-U010": {"K18-U020": 210.92030552418024}, "K17-D010": {"K17-D020": 208.70378592604501}, "K17-U010": {"K17-U020": 238.1869452738195}, "K14-D010": {"K14-D020": 291.8985416105827}, "K18-D020": {"K18-D030": 56.03583035547224}, "K12-U020": {"K12-U030": 208.19783223821977}, "K17-D020": {"K17-D030": 59.75442897040832}, "K18-D010": {"K18-D020": 230.50771394678478}, "K17-U030": {"K17-U040": 30.908607971237416}, "K18-U020": {"K18-U030": 54.07935972345668}, "K17-U020": {"K17-U030": 126.44244839763606}, "K12-D030": {"K12-D040": 12.929208131660166}, "K12-D010": {"K12-D020": 177.20529047945985}}