{"K12-U010": {"K12-U020": 254.04471323360607}, "K12-D020": {"K12-D030": 280.9942466664089}, "K14-D020": {"K14-D030": 13.438485003734076}, "K18-U010": {"K18-U020": 211.35890521718434}, "K17-D010": {"K17-D020": 189.24703309583478}, "K17-U010": {"K17-U020": 222.28347770295454}, "K14-D010": {"K14-D020": 280.28709634005884}, "K18-D020": {"K18-D030": 40.48317999892577}, "K12-U020": {"K12-U030": 225.66296060574487}, "K17-D020": {"K17-D030": 32.95762589462816}, "K18-D010": {"K18-D020": 209.39709906157114}, "K17-U030": {"K17-U040": 27.010328744046696}, "K18-U020": {"K18-U030": 62.31100755624085}, "K17-U020": {"K17-U030": 128.42905696810104}, "K12-D030": {"K12-D040": 13.88365971646023}, "K12-D010": {"K12-D020": 186.3185065105888}}