{"K12-U010": {"K12-U020": 224.14986482088625}, "K12-D020": {"K12-D030": 221.94421661949232}, "K14-D020": {"K14-D030": 13.08758882846374}, "K18-U010": {"K18-U020": 216.4866307732048}, "K17-D010": {"K17-D020": 126.27871722455495}, "K17-U010": {"K17-U020": 192.54679863497662}, "K14-D010": {"K14-D020": 224.22181827343246}, "K18-D020": {"K18-D030": 60.4839335866281}, "K12-U020": {"K12-U030": 201.7045922891852}, "K17-D020": {"K17-D030": 33.90278728167403}, "K18-D010": {"K18-D020": 220.3261634884102}, "K17-U030": {"K17-U040": 26.870150532082487}, "K18-U020": {"K18-U030": 50.571903346484326}, "K17-U020": {"K17-U030": 138.32664935729048}, "K12-D030": {"K12-D040": 11.908546731550501}, "K12-D010": {"K12-D020": 150.7250102610677}}