{"K12-U010": {"K12-U020": 222.78123267530842}, "K12-D020": {"K12-D030": 268.0626331331547}, "K14-D020": {"K14-D030": 16.60014821699604}, "K18-U010": {"K18-U020": 228.49557431445766}, "K17-D010": {"K17-D020": 177.09252855575923}, "K17-U010": {"K17-U020": 236.16927345246222}, "K14-D010": {"K14-D020": 252.28069029102767}, "K18-D020": {"K18-D030": 38.13000921916374}, "K12-U020": {"K12-U030": 204.93589760528192}, "K17-D020": {"K17-D030": 37.81591172016736}, "K18-D010": {"K18-D020": 253.95303038099937}, "K17-U030": {"K17-U040": 27.390145172121315}, "K18-U020": {"K18-U030": 51.64155173020066}, "K17-U020": {"K17-U030": 145.70788067170494}, "K12-D030": {"K12-D040": 12.581205462315927}, "K12-D010": {"K12-D020": 168.6261053178617}}