{"K12-U010": {"K12-U020": 252.35580497918667}, "K12-D020": {"K12-D030": 273.66014250872973}, "K14-D020": {"K14-D030": 16.534214714035365}, "K18-U010": {"K18-U020": 218.14283259112307}, "K17-D010": {"K17-D020": 231.12116068031304}, "K17-U010": {"K17-U020": 212.55044406751713}, "K14-D010": {"K14-D020": 282.7980481822523}, "K18-D020": {"K18-D030": 63.398008154045826}, "K12-U020": {"K12-U030": 210.3186482995894}, "K17-D020": {"K17-D030": 64.6294890423572}, "K18-D010": {"K18-D020": 230.8457308665517}, "K17-U030": {"K17-U040": 33.267375381054215}, "K18-U020": {"K18-U030": 58.31108614690843}, "K17-U020": {"K17-U030": 141.08828006401666}, "K12-D030": {"K12-D040": 11.994915138431756}, "K12-D010": {"K12-D020": 168.14229833563263}}