{"K12-U010": {"K12-U020": 205.86165108135873}, "K12-D020": {"K12-D030": 281.788684233856}, "K14-D020": {"K14-D030": 13.349409780590904}, "K18-U010": {"K18-U020": 197.4552899456929}, "K17-D010": {"K17-D020": 166.63873594979285}, "K17-U010": {"K17-U020": 205.04516535779695}, "K14-D010": {"K14-D020": 223.07215969894483}, "K18-D020": {"K18-D030": 55.99536929197077}, "K12-U020": {"K12-U030": 185.7828297986265}, "K17-D020": {"K17-D030": 53.021755314388244}, "K18-D010": {"K18-D020": 200.69629050169243}, "K17-U030": {"K17-U040": 33.51195011631195}, "K18-U020": {"K18-U030": 51.17319315683055}, "K17-U020": {"K17-U030": 121.05333880487186}, "K12-D030": {"K12-D040": 11.689124722391266}, "K12-D010": {"K12-D020": 143.12973558146942}}