{"K12-U010": {"K12-U020": 188.66016980779446}, "K12-D020": {"K12-D030": 231.71178529652607}, "K14-D020": {"K14-D030": 12.569495811351839}, "K18-U010": {"K18-U020": 209.48881875394073}, "K17-D010": {"K17-D020": 197.74918107314215}, "K17-U010": {"K17-U020": 189.92052037016197}, "K14-D010": {"K14-D020": 233.68788099570216}, "K18-D020": {"K18-D030": 33.64824831935944}, "K12-U020": {"K12-U030": 175.142736768383}, "K17-D020": {"K17-D030": 27.35787760737556}, "K18-D010": {"K18-D020": 197.53422636090423}, "K17-U030": {"K17-U040": 26.510469757028964}, "K18-U020": {"K18-U030": 57.647810345978414}, "K17-U020": {"K17-U030": 124.11864493358192}, "K12-D030": {"K12-D040": 10.569869288347935}, "K12-D010": {"K12-D020": 139.91206601083968}}