{"K12-U010": {"K12-U020": 235.65844132037972}, "K12-D020": {"K12-D030": 296.760726529259}, "K14-D020": {"K14-D030": 13.236656551014814}, "K18-U010": {"K18-U020": 214.51513008663375}, "K17-D010": {"K17-D020": 173.58566656702254}, "K17-U010": {"K17-U020": 240.14927701563494}, "K14-D010": {"K14-D020": 277.5254406501794}, "K18-D020": {"K18-D030": 57.47987923033327}, "K12-U020": {"K12-U030": 218.9902945255597}, "K17-D020": {"K17-D030": 42.799999907357275}, "K18-D010": {"K18-D020": 238.47453292483323}, "K17-U030": {"K17-U040": 32.9250096889658}, "K18-U020": {"K18-U030": 60.06644025326862}, "K17-U020": {"K17-U030": 138.02221977996655}, "K12-D030": {"K12-D040": 12.378354110135906}, "K12-D010": {"K12-D020": 176.7827029896568}}