{"K12-U010": {"K12-U020": 258.27712499667575}, "K12-D020": {"K12-D030": 281.87909560538486}, "K14-D020": {"K14-D030": 13.235194171488084}, "K18-U010": {"K18-U020": 238.46544236085924}, "K17-D010": {"K17-D020": 258.16400774688276}, "K17-U010": {"K17-U020": 234.75054204631346}, "K14-D010": {"K14-D020": 284.05239586441905}, "K18-D020": {"K18-D030": 79.38881040070423}, "K12-U020": {"K12-U030": 205.7334419164791}, "K17-D020": {"K17-D030": 54.91260463342543}, "K18-D010": {"K18-D020": 227.7043169060104}, "K17-U030": {"K17-U040": 36.45633004393267}, "K18-U020": {"K18-U030": 55.213460260354815}, "K17-U020": {"K17-U030": 132.34730816230032}, "K12-D030": {"K12-D040": 14.230380518019473}, "K12-D010": {"K12-D020": 139.5048624815723}}