{"K12-U010": {"K12-U020": 284.68267304473204}, "K12-D020": {"K12-D030": 297.9168492952392}, "K14-D020": {"K14-D030": 13.276136751341383}, "K18-U010": {"K18-U020": 203.6915419117109}, "K17-D010": {"K17-D020": 253.68236733745584}, "K17-U010": {"K17-U020": 241.3099727489151}, "K14-D010": {"K14-D020": 236.86595014240143}, "K18-D020": {"K18-D030": 42.77150568003336}, "K12-U020": {"K12-U030": 211.69897465831158}, "K17-D020": {"K17-D030": 37.265004242971145}, "K18-D010": {"K18-D020": 223.97160358407513}, "K17-U030": {"K17-U040": 29.26156603031841}, "K18-U020": {"K18-U030": 57.4254134686249}, "K17-U020": {"K17-U030": 129.03465207962}, "K12-D030": {"K12-D040": 10.93657984705673}, "K12-D010": {"K12-D020": 175.0481744874407}}