{"K12-U010": {"K12-U020": 233.8306603613415}, "K12-D020": {"K12-D030": 263.85307459396665}, "K14-D020": {"K14-D030": 13.86964175587932}, "K18-U010": {"K18-U020": 211.6350293066086}, "K17-D010": {"K17-D020": 193.03699570577012}, "K17-U010": {"K17-U020": 229.70408165976974}, "K14-D010": {"K14-D020": 247.0409345159424}, "K18-D020": {"K18-D030": 60.9011615039548}, "K12-U020": {"K12-U030": 203.64094552669314}, "K17-D020": {"K17-D030": 39.61995466998745}, "K18-D010": {"K18-D020": 228.67759727101787}, "K17-U030": {"K17-U040": 28.949035898085874}, "K18-U020": {"K18-U030": 59.385307470688346}, "K17-U020": {"K17-U030": 143.35371841296813}, "K12-D030": {"K12-D040": 11.96465948877741}, "K12-D010": {"K12-D020": 154.98810504141125}}