{"K12-U010": {"K12-U020": 245.4410456732252}, "K12-D020": {"K12-D030": 256.52053094760237}, "K14-D020": {"K14-D030": 16.534214714035365}, "K18-U010": {"K18-U020": 213.2409181537609}, "K17-D010": {"K17-D020": 235.47385204501597}, "K17-U010": {"K17-U020": 225.56751635269796}, "K14-D010": {"K14-D020": 282.7980481822523}, "K18-D020": {"K18-D030": 49.86015445636069}, "K12-U020": {"K12-U030": 216.56359566009436}, "K17-D020": {"K17-D030": 40.42247994174119}, "K18-D010": {"K18-D020": 227.35161957355496}, "K17-U030": {"K17-U040": 31.84710213157348}, "K18-U020": {"K18-U030": 64.36938622238318}, "K17-U020": {"K17-U030": 144.96379160115976}, "K12-D030": {"K12-D040": 11.146798218775128}, "K12-D010": {"K12-D020": 160.32850051790354}}