{"K12-U010": {"K12-U020": 237.58943495883423}, "K12-D020": {"K12-D030": 302.3986462681645}, "K14-D020": {"K14-D030": 15.202957553875356}, "K18-U010": {"K18-U020": 200.3191044549049}, "K17-D010": {"K17-D020": 216.07023856832794}, "K17-U010": {"K17-U020": 236.42548736788723}, "K14-D010": {"K14-D020": 286.0134790240505}, "K18-D020": {"K18-D030": 80.7821668033835}, "K12-U020": {"K12-U030": 222.21311426879043}, "K17-D020": {"K17-D030": 53.946917429099436}, "K18-D010": {"K18-D020": 236.79191672471228}, "K17-U030": {"K17-U040": 30.969797167059703}, "K18-U020": {"K18-U030": 53.149768910258615}, "K17-U020": {"K17-U030": 150.75177272266626}, "K12-D030": {"K12-D040": 13.229809001232795}, "K12-D010": {"K12-D020": 156.3514327832783}}