{"K12-U010": {"K12-U020": 208.35836552915777}, "K12-D020": {"K12-D030": 150.80303933480792}, "K14-D020": {"K14-D030": 12.319842773664277}, "K18-U010": {"K18-U020": 184.44986292721308}, "K17-D010": {"K17-D020": 274.34502100274034}, "K17-U010": {"K17-U020": 192.05809309538176}, "K14-D010": {"K14-D020": 268.8110723472697}, "K18-D020": {"K18-D030": 45.9706284318527}, "K12-U020": {"K12-U030": 169.537270520631}, "K17-D020": {"K17-D030": 48.67737929644743}, "K18-D010": {"K18-D020": 365.8230930384484}, "K17-U030": {"K17-U040": 46.134835816731}, "K18-U020": {"K18-U030": 58.25620167480681}, "K17-U020": {"K17-U030": 65.09022516501786}, "K12-D030": {"K12-D040": 11.75248777398738}, "K12-D010": {"K12-D020": 139.58083702742914}}