{"K12-U010": {"K12-U020": 252.62224188180275}, "K12-D020": {"K12-D030": 248.15216554360936}, "K14-D020": {"K14-D030": 12.3945030631218}, "K18-U010": {"K18-U020": 221.88088323114556}, "K17-D010": {"K17-D020": 200.9343975420828}, "K17-U010": {"K17-U020": 233.5525255716134}, "K14-D010": {"K14-D020": 276.1382734409132}, "K18-D020": {"K18-D030": 36.851219474474206}, "K12-U020": {"K12-U030": 204.95500739578603}, "K17-D020": {"K17-D030": 36.986419243493806}, "K18-D010": {"K18-D020": 233.06221489676756}, "K17-U030": {"K17-U040": 29.551610528797585}, "K18-U020": {"K18-U030": 60.287917960470885}, "K17-U020": {"K17-U030": 121.77251095575824}, "K12-D030": {"K12-D040": 11.527719021700742}, "K12-D010": {"K12-D020": 177.09768377719095}}