{"K12-U010": {"K12-U020": 189.64163120732707}, "K12-D020": {"K12-D030": 288.837357339433}, "K14-D020": {"K14-D030": 13.059836409148437}, "K18-U010": {"K18-U020": 238.11051127331748}, "K17-D010": {"K17-D020": 235.23973546298004}, "K17-U010": {"K17-U020": 242.94764318314}, "K14-D010": {"K14-D020": 271.7875403995023}, "K18-D020": {"K18-D030": 63.28797653812543}, "K12-U020": {"K12-U030": 206.8996481896714}, "K17-D020": {"K17-D030": 56.611032522991856}, "K18-D010": {"K18-D020": 236.5077300176215}, "K17-U030": {"K17-U040": 36.33577190322126}, "K18-U020": {"K18-U030": 57.94463790578261}, "K17-U020": {"K17-U030": 146.66241866613527}, "K12-D030": {"K12-D040": 13.010952197912577}, "K12-D010": {"K12-D020": 156.37288369601873}}