{"K12-U010": {"K12-U020": 241.96798791469632}, "K12-D020": {"K12-D030": 258.59824834293534}, "K14-D020": {"K14-D030": 13.564322036581682}, "K18-U010": {"K18-U020": 191.20601543072036}, "K17-D010": {"K17-D020": 276.4599812785389}, "K17-U010": {"K17-U020": 212.2917993745313}, "K14-D010": {"K14-D020": 229.84684898437362}, "K18-D020": {"K18-D030": 61.2325046840743}, "K12-U020": {"K12-U030": 190.7634773914767}, "K17-D020": {"K17-D030": 37.901308326584385}, "K18-D010": {"K18-D020": 210.0829019951149}, "K17-U030": {"K17-U040": 35.02384727483106}, "K18-U020": {"K18-U030": 52.41575416504893}, "K17-U020": {"K17-U030": 126.83618282956863}, "K12-D030": {"K12-D040": 9.829195947128335}, "K12-D010": {"K12-D020": 150.79790566884463}}