{"K12-U010": {"K12-U020": 289.18227118579705}, "K12-D020": {"K12-D030": 283.8825474161597}, "K14-D020": {"K14-D030": 12.875733165390766}, "K18-U010": {"K18-U020": 222.88992499416378}, "K17-D010": {"K17-D020": 182.08277248165882}, "K17-U010": {"K17-U020": 259.6083699578624}, "K14-D010": {"K14-D020": 268.4748731575274}, "K18-D020": {"K18-D030": 57.26012745498402}, "K12-U020": {"K12-U030": 206.7416347218124}, "K17-D020": {"K17-D030": 76.86942579808048}, "K18-D010": {"K18-D020": 223.54963808114584}, "K17-U030": {"K17-U040": 48.25807521097169}, "K18-U020": {"K18-U030": 58.629231850006725}, "K17-U020": {"K17-U030": 142.70909999043084}, "K12-D030": {"K12-D040": 13.532341669839237}, "K12-D010": {"K12-D020": 169.22066617018123}}