{"K12-U010": {"K12-U020": 219.55351970862665}, "K12-D020": {"K12-D030": 259.92938181924967}, "K14-D020": {"K14-D030": 14.393031584687265}, "K18-U010": {"K18-U020": 209.59000311039193}, "K17-D010": {"K17-D020": 216.17050998734845}, "K17-U010": {"K17-U020": 250.20128779514948}, "K14-D010": {"K14-D020": 269.8368646265959}, "K18-D020": {"K18-D030": 71.86894975598526}, "K12-U020": {"K12-U030": 202.45215455331973}, "K17-D020": {"K17-D030": 53.36291644493964}, "K18-D010": {"K18-D020": 219.86988024593833}, "K17-U030": {"K17-U040": 39.18403095972083}, "K18-U020": {"K18-U030": 52.39616031021156}, "K17-U020": {"K17-U030": 131.40302805286385}, "K12-D030": {"K12-D040": 12.689198088449935}, "K12-D010": {"K12-D020": 156.98544696988972}}