{"K12-U010": {"K12-U020": 228.21212819818214}, "K12-D020": {"K12-D030": 267.93853835570974}, "K14-D020": {"K14-D030": 16.88407761160003}, "K18-U010": {"K18-U020": 213.22658595040284}, "K17-D010": {"K17-D020": 226.1692979564707}, "K17-U010": {"K17-U020": 215.34872098197974}, "K14-D010": {"K14-D020": 279.1460865787377}, "K18-D020": {"K18-D030": 41.62382043847481}, "K12-U020": {"K12-U030": 215.0347059460033}, "K17-D020": {"K17-D030": 30.378510522517452}, "K18-D010": {"K18-D020": 218.70555919014436}, "K17-U030": {"K17-U040": 27.825815736857784}, "K18-U020": {"K18-U030": 57.64977890751843}, "K17-U020": {"K17-U030": 141.8482218344796}, "K12-D030": {"K12-D040": 14.488894886861061}, "K12-D010": {"K12-D020": 151.69787666333474}}