{"K53-U100": {"K53-U110": 72.6135653897616}, "K53-D010": {"K53-D015": 110.24738547455544}, "K51-D150": {"K51-D160": 150.36458418692064}, "K52-nU290": {"K52-nU300": 35.13316675106354}, "K52-nU260": {"K52-nU270": 72.00769531668828}, "K52-nD110": {"K52-nD120": 150.93255898556453}, "K51-D130": {"K51-D140": 73.77627998374605}, "K51-U080": {"K51-U090": 178.67029542057006}, "K54-D030": {"K54-D040": 66.44270104784972}, "K52-nD240": {"K52-nD250": 159.84411243196504}, "K53-U010": {"K53-U020": 219.4281202298011}, "K58-D070": {"K58-D080": 101.04884497074667}, "K52-nD250": {"K52-nD260": 176.64708315074878}, "K52-nD130": {"K52-nD140": 87.7823014860428}, "K58-D020": {"K58-D030": 84.78686274979239}, "K53-D030": {"K53-D040": 75.7704407140639}, "K52A-U100": {"K52A-U110": 70.21480498528618}, "K58-U140": {"K58-U150": 128.78806659893024}, "K52A-U010": {"K52A-U015": 334.6825202114355}, "K52-nD210": {"K52-nD220": 180.30093794977543}, "K53-U030": {"K53-U040": 183.46541182349722}, "K54-U050": {"K54-U060": 294.9790069820977}, "K51-D040": {"K51-D050": 48.69144579188636}, "K58-D200": {"K58-D210": 66.40905074171228}, "K53-U110": {"K53-U120": 93.11894865708605}, "K58-U010": {"K58-U020": 49.6385766585949}, "K51A-D250": {"K51A-D260": 94.45476688591943}, "K58-D140": {"K58-D150": 48.998062421}, "K51A-D210": {"K51A-D220": 77.78571950062869}, "K54-U040": {"K54-U050": 150.46704071026707}, "K51A-U240": {"K51A-U250": 71.91136436995076}, "K54-U030": {"K54-U040": 125.98312209251876}, "K51-D250": {"K51-D260": 152.5491377050962}, "K51-D190": {"K51-D200": 167.618960629877}, "K51A-U100": {"K51A-U110": 176.4904592868022}, "K51A-U090": {"K51A-U100": 154.35467431498736}, "K52-nD120": {"K52-nD130": 39.30270162451954}, "K58-D060": {"K58-D070": 165.66354538603437}, "K52A-D060": {"K52A-D070": 129.34768316859805}, "K51A-D190": {"K51A-D200": 195.32239077361436}, "K58-U180": {"K58-U190": 98.79240787353031}, "K58-D050": {"K58-D060": 180.2526062923026}, "K58-U130": {"K58-U140": 92.67332444875554}, "K54-U060": {"K54-U070": 206.05508609938647}, "K51A-U230": {"K51A-U240": 37.654986000794075}, "K53-U070": {"K53-U080": 56.128453803240824}, "K58-D170": {"K58-D180": 153.9701548993666}, "K51A-D170": {"K51A-D180": 168.09174381392117}, "K51A-D010": {"K51A-D020": 55.7566793302593}, "K52-nU010": {"K52-nU020": 41.32248733112904}, "K51-D270": {"K51-D280": 96.26980110235303}, "K51A-U190": {"K51A-U200": 72.87257658432863}, "K53-D040": {"K53-D050": 75.94141576595595}, "K52-nU040": {"K52-nU050": 57.37416422708971}, "K51-D220": {"K51-D230": 260.9233439505461}, "K52-nU170": {"K52-nU180": 125.63255835288956}, "K52-nD290": {"K52-nD300": 102.77373944683629}, "K52-nD010": {"K52-nD020": 15.623359022931435}, "K52A-U030": {"K52A-U040": 44.0169753262367}, "K54-D020": {"K54-D030": 132.83763902433572}, "K51A-D140": {"K51A-D150": 82.29299464750339}, "K51A-U030": {"K51A-U040": 71.33940497641433}, "K53-D015": {"K53-D020": 48.07447181979785}, "K51A-D090": {"K51A-D100": 87.0726976844219}, "K51-U020": {"K51-U030": 99.15914479452134}, "K51-U130": {"K51-U140": 74.61103096906261}, "K58-U170": {"K58-U180": 172.5941586580313}, "K51-U170": {"K51-U180": 77.79352329886834}, "K51-D030": {"K51-D040": 40.60806964875429}, "K52-nD140": {"K52-nD150": 113.1126927030055}, "K58-D180": {"K58-D190": 293.56537224547003}, "K58-D160": {"K58-D170": 221.78576637244493}, "K51-D020": {"K51-D030": 57.76313005268609}, "K52A-U130": {"K52A-U140": 59.67521385825281}, "K52-nD020": {"K52-nD030": 26.3142272635097}, "K52A-U040": {"K52A-U050": 131.33973725318398}, "K58-D010": {"K58-D020": 49.57091654490495}, "K52-nU200": {"K52-nU210": 84.7767305170149}, "K51-U040": {"K51-U050": 116.64238578611744}, "K51A-U210": {"K51A-U220": 79.3892652575468}, "K52-nU250": {"K52-nU260": 71.97227999785316}, "K52-nU060": {"K52-nU070": 168.23041701857568}, "K51-U030": {"K51-U040": 68.51199060291343}, "K58-U070": {"K58-U080": 128.6890028416078}, "K52-nU190": {"K52-nU200": 134.72352344436734}, "K52A-D140": {"K52A-D150": 110.50714087791823}, "K51-D260": {"K51-D270": 55.477489585540226}, "K51-D060": {"K51-D070": 57.71959454220388}, "K53-D060": {"K53-D070": 136.1320100506813}, "K52-nU080": {"K52-nU090": 81.54492141789918}, "K58-U060": {"K58-U070": 172.98145175192207}, "K52-nD280": {"K52-nD290": 98.98159944206677}, "K51-D210": {"K51-D220": 165.95158238555527}, "K52A-U060": {"K52A-U070": 136.46987434480917}, "K51-D140": {"K51-D150": 44.52718710896703}, "K52-nD150": {"K52-nD160": 91.68952612899}, "K51A-D160": {"K51A-D170": 182.32899093116492}, "K58-D030": {"K58-D040": 66.59969859704594}, "K51-U220": {"K51-U230": 59.65267753941007}, "K58-U120": {"K58-U130": 127.52778028864547}, "K51A-D020": {"K51A-D030": 98.95867575833597}, "K51A-U010": {"K51A-U020": 64.89951683914454}, "K54-D040": {"K54-D050": 155.28278798617973}, "K51A-D240": {"K51A-D250": 59.12520318999473}, "K51-U140": {"K51-U150": 57.89651043102234}, "K51-D200": {"K51-D210": 123.80574257754674}, "K51A-D040": {"K51A-D050": 103.08892944882692}, "K51A-U070": {"K51A-U080": 211.95033110498116}, "K52-nU210": {"K52-nU220": 74.98481521679075}, "K58-U190": {"K58-U200": 122.8103846750719}, "K54-D060": {"K54-D070": 151.02895493710952}, "K52A-U140": {"K52A-U150": 160.36747851973956}, "K52-nD100": {"K52-nD110": 56.03555135884989}, "K52A-U110": {"K52A-U120": 55.37088824448237}, "K53-U050": {"K53-U060": 121.58926775865675}, "K51A-U110": {"K51A-U120": 125.77603028101825}, "K52A-U080": {"K52A-U090": 70.88000861812984}, "K51A-D050": {"K51A-D060": 81.89484911737138}, "K52A-D130": {"K52A-D140": 91.70820440034451}, "K51A-U080": {"K51A-U090": 169.35186613066875}, "K52-nU120": {"K52-nU130": 142.88512956740846, "K52-nU140": 111.09090318243955}, "K52-nU130": {"K52-nU140": 328.31723641397036}, "K53-D130": {"K53-D140": 97.09738887422805}, "K52-nU150": {"K52-nU160": 88.15868173300615}, "K54-U020": {"K54-U030": 149.85787943092106}, "K52-nD260": {"K52-nD270": 47.511116987756076}, "K52-nU050": {"K52-nU060": 247.69137591344037}, "K51A-U060": {"K51A-U070": 322.0437721092634}, "K52A-D170": {"K52A-D180": 114.03701749069751}, "K51A-D110": {"K51A-D120": 74.80090731720726}, "K51-U110": {"K51-U120": 102.19841236847753}, "K51-U240": {"K51-U250": 106.0210846186091}, "K53-D070": {"K53-D080": 82.37077339768081}, "K52A-D080": {"K52A-D090": 63.41408936901755}, "K51A-U130": {"K51A-U140": 85.76075070681654}, "K54-D050": {"K54-D060": 89.32996365722634}, "K52-nD180": {"K52-nD190": 154.75342510584045}, "K51A-U020": {"K51A-U030": 121.61260304484566}, "K51A-D060": {"K51A-D070": 74.98709259437638}, "K51-U150": {"K51-U160": 89.3319581079796}, "K53-D160": {"K53-U011": 153.51602305490627}, "K51-U160": {"K51-U170": 102.85547308977576}, "K53-U090": {"K53-U100": 103.53043766035819}, "K52-nD160": {"K52-nD170": 145.6159388030856}, "K51A-D150": {"K51A-D160": 114.31983727537754}, "K52-nU070": {"K52-nU080": 98.05204099790484}, "K52A-U120": {"K52A-U130": 70.31323213891203}, "K52A-U150": {"K52A-U160": 34.16774182446415}, "K51-U230": {"K51-U240": 51.060347473316604}, "K52A-U050": {"K52A-U060": 61.49118959609051}, "K52A-U020": {"K52A-U030": 81.82614204632459}, "K52A-D030": {"K52A-D040": 22.763573015892607}, "K51A-U140": {"K51A-U150": 58.95775943113823}, "K53-U060": {"K53-U070": 73.00405328002202}, "K52A-U170": {"K52A-U180": 275.3750320785299}, "K53-U040": {"K53-U050": 121.3647370713181}, "K51-U070": {"K51-U080": 189.3819145092615}, "K52-nU030": {"K52-nU040": 125.6281279638242}, "K52-nU280": {"K52-nU290": 41.32252841058986}, "K54-U010": {"K54-U020": 77.97258377334367}, "K54-U070": {"K54-D010": 159.94964385304857}, "K51A-U170": {"K51A-U180": 79.1542423676686}, "K51-D240": {"K51-D250": 120.60475578714713}, "K51-D050": {"K51-D060": 56.389969183852806}, "K53-U080": {"K53-U090": 91.47357697155803}, "K51-D010": {"K51-D020": 82.11997534229091}, "K51-D170": {"K51-D180": 95.85187301000884}, "K51-U050": {"K51-U060": 259.7747223819586}, "K53-U130": {"K53-U140": 60.45580803672501}, "K51A-D230": {"K51A-D240": 152.4684294815956}, "K52-nD030": {"K52-nD040": 30.489537739080866}, "K51A-U150": {"K51A-U160": 137.82784240619657},