{"K53-U100": {"K53-U110": 70.11352296176766}, "K53-D010": {"K53-D015": 89.40363062946011}, "K51-D150": {"K51-D160": 134.88834038083948}, "K52-nU290": {"K52-nU300": 31.45766430431039}, "K52-nU260": {"K52-nU270": 62.33876695402169}, "K52-nD110": {"K52-nD120": 128.62283567680794}, "K51-D130": {"K51-D140": 57.85548432627047}, "K51-U080": {"K51-U090": 136.0529464275053}, "K54-D030": {"K54-D040": 82.52459562915952}, "K52-nD240": {"K52-nD250": 142.9446103732854}, "K53-U010": {"K53-U020": 179.87203946329376}, "K58-D070": {"K58-D080": 119.47909020117189}, "K52-nD250": {"K52-nD260": 149.61644602745773}, "K52-nD130": {"K52-nD140": 72.38157947220371}, "K58-D020": {"K58-D030": 86.53195887997347}, "K53-D030": {"K53-D040": 72.6957544240978}, "K52A-U100": {"K52A-U110": 68.14078414675876}, "K58-U140": {"K58-U150": 155.01528862686158}, "K52A-U010": {"K52A-U015": 256.1702328377781}, "K52-nD210": {"K52-nD220": 141.7561925310976}, "K53-U030": {"K53-U040": 151.38656418965783}, "K54-U050": {"K54-U060": 302.73078586992}, "K51-D040": {"K51-D050": 46.47105194159949}, "K58-D200": {"K58-D210": 61.0089695710535}, "K53-U110": {"K53-U120": 80.83171880807168}, "K58-U010": {"K58-U020": 42.61698679628906}, "K51A-D250": {"K51A-D260": 96.02807590730545}, "K58-D140": {"K58-D150": 34.451506990611065}, "K51A-D210": {"K51A-D220": 69.64413462685897}, "K54-U040": {"K54-U050": 119.40515206231143}, "K51A-U240": {"K51A-U250": 62.937863841425056}, "K54-U030": {"K54-U040": 113.38157680919264}, "K51-D250": {"K51-D260": 145.42381634240513}, "K51-D190": {"K51-D200": 145.1384852410635}, "K51A-U100": {"K51A-U110": 153.82680054504732}, "K51A-U090": {"K51A-U100": 147.14728953823254}, "K52-nD120": {"K52-nD130": 37.47842562953679}, "K58-D060": {"K58-D070": 142.89688109359744}, "K52A-D060": {"K52A-D070": 117.58880288054391}, "K51A-D190": {"K51A-D200": 181.13401785517334}, "K58-U180": {"K58-U190": 94.36776039391118}, "K58-D050": {"K58-D060": 165.9931884765625}, "K58-U130": {"K58-U140": 71.14971121779783}, "K54-U060": {"K54-U070": 185.5963707377298}, "K51A-U230": {"K51A-U240": 34.39304049820799}, "K53-U070": {"K53-U080": 50.305017069170354}, "K58-D170": {"K58-D180": 129.40119772429935}, "K51A-D170": {"K51A-D180": 143.72225844154843}, "K51A-D010": {"K51A-D020": 48.81055828243981}, "K52-nU010": {"K52-nU020": 33.17248306214833}, "K51-D270": {"K51-D280": 93.92349744202244}, "K51A-U190": {"K51A-U200": 62.99377543004243}, "K53-D040": {"K53-D050": 63.03269390213823}, "K52-nU040": {"K52-nU050": 50.7721026448229}, "K51-D220": {"K51-D230": 241.87146728419742}, "K52-nU170": {"K52-nU180": 107.56182512050277}, "K52-nD290": {"K52-nD300": 91.53783809383748}, "K52-nD010": {"K52-nD020": 14.6412145841185}, "K52A-U030": {"K52A-U040": 39.382068989549396}, "K54-D020": {"K54-D030": 120.76149002212348}, "K51A-D140": {"K51A-D150": 65.43947373362656}, "K51A-U030": {"K51A-U040": 60.49337966830982}, "K53-D015": {"K53-D020": 46.31632957995127}, "K51A-D090": {"K51A-D100": 76.46050811789442}, "K51-U020": {"K51-U030": 86.43994630077887}, "K51-U130": {"K51-U140": 71.67216686222837}, "K58-U170": {"K58-U180": 148.75048907714842}, "K51-U170": {"K51-U180": 71.64792650685236}, "K51-D030": {"K51-D040": 36.19323288199798}, "K52-nD140": {"K52-nD150": 98.50348546306363}, "K58-D180": {"K58-D190": 263.6436023800821}, "K58-D160": {"K58-D170": 182.27032587070914}, "K51-D020": {"K51-D030": 55.64540550389735}, "K52A-U130": {"K52A-U140": 63.265728730684145}, "K52-nD020": {"K52-nD030": 20.609120294604608}, "K52A-U040": {"K52A-U050": 111.95424955487424}, "K58-D010": {"K58-D020": 27.67972145474755}, "K52-nU200": {"K52-nU210": 69.83738534359547}, "K51-U040": {"K51-U050": 107.17374835318674}, "K51A-U210": {"K51A-U220": 69.98340406400403}, "K52-nU250": {"K52-nU260": 63.03159669331008}, "K52-nU060": {"K52-nU070": 131.54981421521816}, "K51-U030": {"K51-U040": 60.079476222789744}, "K58-U070": {"K58-U080": 108.24300107455443}, "K52-nU190": {"K52-nU200": 117.86491519619126}, "K52A-D140": {"K52A-D150": 99.92828435977641}, "K51-D260": {"K51-D270": 39.82546817665225}, "K51-D060": {"K51-D070": 46.98872748998267}, "K53-D060": {"K53-D070": 123.9974738775049}, "K52-nU080": {"K52-nU090": 79.0634821050352}, "K58-U060": {"K58-U070": 142.35843109130857}, "K52-nD280": {"K52-nD290": 88.81684574480308}, "K51-D210": {"K51-D220": 170.07999066156327}, "K52A-U060": {"K52A-U070": 113.15608595517281}, "K51-D140": {"K51-D150": 51.55344952415292}, "K52-nD150": {"K52-nD160": 89.2444808937734}, "K51A-D160": {"K51A-D170": 167.43520007754108}, "K58-D030": {"K58-D040": 56.07253310522965}, "K51-U220": {"K51-U230": 55.626309748181164}, "K58-U120": {"K58-U130": 103.59513089535999}, "K51A-D020": {"K51A-D030": 104.27703009460906}, "K51A-U010": {"K51A-U020": 46.552140613816704}, "K54-D040": {"K54-D050": 148.1391539669292}, "K51A-D240": {"K51A-D250": 39.35981200323787}, "K51-U140": {"K51-U150": 49.11132148829204}, "K51-D200": {"K51-D210": 126.34897198628633}, "K51A-D040": {"K51A-D050": 89.68689667827168}, "K51A-U070": {"K51A-U080": 201.02373131421194}, "K52-nU210": {"K52-nU220": 67.30711747629466}, "K58-U190": {"K58-U200": 101.84166903425782}, "K54-D060": {"K54-D070": 128.65730602650893}, "K52A-U140": {"K52A-U150": 145.78861683612712}, "K52-nD100": {"K52-nD110": 52.2821775859911}, "K52A-U110": {"K52A-U120": 47.21072550520337}, "K53-U050": {"K53-U060": 106.42675523266834}, "K51A-U110": {"K51A-U120": 104.7389047843983}, "K52A-U080": {"K52A-U090": 65.4685375552146}, "K51A-D050": {"K51A-D060": 71.59169350419417}, "K52A-D130": {"K52A-D140": 76.2027201959601}, "K51A-U080": {"K51A-U090": 148.2176017837833}, "K52-nU120": {"K52-nU130": 142.88512956740846}, "K52-nU130": {"K52-nU140": 335.908040459967}, "K53-D130": {"K53-D140": 96.34462676295092}, "K52-nU150": {"K52-nU160": 72.77052255126073}, "K54-U020": {"K54-U030": 127.81687809996147}, "K52-nD260": {"K52-nD270": 35.408883513263426}, "K52-nU050": {"K52-nU060": 246.95613980535296}, "K51A-U060": {"K51A-U070": 303.0653706928232}, "K52A-D170": {"K52A-D180": 122.0411132676946}, "K51A-D110": {"K51A-D120": 57.945176993149744}, "K51-U110": {"K51-U120": 103.65078695080338}, "K51-U240": {"K51-U250": 94.28882723500342}, "K53-D070": {"K53-D080": 67.41483487187078}, "K52A-D080": {"K52A-D090": 56.92594572739698}, "K51A-U130": {"K51A-U140": 82.08673783396117}, "K54-D050": {"K54-D060": 83.43186087452425}, "K52-nD180": {"K52-nD190": 128.39611715883316}, "K51A-U020": {"K51A-U030": 107.09960911693342}, "K51A-D060": {"K51A-D070": 68.29827360798821}, "K51-U150": {"K51-U160": 94.81634455526365}, "K53-D160": {"K53-U011": 128.77928748521282}, "K51-U160": {"K51-U170": 81.4356739164786}, "K53-U090": {"K53-U100": 86.20001284818352}, "K52-nD160": {"K52-nD170": 135.20375219730232}, "K51A-D150": {"K51A-D160": 106.5172373264385}, "K52-nU070": {"K52-nU080": 90.20995061058095}, "K52A-U120": {"K52A-U130": 69.13958233435032}, "K52A-U150": {"K52A-U160": 32.49674356202361}, "K51-U230": {"K51-U240": 43.6518685371999}, "K52A-U050": {"K52A-U060": 48.410896732282865}, "K52A-U020": {"K52A-U030": 85.63274908803623}, "K52A-D030": {"K52A-D040": 27.289813687372508}, "K51A-U140": {"K51A-U150": 57.179464076188694}, "K53-U060": {"K53-U070": 71.90455318503358}, "K52A-U170": {"K52A-U180": 250.3409382532092}, "K53-U040": {"K53-U050": 101.04117848755844}, "K51-U070": {"K51-U080": 185.1044804804431}, "K52-nU030": {"K52-nU040": 119.1937480840074}, "K52-nU280": {"K52-nU290": 39.214302487547634}, "K54-U010": {"K54-U020": 69.85155281612091}, "K54-U070": {"K54-D010": 150.94557858669566}, "K51A-U170": {"K51A-U180": 71.91996911386623}, "K51-D240": {"K51-D250": 101.84213269501637}, "K51-D050": {"K51-D060": 48.01623362011465}, "K53-U080": {"K53-U090": 86.9566141767357}, "K51-D010": {"K51-D020": 68.30024810083667}, "K51-D170": {"K51-D180": 96.56056497030528}, "K51-U050": {"K51-U060": 230.81750044119366}, "K53-U130": {"K53-U140": 53.37931541185996}, "K51A-D230": {"K51A-D240": 138.71324000591846}, "K52-nD030": {"K52-nD040": 28.035640763714092}, "K51A-U150": {"K51A-U160": 115.16413312166507},