{"K53-U100": {"K53-U110": 75.03398844811426}, "K53-D010": {"K53-D015": 83.861632053384}, "K51-D150": {"K51-D160": 143.96671652314885}, "K52-nU290": {"K52-nU300": 32.07804528927175}, "K52-nU260": {"K52-nU270": 65.8935307366075}, "K52-nD110": {"K52-nD120": 139.25952169875683}, "K51-D130": {"K51-D140": 54.45613971172861}, "K51-U080": {"K51-U090": 136.27606310801707}, "K54-D030": {"K54-D040": 102.33819658030873}, "K52-nD240": {"K52-nD250": 144.92231116966343}, "K53-U010": {"K53-U020": 175.9616689381655}, "K58-D070": {"K58-D080": 112.2279296875}, "K52-nD250": {"K52-nD260": 159.337167494148}, "K52-nD130": {"K52-nD140": 72.46008985962575}, "K58-D020": {"K58-D030": 95.8920166015625}, "K53-D030": {"K53-D040": 75.39641464787283}, "K52A-U100": {"K52A-U110": 68.63876466453075}, "K58-U140": {"K58-U150": 166.8707266998291}, "K52A-U010": {"K52A-U015": 269.2490974512697}, "K52-nD210": {"K52-nD220": 165.82524267923327}, "K53-U030": {"K53-U040": 149.83290804446057}, "K54-U050": {"K54-U060": 323.79392493616274}, "K51-D040": {"K51-D050": 43.10335451423138}, "K58-D200": {"K58-D210": 54.918490695953366}, "K53-U110": {"K53-U120": 80.5776800598288}, "K58-U010": {"K58-U020": 39.868222656250005}, "K51A-D250": {"K51A-D260": 91.87276282276058}, "K58-D140": {"K58-D150": 35.849623718261725}, "K51A-D210": {"K51A-D220": 71.25697897505015}, "K54-U040": {"K54-U050": 148.22500635222696}, "K51A-U240": {"K51A-U250": 67.42314041249455}, "K54-U030": {"K54-U040": 113.2381436934191}, "K51-D250": {"K51-D260": 134.74880218429826}, "K51-D190": {"K51-D200": 140.71109075676003}, "K51A-U100": {"K51A-U110": 162.9880537487225}, "K51A-U090": {"K51A-U100": 136.07347176830044}, "K52-nD120": {"K52-nD130": 37.099036697026435}, "K58-D060": {"K58-D070": 142.61875915527344}, "K52A-D060": {"K52A-D070": 117.58880288054391}, "K51A-D190": {"K51A-D200": 190.0789982706774}, "K58-U180": {"K58-U190": 91.66488379895688}, "K58-D050": {"K58-D060": 164.43603515625}, "K58-U130": {"K58-U140": 70.64543212890625}, "K54-U060": {"K54-U070": 203.0521927921713}, "K51A-U230": {"K51A-U240": 37.790303139711554}, "K53-U070": {"K53-U080": 54.14936380361091}, "K58-D170": {"K58-D180": 129.37939987182617}, "K51A-D170": {"K51A-D180": 128.94022261470673}, "K51A-D010": {"K51A-D020": 51.41036208733651}, "K52-nU010": {"K52-nU020": 27.240909589670604}, "K51-D270": {"K51-D280": 99.75825245327786}, "K51A-U190": {"K51A-U200": 63.021903211804684}, "K53-D040": {"K53-D050": 65.10995763097253}, "K52-nU040": {"K52-nU050": 49.034786885358976}, "K51-D220": {"K51-D230": 241.09890860909132}, "K52-nU170": {"K52-nU180": 107.51753460710393}, "K52-nD290": {"K52-nD300": 90.46232467703521}, "K52-nD010": {"K52-nD020": 12.491057919594867}, "K52A-U030": {"K52A-U040": 42.03026129070669}, "K54-D020": {"K54-D030": 120.76149002212348}, "K51A-D140": {"K51A-D150": 78.40377784785642}, "K51A-U030": {"K51A-U040": 62.5187745474336}, "K53-D015": {"K53-D020": 43.562208954121765}, "K51A-D090": {"K51A-D100": 78.71527437851765}, "K51-U020": {"K51-U030": 94.23923760782328}, "K51-U130": {"K51-U140": 77.30999013369544}, "K58-U170": {"K58-U180": 154.6618505859375}, "K51-U170": {"K51-U180": 65.5404363431678}, "K51-D030": {"K51-D040": 38.10337278541705}, "K52-nD140": {"K52-nD150": 98.6931963269725}, "K58-D180": {"K58-D190": 262.383203125}, "K58-D160": {"K58-D170": 192.0319998168945}, "K51-D020": {"K51-D030": 57.57357805716676}, "K52A-U130": {"K52A-U140": 74.19278427893296}, "K52-nD020": {"K52-nD030": 22.25964483349511}, "K52A-U040": {"K52A-U050": 102.37212401119761}, "K58-D010": {"K58-D020": 27.520879910490475}, "K52-nU200": {"K52-nU210": 66.2009528056631}, "K51-U040": {"K51-U050": 106.419702027016}, "K51A-U210": {"K51A-U220": 73.27540373802185}, "K52-nU250": {"K52-nU260": 62.45803897758714}, "K52-nU060": {"K52-nU070": 144.10870918631554}, "K51-U030": {"K51-U040": 53.895077859363255}, "K58-U070": {"K58-U080": 108.32211303710938}, "K52-nU190": {"K52-nU200": 115.24297358840704}, "K52A-D140": {"K52A-D150": 94.03475217961147}, "K51-D260": {"K51-D270": 29.402034566238036}, "K51-D060": {"K51-D070": 46.30886921988}, "K53-D060": {"K53-D070": 117.2695431063883}, "K52-nU080": {"K52-nU090": 84.62260111736052}, "K58-U060": {"K58-U070": 142.41781616210938}, "K52-nD280": {"K52-nD290": 86.03130771438421}, "K51-D210": {"K51-D220": 165.34408038085706}, "K52A-U060": {"K52A-U070": 119.32851301184019}, "K51-D140": {"K51-D150": 51.69126535952091}, "K52-nD150": {"K52-nD160": 96.34522763387608}, "K51A-D160": {"K51A-D170": 164.16672688804334}, "K58-D030": {"K58-D040": 63.48580474853516}, "K51-U220": {"K51-U230": 60.78144427046506}, "K58-U120": {"K58-U130": 101.6805404663086}, "K51A-D020": {"K51A-D030": 103.32565268933959}, "K51A-U010": {"K51A-U020": 42.03949418578297}, "K54-D040": {"K54-D050": 144.0631195562153}, "K51A-D240": {"K51A-D250": 50.09934640675783}, "K51-U140": {"K51-U150": 49.34250314527689}, "K51-D200": {"K51-D210": 130.55361593664176}, "K51A-D040": {"K51A-D050": 87.04228368849041}, "K51A-U070": {"K51A-U080": 219.0258101986721}, "K52-nU210": {"K52-nU220": 71.53970154203824}, "K58-U190": {"K58-U200": 92.31238281249999}, "K54-D060": {"K54-D070": 133.7373688559082}, "K52A-U140": {"K52A-U150": 145.78861683612712}, "K52-nD100": {"K52-nD110": 56.08276885167809}, "K52A-U110": {"K52A-U120": 55.09792007827757}, "K53-U050": {"K53-U060": 107.70099909707628}, "K51A-U110": {"K51A-U120": 101.353248088275}, "K52A-U080": {"K52A-U090": 64.01256972092003}, "K51A-D050": {"K51A-D060": 80.6368010905385}, "K52A-D130": {"K52A-D140": 69.86636501550674}, "K51A-U080": {"K51A-U090": 150.71241961249623}, "K52-nU120": {"K52-nU130": 159.77981741540134}, "K52-nU130": {"K52-nU140": 378.1875159549713}, "K53-D130": {"K53-D140": 98.3192024166137}, "K52-nU150": {"K52-nU160": 73.19219326827144}, "K54-U020": {"K54-U030": 122.49160659882364}, "K52-nD260": {"K52-nD270": 42.697827479622696}, "K52-nU050": {"K52-nU060": 248.43503402654724}, "K51A-U060": {"K51A-U070": 306.7633974285447}, "K52A-D170": {"K52A-D180": 161.11362642679597}, "K51A-D110": {"K51A-D120": 56.09039170633393}, "K51-U110": {"K51-U120": 111.47660687735183}, "K51-U240": {"K51-U250": 93.42105812194944}, "K53-D070": {"K53-D080": 70.52977813555336}, "K52A-D080": {"K52A-D090": 48.43825472187996}, "K51A-U130": {"K51A-U140": 79.41721968291597}, "K54-D050": {"K54-D060": 90.59446841528782}, "K52-nD180": {"K52-nD190": 136.59640701613273}, "K51A-U020": {"K51A-U030": 109.13308945462805}, "K51A-D060": {"K51A-D070": 71.62749028207894}, "K51-U150": {"K51-U160": 90.08645663892105}, "K53-D160": {"K53-U011": 119.33593242977095}, "K51-U160": {"K51-U170": 107.42995382337581}, "K53-U090": {"K53-U100": 98.83308868085723}, "K52-nD160": {"K52-nD170": 137.0720207090088}, "K51A-D150": {"K51A-D160": 117.47085035679136}, "K52-nU070": {"K52-nU080": 92.45582870216458}, "K52A-U120": {"K52A-U130": 65.62710299491883}, "K52A-U150": {"K52A-U160": 30.639591145214627}, "K51-U230": {"K51-U240": 47.134556385827786}, "K52A-U050": {"K52A-U060": 47.8728263951838}, "K52A-U020": {"K52A-U030": 93.14911760464311}, "K52A-D030": {"K52A-D040": 24.719070404744706}, "K51A-U140": {"K51A-U150": 50.155488088540736}, "K53-U060": {"K53-U070": 73.52589489959533}, "K52A-U170": {"K52A-U180": 250.3409382532092}, "K53-U040": {"K53-U050": 82.3514096762243}, "K51-U070": {"K51-U080": 193.27107724475536}, "K52-nU030": {"K52-nU040": 114.14123233281339}, "K52-nU280": {"K52-nU290": 36.227597410022284}, "K54-U010": {"K54-U020": 76.6939515596627}, "K54-U070": {"K54-D010": 130.65430740306232}, "K51A-U170": {"K51A-U180": 76.54198661100295}, "K51-D240": {"K51-D250": 103.35172273752217}, "K51-D050": {"K51-D060": 52.87014068514109}, "K53-U080": {"K53-U090": 99.48806702894646}, "K51-D010": {"K51-D020": 67.4604911738496}, "K51-D170": {"K51-D180": 97.01683097499284}, "K51-U050": {"K51-U060": 231.6529076435823}, "K53-U130": {"K53-U140": 54.49974502361154}, "K51A-D230": {"K51A-D240": 151.93419497252995}, "K52-nD030": {"K52-nD040": 29.774313779962306}, "K51A-U150": {"K51A-U160": 140.20050246907954}, "K53-U120": {"K53-U130": 71.99745537875191},