{"K53-U100": {"K53-U110": 68.0143383585739}, "K53-D010": {"K53-D015": 84.749477295205}, "K51-D150": {"K51-D160": 145.63041689246893}, "K52-nU290": {"K52-nU300": 22.978001428502466}, "K52-nU260": {"K52-nU270": 65.67102560075}, "K52-nD110": {"K52-nD120": 142.82795564511025}, "K51-D130": {"K51-D140": 54.34697713717469}, "K51-U080": {"K51-U090": 145.16675028827422}, "K54-D030": {"K54-D040": 111.68503862910492}, "K52-nD240": {"K52-nD250": 143.76828539464623}, "K53-U010": {"K53-U020": 177.18067865360211}, "K58-D070": {"K58-D080": 109.83984375}, "K52-nD250": {"K52-nD260": 157.47896775603294}, "K52-nD130": {"K52-nD140": 72.1778776218064}, "K58-D020": {"K58-D030": 91.64892578125}, "K53-D030": {"K53-D040": 57.84542823454399}, "K52A-U100": {"K52A-U110": 66.8208496272564}, "K58-U140": {"K58-U150": 218.6314239501953}, "K52A-U010": {"K52A-U015": 229.72616654634476}, "K52-nD210": {"K52-nD220": 168.66774524103676}, "K53-U030": {"K53-U040": 155.74271307227366}, "K54-U050": {"K54-U060": 317.19869666985664}, "K51-D040": {"K51-D050": 38.55267341634317}, "K58-D200": {"K58-D210": 49.92997932434082}, "K53-U110": {"K53-U120": 74.29409252161281}, "K58-U010": {"K58-U020": 37.541015625}, "K51A-D250": {"K51A-D260": 78.4333966556078}, "K58-D140": {"K58-D150": 49.43701171875}, "K51A-D210": {"K51A-D220": 69.9468876235187}, "K54-U040": {"K54-U050": 150.94445856050433}, "K51A-U240": {"K51A-U250": 72.70686623454094}, "K54-U030": {"K54-U040": 113.66407690302232}, "K51-D250": {"K51-D260": 136.94311353810917}, "K51-D190": {"K51-D200": 144.82020126795078}, "K51A-U100": {"K51A-U110": 156.26528391242027}, "K51A-U090": {"K51A-U100": 133.76632689102553}, "K52-nD120": {"K52-nD130": 36.90494909998961}, "K58-D060": {"K58-D070": 132.23751831054688}, "K52A-D060": {"K52A-D070": 117.58880288054391}, "K51A-D190": {"K51A-D200": 188.53222030075267}, "K58-U180": {"K58-U190": 84.06058073043823}, "K58-D050": {"K58-D060": 182.48828125}, "K58-U130": {"K58-U140": 71.29736328125}, "K54-U060": {"K54-U070": 182.96264906541154}, "K51A-U230": {"K51A-U240": 30.773023351532174}, "K53-U070": {"K53-U080": 52.73046213490183}, "K58-D170": {"K58-D180": 129.19933319091797}, "K51A-D170": {"K51A-D180": 155.7608904588269}, "K51A-D010": {"K51A-D020": 44.81474773181981}, "K52-nU010": {"K52-nU020": 32.615664169192314}, "K51-D270": {"K51-D280": 91.27963568710584}, "K51A-U190": {"K51A-U200": 63.12815607853008}, "K53-D040": {"K53-D050": 68.70090210009948}, "K52-nU040": {"K52-nU050": 49.07796451804791}, "K51-D220": {"K51-D230": 249.25189908966422}, "K52-nU170": {"K52-nU180": 115.00702273845673}, "K52-nD290": {"K52-nD300": 90.06924964115024}, "K52-nD010": {"K52-nD020": 8.385618435102515}, "K52A-U030": {"K52A-U040": 42.605260852724314}, "K54-D020": {"K54-D030": 120.76149002212348}, "K51A-D140": {"K51A-D150": 74.75061400374398}, "K51A-U030": {"K51A-U040": 51.37553781084716}, "K53-D015": {"K53-D020": 43.72695779813216}, "K51A-D090": {"K51A-D100": 81.14231404755265}, "K51-U020": {"K51-U030": 81.12985956803277}, "K51-U130": {"K51-U140": 76.11525318406166}, "K58-U170": {"K58-U180": 159.0615234375}, "K51-U170": {"K51-U180": 64.26715149240867}, "K51-D030": {"K51-D040": 39.411571340021055}, "K52-nD140": {"K52-nD150": 109.30418846166049}, "K58-D180": {"K58-D190": 262.42578125}, "K58-D160": {"K58-D170": 189.45925903320312}, "K51-D020": {"K51-D030": 57.660346920741176}, "K52A-U130": {"K52A-U140": 64.19015235081315}, "K52-nD020": {"K52-nD030": 22.55571615691224}, "K52A-U040": {"K52A-U050": 104.08903906773776}, "K58-D010": {"K58-D020": 26.98168849106878}, "K52-nU200": {"K52-nU210": 67.22328089518123}, "K51-U040": {"K51-U050": 101.61904863251871}, "K51A-U210": {"K51A-U220": 73.5508074760437}, "K52-nU250": {"K52-nU260": 60.60251725628041}, "K52-nU060": {"K52-nU070": 124.21741837263107}, "K51-U030": {"K51-U040": 50.70077405786202}, "K58-U070": {"K58-U080": 108.32211303710938}, "K52-nU190": {"K52-nU200": 117.09549686312675}, "K52A-D140": {"K52A-D150": 92.76509215310216}, "K51-D260": {"K51-D270": 41.22674348052897}, "K51-D060": {"K51-D070": 45.33809077186743}, "K53-D060": {"K53-D070": 116.41060345154256}, "K52-nU080": {"K52-nU090": 84.05240361415781}, "K58-U060": {"K58-U070": 175.6712646484375}, "K52-nD280": {"K52-nD290": 84.92367523820468}, "K51-D210": {"K51-D220": 182.0976686188951}, "K52A-U060": {"K52A-U070": 121.51236352790147}, "K51-D140": {"K51-D150": 54.42287743091583}, "K52-nD150": {"K52-nD160": 101.16286430079583}, "K51A-D160": {"K51A-D170": 164.93423072597943}, "K58-D030": {"K58-D040": 76.60357666015625}, "K51-U220": {"K51-U230": 59.54775074197683}, "K58-U120": {"K58-U130": 108.654052734375}, "K51A-D020": {"K51A-D030": 100.3032749251106}, "K51A-U010": {"K51A-U020": 48.25801033526659}, "K54-D040": {"K54-D050": 142.83322393668817}, "K51A-D240": {"K51A-D250": 51.0115387737751}, "K51-U140": {"K51-U150": 42.919760852535546}, "K51-D200": {"K51-D210": 111.5246416276641}, "K51A-D040": {"K51A-D050": 86.37318973887704}, "K51A-U070": {"K51A-U080": 203.16846710816026}, "K52-nU210": {"K52-nU220": 69.2227751496248}, "K58-U190": {"K58-U200": 92.17578125}, "K54-D060": {"K54-D070": 130.65453088220755}, "K52A-U140": {"K52A-U150": 145.7886168361271}, "K52-nD100": {"K52-nD110": 52.827090592705645}, "K52A-U110": {"K52A-U120": 48.331851959228516}, "K53-U050": {"K53-U060": 116.2410325986889}, "K51A-U110": {"K51A-U120": 114.45166241838888}, "K52A-U080": {"K52A-U090": 61.74530087411404}, "K51A-D050": {"K51A-D060": 80.47023469209671}, "K52A-D130": {"K52A-D140": 69.86636501550674}, "K51A-U080": {"K51A-U090": 154.6079254475262}, "K52-nU120": {"K52-nU130": 159.77981741540134}, "K52-nU130": {"K52-nU140": 384.50310611724854}, "K53-D130": {"K53-D140": 88.86025884747505}, "K52-nU150": {"K52-nU160": 71.61595714837313}, "K54-U020": {"K54-U030": 108.01872790482986}, "K52-nD260": {"K52-nD270": 41.54273142580348}, "K52-nU050": {"K52-nU060": 247.99872160918312}, "K51A-U060": {"K51A-U070": 287.68262095190585}, "K52A-D170": {"K52A-D180": 101.89890157151967}, "K51A-D110": {"K51A-D120": 55.05034989218257}, "K51-U110": {"K51-U120": 113.28305708688252}, "K51-U240": {"K51-U250": 88.83409893271528}, "K53-D070": {"K53-D080": 64.17728474567411}, "K52A-D080": {"K52A-D090": 50.38306546211243}, "K51A-U130": {"K51A-U140": 75.13546977136866}, "K54-D050": {"K54-D060": 79.45065334728136}, "K52-nD180": {"K52-nD190": 137.9223690207582}, "K51A-U020": {"K51A-U030": 106.23942913371138}, "K51A-D060": {"K51A-D070": 73.85800069649122}, "K51-U150": {"K51-U160": 65.37069543947887}, "K53-D160": {"K53-U011": 118.46081266086549}, "K51-U160": {"K51-U170": 109.41969607824176}, "K53-U090": {"K53-U100": 99.27036384689379}, "K52-nD160": {"K52-nD170": 116.2025202691575}, "K51A-D150": {"K51A-D160": 115.49608194408938}, "K52-nU070": {"K52-nU080": 92.45582870216458}, "K52A-U120": {"K52A-U130": 67.58566999435425}, "K52A-U150": {"K52A-U160": 34.5848622508347}, "K51-U230": {"K51-U240": 44.40581131613024}, "K52A-U050": {"K52A-U060": 47.451423197984695}, "K52A-U020": {"K52A-U030": 82.33137245476246}, "K52A-D030": {"K52A-D040": 24.687856005271897}, "K51A-U140": {"K51A-U150": 50.710479121655226}, "K53-U060": {"K53-U070": 77.27494846650825}, "K52A-U170": {"K52A-U180": 250.3409382532092}, "K53-U040": {"K53-U050": 113.1926110514514}, "K51-U070": {"K51-U080": 196.16471501338185}, "K52-nU030": {"K52-nU040": 113.43362016396713}, "K52-nU280": {"K52-nU290": 36.14177490002476}, "K54-U010": {"K54-U020": 75.43697723415147}, "K54-U070": {"K54-D010": 128.3263054358794}, "K51A-U170": {"K51A-U180": 72.99275723891333}, "K51-D240": {"K51-D250": 104.2280002287589}, "K51-D050": {"K51-D060": 53.18904520571232}, "K53-U080": {"K53-U090": 82.91956667561834}, "K51-D010": {"K51-D020": 72.16870006543104}, "K51-D170": {"K51-D180": 94.22674314813048}, "K51-U050": {"K51-U060": 230.67312809684947}, "K53-U130": {"K53-U140": 58.62900005830008}, "K51A-D230": {"K51A-D240": 150.0686463319107}, "K52-nD030": {"K52-nD040": 35.565132550676935}, "K51A-U150": {"K51A-U160": 115.2292408751091}, "K53-U120": {"K53-U130": 67.63058225021851},