{"K53-U100": {"K53-U110": 68.63325433467458}, "K53-D010": {"K53-D015": 90.71798572861937}, "K51-D150": {"K51-D160": 137.28511766646895}, "K52-nU290": {"K52-nU300": 31.87913931542413}, "K52-nU260": {"K52-nU270": 62.14314367646133}, "K52-nD110": {"K52-nD120": 135.25768522303835}, "K51-D130": {"K51-D140": 55.956812728026804}, "K51-U080": {"K51-U090": 130.64834427935284}, "K54-D030": {"K54-D040": 86.36907544352744}, "K52-nD240": {"K52-nD250": 138.58390683630336}, "K53-U010": {"K53-U020": 192.45366791409205}, "K58-D070": {"K58-D080": 113.20739421200783}, "K52-nD250": {"K52-nD260": 154.23129970057352}, "K52-nD130": {"K52-nD140": 77.31265042007246}, "K58-D020": {"K58-D030": 83.88483997640722}, "K53-D030": {"K53-D040": 67.82178108623839}, "K52A-U100": {"K52A-U110": 71.32019876503442}, "K58-U140": {"K58-U150": 137.10818301716535}, "K52A-U010": {"K52A-U015": 254.32844322138354}, "K52-nD210": {"K52-nD220": 137.347215062399}, "K53-U030": {"K53-U040": 153.2181450656787}, "K54-U050": {"K54-U060": 287.6239309225866}, "K51-D040": {"K51-D050": 44.00057785279641}, "K58-D200": {"K58-D210": 64.97986204739001}, "K53-U110": {"K53-U120": 83.439985363714}, "K58-U010": {"K58-U020": 37.71633674432485}, "K51A-D250": {"K51A-D260": 82.48737861424463}, "K58-D140": {"K58-D150": 41.64626712412246}, "K51A-D210": {"K51A-D220": 72.88307424576234}, "K54-U040": {"K54-U050": 131.7381151239974}, "K51A-U240": {"K51A-U250": 60.95780234852327}, "K54-U030": {"K54-U040": 100.37807275591639}, "K51-D250": {"K51-D260": 137.35906038588033}, "K51-D190": {"K51-D200": 140.40592423937204}, "K51A-U100": {"K51A-U110": 163.73498168536764}, "K51A-U090": {"K51A-U100": 132.04116672836483}, "K52-nD120": {"K52-nD130": 34.21180972554389}, "K58-D060": {"K58-D070": 147.60057222693524}, "K52A-D060": {"K52A-D070": 117.58880288054391}, "K51A-D190": {"K51A-D200": 179.0049518706187}, "K58-U180": {"K58-U190": 87.43944296071547}, "K58-D050": {"K58-D060": 162.71507964725896}, "K58-U130": {"K58-U140": 72.58785581883168}, "K54-U060": {"K54-U070": 186.06983912822088}, "K51A-U230": {"K51A-U240": 34.68515049538153}, "K53-U070": {"K53-U080": 54.447270513641705}, "K58-D170": {"K58-D180": 139.01635349053376}, "K51A-D170": {"K51A-D180": 146.3929142276482}, "K51A-D010": {"K51A-D020": 48.61286588199101}, "K52-nU010": {"K52-nU020": 39.383921240161236}, "K51-D270": {"K51-D280": 97.57730147737333}, "K51A-U190": {"K51A-U200": 66.15151307508174}, "K53-D040": {"K53-D050": 62.137702456195676}, "K52-nU040": {"K52-nU050": 52.436848981350536}, "K51-D220": {"K51-D230": 243.49785011800049}, "K52-nU170": {"K52-nU180": 109.91155699488436}, "K52-nD290": {"K52-nD300": 95.45799722177648}, "K52-nD010": {"K52-nD020": 14.64385634697383}, "K52A-U030": {"K52A-U040": 41.044597861294754}, "K54-D020": {"K54-D030": 120.76149002212348}, "K51A-D140": {"K51A-D150": 65.40457094268872}, "K51A-U030": {"K51A-U040": 63.32783450279142}, "K53-D015": {"K53-D020": 44.66645674950128}, "K51A-D090": {"K51A-D100": 79.36455951860982}, "K51-U020": {"K51-U030": 91.82295158579429}, "K51-U130": {"K51-U140": 74.02428807654783}, "K58-U170": {"K58-U180": 148.810819564258}, "K51-U170": {"K51-U180": 67.93159131248036}, "K51-D030": {"K51-D040": 37.0479246557305}, "K52-nD140": {"K52-nD150": 108.12528590508421}, "K58-D180": {"K58-D190": 269.3526827192785}, "K58-D160": {"K58-D170": 195.72480431691062}, "K51-D020": {"K51-D030": 54.609331053619734}, "K52A-U130": {"K52A-U140": 55.06991514236349}, "K52-nD020": {"K52-nD030": 21.74647043739551}, "K52A-U040": {"K52A-U050": 119.06909392246507}, "K58-D010": {"K58-D020": 28.878403389666538}, "K52-nU200": {"K52-nU210": 79.5512593570809}, "K51-U040": {"K51-U050": 111.25195153767159}, "K51A-U210": {"K51A-U220": 71.63533388855328}, "K52-nU250": {"K52-nU260": 67.48911479122602}, "K52-nU060": {"K52-nU070": 137.3142411784351}, "K51-U030": {"K51-U040": 58.69126952269306}, "K58-U070": {"K58-U080": 106.47387573406232}, "K52-nU190": {"K52-nU200": 114.20884511976082}, "K52A-D140": {"K52A-D150": 99.44129490773605}, "K51-D260": {"K51-D270": 40.5515788335504}, "K51-D060": {"K51-D070": 50.62013809850784}, "K53-D060": {"K53-D070": 125.07755478860058}, "K52-nU080": {"K52-nU090": 74.83760648713215}, "K58-U060": {"K58-U070": 156.1001884042687}, "K52-nD280": {"K52-nD290": 90.2298415406167}, "K51-D210": {"K51-D220": 174.48834970842194}, "K52A-U060": {"K52A-U070": 116.19297629743305}, "K51-D140": {"K51-D150": 44.0446046492266}, "K52-nD150": {"K52-nD160": 88.46526331498066}, "K51A-D160": {"K51A-D170": 170.16886561316963}, "K58-D030": {"K58-D040": 43.81304800169652}, "K51-U220": {"K51-U230": 60.4626583570364}, "K58-U120": {"K58-U130": 108.43332356234491}, "K51A-D020": {"K51A-D030": 101.98836937143496}, "K51A-U010": {"K51A-U020": 48.26037438160524}, "K54-D040": {"K54-D050": 141.88154294327438}, "K51A-D240": {"K51A-D250": 42.02835464521823}, "K51-U140": {"K51-U150": 58.78526725246691}, "K51-D200": {"K51-D210": 115.38259075639886}, "K51A-D040": {"K51A-D050": 93.12790766191542}, "K51A-U070": {"K51A-U080": 192.6736031046167}, "K52-nU210": {"K52-nU220": 68.74437304328066}, "K58-U190": {"K58-U200": 102.69415187772093}, "K54-D060": {"K54-D070": 127.9521134244055}, "K52A-U140": {"K52A-U150": 145.78861683612712}, "K52-nD100": {"K52-nD110": 54.44776681105136}, "K52A-U110": {"K52A-U120": 50.13573259299923}, "K53-U050": {"K53-U060": 115.33336783119861}, "K51A-U110": {"K51A-U120": 112.50888462513649}, "K52A-U080": {"K52A-U090": 65.12539241417345}, "K51A-D050": {"K51A-D060": 68.19922186929657}, "K52A-D130": {"K52A-D140": 74.8503114104283}, "K51A-U080": {"K51A-U090": 141.6439013305737}, "K52-nU120": {"K52-nU130": 142.88512956740846, "K52-nU140": 105.30848023630001}, "K52-nU130": {"K52-nU140": 328.31723641397036}, "K53-D130": {"K53-D140": 92.97419053610017}, "K52-nU150": {"K52-nU160": 71.93552530211274}, "K54-U020": {"K54-U030": 136.01503216731726}, "K52-nD260": {"K52-nD270": 38.589519255429096}, "K52-nU050": {"K52-nU060": 223.7365527263637}, "K51A-U060": {"K51A-U070": 292.36349507975535}, "K52A-D170": {"K52A-D180": 105.47453255293722}, "K51A-D110": {"K51A-D120": 57.096594715452696}, "K51-U110": {"K51-U120": 99.10355270257057}, "K51-U240": {"K51-U250": 96.84916638935974}, "K53-D070": {"K53-D080": 75.40030533803667}, "K52A-D080": {"K52A-D090": 54.69663671585347}, "K51A-U130": {"K51A-U140": 77.85926276985492}, "K54-D050": {"K54-D060": 77.81050848381821}, "K52-nD180": {"K52-nD190": 168.83202924849073}, "K51A-U020": {"K51A-U030": 106.21148093578708}, "K51A-D060": {"K51A-D070": 71.64736152731064}, "K51-U150": {"K51-U160": 93.48040418328534}, "K53-D160": {"K53-U011": 138.0330821995475}, "K51-U160": {"K51-U170": 88.99409102418028}, "K53-U090": {"K53-U100": 95.23596268426299}, "K52-nD160": {"K52-nD170": 126.07536286464065}, "K51A-D150": {"K51A-D160": 114.93023812144745}, "K52-nU070": {"K52-nU080": 90.4601807929586}, "K52A-U120": {"K52A-U130": 62.62276650717475}, "K52A-U150": {"K52A-U160": 32.09545080057739}, "K51-U230": {"K51-U240": 45.39175451811248}, "K52A-U050": {"K52A-U060": 48.72390911569911}, "K52A-U020": {"K52A-U030": 79.84106232728557}, "K52A-D030": {"K52A-D040": 25.884682519042666}, "K51A-U140": {"K51A-U150": 51.51477877847626}, "K53-U060": {"K53-U070": 72.08179860955815}, "K52A-U170": {"K52A-U180": 250.3409382532092}, "K53-U040": {"K53-U050": 105.5760120862224}, "K51-U070": {"K51-U080": 177.40947334433213}, "K52-nU030": {"K52-nU040": 112.2011834357229}, "K52-nU280": {"K52-nU290": 34.035658160815316}, "K54-U010": {"K54-U020": 76.6293515064057}, "K54-U070": {"K54-D010": 136.97688521488425}, "K51A-U170": {"K51A-U180": 70.34578195024397}, "K51-D240": {"K51-D250": 107.43360266514256}, "K51-D050": {"K51-D060": 53.195301101953646}, "K53-U080": {"K53-U090": 89.348392705799}, "K51-D010": {"K51-D020": 75.95530404744976}, "K51-D170": {"K51-D180": 97.33515527127989}, "K51-U050": {"K51-U060": 225.9030383561232}, "K53-U130": {"K53-U140": 57.68184116002952}, "K51A-D230": {"K51A-D240": 153.8752159912825}, "K52-nD030": {"K52-nD040": 27.473229366282613}, "K51A-U150": {"K51A-U160": 130.7006779601101},