{"K53-U100": {"K53-U110": 77.50358458964348}, "K53-D010": {"K53-D015": 84.7745295656845}, "K51-D150": {"K51-D160": 141.46737520322205}, "K52-nU290": {"K52-nU300": 33.24450035712562}, "K52-nU260": {"K52-nU270": 65.67102560075}, "K52-nD110": {"K52-nD120": 142.82795564511025}, "K51-D130": {"K51-D140": 55.173488568587345}, "K51-U080": {"K51-U090": 124.89584378603428}, "K54-D030": {"K54-D040": 107.1582673830972}, "K52-nD240": {"K52-nD250": 143.76828539464623}, "K53-U010": {"K53-U020": 177.18067865360211}, "K58-D070": {"K58-D080": 115.919921875}, "K52-nD250": {"K52-nD260": 157.23107098042965}, "K52-nD130": {"K52-nD140": 72.1778776218064}, "K58-D020": {"K58-D030": 94.324462890625}, "K53-D030": {"K53-D040": 76.0326106763862}, "K52A-U100": {"K52A-U110": 66.8208496272564}, "K58-U140": {"K58-U150": 180.81571197509766}, "K52A-U010": {"K52A-U015": 258.8630832731724}, "K52-nD210": {"K52-nD220": 167.9169363102592}, "K53-U030": {"K53-U040": 140.8603993971354}, "K54-U050": {"K54-U060": 312.5993483349283}, "K51-D040": {"K51-D050": 41.69870303735443}, "K58-D200": {"K58-D210": 56.46498966217041}, "K53-U110": {"K53-U120": 81.5808807826008}, "K58-U010": {"K58-U020": 37.541015625}, "K51A-D250": {"K51A-D260": 95.60834916390195}, "K58-D140": {"K58-D150": 36.777313232421875}, "K51A-D210": {"K51A-D220": 69.9468876235187}, "K54-U040": {"K54-U050": 151.47222928025218}, "K51A-U240": {"K51A-U250": 68.17671655863523}, "K54-U030": {"K54-U040": 111.99766921272007}, "K51-D250": {"K51-D260": 136.94311353810917}, "K51-D190": {"K51-D200": 140.7050503169877}, "K51A-U100": {"K51A-U110": 163.41937776058913}, "K51A-U090": {"K51A-U100": 141.94158172275638}, "K52-nD120": {"K52-nD130": 36.87535394694621}, "K58-D060": {"K58-D070": 142.61875915527344}, "K52A-D060": {"K52A-D070": 117.58880288054391}, "K51A-D190": {"K51A-D200": 188.53222030075267}, "K58-U180": {"K58-U190": 94.88257259130478}, "K58-D050": {"K58-D060": 164.43603515625}, "K58-U130": {"K58-U140": 67.648681640625}, "K54-U060": {"K54-U070": 204.89159603971763}, "K51A-U230": {"K51A-U240": 36.943255837883044}, "K53-U070": {"K53-U080": 57.90083716463524}, "K58-D170": {"K58-D180": 129.19933319091797}, "K51A-D170": {"K51A-D180": 128.94022261470673}, "K51A-D010": {"K51A-D020": 54.70368693295495}, "K52-nU010": {"K52-nU020": 24.807832084596157}, "K51-D270": {"K51-D280": 103.63981784355292}, "K51A-U190": {"K51A-U200": 63.06407803926504}, "K53-D040": {"K53-D050": 66.53081189008954}, "K52-nU040": {"K52-nU050": 48.7007878149047}, "K51-D220": {"K51-D230": 238.06297477241606}, "K52-nU170": {"K52-nU180": 104.16329005807638}, "K52-nD290": {"K52-nD300": 90.46232467703521}, "K52-nD010": {"K52-nD020": 10.692809217551257}, "K52A-U030": {"K52A-U040": 42.605260852724314}, "K54-D020": {"K54-D030": 120.76149002212348}, "K51A-D140": {"K51A-D150": 74.75061400374398}, "K51A-U030": {"K51A-U040": 63.59388445271179}, "K53-D015": {"K53-D020": 44.68173944953304}, "K51A-D090": {"K51A-D100": 81.14231404755265}, "K51-U020": {"K51-U030": 102.8912324460041}, "K51-U130": {"K51-U140": 82.05762659203083}, "K58-U170": {"K58-U180": 159.0615234375}, "K51-U170": {"K51-U180": 64.26715149240867}, "K51-D030": {"K51-D040": 39.411571340021055}, "K52-nD140": {"K52-nD150": 98.15209423083024}, "K58-D180": {"K58-D190": 262.42578125}, "K58-D160": {"K58-D170": 189.45925903320312}, "K51-D020": {"K51-D030": 58.415086730185294}, "K52A-U130": {"K52A-U140": 76.54753808770329}, "K52-nD020": {"K52-nD030": 22.55571615691224}, "K52A-U040": {"K52A-U050": 104.08903906773776}, "K58-D010": {"K58-D020": 28.245422122767195}, "K52-nU200": {"K52-nU210": 67.22328089518123}, "K51-U040": {"K51-U050": 101.98728645310615}, "K51A-U210": {"K51A-U220": 73.27540373802185}, "K52-nU250": {"K52-nU260": 60.60251725628041}, "K52-nU060": {"K52-nU070": 144.10870918631554}, "K51-U030": {"K51-U040": 50.70077405786202}, "K58-U070": {"K58-U080": 108.32211303710938}, "K52-nU190": {"K52-nU200": 115.24297358840704}, "K52A-D140": {"K52A-D150": 92.76509215310216}, "K51-D260": {"K51-D270": 28.113371740264483}, "K51-D060": {"K51-D070": 44.14385352521262}, "K53-D060": {"K53-D070": 116.41060345154256}, "K52-nU080": {"K52-nU090": 84.5262018070789}, "K58-U060": {"K58-U070": 142.41781616210938}, "K52-nD280": {"K52-nD290": 86.03130771438421}, "K51-D210": {"K51-D220": 182.0976686188951}, "K52A-U060": {"K52A-U070": 121.51236352790147}, "K51-D140": {"K51-D150": 52.990294843912125}, "K52-nD150": {"K52-nD160": 94.27328893535812}, "K51A-D160": {"K51A-D170": 164.93423072597943}, "K58-D030": {"K58-D040": 67.65089416503906}, "K51-U220": {"K51-U230": 58.1369376854942}, "K58-U120": {"K58-U130": 96.97837829589844}, "K51A-D020": {"K51A-D030": 100.3032749251106}, "K51A-U010": {"K51A-U020": 42.629005167633295}, "K54-D040": {"K54-D050": 156.70830598417206}, "K51A-D240": {"K51A-D250": 51.0115387737751}, "K51-U140": {"K51-U150": 46.45988042626777}, "K51-D200": {"K51-D210": 130.13116040691602}, "K51A-D040": {"K51A-D050": 86.37318973887704}, "K51A-U070": {"K51A-U080": 221.58423355408013}, "K52-nU210": {"K52-nU220": 70.6113875748124}, "K58-U190": {"K58-U200": 89.458203125}, "K54-D060": {"K54-D070": 135.33008500729406}, "K52A-U140": {"K52A-U150": 145.78861683612712}, "K52-nD100": {"K52-nD110": 52.827090592705645}, "K52A-U110": {"K52A-U120": 48.331851959228516}, "K53-U050": {"K53-U060": 104.9664136376543}, "K51A-U110": {"K51A-U120": 100.72583120919444}, "K52A-U080": {"K52A-U090": 59.37265043705702}, "K51A-D050": {"K51A-D060": 80.47023469209671}, "K52A-D130": {"K52A-D140": 69.86636501550674}, "K51A-U080": {"K51A-U090": 154.6079254475262}, "K52-nU120": {"K52-nU130": 159.77981741540134}, "K52-nU130": {"K52-nU140": 384.50310611724854}, "K53-D130": {"K53-D140": 96.24355824068189}, "K52-nU150": {"K52-nU160": 73.62718071676791}, "K54-U020": {"K54-U030": 108.01872790482986}, "K52-nD260": {"K52-nD270": 41.54273142580348}, "K52-nU050": {"K52-nU060": 245.49936080459156}, "K51A-U060": {"K51A-U070": 311.2926638094941}, "K52A-D170": {"K52A-D180": 166.23736269643996}, "K51A-D110": {"K51A-D120": 56.02517494609128}, "K51-U110": {"K51-U120": 114.6406743081687}, "K51-U240": {"K51-U250": 88.83409893271528}, "K53-D070": {"K53-D080": 70.52977813555336}, "K52A-D080": {"K52A-D090": 50.38306546211243}, "K51A-U130": {"K51A-U140": 76.89193372142108}, "K54-D050": {"K54-D060": 93.0513970031383}, "K52-nD180": {"K52-nD190": 137.23013211868238}, "K51A-U020": {"K51A-U030": 106.23942913371138}, "K51A-D060": {"K51A-D070": 71.42900034824561}, "K51-U150": {"K51-U160": 87.68534771973944}, "K53-D160": {"K53-U011": 118.41473139477894}, "K51-U160": {"K51-U170": 109.41969607824176}, "K53-U090": {"K53-U100": 99.27036384689379}, "K52-nD160": {"K52-nD170": 133.10126013457875}, "K51A-D150": {"K51A-D160": 124.87402048602235}, "K52-nU070": {"K52-nU080": 92.45582870216458}, "K52A-U120": {"K52A-U130": 67.58566999435425}, "K52A-U150": {"K52A-U160": 31.146215562708676}, "K51-U230": {"K51-U240": 46.20290565806512}, "K52A-U050": {"K52A-U060": 46.22571159899235}, "K52A-U020": {"K52A-U030": 93.16568622738123}, "K52A-D030": {"K52A-D040": 24.687856005271897}, "K51A-U140": {"K51A-U150": 49.8394312094897}, "K53-U060": {"K53-U070": 76.52372680992872}, "K52A-U170": {"K52A-U180": 250.3409382532092}, "K53-U040": {"K53-U050": 71.52407638143143}, "K51-U070": {"K51-U080": 195.24824351204364}, "K52-nU030": {"K52-nU040": 113.49025814757042}, "K52-nU280": {"K52-nU290": 36.14177490002476}, "K54-U010": {"K54-U020": 75.43697723415147}, "K54-U070": {"K54-D010": 128.3263054358794}, "K51A-U170": {"K51A-U180": 77.49637861945666}, "K51-D240": {"K51-D250": 102.87867004632366}, "K51-D050": {"K51-D060": 53.18904520571232}, "K53-U080": {"K53-U090": 106.51023781275178}, "K51-D010": {"K51-D020": 69.08435003271552}, "K51-D170": {"K51-D180": 95.61337157406524}, "K51-U050": {"K51-U060": 231.6529076435823}, "K53-U130": {"K53-U140": 55.81450002915004}, "K51A-D230": {"K51A-D240": 150.0686463319107}, "K52-nD030": {"K52-nD040": 27.00215482390231}, "K51A-U150": {"K51A-U160": 147.11462043755455}, "K53-U120": {"K53-U130": 76.5604702515748},