{"K53-U100": {"K53-U110": 62.28829128433701}, "K53-D010": {"K53-D015": 68.9832734465599}, "K51-D150": {"K51-D160": 147.34668111801147}, "K52-nU290": {"K52-nU300": 14.184182848315686}, "K52-nU260": {"K52-nU270": 60.47281922399998}, "K52-nD110": {"K52-nD120": 112.65316118579358}, "K51-D130": {"K51-D140": 48.41307355836034}, "K51-U080": {"K51-U090": 126.68807379819918}, "K54-D030": {"K54-D040": 63.345798509818906}, "K52-nD240": {"K52-nD250": 129.3405305147171}, "K53-U010": {"K53-U020": 193.59614378515727}, "K58-D070": {"K58-D080": 124.71875}, "K52-nD250": {"K52-nD260": 147.3078727722168}, "K52-nD130": {"K52-nD140": 73.76833559121906}, "K58-D020": {"K58-D030": 92.19140625}, "K53-D030": {"K53-D040": 71.85925608652178}, "K52A-U100": {"K52A-U110": 60.26718807220459}, "K58-U140": {"K58-U150": 129.102783203125}, "K52A-U010": {"K52A-U015": 263.9493179321289}, "K52-nD210": {"K52-nD220": 140.08450728654861}, "K53-U030": {"K53-U040": 145.20494485543088}, "K54-U050": {"K54-U060": 262.2371665438495}, "K51-D040": {"K51-D050": 43.750313341617584}, "K58-D200": {"K58-D210": 52.037353515625}, "K53-U110": {"K53-U120": 76.51816557172461}, "K58-U010": {"K58-U020": 28.1640625}, "K51A-D250": {"K51A-D260": 112.8990876711905}, "K58-D140": {"K58-D150": 37.9921875}, "K51A-D210": {"K51A-D220": 72.40323162078857}, "K54-U040": {"K54-U050": 120.07244242238897}, "K51A-U240": {"K51A-U250": 57.95775604248047}, "K54-U030": {"K54-U040": 118.05899477943343}, "K51-D250": {"K51-D260": 166.08981660974678}, "K51-D190": {"K51-D200": 159.88609838159755}, "K51A-U100": {"K51A-U110": 181.8253631591797}, "K51A-U090": {"K51A-U100": 136.08984205126762}, "K52-nD120": {"K52-nD130": 29.66696959733963}, "K58-D060": {"K58-D070": 147.80029296875}, "K52A-D060": {"K52A-D070": 117.58880288054391}, "K51A-D190": {"K51A-D200": 199.2483969926834}, "K58-U180": {"K58-U190": 62.75433349609375}, "K58-D050": {"K58-D060": 169.8125}, "K58-U130": {"K58-U140": 73.189453125}, "K54-U060": {"K54-U070": 197.01057192564076}, "K51A-U230": {"K51A-U240": 36.73674724902958}, "K53-U070": {"K53-U080": 52.184843933877985}, "K58-D170": {"K58-D180": 145.75732421875}, "K51A-D170": {"K51A-D180": 169.7879574596882}, "K51A-D010": {"K51A-D020": 46.14385483646765}, "K52-nU010": {"K52-nU020": 36.80501365661621}, "K51-D270": {"K51-D280": 90.69388719275594}, "K51A-U190": {"K51A-U200": 63.10099451296264}, "K53-D040": {"K53-D050": 58.857734406366944}, "K52-nU040": {"K52-nU050": 46.74132739380002}, "K51-D220": {"K51-D230": 243.12154173851013}, "K52-nU170": {"K52-nU180": 110.59564208984375}, "K52-nD290": {"K52-nD300": 92.9116325378418}, "K52-nD010": {"K52-nD020": 19.339789923280478}, "K52A-U030": {"K52A-U040": 44.47338914871216}, "K54-D020": {"K54-D030": 120.76149002212348}, "K51A-D140": {"K51A-D150": 48.00982405990362}, "K51A-U030": {"K51A-U040": 61.06883978843689}, "K53-D015": {"K53-D020": 47.05059816091671}, "K51A-D090": {"K51A-D100": 74.43239617347717}, "K51-U020": {"K51-U030": 114.48809883277863}, "K51-U130": {"K51-U140": 62.84405094498652}, "K58-U170": {"K58-U180": 164.4921875}, "K51-U170": {"K51-U180": 64.56312822648033}, "K51-D030": {"K51-D040": 33.449052181560546}, "K52-nD140": {"K52-nD150": 103.97796948067844}, "K58-D180": {"K58-D190": 281.40625}, "K58-D160": {"K58-D170": 207.8370361328125}, "K51-D020": {"K51-D030": 51.78098735585809}, "K52A-U130": {"K52A-U140": 49.35800361633301}, "K52-nD020": {"K52-nD030": 21.26333616953343}, "K52A-U040": {"K52A-U050": 132.69850033521652}, "K58-D010": {"K58-D020": 23.498029708862305}, "K52-nU200": {"K52-nU210": 76.28997729159892}, "K51-U040": {"K51-U050": 111.49279518658295}, "K51A-U210": {"K51A-U220": 68.81291961669922}, "K52-nU250": {"K52-nU260": 62.122208803892136}, "K52-nU060": {"K52-nU070": 120.65910339355469}, "K51-U030": {"K51-U040": 47.592635250708554}, "K58-U070": {"K58-U080": 102.3076171875}, "K52-nU190": {"K52-nU200": 112.05589962005615}, "K52A-D140": {"K52A-D150": 112.93179559707642}, "K51-D260": {"K51-D270": 37.18532406166196}, "K51-D060": {"K51-D070": 40.204950392246246}, "K53-D060": {"K53-D070": 109.1393104493618}, "K52-nU080": {"K52-nU090": 86.41532522439957}, "K58-U060": {"K58-U070": 166.48046875}, "K52-nD280": {"K52-nD290": 97.11521524509953}, "K51-D210": {"K51-D220": 146.12539580464363}, "K52A-U060": {"K52A-U070": 133.79126578569412}, "K51-D140": {"K51-D150": 54.76603889465332}, "K52-nD150": {"K52-nD160": 103.54608802986331}, "K51A-D160": {"K51A-D170": 164.30452680587769}, "K58-D030": {"K58-D040": 51.62890625}, "K51-U220": {"K51-U230": 62.896759784271126}, "K58-U120": {"K58-U130": 107.859375}, "K51A-D020": {"K51A-D030": 85.40959520707838}, "K51A-U010": {"K51A-U020": 44.10129165649414}, "K54-D040": {"K54-D050": 153.32782959412793}, "K51A-D240": {"K51A-D250": 41.90785217285156}, "K51-U140": {"K51-U150": 47.45877824909985}, "K51-D200": {"K51-D210": 108.46605345606804}, "K51A-D040": {"K51A-D050": 94.53657315252349}, "K51A-U070": {"K51A-U080": 182.12757968902588}, "K52-nU210": {"K52-nU220": 87.1217532157898}, "K58-U190": {"K58-U200": 94.8125}, "K54-D060": {"K54-D070": 133.67179270727416}, "K52A-U140": {"K52A-U150": 145.7886168361271}, "K52-nD100": {"K52-nD110": 45.93379793316126}, "K52A-U110": {"K52A-U120": 47.30963134765625}, "K53-U050": {"K53-U060": 104.94249025123261}, "K51A-U110": {"K51A-U120": 88.00463286042213}, "K52A-U080": {"K52A-U090": 60.59404754638672}, "K51A-D050": {"K51A-D060": 68.52375507354736}, "K52A-D130": {"K52A-D140": 72.89472198486328}, "K51A-U080": {"K51A-U090": 106.03131653368473}, "K52-nU120": {"K52-nU130": 135.26651668548584}, "K52-nU130": {"K52-nU140": 299.04969787597656}, "K53-D130": {"K53-D140": 98.52828311920166}, "K52-nU150": {"K52-nU160": 70.84251499176025}, "K54-U020": {"K54-U030": 109.70949818307881}, "K52-nD260": {"K52-nD270": 23.878490011382382}, "K52-nU050": {"K52-nU060": 223.38185560703278}, "K51A-U060": {"K51A-U070": 313.37548184394836}, "K52A-D170": {"K52A-D180": 93.60334777832031}, "K51A-D110": {"K51A-D120": 57.779144797474146}, "K51-U110": {"K51-U120": 82.46261424192562}, "K51-U240": {"K51-U250": 105.93845680356026}, "K53-D070": {"K53-D080": 64.83655593078583}, "K52A-D080": {"K52A-D090": 82.12904739379883}, "K51A-U130": {"K51A-U140": 73.68026147037745}, "K54-D050": {"K54-D060": 69.19384953946198}, "K52-nD180": {"K52-nD190": 106.5158086642623}, "K51A-U020": {"K51A-U030": 92.40346336364746}, "K51A-D060": {"K51A-D070": 70.59271320700645}, "K51-U150": {"K51-U160": 97.44901625329476}, "K53-D160": {"K53-U011": 130.68650128692389}, "K51-U160": {"K51-U170": 89.07513647823362}, "K53-U090": {"K53-U100": 101.42953372061854}, "K52-nD160": {"K52-nD170": 127.69037780864164}, "K51A-D150": {"K51A-D160": 102.99697768688202}, "K52-nU070": {"K52-nU080": 84.69214775413275}, "K52A-U120": {"K52A-U130": 61.37071990966797}, "K52A-U150": {"K52A-U160": 27.898944854736328}, "K51-U230": {"K51-U240": 47.101575434737}, "K52A-U050": {"K52A-U060": 54.445542335510254}, "K52A-U020": {"K52A-U030": 84.20783710479736}, "K52A-D030": {"K52A-D040": 29.09113734960556}, "K51A-U140": {"K51A-U150": 50.683832973241806}, "K53-U060": {"K53-U070": 61.511350542571606}, "K52A-U170": {"K52A-U180": 250.3409382532092}, "K53-U040": {"K53-U050": 85.21418702011357}, "K51-U070": {"K51-U080": 160.1670434257503}, "K52-nU030": {"K52-nU040": 119.10819160938263}, "K52-nU280": {"K52-nU290": 21.073593601584435}, "K54-U010": {"K54-U020": 67.68055523976972}, "K54-U070": {"K54-D010": 145.18826144794002}, "K51A-U170": {"K51A-U180": 81.16682529449463}, "K51-D240": {"K51-D250": 99.36805856227875}, "K51-D050": {"K51-D060": 54.04944658279419}, "K53-U080": {"K53-U090": 80.56806038273727}, "K51-D010": {"K51-D020": 68.497734002769}, "K51-D170": {"K51-D180": 106.04624592140317}, "K51-U050": {"K51-U060": 235.6415855869309}, "K53-U130": {"K53-U140": 64.29564150787073}, "K51A-D230": {"K51A-D240": 134.58768775314093}, "K52-nD030": {"K52-nD040": 28.565855145454407}, "K51A-U150": {"K51A-U160": 108.33570800349116}, "K53-U120": {"K53-U130": 59.40262066741428}, "K51A-D030": {"K51A-D040": 40.06009574607015},