{"K53-U100": {"K53-U110": 73.82936825602103}, "K53-D010": {"K53-D015": 102.08553759211021}, "K51-D150": {"K51-D160": 149.78762174265222}, "K52-nU290": {"K52-nU300": 33.464037627142545}, "K52-nU260": {"K52-nU270": 66.96112987826578}, "K52-nD110": {"K52-nD120": 160.54073666785487}, "K51-D130": {"K51-D140": 70.67160640506219}, "K51-U080": {"K51-U090": 149.87862547807464}, "K54-D030": {"K54-D040": 74.13637159326365}, "K52-nD240": {"K52-nD250": 148.82441306158515}, "K53-U010": {"K53-U020": 199.58685721394332}, "K58-D070": {"K58-D080": 105.15038537504896}, "K52-nD250": {"K52-nD260": 166.56694305510229}, "K52-nD130": {"K52-nD140": 83.45814851250972}, "K58-D020": {"K58-D030": 74.08108193704628}, "K53-D030": {"K53-D040": 75.8886118534983}, "K52A-U100": {"K52A-U110": 73.61226211531145}, "K58-U140": {"K58-U150": 118.69573258683883}, "K52A-U010": {"K52A-U015": 272.48497900060937}, "K52-nD210": {"K52-nD220": 162.54820819280798}, "K53-U030": {"K53-U040": 163.92203252356688}, "K54-U050": {"K54-U060": 344.48296164081046}, "K51-D040": {"K51-D050": 49.119200033757345}, "K58-D200": {"K58-D210": 65.36374791745668}, "K53-U110": {"K53-U120": 85.39924781275609}, "K58-U010": {"K58-U020": 45.3855227163334}, "K51A-D250": {"K51A-D260": 101.4736364475979}, "K58-D140": {"K58-D150": 40.998777803927446}, "K51A-D210": {"K51A-D220": 84.93047911250183}, "K54-U040": {"K54-U050": 140.57819742940777}, "K51A-U240": {"K51A-U250": 70.81556191054956}, "K54-U030": {"K54-U040": 125.75166508017682}, "K51-D250": {"K51-D260": 164.16109123447126}, "K51-D190": {"K51-D200": 160.10314805557016}, "K51A-U100": {"K51A-U110": 182.61289122898782}, "K51A-U090": {"K51A-U100": 177.49056596772317}, "K52-nD120": {"K52-nD130": 40.059823065876756}, "K58-D060": {"K58-D070": 141.32624867800882}, "K52A-D060": {"K52A-D070": 129.3352056253861}, "K51A-D190": {"K51A-D200": 187.4678086508315}, "K58-U180": {"K58-U190": 100.24479421005394}, "K58-D050": {"K58-D060": 180.56498045459395}, "K58-U130": {"K58-U140": 86.9494822260152}, "K54-U060": {"K54-U070": 207.02866031648583}, "K51A-U230": {"K51A-U240": 46.52956975639322}, "K53-U070": {"K53-U080": 53.192784755301844}, "K58-D170": {"K58-D180": 141.29032703569612}, "K51A-D170": {"K51A-D180": 153.31320018742758}, "K51A-D010": {"K51A-D020": 52.30270496900147}, "K52-nU010": {"K52-nU020": 41.127486699182555}, "K51-D270": {"K51-D280": 98.73964370868758}, "K51A-U190": {"K51A-U200": 65.65653882270304}, "K53-D040": {"K53-D050": 64.07022296507623}, "K52-nU040": {"K52-nU050": 47.959814273934676}, "K51-D220": {"K51-D230": 264.242367543383}, "K52-nU170": {"K52-nU180": 130.36664018603466}, "K52-nD290": {"K52-nD300": 98.48062995699698}, "K52-nD010": {"K52-nD020": 15.751095808552686}, "K52A-U030": {"K52A-U040": 39.08242183915165}, "K54-D020": {"K54-D030": 132.83608111648718}, "K51A-D140": {"K51A-D150": 80.0064935543836}, "K51A-U030": {"K51A-U040": 75.96566513227222}, "K53-D015": {"K53-D020": 48.20013345172391}, "K51A-D090": {"K51A-D100": 80.32734426866288}, "K51-U020": {"K51-U030": 104.47458021209256}, "K51-U130": {"K51-U140": 85.026125785554}, "K58-U170": {"K58-U180": 158.8530481409342}, "K51-U170": {"K51-U180": 76.19114998198108}, "K51-D030": {"K51-D040": 38.12772764697082}, "K52-nD140": {"K52-nD150": 109.58399100372466}, "K58-D180": {"K58-D190": 281.1520402282849}, "K58-D160": {"K58-D170": 214.50197553395515}, "K51-D020": {"K51-D030": 59.23197373633055}, "K52A-U130": {"K52A-U140": 64.59910872891851}, "K52-nD020": {"K52-nD030": 23.506857427639808}, "K52A-U040": {"K52A-U050": 126.86250133680024}, "K58-D010": {"K58-D020": 44.935199051482456}, "K52-nU200": {"K52-nU210": 87.05160332116839}, "K51-U040": {"K51-U050": 118.62985067575588}, "K51A-U210": {"K51A-U220": 74.87167743143054}, "K52-nU250": {"K52-nU260": 72.59430562264583}, "K52-nU060": {"K52-nU070": 127.24871533132871}, "K51-U030": {"K51-U040": 63.50502266100459}, "K58-U070": {"K58-U080": 120.82558449984167}, "K52-nU190": {"K52-nU200": 132.46536252561458}, "K52A-D140": {"K52A-D150": 102.00301020188692}, "K51-D260": {"K51-D270": 49.66647108668537}, "K51-D060": {"K51-D070": 52.76850963421216}, "K53-D060": {"K53-D070": 137.01437721813605}, "K52-nU080": {"K52-nU090": 91.24762297266041}, "K58-U060": {"K58-U070": 160.92646664515692}, "K52-nD280": {"K52-nD290": 83.81221399449386}, "K51-D210": {"K51-D220": 179.76947297680027}, "K52A-U060": {"K52A-U070": 131.44652693087204}, "K51-D140": {"K51-D150": 43.327820546828555}, "K52-nD150": {"K52-nD160": 97.9985728029856}, "K51A-D160": {"K51A-D170": 192.93672872691096}, "K58-D030": {"K58-D040": 37.99605336412871}, "K51-U220": {"K51-U230": 63.67560511592105}, "K58-U120": {"K58-U130": 120.91241388555363}, "K51A-D020": {"K51A-D030": 110.10619285274547}, "K51A-U010": {"K51A-U020": 62.355720035239166}, "K54-D040": {"K54-D050": 164.64596779170074}, "K51A-D240": {"K51A-D250": 43.02561579592088}, "K51-U140": {"K51-U150": 68.27353039032769}, "K51-D200": {"K51-D210": 115.50860883219548}, "K51A-D040": {"K51A-D050": 107.19067526000694}, "K51A-U070": {"K51A-U080": 190.98217915541395}, "K52-nU210": {"K52-nU220": 80.86081916319527}, "K58-U190": {"K58-U200": 117.58984656599714}, "K54-D060": {"K54-D070": 144.61377220308805}, "K52A-U140": {"K52A-U150": 160.36148517424215}, "K52-nD100": {"K52-nD110": 62.39029796485115}, "K52A-U110": {"K52A-U120": 63.96148425023987}, "K53-U050": {"K53-U060": 117.60231507092108}, "K51A-U110": {"K51A-U120": 117.81012314957434}, "K52A-U080": {"K52A-U090": 67.69543566980043}, "K51A-D050": {"K51A-D060": 86.57960118743574}, "K52A-D130": {"K52A-D140": 82.68283783190302}, "K51A-U080": {"K51A-U090": 163.41220528841785}, "K52-nU120": {"K52-nU130": 142.88512956740846, "K52-nU140": 112.5175153251499}, "K52-nU130": {"K52-nU140": 328.31723641397036}, "K53-D130": {"K53-D140": 103.96011097707802}, "K52-nU150": {"K52-nU160": 91.08696477575748}, "K54-U020": {"K54-U030": 133.07245549745272}, "K52-nD260": {"K52-nD270": 45.43350732936143}, "K52-nU050": {"K52-nU060": 251.17568861541622}, "K51A-U060": {"K51A-U070": 321.26065325148375}, "K52A-D170": {"K52A-D180": 100.69720989687366}, "K51A-D110": {"K51A-D120": 85.5675512810104}, "K51-U110": {"K51-U120": 111.91202483037648}, "K51-U240": {"K51-U250": 111.39628031911188}, "K53-D070": {"K53-D080": 72.99383243114943}, "K52A-D080": {"K52A-D090": 66.09142900390651}, "K51A-U130": {"K51A-U140": 97.55231045648871}, "K54-D050": {"K54-D060": 85.91421036596863}, "K52-nD180": {"K52-nD190": 136.60902159868039}, "K51A-U020": {"K51A-U030": 114.58896918447863}, "K51A-D060": {"K51A-D070": 73.69177521180121}, "K51-U150": {"K51-U160": 89.15877026298111}, "K53-D160": {"K53-U011": 152.38047254740027}, "K51-U160": {"K51-U170": 116.4819115040104}, "K53-U090": {"K53-U100": 125.35320558922157}, "K52-nD160": {"K52-nD170": 143.81707584526777}, "K51A-D150": {"K51A-D160": 119.44888879902312}, "K52-nU070": {"K52-nU080": 95.14453279576387}, "K52A-U120": {"K52A-U130": 63.232263687057014}, "K52A-U150": {"K52A-U160": 28.266197792691706}, "K51-U230": {"K51-U240": 53.73381062204866}, "K52A-U050": {"K52A-U060": 47.02920983955884}, "K52A-U020": {"K52A-U030": 82.97041273363294}, "K52A-D030": {"K52A-D040": 22.43662409954726}, "K51A-U140": {"K51A-U150": 56.80251827153334}, "K53-U060": {"K53-U070": 89.56605407602935}, "K52A-U170": {"K52A-U180": 275.35760337722826}, "K53-U040": {"K53-U050": 113.23544854408924}, "K51-U070": {"K51-U080": 183.28501463746}, "K52-nU030": {"K52-nU040": 124.86488999076134}, "K52-nU280": {"K52-nU290": 48.75372040355266}, "K54-U010": {"K54-U020": 88.26822603492658}, "K54-U070": {"K54-D010": 152.76246583501197}, "K51A-U170": {"K51A-U180": 79.76098548850322}, "K51-D240": {"K51-D250": 111.38842818219443}, "K51-D050": {"K51-D060": 57.59685004609953}, "K53-U080": {"K53-U090": 81.18478625843304}, "K51-D010": {"K51-D020": 81.13469241266291}, "K51-D170": {"K51-D180": 113.68810229652442}, "K51-U050": {"K51-U060": 245.53384555986267}, "K53-U130": {"K53-U140": 60.60606163236589}, "K51A-D230": {"K51A-D240": 152.84166876959472}, "K52-nD030": {"K52-nD040": 35.06800187295123},