{"K53-U100": {"K53-U110": 69.65735758208525}, "K53-D010": {"K53-D015": 103.55720688711047}, "K51-D150": {"K51-D160": 146.45990485688665}, "K52-nU290": {"K52-nU300": 34.42712694032896}, "K52-nU260": {"K52-nU270": 62.26542735891762}, "K52-nD110": {"K52-nD120": 151.8256270895399}, "K51-D130": {"K51-D140": 77.42983283228477}, "K51-U080": {"K51-U090": 191.12721280608557}, "K54-D030": {"K54-D040": 70.55936886902126}, "K52-nD240": {"K52-nD250": 157.26760396978577}, "K53-U010": {"K53-U020": 220.54038370542517}, "K58-D070": {"K58-D080": 97.98177049527986}, "K52-nD250": {"K52-nD260": 176.70154243461755}, "K52-nD130": {"K52-nD140": 90.11342901091443}, "K58-D020": {"K58-D030": 86.90439898810808}, "K53-D030": {"K53-D040": 85.745826756021}, "K52A-U100": {"K52A-U110": 73.6305005756207}, "K58-U140": {"K58-U150": 144.79152044600232}, "K52A-U010": {"K52A-U015": 332.68704375018524}, "K52-nD210": {"K52-nD220": 174.2543402208134}, "K53-U030": {"K53-U040": 175.1143408586691}, "K54-U050": {"K54-U060": 341.40123371336443}, "K51-D040": {"K51-D050": 52.50229817393695}, "K58-D200": {"K58-D210": 65.055211018892}, "K53-U110": {"K53-U120": 94.91095089465723}, "K58-U010": {"K58-U020": 48.33534329159647}, "K51A-D250": {"K51A-D260": 98.13954431718102}, "K58-D140": {"K58-D150": 47.01061478848593}, "K51A-D210": {"K51A-D220": 78.61884530476048}, "K54-U040": {"K54-U050": 158.37258152460586}, "K51A-U240": {"K51A-U250": 71.46906216181644}, "K54-U030": {"K54-U040": 125.82028199643564}, "K51-D250": {"K51-D260": 144.89596778953006}, "K51-D190": {"K51-D200": 159.5710749811064}, "K51A-U100": {"K51A-U110": 189.28341416265238}, "K51A-U090": {"K51A-U100": 163.3733353906675}, "K52-nD120": {"K52-nD130": 38.4727555038469}, "K58-D060": {"K58-D070": 174.1178002707367}, "K52A-D060": {"K52A-D070": 129.34768316859805}, "K51A-D190": {"K51A-D200": 178.54852284499967}, "K58-U180": {"K58-U190": 110.32924196918296}, "K58-D050": {"K58-D060": 183.31552548954178}, "K58-U130": {"K58-U140": 89.75162390653398}, "K54-U060": {"K54-U070": 204.58948801515825}, "K51A-U230": {"K51A-U240": 39.53097836344769}, "K53-U070": {"K53-U080": 59.07067288216674}, "K58-D170": {"K58-D180": 144.5691114313793}, "K51A-D170": {"K51A-D180": 167.00827804271867}, "K51A-D010": {"K51A-D020": 57.8324464736077}, "K52-nU010": {"K52-nU020": 36.31050134087184}, "K51-D270": {"K51-D280": 95.89965135490371}, "K51A-U190": {"K51A-U200": 71.33644316690996}, "K53-D040": {"K53-D050": 74.17279796963051}, "K52-nU040": {"K52-nU050": 55.011975245305564}, "K51-D220": {"K51-D230": 268.6434109514808}, "K52-nU170": {"K52-nU180": 125.40916842392855}, "K52-nD290": {"K52-nD300": 98.27840199279763}, "K52-nD010": {"K52-nD020": 15.497423987358086}, "K52A-U030": {"K52A-U040": 39.6963370889966}, "K54-D020": {"K54-D030": 132.83763902433572}, "K51A-D140": {"K51A-D150": 74.66998202666045}, "K51A-U030": {"K51A-U040": 67.56832462963705}, "K53-D015": {"K53-D020": 47.295712474138014}, "K51A-D090": {"K51A-D100": 85.86030591888236}, "K51-U020": {"K51-U030": 105.36140040620175}, "K51-U130": {"K51-U140": 84.76545479653109}, "K58-U170": {"K58-U180": 186.34642800991426}, "K51-U170": {"K51-U180": 74.83772681815846}, "K51-D030": {"K51-D040": 41.97971163372141}, "K52-nD140": {"K52-nD150": 113.76860268885238}, "K58-D180": {"K58-D190": 303.8928073915048}, "K58-D160": {"K58-D170": 214.53142967930117}, "K51-D020": {"K51-D030": 61.092263361345736}, "K52A-U130": {"K52A-U140": 57.379473176438395}, "K52-nD020": {"K52-nD030": 22.998049649572273}, "K52A-U040": {"K52A-U050": 125.35174110733915}, "K58-D010": {"K58-D020": 49.92310806779937}, "K52-nU200": {"K52-nU210": 82.60148293671801}, "K51-U040": {"K51-U050": 122.7300002001687}, "K51A-U210": {"K51A-U220": 79.01802711735182}, "K52-nU250": {"K52-nU260": 64.59222156412636}, "K52-nU060": {"K52-nU070": 165.97268410579125}, "K51-U030": {"K51-U040": 68.13885287779806}, "K58-U070": {"K58-U080": 130.52566905444434}, "K52-nU190": {"K52-nU200": 130.08894731701514}, "K52A-D140": {"K52A-D150": 111.15870622479031}, "K51-D260": {"K51-D270": 57.646407177746184}, "K51-D060": {"K51-D070": 55.75860858075208}, "K53-D060": {"K53-D070": 125.30155641392855}, "K52-nU080": {"K52-nU090": 82.83715255299195}, "K58-U060": {"K58-U070": 176.6991139805596}, "K52-nD280": {"K52-nD290": 96.39133649940264}, "K51-D210": {"K51-D220": 178.16127716584236}, "K52A-U060": {"K52A-U070": 137.90219329167974}, "K51-D140": {"K51-D150": 42.970206655745}, "K52-nD150": {"K52-nD160": 98.05298591705892}, "K51A-D160": {"K51A-D170": 188.04673518447518}, "K58-D030": {"K58-D040": 76.86403045840021}, "K51-U220": {"K51-U230": 58.19305832970819}, "K58-U120": {"K58-U130": 114.9069711939854}, "K51A-D020": {"K51A-D030": 99.93650695749184}, "K51A-U010": {"K51A-U020": 58.915641557727824}, "K54-D040": {"K54-D050": 162.12790935959626}, "K51A-D240": {"K51A-D250": 60.635932959514186}, "K51-U140": {"K51-U150": 60.7347589301112}, "K51-D200": {"K51-D210": 116.62418506446795}, "K51A-D040": {"K51A-D050": 107.41294958516539}, "K51A-U070": {"K51A-U080": 214.90651025081496}, "K52-nU210": {"K52-nU220": 75.89890613144391}, "K58-U190": {"K58-U200": 114.79178699292603}, "K54-D060": {"K54-D070": 146.84561157339266}, "K52A-U140": {"K52A-U150": 160.36747851973956}, "K52-nD100": {"K52-nD110": 61.87794375026939}, "K52A-U110": {"K52A-U120": 61.72138031169195}, "K53-U050": {"K53-U060": 115.02546579032506}, "K51A-U110": {"K51A-U120": 117.57265715040724}, "K52A-U080": {"K52A-U090": 69.2611645271411}, "K51A-D050": {"K51A-D060": 89.67599336231622}, "K52A-D130": {"K52A-D140": 84.8648864630982}, "K51A-U080": {"K51A-U090": 178.8847392958115}, "K52-nU120": {"K52-nU130": 142.88512956740846, "K52-nU140": 103.59325524556091}, "K52-nU130": {"K52-nU140": 328.31723641397036}, "K53-D130": {"K53-D140": 108.64803467937561}, "K52-nU150": {"K52-nU160": 90.19676966137283}, "K54-U020": {"K54-U030": 152.89225155283475}, "K52-nD260": {"K52-nD270": 48.918062602312304}, "K52-nU050": {"K52-nU060": 246.10536638760033}, "K51A-U060": {"K51A-U070": 307.3356842249367}, "K52A-D170": {"K52A-D180": 114.13962999676862}, "K51A-D110": {"K51A-D120": 79.082967382295}, "K51-U110": {"K51-U120": 104.82862325533031}, "K51-U240": {"K51-U250": 107.16908705830016}, "K53-D070": {"K53-D080": 77.4673096166572}, "K52A-D080": {"K52A-D090": 69.5719300893707}, "K51A-U130": {"K51A-U140": 87.42234541644198}, "K54-D050": {"K54-D060": 85.11211333063817}, "K52-nD180": {"K52-nD190": 149.59661539027715}, "K51A-U020": {"K51A-U030": 118.15666253229725}, "K51A-D060": {"K51A-D070": 75.30068291812452}, "K51-U150": {"K51-U160": 92.16541949899874}, "K53-D160": {"K53-U011": 154.44601521313388}, "K51-U160": {"K51-U170": 106.03054654267933}, "K53-U090": {"K53-U100": 97.32797524416299}, "K52-nD160": {"K52-nD170": 146.71352127942612}, "K51A-D150": {"K51A-D160": 117.81873788196211}, "K52-nU070": {"K52-nU080": 93.65123845634614}, "K52A-U120": {"K52A-U130": 70.92484811826651}, "K52A-U150": {"K52A-U160": 33.40486070429369}, "K51-U230": {"K51-U240": 46.753959010107295}, "K52A-U050": {"K52A-U060": 54.521239261939556}, "K52A-U020": {"K52A-U030": 92.58606947948208}, "K52A-D030": {"K52A-D040": 24.364759103203593}, "K51A-U140": {"K51A-U150": 64.52534977549678}, "K53-U060": {"K53-U070": 76.73721974474248}, "K52A-U170": {"K52A-U180": 275.3750320785299}, "K53-U040": {"K53-U050": 108.08885807782205}, "K51-U070": {"K51-U080": 183.66201349431273}, "K52-nU030": {"K52-nU040": 128.68523966129493}, "K52-nU280": {"K52-nU290": 45.317585596707524}, "K54-U010": {"K54-U020": 91.67164602353145}, "K54-U070": {"K54-D010": 157.2899374112661}, "K51A-U170": {"K51A-U180": 73.7782606649265}, "K51-D240": {"K51-D250": 124.31309606015225}, "K51-D050": {"K51-D060": 60.41927720012993}, "K53-U080": {"K53-U090": 80.75930306423012}, "K51-D010": {"K51-D020": 79.13212597693976}, "K51-D170": {"K51-D180": 104.60221175827903}, "K51-U050": {"K51-U060": 254.64391223352277}, "K53-U130": {"K53-U140": 58.91189433872457}, "K51A-D230": {"K51A-D240": 147.770497199749}, "K52-nD030": {"K52-nD040": 31.960745651939618},