{"K53-U100": {"K53-U110": 66.26276155908315}, "K53-D010": {"K53-D015": 92.44747475699197}, "K51-D150": {"K51-D160": 141.656242936}, "K52-nU290": {"K52-nU300": 30.442058075974096}, "K52-nU260": {"K52-nU270": 62.10888864098606}, "K52-nD110": {"K52-nD120": 142.74967338908397}, "K51-D130": {"K51-D140": 62.41129088134492}, "K51-U080": {"K51-U090": 141.4610881537266}, "K54-D030": {"K54-D040": 74.96819619203998}, "K52-nD240": {"K52-nD250": 138.05785141536248}, "K53-U010": {"K53-U020": 184.19114940994825}, "K58-D070": {"K58-D080": 98.56471307547194}, "K52-nD250": {"K52-nD260": 156.98587013229312}, "K52-nD130": {"K52-nD140": 75.56521674313129}, "K58-D020": {"K58-D030": 73.3400300919702}, "K53-D030": {"K53-D040": 67.40324633494119}, "K52A-U100": {"K52A-U110": 69.21890394150084}, "K58-U140": {"K58-U150": 114.10251681923683}, "K52A-U010": {"K52A-U015": 255.39290626011498}, "K52-nD210": {"K52-nD220": 155.69614983608935}, "K53-U030": {"K53-U040": 156.73114155574297}, "K54-U050": {"K54-U060": 298.59725577211645}, "K51-D040": {"K51-D050": 46.494346335162284}, "K58-D200": {"K58-D210": 64.96603858780168}, "K53-U110": {"K53-U120": 81.02370946832714}, "K58-U010": {"K58-U020": 40.713118835677776}, "K51A-D250": {"K51A-D260": 89.3065001532883}, "K58-D140": {"K58-D150": 38.88486427604663}, "K51A-D210": {"K51A-D220": 69.35788395984733}, "K54-U040": {"K54-U050": 128.71096042831442}, "K51A-U240": {"K51A-U250": 67.08063326419958}, "K54-U030": {"K54-U040": 104.7555227806553}, "K51-D250": {"K51-D260": 149.26626560359483}, "K51-D190": {"K51-D200": 140.47404791730082}, "K51A-U100": {"K51A-U110": 161.11611871313323}, "K51A-U090": {"K51A-U100": 138.54664035671112}, "K52-nD120": {"K52-nD130": 36.87867650029078}, "K58-D060": {"K58-D070": 146.09204481151517}, "K52A-D060": {"K52A-D070": 117.58880288054391}, "K51A-D190": {"K51A-D200": 166.75696193641417}, "K58-U180": {"K58-U190": 89.8482984811711}, "K58-D050": {"K58-D060": 171.66569610197294}, "K58-U130": {"K58-U140": 80.85872629032585}, "K54-U060": {"K54-U070": 189.34059300023367}, "K51A-U230": {"K51A-U240": 36.84877369848472}, "K53-U070": {"K53-U080": 58.90392182443769}, "K58-D170": {"K58-D180": 124.25006047368893}, "K51A-D170": {"K51A-D180": 136.79622144804873}, "K51A-D010": {"K51A-D020": 49.26796584518093}, "K52-nU010": {"K52-nU020": 47.54986804144405}, "K51-D270": {"K51-D280": 95.55420009177173}, "K51A-U190": {"K51A-U200": 66.7158322183187}, "K53-D040": {"K53-D050": 59.21692871241017}, "K52-nU040": {"K52-nU050": 49.50908102664246}, "K51-D220": {"K51-D230": 232.20347821196862}, "K52-nU170": {"K52-nU180": 111.47518712685114}, "K52-nD290": {"K52-nD300": 93.87710010819076}, "K52-nD010": {"K52-nD020": 14.450922741925904}, "K52A-U030": {"K52A-U040": 36.84151256936084}, "K54-D020": {"K54-D030": 120.76149002212348}, "K51A-D140": {"K51A-D150": 63.933772981920164}, "K51A-U030": {"K51A-U040": 57.43243274433578}, "K53-D015": {"K53-D020": 44.2819342298112}, "K51A-D090": {"K51A-D100": 72.78849465793212}, "K51-U020": {"K51-U030": 95.54025848887628}, "K51-U130": {"K51-U140": 79.15140912662213}, "K58-U170": {"K58-U180": 153.72177808034309}, "K51-U170": {"K51-U180": 67.44638770759504}, "K51-D030": {"K51-D040": 37.76741285772177}, "K52-nD140": {"K52-nD150": 108.64553216672338}, "K58-D180": {"K58-D190": 271.78321511045544}, "K58-D160": {"K58-D170": 186.34025179514862}, "K51-D020": {"K51-D030": 55.82765394766098}, "K52A-U130": {"K52A-U140": 56.20465389754855}, "K52-nD020": {"K52-nD030": 21.629318991736966}, "K52A-U040": {"K52A-U050": 112.55288845053356}, "K58-D010": {"K58-D020": 39.80930655942419}, "K52-nU200": {"K52-nU210": 71.35097306473352}, "K51-U040": {"K51-U050": 109.63185405436124}, "K51A-U210": {"K51A-U220": 67.30741069811353}, "K52-nU250": {"K52-nU260": 63.972287170544895}, "K52-nU060": {"K52-nU070": 138.27200152960455}, "K51-U030": {"K51-U040": 57.741132790564485}, "K58-U070": {"K58-U080": 113.53099127308096}, "K52-nU190": {"K52-nU200": 117.95574128942312}, "K52A-D140": {"K52A-D150": 101.63939589346823}, "K51-D260": {"K51-D270": 39.629811240101475}, "K51-D060": {"K51-D070": 48.403842632582595}, "K53-D060": {"K53-D070": 119.60931309053574}, "K52-nU080": {"K52-nU090": 76.93597535684452}, "K58-U060": {"K58-U070": 158.280782448347}, "K52-nD280": {"K52-nD290": 77.64599548729454}, "K51-D210": {"K51-D220": 174.23795173635176}, "K52A-U060": {"K52A-U070": 109.32513796199028}, "K51-D140": {"K51-D150": 37.159815863932316}, "K52-nD150": {"K52-nD160": 87.47851131041031}, "K51A-D160": {"K51A-D170": 186.1469957945188}, "K58-D030": {"K58-D040": 37.80758685184002}, "K51-U220": {"K51-U230": 60.716107207900585}, "K58-U120": {"K58-U130": 111.0658032707931}, "K51A-D020": {"K51A-D030": 98.20903731965183}, "K51A-U010": {"K51A-U020": 54.161101773380665}, "K54-D040": {"K54-D050": 140.48095625415928}, "K51A-D240": {"K51A-D250": 46.50793355413809}, "K51-U140": {"K51-U150": 53.462230453942254}, "K51-D200": {"K51-D210": 115.98764068788023}, "K51A-D040": {"K51A-D050": 91.93271063391784}, "K51A-U070": {"K51A-U080": 175.5136123778692}, "K52-nU210": {"K52-nU220": 69.2192595142837}, "K58-U190": {"K58-U200": 120.90987105226938}, "K54-D060": {"K54-D070": 129.6899048400454}, "K52A-U140": {"K52A-U150": 145.78861683612712}, "K52-nD100": {"K52-nD110": 54.72663987153118}, "K52A-U110": {"K52A-U120": 58.00749205985956}, "K53-U050": {"K53-U060": 106.32102048757137}, "K51A-U110": {"K51A-U120": 110.36416842422645}, "K52A-U080": {"K52A-U090": 63.99160932815871}, "K51A-D050": {"K51A-D060": 71.74730111907738}, "K52A-D130": {"K52A-D140": 80.23554192309653}, "K51A-U080": {"K51A-U090": 160.04335486080612}, "K52-nU120": {"K52-nU130": 142.88512956740846, "K52-nU140": 99.5337704806229}, "K52-nU130": {"K52-nU140": 328.31723641397036}, "K53-D130": {"K53-D140": 102.99758162572316}, "K52-nU150": {"K52-nU160": 76.70019631633258}, "K54-U020": {"K54-U030": 121.02090906444516}, "K52-nD260": {"K52-nD270": 40.30846954616954}, "K52-nU050": {"K52-nU060": 225.1966320066418}, "K51A-U060": {"K51A-U070": 271.2043574481048}, "K52A-D170": {"K52A-D180": 94.7624074560597}, "K51A-D110": {"K51A-D120": 68.6494809220496}, "K51-U110": {"K51-U120": 107.94282751509115}, "K51-U240": {"K51-U250": 100.27257470678565}, "K53-D070": {"K53-D080": 68.99202542583367}, "K52A-D080": {"K52A-D090": 54.07355805373997}, "K51A-U130": {"K51A-U140": 89.1988679651193}, "K54-D050": {"K54-D060": 82.74445259877268}, "K52-nD180": {"K52-nD190": 131.03943074868351}, "K51A-U020": {"K51A-U030": 104.12602771871771}, "K51A-D060": {"K51A-D070": 70.54206379742828}, "K51-U150": {"K51-U160": 92.3681166289364}, "K53-D160": {"K53-U011": 145.90940070126686}, "K51-U160": {"K51-U170": 94.51588895847556}, "K53-U090": {"K53-U100": 103.46271914950803}, "K52-nD160": {"K52-nD170": 131.98657938055177}, "K51A-D150": {"K51A-D160": 110.99517604072017}, "K52-nU070": {"K52-nU080": 85.65129300666136}, "K52A-U120": {"K52A-U130": 66.87902074902931}, "K52A-U150": {"K52A-U160": 30.978026094193865}, "K51-U230": {"K51-U240": 43.13881029287122}, "K52A-U050": {"K52A-U060": 49.83975236552523}, "K52A-U020": {"K52A-U030": 76.26602017341168}, "K52A-D030": {"K52A-D040": 23.007807643627977}, "K51A-U140": {"K51A-U150": 67.12833205107847}, "K53-U060": {"K53-U070": 75.51481094724502}, "K52A-U170": {"K52A-U180": 250.3409382532092}, "K53-U040": {"K53-U050": 109.37558505963975}, "K51-U070": {"K51-U080": 174.371280439582}, "K52-nU030": {"K52-nU040": 105.09153028358973}, "K52-nU280": {"K52-nU290": 39.83386014649882}, "K54-U010": {"K54-U020": 71.23560218713305}, "K54-U070": {"K54-D010": 160.71370138148183}, "K51A-U170": {"K51A-U180": 73.24007983756968}, "K51-D240": {"K51-D250": 108.61070853700434}, "K51-D050": {"K51-D060": 47.97455981793148}, "K53-U080": {"K53-U090": 97.00678195048177}, "K51-D010": {"K51-D020": 79.30377206274426}, "K51-D170": {"K51-D180": 98.97035897727434}, "K51-U050": {"K51-U060": 231.07589443511716}, "K53-U130": {"K53-U140": 53.5916668356414}, "K51A-D230": {"K51A-D240": 134.6252448069243}, "K52-nD030": {"K52-nD040": 23.753035106007466},