{"K53-U100": {"K53-U110": 68.9772523028527}, "K53-D010": {"K53-D015": 102.38905399954055}, "K51-D150": {"K51-D160": 153.37711445845807}, "K52-nU290": {"K52-nU300": 36.387995125426684}, "K52-nU260": {"K52-nU270": 59.82346468567016}, "K52-nD110": {"K52-nD120": 158.14430032985388}, "K51-D130": {"K51-D140": 68.16477091040599}, "K51-U080": {"K51-U090": 154.06354420871202}, "K54-D030": {"K54-D040": 73.80528918248112}, "K52-nD240": {"K52-nD250": 148.76432246132828}, "K53-U010": {"K53-U020": 206.57084832228347}, "K58-D070": {"K58-D080": 105.15038537504896}, "K52-nD250": {"K52-nD260": 160.34249905371934}, "K52-nD130": {"K52-nD140": 83.64974404279575}, "K58-D020": {"K58-D030": 74.08108193704628}, "K53-D030": {"K53-D040": 79.54722400006037}, "K52A-U100": {"K52A-U110": 82.83700958433249}, "K58-U140": {"K58-U150": 118.80636954093202}, "K52A-U010": {"K52A-U015": 301.9780434424644}, "K52-nD210": {"K52-nD220": 164.6808631680025}, "K53-U030": {"K53-U040": 182.07353281518525}, "K54-U050": {"K54-U060": 350.77627885200565}, "K51-D040": {"K51-D050": 52.71715339022785}, "K58-D200": {"K58-D210": 65.36374791745668}, "K53-U110": {"K53-U120": 92.17599211120663}, "K58-U010": {"K58-U020": 45.3855227163334}, "K51A-D250": {"K51A-D260": 96.93635270348042}, "K58-D140": {"K58-D150": 40.90975311547494}, "K51A-D210": {"K51A-D220": 74.38992052895192}, "K54-U040": {"K54-U050": 145.2533183488943}, "K51A-U240": {"K51A-U250": 69.74487687792518}, "K54-U030": {"K54-U040": 116.92413406824525}, "K51-D250": {"K51-D260": 154.22767436717203}, "K51-D190": {"K51-D200": 155.1877479197517}, "K51A-U100": {"K51A-U110": 177.66329047766558}, "K51A-U090": {"K51A-U100": 159.71912721591266}, "K52-nD120": {"K52-nD130": 39.07925926570936}, "K58-D060": {"K58-D070": 141.32624867800882}, "K52A-D060": {"K52A-D070": 129.02063532498045}, "K51A-D190": {"K51A-D200": 179.19197481476402}, "K58-U180": {"K58-U190": 100.24479421005394}, "K58-D050": {"K58-D060": 181.1944227273266}, "K58-U130": {"K58-U140": 86.9494822260152}, "K54-U060": {"K54-U070": 199.864114410755}, "K51A-U230": {"K51A-U240": 39.10114487905604}, "K53-U070": {"K53-U080": 79.93165402667519}, "K58-D170": {"K58-D180": 141.29032703569612}, "K51A-D170": {"K51A-D180": 141.7952356721597}, "K51A-D010": {"K51A-D020": 51.84399012740628}, "K52-nU010": {"K52-nU020": 52.408119974959234}, "K51-D270": {"K51-D280": 99.47226747771143}, "K51A-U190": {"K51A-U200": 69.88589780386705}, "K53-D040": {"K53-D050": 66.36585192854955}, "K52-nU040": {"K52-nU050": 54.54880645286333}, "K51-D220": {"K51-D230": 250.5009410834244}, "K52-nU170": {"K52-nU180": 127.81740329452975}, "K52-nD290": {"K52-nD300": 96.02401770461825}, "K52-nD010": {"K52-nD020": 16.306738861145668}, "K52A-U030": {"K52A-U040": 42.13072167683362}, "K54-D020": {"K54-D030": 132.56558271464988}, "K51A-D140": {"K51A-D150": 81.77793998671912}, "K51A-U030": {"K51A-U040": 68.40252504546011}, "K53-D015": {"K53-D020": 48.65971398950001}, "K51A-D090": {"K51A-D100": 86.9494915364271}, "K51-U020": {"K51-U030": 109.63098253178059}, "K51-U130": {"K51-U140": 83.88971344754864}, "K58-U170": {"K58-U180": 158.8530481409342}, "K51-U170": {"K51-U180": 78.96418300677017}, "K51-D030": {"K51-D040": 37.16171673385392}, "K52-nD140": {"K52-nD150": 113.50769644069337}, "K58-D180": {"K58-D190": 285.01337803142764}, "K58-D160": {"K58-D170": 205.5880322825173}, "K51-D020": {"K51-D030": 62.63367477613216}, "K52A-U130": {"K52A-U140": 62.027047532181584}, "K52-nD020": {"K52-nD030": 22.907970680623833}, "K52A-U040": {"K52A-U050": 127.27074481972264}, "K58-D010": {"K58-D020": 44.935199051482456}, "K52-nU200": {"K52-nU210": 83.89948014555236}, "K51-U040": {"K51-U050": 120.76038593600524}, "K51A-U210": {"K51A-U220": 74.44467014406193}, "K52-nU250": {"K52-nU260": 67.62006918268551}, "K52-nU060": {"K52-nU070": 138.3503348002726}, "K51-U030": {"K51-U040": 70.07633690593332}, "K58-U070": {"K58-U080": 120.82558449984167}, "K52-nU190": {"K52-nU200": 132.223541968343}, "K52A-D140": {"K52A-D150": 104.76105807329206}, "K51-D260": {"K51-D270": 44.27576047146768}, "K51-D060": {"K51-D070": 55.60942140764314}, "K53-D060": {"K53-D070": 132.31785801641954}, "K52-nU080": {"K52-nU090": 84.48597566490689}, "K58-U060": {"K58-U070": 160.92646664515692}, "K52-nD280": {"K52-nD290": 93.56788704216476}, "K51-D210": {"K51-D220": 168.06330026112846}, "K52A-U060": {"K52A-U070": 129.50894752080572}, "K51-D140": {"K51-D150": 38.77282531491652}, "K52-nD150": {"K52-nD160": 97.8991016671803}, "K51A-D160": {"K51A-D170": 192.75210916741122}, "K58-D030": {"K58-D040": 37.99605336412871}, "K51-U220": {"K51-U230": 66.17004227654476}, "K58-U120": {"K58-U130": 120.91241388555363}, "K51A-D020": {"K51A-D030": 118.26524096799588}, "K51A-U010": {"K51A-U020": 61.04101895770077}, "K54-D040": {"K54-D050": 157.78423849260412}, "K51A-D240": {"K51A-D250": 48.652438186806}, "K51-U140": {"K51-U150": 73.53511884932205}, "K51-D200": {"K51-D210": 116.76311715867544}, "K51A-D040": {"K51A-D050": 100.19314838026204}, "K51A-U070": {"K51A-U080": 198.2347367666296}, "K52-nU210": {"K52-nU220": 78.28736970763725}, "K58-U190": {"K58-U200": 117.58984656599714}, "K54-D060": {"K54-D070": 143.70712073918588}, "K52A-U140": {"K52A-U150": 160.00254694094104}, "K52-nD100": {"K52-nD110": 59.44498015816106}, "K52A-U110": {"K52A-U120": 64.56828516452299}, "K53-U050": {"K53-U060": 128.56429234695446}, "K51A-U110": {"K51A-U120": 112.61945802462954}, "K52A-U080": {"K52A-U090": 69.65588775465913}, "K51A-D050": {"K51A-D060": 83.32394647462247}, "K52A-D130": {"K52A-D140": 80.90454950032714}, "K51A-U080": {"K51A-U090": 151.31356413595384}, "K52-nU120": {"K52-nU130": 142.88512956740846, "K52-nU140": 110.8875599810262}, "K52-nU130": {"K52-nU140": 328.31723641397036}, "K53-D130": {"K53-D140": 112.45446158292955}, "K52-nU150": {"K52-nU160": 92.73190432436259}, "K54-U020": {"K54-U030": 143.7987014924826}, "K52-nD260": {"K52-nD270": 45.60094529405903}, "K52-nU050": {"K52-nU060": 243.73253406976474}, "K51A-U060": {"K51A-U070": 298.15896960055966}, "K52A-D170": {"K52A-D180": 97.52781570707995}, "K51A-D110": {"K51A-D120": 81.42473253836897}, "K51-U110": {"K51-U120": 117.31458556154242}, "K51-U240": {"K51-U250": 108.49577010886465}, "K53-D070": {"K53-D080": 79.44056689714989}, "K52A-D080": {"K52A-D090": 61.6262594844232}, "K51A-U130": {"K51A-U140": 94.47691813976161}, "K54-D050": {"K54-D060": 88.81542037659275}, "K52-nD180": {"K52-nD190": 136.05247135561746}, "K51A-U020": {"K51A-U030": 103.64574178348353}, "K51A-D060": {"K51A-D070": 72.68580918489168}, "K51-U150": {"K51-U160": 98.7000603016639}, "K53-D160": {"K53-U011": 150.73658886086025}, "K51-U160": {"K51-U170": 115.78871814976578}, "K53-U090": {"K53-U100": 124.72459140115896}, "K52-nD160": {"K52-nD170": 138.52976623931423}, "K51A-D150": {"K51A-D160": 117.43918333929541}, "K52-nU070": {"K52-nU080": 89.72672138625619}, "K52A-U120": {"K52A-U130": 64.10643056617461}, "K52A-U150": {"K52A-U160": 30.428562016351293}, "K51-U230": {"K51-U240": 44.67833652242297}, "K52A-U050": {"K52A-U060": 51.30285047205219}, "K52A-U020": {"K52A-U030": 85.8459089280912}, "K52A-D030": {"K52A-D040": 22.36651583661405}, "K51A-U140": {"K51A-U150": 75.54674270942405}, "K53-U060": {"K53-U070": 93.44588703767964}, "K52A-U170": {"K52A-U180": 274.9638920670003}, "K53-U040": {"K53-U050": 121.61530816113873}, "K51-U070": {"K51-U080": 193.08608153504764}, "K52-nU030": {"K52-nU040": 117.38976016768065}, "K52-nU280": {"K52-nU290": 46.21677490665032}, "K54-U010": {"K54-U020": 86.01082965636385}, "K54-U070": {"K54-D010": 155.45901555472875}, "K51A-U170": {"K51A-U180": 76.20043033198971}, "K51-D240": {"K51-D250": 117.22499515078695}, "K51-D050": {"K51-D060": 55.09999236133357}, "K53-U080": {"K53-U090": 112.65932534190563}, "K51-D010": {"K51-D020": 86.1688092983954}, "K51-D170": {"K51-D180": 107.12201691396301}, "K51-U050": {"K51-U060": 247.00262866368058}, "K53-U130": {"K53-U140": 60.68858003323313}, "K51A-D230": {"K51A-D240": 148.66992079956228}, "K52-nD030": {"K52-nD040": 32.86679058996732},