{"K53-U100": {"K53-U110": 72.99310924144714}, "K53-D010": {"K53-D015": 111.87999892545649}, "K51-D150": {"K51-D160": 165.45339080310444}, "K52-nU290": {"K52-nU300": 38.58687898959363}, "K52-nU260": {"K52-nU270": 65.91157855723871}, "K52-nD110": {"K52-nD120": 145.57738152303318}, "K51-D130": {"K51-D140": 72.90731482773063}, "K51-U080": {"K51-U090": 151.32966649833412}, "K54-D030": {"K54-D040": 70.39610212455996}, "K52-nD240": {"K52-nD250": 151.22422599349932}, "K53-U010": {"K53-U020": 218.20876696553037}, "K58-D070": {"K58-D080": 99.96530544729816}, "K52-nD250": {"K52-nD260": 177.48809954154854}, "K52-nD130": {"K52-nD140": 93.36858390746397}, "K58-D020": {"K58-D030": 87.305013993124}, "K53-D030": {"K53-D040": 78.34549660435712}, "K52A-U100": {"K52A-U110": 73.70330655413127}, "K58-U140": {"K58-U150": 122.0830738745788}, "K52A-U010": {"K52A-U015": 268.35549376084356}, "K52-nD210": {"K52-nD220": 159.9966158988486}, "K53-U030": {"K53-U040": 165.78150576208174}, "K54-U050": {"K54-U060": 385.00995364399813}, "K51-D040": {"K51-D050": 51.568627288089644}, "K58-D200": {"K58-D210": 65.92462878265215}, "K53-U110": {"K53-U120": 94.48355052025256}, "K58-U010": {"K58-U020": 48.831770448799176}, "K51A-D250": {"K51A-D260": 99.6171236617661}, "K58-D140": {"K58-D150": 44.89698748348174}, "K51A-D210": {"K51A-D220": 80.03048155773003}, "K54-U040": {"K54-U050": 152.2331863662195}, "K51A-U240": {"K51A-U250": 72.35022690162}, "K54-U030": {"K54-U040": 119.22607424229984}, "K51-D250": {"K51-D260": 155.51641834854536}, "K51-D190": {"K51-D200": 160.94926642560068}, "K51A-U100": {"K51A-U110": 177.7791621333894}, "K51A-U090": {"K51A-U100": 162.86499209076294}, "K52-nD120": {"K52-nD130": 42.218121368634996}, "K58-D060": {"K58-D070": 171.88344696415717}, "K52A-D060": {"K52A-D070": 129.34768316859805}, "K51A-D190": {"K51A-D200": 190.26291180376919}, "K58-U180": {"K58-U190": 100.63752266630064}, "K58-D050": {"K58-D060": 181.19135057186242}, "K58-U130": {"K58-U140": 83.81447960219805}, "K54-U060": {"K54-U070": 204.23997011323758}, "K51A-U230": {"K51A-U240": 39.11439905999798}, "K53-U070": {"K53-U080": 67.39827492921688}, "K58-D170": {"K58-D180": 151.08056166076477}, "K51A-D170": {"K51A-D180": 164.9185873834176}, "K51A-D010": {"K51A-D020": 55.832407165660776}, "K52-nU010": {"K52-nU020": 37.73571956314406}, "K51-D270": {"K51-D280": 100.62762749102245}, "K51A-U190": {"K51A-U200": 73.41031629172844}, "K53-D040": {"K53-D050": 78.90687664981667}, "K52-nU040": {"K52-nU050": 55.61407505423635}, "K51-D220": {"K51-D230": 222.02916418127933}, "K52-nU170": {"K52-nU180": 118.89407279387842}, "K52-nD290": {"K52-nD300": 95.84733367082359}, "K52-nD010": {"K52-nD020": 18.805823639156415}, "K52A-U030": {"K52A-U040": 47.02922591964568}, "K54-D020": {"K54-D030": 132.83763902433572}, "K51A-D140": {"K51A-D150": 88.94106583578991}, "K51A-U030": {"K51A-U040": 73.92824349834765}, "K53-D015": {"K53-D020": 46.83333007467566}, "K51A-D090": {"K51A-D100": 87.63860427588392}, "K51-U020": {"K51-U030": 116.54956771916518}, "K51-U130": {"K51-U140": 85.85855698981317}, "K58-U170": {"K58-U180": 164.36081450475905}, "K51-U170": {"K51-U180": 72.13478663502538}, "K51-D030": {"K51-D040": 38.60601982570103}, "K52-nD140": {"K52-nD150": 116.54142763042796}, "K58-D180": {"K58-D190": 295.3486285412732}, "K58-D160": {"K58-D170": 216.71475707943964}, "K51-D020": {"K51-D030": 64.866348267181}, "K52A-U130": {"K52A-U140": 55.109948922449405}, "K52-nD020": {"K52-nD030": 24.17942612492628}, "K52A-U040": {"K52A-U050": 128.8763180912993}, "K58-D010": {"K58-D020": 53.84287033038011}, "K52-nU200": {"K52-nU210": 84.45398297286177}, "K51-U040": {"K51-U050": 123.36657855812942}, "K51A-U210": {"K51A-U220": 79.70832383741518}, "K52-nU250": {"K52-nU260": 73.6143947611769}, "K52-nU060": {"K52-nU070": 139.24762209411904}, "K51-U030": {"K51-U040": 77.3541056214261}, "K58-U070": {"K58-U080": 131.99756558711766}, "K52-nU190": {"K52-nU200": 136.6629182240029}, "K52A-D140": {"K52A-D150": 112.53610578778914}, "K51-D260": {"K51-D270": 55.29270129882106}, "K51-D060": {"K51-D070": 50.621359681787254}, "K53-D060": {"K53-D070": 138.27439616722637}, "K52-nU080": {"K52-nU090": 81.85104909030325}, "K58-U060": {"K58-U070": 173.64202263207795}, "K52-nD280": {"K52-nD290": 91.6397319274188}, "K51-D210": {"K51-D220": 188.87664136735165}, "K52A-U060": {"K52A-U070": 143.60563785740607}, "K51-D140": {"K51-D150": 40.087418418920194}, "K52-nD150": {"K52-nD160": 100.35404406477167}, "K51A-D160": {"K51A-D170": 186.22748940756725}, "K58-D030": {"K58-D040": 52.33797012389924}, "K51-U220": {"K51-U230": 67.37331007409628}, "K58-U120": {"K58-U130": 120.76983271774535}, "K51A-D020": {"K51A-D030": 118.72493014545937}, "K51A-U010": {"K51A-U020": 47.063154339238665}, "K54-D040": {"K54-D050": 157.36901979729495}, "K51A-D240": {"K51A-D250": 56.58879164757726}, "K51-U140": {"K51-U150": 62.93497316115538}, "K51-D200": {"K51-D210": 120.56474645750004}, "K51A-D040": {"K51A-D050": 101.81696866488618}, "K51A-U070": {"K51A-U080": 210.541291386392}, "K52-nU210": {"K52-nU220": 69.37738411810194}, "K58-U190": {"K58-U200": 117.47950414804026}, "K54-D060": {"K54-D070": 137.75390022334938}, "K52A-U140": {"K52A-U150": 160.36747851973956}, "K52-nD100": {"K52-nD110": 59.08948040622418}, "K52A-U110": {"K52A-U120": 54.104098046339836}, "K53-U050": {"K53-U060": 127.67571165500753}, "K51A-U110": {"K51A-U120": 113.64564116992042}, "K52A-U080": {"K52A-U090": 75.45040566284618}, "K51A-D050": {"K51A-D060": 78.67002490880164}, "K52A-D130": {"K52A-D140": 85.60323992845665}, "K51A-U080": {"K51A-U090": 167.26826713549943}, "K52-nU120": {"K52-nU130": 142.88512956740846, "K52-nU140": 109.79373375543805}, "K52-nU130": {"K52-nU140": 328.31723641397036}, "K53-D130": {"K53-D140": 110.81332006382941}, "K52-nU150": {"K52-nU160": 83.62165667910526}, "K54-U020": {"K54-U030": 139.82131752308146}, "K52-nD260": {"K52-nD270": 48.030386950536}, "K52-nU050": {"K52-nU060": 250.66639732133558}, "K51A-U060": {"K51A-U070": 316.0190718856783}, "K52A-D170": {"K52A-D180": 103.67555330548859}, "K51A-D110": {"K51A-D120": 86.98196241861697}, "K51-U110": {"K51-U120": 108.71715195099974}, "K51-U240": {"K51-U250": 105.96345771756702}, "K53-D070": {"K53-D080": 76.65934213854194}, "K52A-D080": {"K52A-D090": 64.85197333243333}, "K51A-U130": {"K51A-U140": 86.02714193662376}, "K54-D050": {"K54-D060": 86.49031572521315}, "K52-nD180": {"K52-nD190": 147.91508620906737}, "K51A-U020": {"K51A-U030": 131.32895893942296}, "K51A-D060": {"K51A-D070": 77.11872866248157}, "K51-U150": {"K51-U160": 99.25655108924971}, "K53-D160": {"K53-U011": 158.7945841324472}, "K51-U160": {"K51-U170": 107.43682234333953}, "K53-U090": {"K53-U100": 114.71423197242271}, "K52-nD160": {"K52-nD170": 136.12968765725154}, "K51A-D150": {"K51A-D160": 121.60379220036255}, "K52-nU070": {"K52-nU080": 96.2078088467702}, "K52A-U120": {"K52A-U130": 67.62306829854688}, "K52A-U150": {"K52A-U160": 31.701012531820442}, "K51-U230": {"K51-U240": 47.969129032297694}, "K52A-U050": {"K52A-U060": 53.80437038459388}, "K52A-U020": {"K52A-U030": 91.79363743768161}, "K52A-D030": {"K52A-D040": 21.725540458770507}, "K51A-U140": {"K51A-U150": 75.2805723562432}, "K53-U060": {"K53-U070": 86.35262876343627}, "K52A-U170": {"K52A-U180": 275.3750320785299}, "K53-U040": {"K53-U050": 100.06042866177918}, "K51-U070": {"K51-U080": 190.01850622134913}, "K52-nU030": {"K52-nU040": 124.12950163701552}, "K52-nU280": {"K52-nU290": 43.49134319760289}, "K54-U010": {"K54-U020": 89.60068555282984}, "K54-U070": {"K54-D010": 160.35012684936368}, "K51A-U170": {"K51A-U180": 75.1687375162999}, "K51-D240": {"K51-D250": 117.22022573794206}, "K51-D050": {"K51-D060": 57.597092503678894}, "K53-U080": {"K53-U090": 106.16500282469046}, "K51-D010": {"K51-D020": 79.97006087086831}, "K51-D170": {"K51-D180": 112.71596329507767}, "K51-U050": {"K51-U060": 243.0998463920173}, "K53-U130": {"K53-U140": 71.16323844282432}, "K51A-D230": {"K51A-D240": 152.36926045987863}, "K52-nD030": {"K52-nD040": 34.38563780670678},