{"K53-U100": {"K53-U110": 69.07619013447678}, "K53-D010": {"K53-D015": 98.40546272658875}, "K51-D150": {"K51-D160": 151.31670156673854}, "K52-nU290": {"K52-nU300": 32.20015431059129}, "K52-nU260": {"K52-nU270": 68.47420544841486}, "K52-nD110": {"K52-nD120": 149.366696510977}, "K51-D130": {"K51-D140": 66.4226032942706}, "K51-U080": {"K51-U090": 160.0004278869203}, "K54-D030": {"K54-D040": 72.20181437747269}, "K52-nD240": {"K52-nD250": 151.29811565144735}, "K53-U010": {"K53-U020": 190.86329243365333}, "K58-D070": {"K58-D080": 111.06187244800913}, "K52-nD250": {"K52-nD260": 174.6446503952147}, "K52-nD130": {"K52-nD140": 88.43245771809951}, "K58-D020": {"K58-D030": 86.20934546595623}, "K53-D030": {"K53-D040": 77.47180948552787}, "K52A-U100": {"K52A-U110": 81.68430292423837}, "K58-U140": {"K58-U150": 129.66803259029115}, "K52A-U010": {"K52A-U015": 362.47279010758047}, "K52-nD210": {"K52-nD220": 172.04606263512477}, "K53-U030": {"K53-U040": 174.0656412173834}, "K54-U050": {"K54-U060": 329.1396961141959}, "K51-D040": {"K51-D050": 53.216586881347645}, "K58-D200": {"K58-D210": 71.71014504549044}, "K53-U110": {"K53-U120": 92.48696358737021}, "K58-U010": {"K58-U020": 53.90493202154672}, "K51A-D250": {"K51A-D260": 99.10885900073652}, "K58-D140": {"K58-D150": 44.485711644766226}, "K51A-D210": {"K51A-D220": 80.1103908027505}, "K54-U040": {"K54-U050": 148.56136984152474}, "K51A-U240": {"K51A-U250": 71.54398219757522}, "K54-U030": {"K54-U040": 129.6967993142777}, "K51-D250": {"K51-D260": 152.22267924808236}, "K51-D190": {"K51-D200": 148.54663242307853}, "K51A-U100": {"K51A-U110": 173.44073733969466}, "K51A-U090": {"K51A-U100": 157.9637469677426}, "K52-nD120": {"K52-nD130": 39.7320290949382}, "K58-D060": {"K58-D070": 173.57798100673307}, "K52A-D060": {"K52A-D070": 129.34768316859805}, "K51A-D190": {"K51A-D200": 201.99920240624843}, "K58-U180": {"K58-U190": 98.178817691751}, "K58-D050": {"K58-D060": 191.1531051026385}, "K58-U130": {"K58-U140": 86.01238765919608}, "K54-U060": {"K54-U070": 202.99917865587778}, "K51A-U230": {"K51A-U240": 36.87071117697589}, "K53-U070": {"K53-U080": 61.97129877588808}, "K58-D170": {"K58-D180": 143.57650801109045}, "K51A-D170": {"K51A-D180": 151.5641010486267}, "K51A-D010": {"K51A-D020": 54.983999268120364}, "K52-nU010": {"K52-nU020": 43.37649018113052}, "K51-D270": {"K51-D280": 105.28285167187319}, "K51A-U190": {"K51A-U200": 68.74749480697437}, "K53-D040": {"K53-D050": 66.20145466376917}, "K52-nU040": {"K52-nU050": 56.76278776863215}, "K51-D220": {"K51-D230": 257.0778414717164}, "K52-nU170": {"K52-nU180": 119.97637566951785}, "K52-nD290": {"K52-nD300": 97.22335852002847}, "K52-nD010": {"K52-nD020": 17.62182878935814}, "K52A-U030": {"K52A-U040": 46.13681456684223}, "K54-D020": {"K54-D030": 132.83763902433572}, "K51A-D140": {"K51A-D150": 81.23381178989354}, "K51A-U030": {"K51A-U040": 76.46160757191146}, "K53-D015": {"K53-D020": 45.12417981705206}, "K51A-D090": {"K51A-D100": 86.29944438787433}, "K51-U020": {"K51-U030": 106.45905517772538}, "K51-U130": {"K51-U140": 81.8244534189476}, "K58-U170": {"K58-U180": 176.68244779361245}, "K51-U170": {"K51-U180": 76.26349803076195}, "K51-D030": {"K51-D040": 39.93795001843047}, "K52-nD140": {"K52-nD150": 115.72250987885543}, "K58-D180": {"K58-D190": 288.4032926795561}, "K58-D160": {"K58-D170": 206.64578000709753}, "K51-D020": {"K51-D030": 63.31650620988891}, "K52A-U130": {"K52A-U140": 51.21015116629064}, "K52-nD020": {"K52-nD030": 21.588551254019343}, "K52A-U040": {"K52A-U050": 128.95890881830655}, "K58-D010": {"K58-D020": 51.06764983631267}, "K52-nU200": {"K52-nU210": 84.90772013692848}, "K51-U040": {"K51-U050": 127.587326905235}, "K51A-U210": {"K51A-U220": 77.93784591551112}, "K52-nU250": {"K52-nU260": 74.01585104817482}, "K52-nU060": {"K52-nU070": 156.49600091073702}, "K51-U030": {"K51-U040": 71.67541188255673}, "K58-U070": {"K58-U080": 128.18983262036812}, "K52-nU190": {"K52-nU200": 136.4470341756943}, "K52A-D140": {"K52A-D150": 110.43353009862358}, "K51-D260": {"K51-D270": 45.83641985773138}, "K51-D060": {"K51-D070": 53.44596524708103}, "K53-D060": {"K53-D070": 137.42726661620395}, "K52-nU080": {"K52-nU090": 90.06175425342268}, "K58-U060": {"K58-U070": 193.98531507068236}, "K52-nD280": {"K52-nD290": 98.6977539767271}, "K51-D210": {"K51-D220": 161.8323120540701}, "K52A-U060": {"K52A-U070": 136.36708797981396}, "K51-D140": {"K51-D150": 41.08846483861897}, "K52-nD150": {"K52-nD160": 100.63818926429687}, "K51A-D160": {"K51A-D170": 183.13570414998267}, "K58-D030": {"K58-D040": 65.2542386740275}, "K51-U220": {"K51-U230": 64.9008079984191}, "K58-U120": {"K58-U130": 127.3877826753004}, "K51A-D020": {"K51A-D030": 103.6079391959255}, "K51A-U010": {"K51A-U020": 48.24771379724045}, "K54-D040": {"K54-D050": 158.79298987129076}, "K51A-D240": {"K51A-D250": 50.78452968626612}, "K51-U140": {"K51-U150": 54.920181160824406}, "K51-D200": {"K51-D210": 116.25215594666733}, "K51A-D040": {"K51A-D050": 100.95452685954879}, "K51A-U070": {"K51A-U080": 192.78461510038474}, "K52-nU210": {"K52-nU220": 80.54982185180079}, "K58-U190": {"K58-U200": 121.82246220055674}, "K54-D060": {"K54-D070": 139.62094186923318}, "K52A-U140": {"K52A-U150": 160.36747851973956}, "K52-nD100": {"K52-nD110": 59.73081449158693}, "K52A-U110": {"K52A-U120": 59.4907219459814}, "K53-U050": {"K53-U060": 128.19442081622918}, "K51A-U110": {"K51A-U120": 122.57460388936686}, "K52A-U080": {"K52A-U090": 72.41595719084664}, "K51A-D050": {"K51A-D060": 114.25503497257452}, "K52A-D130": {"K52A-D140": 90.40496076710983}, "K51A-U080": {"K51A-U090": 164.9076178447825}, "K52-nU120": {"K52-nU130": 142.88512956740846, "K52-nU140": 116.48748367286535}, "K52-nU130": {"K52-nU140": 328.31723641397036}, "K53-D130": {"K53-D140": 111.59438954083134}, "K52-nU150": {"K52-nU160": 88.4332001263068}, "K54-U020": {"K54-U030": 152.09536758190376}, "K52-nD260": {"K52-nD270": 46.62768927038831}, "K52-nU050": {"K52-nU060": 254.81286924940838}, "K51A-U060": {"K51A-U070": 303.6280237222449}, "K52A-D170": {"K52A-D180": 108.39582794857574}, "K51A-D110": {"K51A-D120": 81.15353178461814}, "K51-U110": {"K51-U120": 112.41367631301787}, "K51-U240": {"K51-U250": 110.31967967145783}, "K53-D070": {"K53-D080": 75.51251830916792}, "K52A-D080": {"K52A-D090": 70.19282379927577}, "K51A-U130": {"K51A-U140": 82.85069042647879}, "K54-D050": {"K54-D060": 86.05944330480467}, "K52-nD180": {"K52-nD190": 149.9083799386638}, "K51A-U020": {"K51A-U030": 104.98717903490247}, "K51A-D060": {"K51A-D070": 80.84514490483618}, "K51-U150": {"K51-U160": 98.94203118477486}, "K53-D160": {"K53-U011": 158.62129743876022}, "K51-U160": {"K51-U170": 108.80702695005816}, "K53-U090": {"K53-U100": 114.8313874464397}, "K52-nD160": {"K52-nD170": 140.53467764723183}, "K51A-D150": {"K51A-D160": 125.22453864746326}, "K52-nU070": {"K52-nU080": 93.81153324144854}, "K52A-U120": {"K52A-U130": 66.81170206261028}, "K52A-U150": {"K52A-U160": 31.848232052329713}, "K51-U230": {"K51-U240": 46.90363459247949}, "K52A-U050": {"K52A-U060": 54.77296537473624}, "K52A-U020": {"K52A-U030": 89.74303588811907}, "K52A-D030": {"K52A-D040": 16.409764865517648}, "K51A-U140": {"K51A-U150": 54.78888772771664}, "K53-U060": {"K53-U070": 82.83862367960921}, "K52A-U170": {"K52A-U180": 275.37503207852876}, "K53-U040": {"K53-U050": 116.3856304799242}, "K51-U070": {"K51-U080": 196.4699902196611}, "K52-nU030": {"K52-nU040": 127.23731539504169}, "K52-nU280": {"K52-nU290": 42.27381665082255}, "K54-U010": {"K54-U020": 81.70310880210847}, "K54-U070": {"K54-D010": 148.44251620444317}, "K51A-U170": {"K51A-U180": 75.62198629074427}, "K51-D240": {"K51-D250": 123.24774721662448}, "K51-D050": {"K51-D060": 59.33342875379209}, "K53-U080": {"K53-U090": 96.58146325982895}, "K51-D010": {"K51-D020": 81.08109598148327}, "K51-D170": {"K51-D180": 116.0801078228069}, "K51-U050": {"K51-U060": 253.49680528827102}, "K53-U130": {"K53-U140": 65.05585210036385}, "K51A-D230": {"K51A-D240": 147.78543688992528}, "K52-nD030": {"K52-nD040": 31.22732698689827},