{"K53-U100": {"K53-U110": 68.95231348616338}, "K53-D010": {"K53-D015": 95.65771273165055}, "K51-D150": {"K51-D160": 140.89882397811093}, "K52-nU290": {"K52-nU300": 36.23967269727966}, "K52-nU260": {"K52-nU270": 59.24666313216479}, "K52-nD110": {"K52-nD120": 134.92895177825847}, "K51-D130": {"K51-D140": 64.26993737847349}, "K51-U080": {"K51-U090": 142.92097284491234}, "K54-D030": {"K54-D040": 71.63121110469076}, "K52-nD240": {"K52-nD250": 140.8661800233369}, "K53-U010": {"K53-U020": 181.93258030037316}, "K58-D070": {"K58-D080": 101.73763858273301}, "K52-nD250": {"K52-nD260": 152.1148803178212}, "K52-nD130": {"K52-nD140": 81.47052561008289}, "K58-D020": {"K58-D030": 74.54529594244843}, "K53-D030": {"K53-D040": 69.38034163603193}, "K52A-U100": {"K52A-U110": 72.08456848239902}, "K58-U140": {"K58-U150": 109.18543385089393}, "K52A-U010": {"K52A-U015": 251.12358706479432}, "K52-nD210": {"K52-nD220": 148.04706223680176}, "K53-U030": {"K53-U040": 162.67599711770842}, "K54-U050": {"K54-U060": 320.3851324074929}, "K51-D040": {"K51-D050": 47.666294605161774}, "K58-D200": {"K58-D210": 62.460471984668786}, "K53-U110": {"K53-U120": 77.92292536926197}, "K58-U010": {"K58-U020": 39.71270017270497}, "K51A-D250": {"K51A-D260": 94.84534093433277}, "K58-D140": {"K58-D150": 41.810083794793115}, "K51A-D210": {"K51A-D220": 69.71761893682596}, "K54-U040": {"K54-U050": 130.89788922313153}, "K51A-U240": {"K51A-U250": 63.45381415180651}, "K54-U030": {"K54-U040": 107.38331710381479}, "K51-D250": {"K51-D260": 141.70509566521577}, "K51-D190": {"K51-D200": 136.55703042046676}, "K51A-U100": {"K51A-U110": 159.8134184154374}, "K51A-U090": {"K51A-U100": 147.87403790812579}, "K52-nD120": {"K52-nD130": 36.23952382617077}, "K58-D060": {"K58-D070": 145.5988335769493}, "K52A-D060": {"K52A-D070": 117.58880288054391}, "K51A-D190": {"K51A-D200": 171.24221584936114}, "K58-U180": {"K58-U190": 84.56993899273242}, "K58-D050": {"K58-D060": 164.62317558221284}, "K58-U130": {"K58-U140": 78.52942799310436}, "K54-U060": {"K54-U070": 175.65522789021708}, "K51A-U230": {"K51A-U240": 30.457729179291924}, "K53-U070": {"K53-U080": 54.62220196959099}, "K58-D170": {"K58-D180": 129.2036201715031}, "K51A-D170": {"K51A-D180": 134.61840819903398}, "K51A-D010": {"K51A-D020": 48.55609625290999}, "K52-nU010": {"K52-nU020": 50.60109314572706}, "K51-D270": {"K51-D280": 90.47738585643359}, "K51A-U190": {"K51A-U200": 66.85146362790553}, "K53-D040": {"K53-D050": 63.49572157632948}, "K52-nU040": {"K52-nU050": 46.238825685709614}, "K51-D220": {"K51-D230": 230.3053512820949}, "K52-nU170": {"K52-nU180": 104.91804667846523}, "K52-nD290": {"K52-nD300": 90.65140661505208}, "K52-nD010": {"K52-nD020": 13.99505596629092}, "K52A-U030": {"K52A-U040": 37.7047340866296}, "K54-D020": {"K54-D030": 120.76149002212348}, "K51A-D140": {"K51A-D150": 75.46291414023433}, "K51A-U030": {"K51A-U040": 62.24931929467542}, "K53-D015": {"K53-D020": 42.41550649639795}, "K51A-D090": {"K51A-D100": 74.18871498790396}, "K51-U020": {"K51-U030": 102.76389616585962}, "K51-U130": {"K51-U140": 76.61372058184521}, "K58-U170": {"K58-U180": 147.6740337717008}, "K51-U170": {"K51-U180": 68.69294675682104}, "K51-D030": {"K51-D040": 37.476785016870565}, "K52-nD140": {"K52-nD150": 107.90353021409337}, "K58-D180": {"K58-D190": 261.94504220400233}, "K58-D160": {"K58-D170": 181.46141197374138}, "K51-D020": {"K51-D030": 53.282394864051284}, "K52A-U130": {"K52A-U140": 58.1687747664886}, "K52-nD020": {"K52-nD030": 20.71448075060156}, "K52A-U040": {"K52A-U050": 121.54550434153904}, "K58-D010": {"K58-D020": 33.7583204751142}, "K52-nU200": {"K52-nU210": 72.04676117559754}, "K51-U040": {"K51-U050": 112.54976491282324}, "K51A-U210": {"K51A-U220": 66.15749550284801}, "K52-nU250": {"K52-nU260": 62.37057787307581}, "K52-nU060": {"K52-nU070": 132.74072731571852}, "K51-U030": {"K51-U040": 57.03534442529035}, "K58-U070": {"K58-U080": 112.10886920221478}, "K52-nU190": {"K52-nU200": 111.48111386905575}, "K52A-D140": {"K52A-D150": 103.94416544909363}, "K51-D260": {"K51-D270": 40.73870977984343}, "K51-D060": {"K51-D070": 44.41133590195166}, "K53-D060": {"K53-D070": 112.60708133175399}, "K52-nU080": {"K52-nU090": 74.07469740753747}, "K58-U060": {"K58-U070": 167.71383648309572}, "K52-nD280": {"K52-nD290": 82.23013076787001}, "K51-D210": {"K51-D220": 151.4568131215009}, "K52A-U060": {"K52A-U070": 118.02451622317896}, "K51-D140": {"K51-D150": 38.43917357169162}, "K52-nD150": {"K52-nD160": 92.28916366799304}, "K51A-D160": {"K51A-D170": 174.89708883240365}, "K58-D030": {"K58-D040": 52.85061553159032}, "K51-U220": {"K51-U230": 61.03515538208434}, "K58-U120": {"K58-U130": 113.38383140765252}, "K51A-D020": {"K51A-D030": 106.78109716109407}, "K51A-U010": {"K51A-U020": 45.25946778573304}, "K54-D040": {"K54-D050": 140.06743235970012}, "K51A-D240": {"K51A-D250": 44.40452599153489}, "K51-U140": {"K51-U150": 52.32360552497174}, "K51-D200": {"K51-D210": 103.96882278085477}, "K51A-D040": {"K51A-D050": 88.73187317618}, "K51A-U070": {"K51A-U080": 181.78829523712227}, "K52-nU210": {"K52-nU220": 67.98730374036874}, "K58-U190": {"K58-U200": 98.93835162733815}, "K54-D060": {"K54-D070": 120.85495249715947}, "K52A-U140": {"K52A-U150": 145.78861683612712}, "K52-nD100": {"K52-nD110": 52.108380184138376}, "K52A-U110": {"K52A-U120": 55.240861253454604}, "K53-U050": {"K53-U060": 117.01408603430234}, "K51A-U110": {"K51A-U120": 107.65174267080984}, "K52A-U080": {"K52A-U090": 68.22718544937646}, "K51A-D050": {"K51A-D060": 74.73182592614589}, "K52A-D130": {"K52A-D140": 74.13572903306002}, "K51A-U080": {"K51A-U090": 151.8860035954721}, "K52-nU120": {"K52-nU130": 142.88512956740846, "K52-nU140": 105.33553057110866}, "K52-nU130": {"K52-nU140": 328.31723641397036}, "K53-D130": {"K53-D140": 98.12372067842584}, "K52-nU150": {"K52-nU160": 81.32190630602054}, "K54-U020": {"K54-U030": 120.78561714862701}, "K52-nD260": {"K52-nD270": 44.39321613373712}, "K52-nU050": {"K52-nU060": 235.8921978630563}, "K51A-U060": {"K51A-U070": 288.5327570883438}, "K52A-D170": {"K52A-D180": 90.05163365325365}, "K51A-D110": {"K51A-D120": 68.0816728305487}, "K51-U110": {"K51-U120": 99.3879546458403}, "K51-U240": {"K51-U250": 90.24872030221262}, "K53-D070": {"K53-D080": 72.31839608707075}, "K52A-D080": {"K52A-D090": 55.04115543980549}, "K51A-U130": {"K51A-U140": 78.4818438145407}, "K54-D050": {"K54-D060": 84.1164238538942}, "K52-nD180": {"K52-nD190": 128.79872225187898}, "K51A-U020": {"K51A-U030": 95.68193634721247}, "K51A-D060": {"K51A-D070": 65.28516478756362}, "K51-U150": {"K51-U160": 85.2955315228559}, "K53-D160": {"K53-U011": 143.18849006783992}, "K51-U160": {"K51-U170": 88.68189848797678}, "K53-U090": {"K53-U100": 101.09219405843155}, "K52-nD160": {"K52-nD170": 129.4088803883414}, "K51A-D150": {"K51A-D160": 104.51906989860777}, "K52-nU070": {"K52-nU080": 85.02906378364199}, "K52A-U120": {"K52A-U130": 65.35000239184743}, "K52A-U150": {"K52A-U160": 30.858813743474457}, "K51-U230": {"K51-U240": 37.81706951621727}, "K52A-U050": {"K52A-U060": 44.83054146088759}, "K52A-U020": {"K52A-U030": 78.09833856717817}, "K52A-D030": {"K52A-D040": 21.958036258370818}, "K51A-U140": {"K51A-U150": 55.48134994312966}, "K53-U060": {"K53-U070": 74.44048834386679}, "K52A-U170": {"K52A-U180": 250.3409382532092}, "K53-U040": {"K53-U050": 100.41421953595182}, "K51-U070": {"K51-U080": 164.32337783343363}, "K52-nU030": {"K52-nU040": 111.81148788264522}, "K52-nU280": {"K52-nU290": 38.85578864342956}, "K54-U010": {"K54-U020": 77.67647205469953}, "K54-U070": {"K54-D010": 137.0931748744145}, "K51A-U170": {"K51A-U180": 70.9476947889707}, "K51-D240": {"K51-D250": 99.85940466198103}, "K51-D050": {"K51-D060": 50.32447747425652}, "K53-U080": {"K53-U090": 81.42633688659633}, "K51-D010": {"K51-D020": 68.15634178966471}, "K51-D170": {"K51-D180": 101.78544898826468}, "K51-U050": {"K51-U060": 218.51947271601983}, "K53-U130": {"K53-U140": 49.34271018133968}, "K51A-D230": {"K51A-D240": 149.23675653670756}, "K52-nD030": {"K52-nD040": 28.871187758078726},