{"K53-U100": {"K53-U110": 76.22051647768777}, "K53-D010": {"K53-D015": 97.48637209276515}, "K51-D150": {"K51-D160": 154.1170257628187}, "K52-nU290": {"K52-nU300": 36.41368376612252}, "K52-nU260": {"K52-nU270": 76.12511075127193}, "K52-nD110": {"K52-nD120": 169.37282573575615}, "K51-D130": {"K51-D140": 66.40700118810038}, "K51-U080": {"K51-U090": 152.18791797351645}, "K54-D030": {"K54-D040": 73.19303671624343}, "K52-nD240": {"K52-nD250": 151.6842055116757}, "K53-U010": {"K53-U020": 202.52864192344515}, "K58-D070": {"K58-D080": 105.30534683754406}, "K52-nD250": {"K52-nD260": 161.90510148716956}, "K52-nD130": {"K52-nD140": 84.68233366125875}, "K58-D020": {"K58-D030": 74.15297374334166}, "K53-D030": {"K53-D040": 81.37315641337223}, "K52A-U100": {"K52A-U110": 74.44293231340228}, "K58-U140": {"K58-U150": 117.82615932815494}, "K52A-U010": {"K52A-U015": 272.8748329904936}, "K52-nD210": {"K52-nD220": 161.14404863617446}, "K53-U030": {"K53-U040": 175.7310750106313}, "K54-U050": {"K54-U060": 344.4996950100511}, "K51-D040": {"K51-D050": 48.69910442793337}, "K58-D200": {"K58-D210": 65.36374791745668}, "K53-U110": {"K53-U120": 86.58820303809793}, "K58-U010": {"K58-U020": 43.92697044470006}, "K51A-D250": {"K51A-D260": 99.31938097029888}, "K58-D140": {"K58-D150": 42.6189000235347}, "K51A-D210": {"K51A-D220": 82.41168808112648}, "K54-U040": {"K54-U050": 139.82536830243967}, "K51A-U240": {"K51A-U250": 74.30984463279064}, "K54-U030": {"K54-U040": 122.51130591029153}, "K51-D250": {"K51-D260": 155.021202763043}, "K51-D190": {"K51-D200": 159.89899493251065}, "K51A-U100": {"K51A-U110": 180.50364214180507}, "K51A-U090": {"K51A-U100": 172.80537929828088}, "K52-nD120": {"K52-nD130": 40.80861101502415}, "K58-D060": {"K58-D070": 141.32624867800882}, "K52A-D060": {"K52A-D070": 129.34415914185246}, "K51A-D190": {"K51A-D200": 199.7364594972066}, "K58-U180": {"K58-U190": 99.13031478904854}, "K58-D050": {"K58-D060": 180.32848240913455}, "K58-U130": {"K58-U140": 84.87208060307233}, "K54-U060": {"K54-U070": 206.40560758047536}, "K51A-U230": {"K51A-U240": 44.10495635241067}, "K53-U070": {"K53-U080": 56.55784863631885}, "K58-D170": {"K58-D180": 142.04844840902246}, "K51A-D170": {"K51A-D180": 149.92369215181637}, "K51A-D010": {"K51A-D020": 54.4272341314311}, "K52-nU010": {"K52-nU020": 37.07459402333369}, "K51-D270": {"K51-D280": 98.06330026363325}, "K51A-U190": {"K51A-U200": 70.97424512157548}, "K53-D040": {"K53-D050": 68.84457506278308}, "K52-nU040": {"K52-nU050": 45.28283232945696}, "K51-D220": {"K51-D230": 260.59215734521365}, "K52-nU170": {"K52-nU180": 127.17598069561927}, "K52-nD290": {"K52-nD300": 99.72156418330717}, "K52-nD010": {"K52-nD020": 13.909908563992271}, "K52A-U030": {"K52A-U040": 37.85824696866741}, "K54-D020": {"K54-D030": 132.83728262499076}, "K51A-D140": {"K51A-D150": 78.50292237892796}, "K51A-U030": {"K51A-U040": 77.36118875714051}, "K53-D015": {"K53-D020": 50.78718352171761}, "K51A-D090": {"K51A-D100": 80.6546098417966}, "K51-U020": {"K51-U030": 100.0259402824947}, "K51-U130": {"K51-U140": 80.07206995901649}, "K58-U170": {"K58-U180": 158.36774332684075}, "K51-U170": {"K51-U180": 76.64350117169144}, "K51-D030": {"K51-D040": 35.91128610843383}, "K52-nD140": {"K52-nD150": 113.60059649754376}, "K58-D180": {"K58-D190": 281.1520402282849}, "K58-D160": {"K58-D170": 214.50197553395515}, "K51-D020": {"K51-D030": 63.68730350247792}, "K52A-U130": {"K52A-U140": 63.248832842005186}, "K52-nD020": {"K52-nD030": 25.354249331743883}, "K52A-U040": {"K52A-U050": 128.3152634745274}, "K58-D010": {"K58-D020": 46.209511231700795}, "K52-nU200": {"K52-nU210": 85.24079869014639}, "K51-U040": {"K51-U050": 118.78317904736227}, "K51A-U210": {"K51A-U220": 74.85279288244158}, "K52-nU250": {"K52-nU260": 69.29064657440455}, "K52-nU060": {"K52-nU070": 133.33384379819586}, "K51-U030": {"K51-U040": 65.3367090590838}, "K58-U070": {"K58-U080": 120.82558449984167}, "K52-nU190": {"K52-nU200": 130.45677791775014}, "K52A-D140": {"K52A-D150": 101.12443826352842}, "K51-D260": {"K51-D270": 48.34279167997427}, "K51-D060": {"K51-D070": 55.269369435663805}, "K53-D060": {"K53-D070": 141.8614569166807}, "K52-nU080": {"K52-nU090": 89.45357460785495}, "K58-U060": {"K58-U070": 170.8524379825771}, "K52-nD280": {"K52-nD290": 91.81023860931946}, "K51-D210": {"K51-D220": 177.3665570882637}, "K52A-U060": {"K52A-U070": 134.5555181326057}, "K51-D140": {"K51-D150": 42.021422461304404}, "K52-nD150": {"K52-nD160": 97.01196361603886}, "K51A-D160": {"K51A-D170": 192.85724458240617}, "K58-D030": {"K58-D040": 37.99605336412871}, "K51-U220": {"K51-U230": 66.21526658256917}, "K58-U120": {"K58-U130": 122.76605524729844}, "K51A-D020": {"K51A-D030": 115.18582161227035}, "K51A-U010": {"K51A-U020": 54.00881161124755}, "K54-D040": {"K54-D050": 159.47839578139508}, "K51A-D240": {"K51A-D250": 47.13192613577999}, "K51-U140": {"K51-U150": 59.690477047749525}, "K51-D200": {"K51-D210": 108.53042909775172}, "K51A-D040": {"K51A-D050": 111.50179203809057}, "K51A-U070": {"K51A-U080": 183.93467727253233}, "K52-nU210": {"K52-nU220": 81.38933345297244}, "K58-U190": {"K58-U200": 107.88100704888006}, "K54-D060": {"K54-D070": 145.25231151483888}, "K52A-U140": {"K52A-U150": 160.36595509172798}, "K52-nD100": {"K52-nD110": 60.83913714666462}, "K52A-U110": {"K52A-U120": 59.23755766249373}, "K53-U050": {"K53-U060": 122.38671803438267}, "K51A-U110": {"K51A-U120": 122.35537989105963}, "K52A-U080": {"K52A-U090": 71.89774545501498}, "K51A-D050": {"K51A-D060": 86.12302926564067}, "K52A-D130": {"K52A-D140": 83.96579852022438}, "K51A-U080": {"K51A-U090": 162.78130315161383}, "K52-nU120": {"K52-nU130": 142.88512956740846, "K52-nU140": 116.93559180483085}, "K52-nU130": {"K52-nU140": 328.31723641397036}, "K53-D130": {"K53-D140": 101.8492209022899}, "K52-nU150": {"K52-nU160": 91.87826829818172}, "K54-U020": {"K54-U030": 111.34443811338583}, "K52-nD260": {"K52-nD270": 47.43783306862317}, "K52-nU050": {"K52-nU060": 249.37009323346547}, "K51A-U060": {"K51A-U070": 309.7367755889437}, "K52A-D170": {"K52A-D180": 100.69720989687366}, "K51A-D110": {"K51A-D120": 85.35224488385659}, "K51-U110": {"K51-U120": 115.13082234733884}, "K51-U240": {"K51-U250": 111.52585330906916}, "K53-D070": {"K53-D080": 82.9672730859886}, "K52A-D080": {"K52A-D090": 63.17005749316428}, "K51A-U130": {"K51A-U140": 96.56853432278027}, "K54-D050": {"K54-D060": 84.52382498696286}, "K52-nD180": {"K52-nD190": 140.1562683426819}, "K51A-U020": {"K51A-U030": 104.82475853548492}, "K51A-D060": {"K51A-D070": 77.40701189337123}, "K51-U150": {"K51-U160": 93.08655242732894}, "K53-D160": {"K53-U011": 151.59918276339423}, "K51-U160": {"K51-U170": 114.43381348642359}, "K53-U090": {"K53-U100": 117.36171337520177}, "K52-nD160": {"K52-nD170": 138.4918314346669}, "K51A-D150": {"K51A-D160": 118.34686211224167}, "K52-nU070": {"K52-nU080": 99.71562165351354}, "K52A-U120": {"K52A-U130": 64.79029230150195}, "K52A-U150": {"K52A-U160": 30.014468849031296}, "K51-U230": {"K51-U240": 53.09042955984379}, "K52A-U050": {"K52A-U060": 51.03399397303839}, "K52A-U020": {"K52A-U030": 89.80612811357463}, "K52A-D030": {"K52A-D040": 20.212749071712956}, "K51A-U140": {"K51A-U150": 59.63733091274196}, "K53-U060": {"K53-U070": 89.0113789018175}, "K52A-U170": {"K52A-U180": 275.3675295941069}, "K53-U040": {"K53-U050": 118.35783346052555}, "K51-U070": {"K51-U080": 198.17212810363748}, "K52-nU030": {"K52-nU040": 122.91442850142218}, "K52-nU280": {"K52-nU290": 47.2883483631974}, "K54-U010": {"K54-U020": 84.75140272590423}, "K54-U070": {"K54-D010": 157.62307450857696}, "K51A-U170": {"K51A-U180": 77.35643181008648}, "K51-D240": {"K51-D250": 114.83358795730399}, "K51-D050": {"K51-D060": 59.57172703613283}, "K53-U080": {"K53-U090": 94.74732417521909}, "K51-D010": {"K51-D020": 81.63610085425697}, "K51-D170": {"K51-D180": 116.4741235250747}, "K51-U050": {"K51-U060": 255.25158403572505}, "K53-U130": {"K53-U140": 56.11964272218491}, "K51A-D230": {"K51A-D240": 155.1048488797311}, "K52-nD030": {"K52-nD040": 32.09455808336308},