{"K53-U100": {"K53-U110": 69.0228847315819}, "K53-D010": {"K53-D015": 95.09274731263694}, "K51-D150": {"K51-D160": 145.37695912237612}, "K52-nU290": {"K52-nU300": 33.44806433101667}, "K52-nU260": {"K52-nU270": 64.03560207423425}, "K52-nD110": {"K52-nD120": 132.30420584635044}, "K51-D130": {"K51-D140": 62.33576532261482}, "K51-U080": {"K51-U090": 143.06915850981463}, "K54-D030": {"K54-D040": 73.16574384520885}, "K52-nD240": {"K52-nD250": 134.2388472098746}, "K53-U010": {"K53-U020": 173.357361206875}, "K58-D070": {"K58-D080": 96.35373852681236}, "K52-nD250": {"K52-nD260": 152.21457297652248}, "K52-nD130": {"K52-nD140": 77.58109731794532}, "K58-D020": {"K58-D030": 75.2635207420449}, "K53-D030": {"K53-D040": 68.87295513939443}, "K52A-U100": {"K52A-U110": 68.53684794296916}, "K58-U140": {"K58-U150": 105.1051812773017}, "K52A-U010": {"K52A-U015": 239.36788547321152}, "K52-nD210": {"K52-nD220": 144.6236881617952}, "K53-U030": {"K53-U040": 153.16416445797483}, "K54-U050": {"K54-U060": 302.1446198736804}, "K51-D040": {"K51-D050": 47.05894127126177}, "K58-D200": {"K58-D210": 63.27298230758172}, "K53-U110": {"K53-U120": 80.51083263197447}, "K58-U010": {"K58-U020": 40.297287139891026}, "K51A-D250": {"K51A-D260": 91.86102832648592}, "K58-D140": {"K58-D150": 39.19029597776377}, "K51A-D210": {"K51A-D220": 66.71387693157862}, "K54-U040": {"K54-U050": 137.0303639261907}, "K51A-U240": {"K51A-U250": 65.34883051666694}, "K54-U030": {"K54-U040": 104.25458319538544}, "K51-D250": {"K51-D260": 142.3772188708761}, "K51-D190": {"K51-D200": 146.4376228283269}, "K51A-U100": {"K51A-U110": 155.58143379734338}, "K51A-U090": {"K51A-U100": 143.88245627152133}, "K52-nD120": {"K52-nD130": 36.63120027386222}, "K58-D060": {"K58-D070": 146.71754967759605}, "K52A-D060": {"K52A-D070": 117.58880288054391}, "K51A-D190": {"K51A-D200": 164.4552942408923}, "K58-U180": {"K58-U190": 78.89553697313174}, "K58-D050": {"K58-D060": 163.9547722215924}, "K58-U130": {"K58-U140": 79.47095300697308}, "K54-U060": {"K54-U070": 171.7692366237292}, "K51A-U230": {"K51A-U240": 33.48443051447084}, "K53-U070": {"K53-U080": 44.66138065457288}, "K58-D170": {"K58-D180": 129.2036201715031}, "K51A-D170": {"K51A-D180": 137.57684042453252}, "K51A-D010": {"K51A-D020": 49.15700411386847}, "K52-nU010": {"K52-nU020": 36.265717034149205}, "K51-D270": {"K51-D280": 89.16785633771242}, "K51A-U190": {"K51A-U200": 67.07394075764195}, "K53-D040": {"K53-D050": 65.37038102914418}, "K52-nU040": {"K52-nU050": 46.1248927612392}, "K51-D220": {"K51-D230": 231.31054097618244}, "K52-nU170": {"K52-nU180": 106.1275032100958}, "K52-nD290": {"K52-nD300": 94.85050946039581}, "K52-nD010": {"K52-nD020": 14.897590597535123}, "K52A-U030": {"K52A-U040": 35.93482092895926}, "K54-D020": {"K54-D030": 120.76149002212348}, "K51A-D140": {"K51A-D150": 71.08831796740775}, "K51A-U030": {"K51A-U040": 64.68667838923655}, "K53-D015": {"K53-D020": 44.97848306915701}, "K51A-D090": {"K51A-D100": 67.60431388188667}, "K51-U020": {"K51-U030": 101.24370556805255}, "K51-U130": {"K51-U140": 74.91708985176275}, "K58-U170": {"K58-U180": 149.70663039453072}, "K51-U170": {"K51-U180": 72.0462329653407}, "K51-D030": {"K51-D040": 35.96446399553564}, "K52-nD140": {"K52-nD150": 106.36561555611999}, "K58-D180": {"K58-D190": 264.00548418524187}, "K58-D160": {"K58-D170": 178.69374369873054}, "K51-D020": {"K51-D030": 54.63830134327365}, "K52A-U130": {"K52A-U140": 51.21919981186386}, "K52-nD020": {"K52-nD030": 20.298433850121103}, "K52A-U040": {"K52A-U050": 110.1861555219452}, "K58-D010": {"K58-D020": 34.84199259161517}, "K52-nU200": {"K52-nU210": 71.40335280851625}, "K51-U040": {"K51-U050": 106.69955062036101}, "K51A-U210": {"K51A-U220": 65.21769951947672}, "K52-nU250": {"K52-nU260": 64.33352008576823}, "K52-nU060": {"K52-nU070": 128.8587345788535}, "K51-U030": {"K51-U040": 57.56594412904866}, "K58-U070": {"K58-U080": 111.66818405379395}, "K52-nU190": {"K52-nU200": 117.40005688490476}, "K52A-D140": {"K52A-D150": 102.78736695115033}, "K51-D260": {"K51-D270": 40.56483880185909}, "K51-D060": {"K51-D070": 46.21706138676218}, "K53-D060": {"K53-D070": 109.22028643712322}, "K52-nU080": {"K52-nU090": 77.29231102461688}, "K58-U060": {"K58-U070": 162.54245283478616}, "K52-nD280": {"K52-nD290": 82.92830991711956}, "K51-D210": {"K51-D220": 167.72596822210357}, "K52A-U060": {"K52A-U070": 120.5463600335462}, "K51-D140": {"K51-D150": 36.87235451890065}, "K52-nD150": {"K52-nD160": 94.44472028257023}, "K51A-D160": {"K51A-D170": 171.4457637861814}, "K58-D030": {"K58-D040": 52.85061553159032}, "K51-U220": {"K51-U230": 63.89765890156698}, "K58-U120": {"K58-U130": 111.54544826688728}, "K51A-D020": {"K51A-D030": 104.38741983043758}, "K51A-U010": {"K51A-U020": 55.823253819517745}, "K54-D040": {"K54-D050": 143.52634270327826}, "K51A-D240": {"K51A-D250": 44.88064743697746}, "K51-U140": {"K51-U150": 50.32037351941686}, "K51-D200": {"K51-D210": 107.72768545366179}, "K51A-D040": {"K51A-D050": 89.0391003761215}, "K51A-U070": {"K51A-U080": 186.72903786820035}, "K52-nU210": {"K52-nU220": 68.61736355667699}, "K58-U190": {"K58-U200": 100.89855250269656}, "K54-D060": {"K54-D070": 124.94015112732022}, "K52A-U140": {"K52A-U150": 145.78861683612712}, "K52-nD100": {"K52-nD110": 52.76816919023192}, "K52A-U110": {"K52A-U120": 52.180809472594525}, "K53-U050": {"K53-U060": 100.53481146912472}, "K51A-U110": {"K51A-U120": 106.55112040702038}, "K52A-U080": {"K52A-U090": 64.62306552989111}, "K51A-D050": {"K51A-D060": 77.05864333353131}, "K52A-D130": {"K52A-D140": 74.17994051677861}, "K51A-U080": {"K51A-U090": 149.44395626309034}, "K52-nU120": {"K52-nU130": 142.88512956740846, "K52-nU140": 96.95425744693395}, "K52-nU130": {"K52-nU140": 328.31723641397036}, "K53-D130": {"K53-D140": 89.36935888526128}, "K52-nU150": {"K52-nU160": 79.31287720917786}, "K54-U020": {"K54-U030": 130.60090024454064}, "K52-nD260": {"K52-nD270": 42.895008175329394}, "K52-nU050": {"K52-nU060": 225.18302693439009}, "K51A-U060": {"K51A-U070": 280.5342746638079}, "K52A-D170": {"K52A-D180": 89.79364093322191}, "K51A-D110": {"K51A-D120": 71.92924990294921}, "K51-U110": {"K51-U120": 105.09866545360128}, "K51-U240": {"K51-U250": 93.18146344479223}, "K53-D070": {"K53-D080": 67.25867073490896}, "K52A-D080": {"K52A-D090": 57.46333590624245}, "K51A-U130": {"K51A-U140": 77.07609855864334}, "K54-D050": {"K54-D060": 86.38976350689599}, "K52-nD180": {"K52-nD190": 130.51340407703475}, "K51A-U020": {"K51A-U030": 100.80302614086905}, "K51A-D060": {"K51A-D070": 65.02529430839913}, "K51-U150": {"K51-U160": 78.38744248016194}, "K53-D160": {"K53-U011": 143.94267695495031}, "K51-U160": {"K51-U170": 89.21308581434887}, "K53-U090": {"K53-U100": 91.25382543939564}, "K52-nD160": {"K52-nD170": 129.06138789999304}, "K51A-D150": {"K51A-D160": 109.9947442233874}, "K52-nU070": {"K52-nU080": 87.02310887283139}, "K52A-U120": {"K52A-U130": 69.19754291236197}, "K52A-U150": {"K52A-U160": 28.44399083464581}, "K51-U230": {"K51-U240": 41.796542702167905}, "K52A-U050": {"K52A-U060": 43.87660178451556}, "K52A-U020": {"K52A-U030": 75.39163414647973}, "K52A-D030": {"K52A-D040": 21.362232632533736}, "K51A-U140": {"K51A-U150": 54.85856078341267}, "K53-U060": {"K53-U070": 73.15593765658635}, "K52A-U170": {"K52A-U180": 250.3409382532092}, "K53-U040": {"K53-U050": 90.84899899883922}, "K51-U070": {"K51-U080": 171.24785331373403}, "K52-nU030": {"K52-nU040": 113.08525547982319}, "K52-nU280": {"K52-nU290": 37.83953217245285}, "K54-U010": {"K54-U020": 63.90895597673212}, "K54-U070": {"K54-D010": 142.6105098504075}, "K51A-U170": {"K51A-U180": 70.36181583173975}, "K51-D240": {"K51-D250": 98.72050687296786}, "K51-D050": {"K51-D060": 47.128200703773736}, "K53-U080": {"K53-U090": 87.5976312304729}, "K51-D010": {"K51-D020": 67.97600279333709}, "K51-D170": {"K51-D180": 105.29437915411805}, "K51-U050": {"K51-U060": 221.0636452897069}, "K53-U130": {"K53-U140": 52.419185689827465}, "K51A-D230": {"K51A-D240": 145.50993596373385}, "K52-nD030": {"K52-nD040": 28.492757562245675},