{"K53-U100": {"K53-U110": 62.52252005048041}, "K53-D010": {"K53-D015": 95.79272879842215}, "K51-D150": {"K51-D160": 137.97069149662087}, "K52-nU290": {"K52-nU300": 34.56228553680237}, "K52-nU260": {"K52-nU270": 59.07247121960533}, "K52-nD110": {"K52-nD120": 129.40800614645835}, "K51-D130": {"K51-D140": 58.64944563618801}, "K51-U080": {"K51-U090": 153.29850039502375}, "K54-D030": {"K54-D040": 70.00033853007473}, "K52-nD240": {"K52-nD250": 140.74496910987324}, "K53-U010": {"K53-U020": 191.16524063788296}, "K58-D070": {"K58-D080": 107.16250434669114}, "K52-nD250": {"K52-nD260": 148.71358102835435}, "K52-nD130": {"K52-nD140": 74.80564408394403}, "K58-D020": {"K58-D030": 79.40474565304989}, "K53-D030": {"K53-D040": 66.47299088934903}, "K52A-U100": {"K52A-U110": 72.81192213370124}, "K58-U140": {"K58-U150": 111.02209600541816}, "K52A-U010": {"K52A-U015": 260.28643142950403}, "K52-nD210": {"K52-nD220": 143.15871481181225}, "K53-U030": {"K53-U040": 158.36514486368478}, "K54-U050": {"K54-U060": 296.1846255397949}, "K51-D040": {"K51-D050": 47.35493156487725}, "K58-D200": {"K58-D210": 60.37063250216246}, "K53-U110": {"K53-U120": 75.47402442916612}, "K58-U010": {"K58-U020": 61.480825709859026}, "K51A-D250": {"K51A-D260": 75.91173585428832}, "K58-D140": {"K58-D150": 38.502578328512506}, "K51A-D210": {"K51A-D220": 70.11573489228836}, "K54-U040": {"K54-U050": 129.15391268735846}, "K51A-U240": {"K51A-U250": 60.41475922550724}, "K54-U030": {"K54-U040": 110.35607616911489}, "K51-D250": {"K51-D260": 144.4108899193748}, "K51-D190": {"K51-D200": 141.18063122940364}, "K51A-U100": {"K51A-U110": 160.80689278027393}, "K51A-U090": {"K51A-U100": 138.35879775641996}, "K52-nD120": {"K52-nD130": 34.896255750219666}, "K58-D060": {"K58-D070": 147.42662698269004}, "K52A-D060": {"K52A-D070": 117.58880288054391}, "K51A-D190": {"K51A-D200": 166.02702926400258}, "K58-U180": {"K58-U190": 90.1858136514353}, "K58-D050": {"K58-D060": 165.98348275165645}, "K58-U130": {"K58-U140": 82.10054886185199}, "K54-U060": {"K54-U070": 176.18461515109587}, "K51A-U230": {"K51A-U240": 33.79474821998461}, "K53-U070": {"K53-U080": 43.565443856534344}, "K58-D170": {"K58-D180": 127.97357786161297}, "K51A-D170": {"K51A-D180": 135.013119819391}, "K51A-D010": {"K51A-D020": 48.03769772518359}, "K52-nU010": {"K52-nU020": 36.720105317933275}, "K51-D270": {"K51-D280": 89.40927758772538}, "K51A-U190": {"K51A-U200": 60.25157665031206}, "K53-D040": {"K53-D050": 61.987744959885404}, "K52-nU040": {"K52-nU050": 47.21853487741366}, "K51-D220": {"K51-D230": 239.43656576514863}, "K52-nU170": {"K52-nU180": 97.92170717560306}, "K52-nD290": {"K52-nD300": 88.9530171697302}, "K52-nD010": {"K52-nD020": 17.85449113124821}, "K52A-U030": {"K52A-U040": 38.38245641007189}, "K54-D020": {"K54-D030": 120.76149002212348}, "K51A-D140": {"K51A-D150": 70.14816401358087}, "K51A-U030": {"K51A-U040": 59.715135894434844}, "K53-D015": {"K53-D020": 44.552950168326774}, "K51A-D090": {"K51A-D100": 73.51675289662843}, "K51-U020": {"K51-U030": 100.41489088866103}, "K51-U130": {"K51-U140": 73.62256420706622}, "K58-U170": {"K58-U180": 154.29081012706803}, "K51-U170": {"K51-U180": 70.10905929960931}, "K51-D030": {"K51-D040": 37.04136402596993}, "K52-nD140": {"K52-nD150": 101.8961908106614}, "K58-D180": {"K58-D190": 266.6548838505083}, "K58-D160": {"K58-D170": 184.7859943291419}, "K51-D020": {"K51-D030": 50.87930397026321}, "K52A-U130": {"K52A-U140": 45.83129305214711}, "K52-nD020": {"K52-nD030": 22.82382800967561}, "K52A-U040": {"K52A-U050": 116.44251078212574}, "K58-D010": {"K58-D020": 32.724822804641605}, "K52-nU200": {"K52-nU210": 78.20400170370542}, "K51-U040": {"K51-U050": 106.57924481217128}, "K51A-U210": {"K51A-U220": 69.77436341130328}, "K52-nU250": {"K52-nU260": 65.96478392523456}, "K52-nU060": {"K52-nU070": 127.12691279975543}, "K51-U030": {"K51-U040": 55.18906438479708}, "K58-U070": {"K58-U080": 112.15028088825412}, "K52-nU190": {"K52-nU200": 115.77114492830549}, "K52A-D140": {"K52A-D150": 105.958110396129}, "K51-D260": {"K51-D270": 40.9528700184967}, "K51-D060": {"K51-D070": 48.61955688234879}, "K53-D060": {"K53-D070": 105.06308189334777}, "K52-nU080": {"K52-nU090": 76.11811508068028}, "K58-U060": {"K58-U070": 161.2412972042826}, "K52-nD280": {"K52-nD290": 85.02599122309641}, "K51-D210": {"K51-D220": 162.82815363739067}, "K52A-U060": {"K52A-U070": 118.52721945230788}, "K51-D140": {"K51-D150": 38.60294849720546}, "K52-nD150": {"K52-nD160": 85.87482641513337}, "K51A-D160": {"K51A-D170": 174.18148687492834}, "K58-D030": {"K58-D040": 40.674097362757536}, "K51-U220": {"K51-U230": 60.045664829086}, "K58-U120": {"K58-U130": 104.24162811031019}, "K51A-D020": {"K51A-D030": 95.87732855953564}, "K51A-U010": {"K51A-U020": 50.76577583067829}, "K54-D040": {"K54-D050": 128.14598986335125}, "K51A-D240": {"K51A-D250": 40.38937217137933}, "K51-U140": {"K51-U150": 45.42911046698445}, "K51-D200": {"K51-D210": 105.52936007540589}, "K51A-D040": {"K51A-D050": 89.85398876732081}, "K51A-U070": {"K51A-U080": 185.43649059282848}, "K52-nU210": {"K52-nU220": 67.28690681284283}, "K58-U190": {"K58-U200": 101.69819721726054}, "K54-D060": {"K54-D070": 132.13616561039993}, "K52A-U140": {"K52A-U150": 145.78861683612712}, "K52-nD100": {"K52-nD110": 53.93866450428627}, "K52A-U110": {"K52A-U120": 51.45762928947504}, "K53-U050": {"K53-U060": 102.17445768825627}, "K51A-U110": {"K51A-U120": 106.55078708528876}, "K52A-U080": {"K52A-U090": 63.98497087059302}, "K51A-D050": {"K51A-D060": 73.11316410838899}, "K52A-D130": {"K52A-D140": 74.20408273513942}, "K51A-U080": {"K51A-U090": 146.54747650319914}, "K52-nU120": {"K52-nU130": 142.88512956740846, "K52-nU140": 102.0072427416283}, "K52-nU130": {"K52-nU140": 328.31723641397036}, "K53-D130": {"K53-D140": 92.17056996545647}, "K52-nU150": {"K52-nU160": 76.66115188022854}, "K54-U020": {"K54-U030": 137.59574810272866}, "K52-nD260": {"K52-nD270": 41.88144807967397}, "K52-nU050": {"K52-nU060": 233.53008227348877}, "K51A-U060": {"K51A-U070": 263.1931584885268}, "K52A-D170": {"K52A-D180": 103.13688645878433}, "K51A-D110": {"K51A-D120": 67.05427722295859}, "K51-U110": {"K51-U120": 96.44428321203449}, "K51-U240": {"K51-U250": 101.1794567854208}, "K53-D070": {"K53-D080": 65.39729982917046}, "K52A-D080": {"K52A-D090": 60.406996947739344}, "K51A-U130": {"K51A-U140": 80.19630328204717}, "K54-D050": {"K54-D060": 79.08369863697781}, "K52-nD180": {"K52-nD190": 126.2683225104259}, "K51A-U020": {"K51A-U030": 103.29158859688398}, "K51A-D060": {"K51A-D070": 69.43982244792548}, "K51-U150": {"K51-U160": 86.2294893400452}, "K53-D160": {"K53-U011": 136.16985332911017}, "K51-U160": {"K51-U170": 90.26817748500245}, "K53-U090": {"K53-U100": 93.82057226513949}, "K52-nD160": {"K52-nD170": 125.82178031558328}, "K51A-D150": {"K51A-D160": 105.47544925393031}, "K52-nU070": {"K52-nU080": 84.93741909751252}, "K52A-U120": {"K52A-U130": 58.746166489228436}, "K52A-U150": {"K52A-U160": 40.35317585049185}, "K51-U230": {"K51-U240": 40.067808646217486}, "K52A-U050": {"K52A-U060": 52.29854676425657}, "K52A-U020": {"K52A-U030": 74.42444530054595}, "K52A-D030": {"K52A-D040": 25.471408076231153}, "K51A-U140": {"K51A-U150": 52.24797799736778}, "K53-U060": {"K53-U070": 75.00042630952308}, "K52A-U170": {"K52A-U180": 250.3409382532092}, "K53-U040": {"K53-U050": 100.73943056300874}, "K51-U070": {"K51-U080": 164.01113007862193}, "K52-nU030": {"K52-nU040": 111.71777826810651}, "K52-nU280": {"K52-nU290": 42.23980174151707}, "K54-U010": {"K54-U020": 73.72505908472384}, "K54-U070": {"K54-D010": 142.61199026851608}, "K51A-U170": {"K51A-U180": 70.22529657354347}, "K51-D240": {"K51-D250": 104.96042965617626}, "K51-D050": {"K51-D060": 52.59439761394886}, "K53-U080": {"K53-U090": 85.26063923938786}, "K51-D010": {"K51-D020": 74.09471155247506}, "K51-D170": {"K51-D180": 100.39575976940954}, "K51-U050": {"K51-U060": 227.76841385841544}, "K53-U130": {"K53-U140": 51.36284651779865}, "K51A-D230": {"K51A-D240": 139.36576461752415}, "K52-nD030": {"K52-nD040": 28.183732113348764},