{"K53-U100": {"K53-U110": 74.47750257892297}, "K53-D010": {"K53-D015": 105.75146421582762}, "K51-D150": {"K51-D160": 149.91778246496625}, "K52-nU290": {"K52-nU300": 38.49282941630499}, "K52-nU260": {"K52-nU270": 59.97447924103132}, "K52-nD110": {"K52-nD120": 155.620575235919}, "K51-D130": {"K51-D140": 76.40446216819622}, "K51-U080": {"K51-U090": 191.12006057393788}, "K54-D030": {"K54-D040": 58.80539192106505}, "K52-nD240": {"K52-nD250": 161.27597107853734}, "K53-U010": {"K53-U020": 250.06206144634885}, "K58-D070": {"K58-D080": 105.69477152854918}, "K52-nD250": {"K52-nD260": 174.33479571100852}, "K52-nD130": {"K52-nD140": 87.23240080296594}, "K58-D020": {"K58-D030": 86.78416242051973}, "K53-D030": {"K53-D040": 73.83941418130459}, "K52A-U100": {"K52A-U110": 78.94349432127031}, "K58-U140": {"K58-U150": 143.41598962272997}, "K52A-U010": {"K52A-U015": 288.75304295511535}, "K52-nD210": {"K52-nD220": 182.65788548118954}, "K53-U030": {"K53-U040": 170.4550398952245}, "K54-U050": {"K54-U060": 343.70326104177667}, "K51-D040": {"K51-D050": 48.16367670811594}, "K58-D200": {"K58-D210": 65.82703438679962}, "K53-U110": {"K53-U120": 99.25562756030533}, "K58-U010": {"K58-U020": 64.71934435407317}, "K51A-D250": {"K51A-D260": 98.16125846881545}, "K58-D140": {"K58-D150": 47.25555044377569}, "K51A-D210": {"K51A-D220": 81.72332059708324}, "K54-U040": {"K54-U050": 154.03829169070443}, "K51A-U240": {"K51A-U250": 71.95010474941034}, "K54-U030": {"K54-U040": 126.03457808149395}, "K51-D250": {"K51-D260": 154.9782188577605}, "K51-D190": {"K51-D200": 150.64875076836194}, "K51A-U100": {"K51A-U110": 178.39836242465225}, "K51A-U090": {"K51A-U100": 152.53728151019945}, "K52-nD120": {"K52-nD130": 37.376530359730914}, "K58-D060": {"K58-D070": 171.43040953976814}, "K52A-D060": {"K52A-D070": 129.34768316859805}, "K51A-D190": {"K51A-D200": 192.16082981071685}, "K58-U180": {"K58-U190": 93.92285360533332}, "K58-D050": {"K58-D060": 186.33456657833221}, "K58-U130": {"K58-U140": 87.43056322395374}, "K54-U060": {"K54-U070": 209.7531712538605}, "K51A-U230": {"K51A-U240": 43.2956582386425}, "K53-U070": {"K53-U080": 52.14344770530793}, "K58-D170": {"K58-D180": 152.60898341213866}, "K51A-D170": {"K51A-D180": 162.55875864748518}, "K51A-D010": {"K51A-D020": 54.727293004133756}, "K52-nU010": {"K52-nU020": 42.78505039525171}, "K51-D270": {"K51-D280": 88.67553457503449}, "K51A-U190": {"K51A-U200": 79.34127273056575}, "K53-D040": {"K53-D050": 76.27347877706525}, "K52-nU040": {"K52-nU050": 63.11105615859141}, "K51-D220": {"K51-D230": 279.1079516141965}, "K52-nU170": {"K52-nU180": 128.14893852424038}, "K52-nD290": {"K52-nD300": 112.99899583788245}, "K52-nD010": {"K52-nD020": 20.090595744231116}, "K52A-U030": {"K52A-U040": 48.035947285313306}, "K54-D020": {"K54-D030": 132.83763902433572}, "K51A-D140": {"K51A-D150": 87.51478791816011}, "K51A-U030": {"K51A-U040": 69.23107605036759}, "K53-D015": {"K53-D020": 44.153946032867864}, "K51A-D090": {"K51A-D100": 83.52540578630138}, "K51-U020": {"K51-U030": 109.24575774819672}, "K51-U130": {"K51-U140": 85.1886367755227}, "K58-U170": {"K58-U180": 176.8617430856312}, "K51-U170": {"K51-U180": 75.59901540803969}, "K51-D030": {"K51-D040": 36.65602694518428}, "K52-nD140": {"K52-nD150": 111.89894555651165}, "K58-D180": {"K58-D190": 295.0915593554752}, "K58-D160": {"K58-D170": 234.09236379839072}, "K51-D020": {"K51-D030": 61.647757860684614}, "K52A-U130": {"K52A-U140": 58.04099224475075}, "K52-nD020": {"K52-nD030": 29.53520920698339}, "K52A-U040": {"K52A-U050": 131.8703486796554}, "K58-D010": {"K58-D020": 50.48534592984705}, "K52-nU200": {"K52-nU210": 87.61484228713377}, "K51-U040": {"K51-U050": 123.23977662572145}, "K51A-U210": {"K51A-U220": 81.07381714113721}, "K52-nU250": {"K52-nU260": 66.60870539655834}, "K52-nU060": {"K52-nU070": 150.1170050444443}, "K51-U030": {"K51-U040": 64.35155759955427}, "K58-U070": {"K58-U080": 127.7344542358898}, "K52-nU190": {"K52-nU200": 135.70266282115648}, "K52A-D140": {"K52A-D150": 106.7087818035355}, "K51-D260": {"K51-D270": 58.30941965179623}, "K51-D060": {"K51-D070": 52.958352779362215}, "K53-D060": {"K53-D070": 140.22321126255366}, "K52-nU080": {"K52-nU090": 85.460126080479}, "K58-U060": {"K58-U070": 171.43493815799727}, "K52-nD280": {"K52-nD290": 91.88997023790014}, "K51-D210": {"K51-D220": 188.47975307485586}, "K52A-U060": {"K52A-U070": 133.16350356125022}, "K51-D140": {"K51-D150": 41.01156663158373}, "K52-nD150": {"K52-nD160": 101.56641078806842}, "K51A-D160": {"K51A-D170": 197.03297307598285}, "K58-D030": {"K58-D040": 53.09068506126641}, "K51-U220": {"K51-U230": 68.26979008955396}, "K58-U120": {"K58-U130": 120.19176786744474}, "K51A-D020": {"K51A-D030": 111.16116867867893}, "K51A-U010": {"K51A-U020": 65.24809220786862}, "K54-D040": {"K54-D050": 170.53984715203717}, "K51A-D240": {"K51A-D250": 61.845870107783504}, "K51-U140": {"K51-U150": 57.61185015551697}, "K51-D200": {"K51-D210": 115.8886360258911}, "K51A-D040": {"K51A-D050": 106.10416709452898}, "K51A-U070": {"K51A-U080": 213.27943820020747}, "K52-nU210": {"K52-nU220": 82.51699483968568}, "K58-U190": {"K58-U200": 107.20739623761865}, "K54-D060": {"K54-D070": 153.30897881598113}, "K52A-U140": {"K52A-U150": 160.36747851973956}, "K52-nD100": {"K52-nD110": 62.808366309579675}, "K52A-U110": {"K52A-U120": 64.82245229587554}, "K53-U050": {"K53-U060": 137.34528713745735}, "K51A-U110": {"K51A-U120": 121.56115954430445}, "K52A-U080": {"K52A-U090": 70.99889285954795}, "K51A-D050": {"K51A-D060": 84.17591021962616}, "K52A-D130": {"K52A-D140": 89.72906465786393}, "K51A-U080": {"K51A-U090": 200.74637751630635}, "K52-nU120": {"K52-nU130": 142.88512956740846, "K52-nU140": 103.70849163013206}, "K52-nU130": {"K52-nU140": 328.31723641397036}, "K53-D130": {"K53-D140": 112.89571524625008}, "K52-nU150": {"K52-nU160": 92.77948397792113}, "K54-U020": {"K54-U030": 143.46152440196963}, "K52-nD260": {"K52-nD270": 45.72678141231653}, "K52-nU050": {"K52-nU060": 245.57683897724309}, "K51A-U060": {"K51A-U070": 315.8663726535798}, "K52A-D170": {"K52A-D180": 110.97748307908344}, "K51A-D110": {"K51A-D120": 72.39428613610707}, "K51-U110": {"K51-U120": 117.04763012312719}, "K51-U240": {"K51-U250": 111.4846551505753}, "K53-D070": {"K53-D080": 69.85709175767906}, "K52A-D080": {"K52A-D090": 69.3677509632976}, "K51A-U130": {"K51A-U140": 88.07441178730122}, "K54-D050": {"K54-D060": 91.01761568525276}, "K52-nD180": {"K52-nD190": 137.28101996827345}, "K51A-U020": {"K51A-U030": 118.2172159673988}, "K51A-D060": {"K51A-D070": 90.9266331104117}, "K51-U150": {"K51-U160": 88.05158967584798}, "K53-D160": {"K53-U011": 164.12921247252243}, "K51-U160": {"K51-U170": 102.77738901421196}, "K53-U090": {"K53-U100": 103.98811790687583}, "K52-nD160": {"K52-nD170": 154.25386915955522}, "K51A-D150": {"K51A-D160": 119.95543524226892}, "K52-nU070": {"K52-nU080": 96.03298272793641}, "K52A-U120": {"K52A-U130": 72.39850480424592}, "K52A-U150": {"K52A-U160": 33.65289660903987}, "K51-U230": {"K51-U240": 50.22656736467656}, "K52A-U050": {"K52A-U060": 57.198188815751664}, "K52A-U020": {"K52A-U030": 89.68413208357508}, "K52A-D030": {"K52A-D040": 20.92917283439798}, "K51A-U140": {"K51A-U150": 58.36305949039128}, "K53-U060": {"K53-U070": 81.17633913961615}, "K52A-U170": {"K52A-U180": 275.3750320785299}, "K53-U040": {"K53-U050": 110.68281698205189}, "K51-U070": {"K51-U080": 167.47421400362344}, "K52-nU030": {"K52-nU040": 131.22575306955872}, "K52-nU280": {"K52-nU290": 44.70215688684273}, "K54-U010": {"K54-U020": 79.50998836113111}, "K54-U070": {"K54-D010": 152.0134822329321}, "K51A-U170": {"K51A-U180": 80.44715052881747}, "K51-D240": {"K51-D250": 118.85921960495611}, "K51-D050": {"K51-D060": 65.88240813626149}, "K53-U080": {"K53-U090": 91.50018999333672}, "K51-D010": {"K51-D020": 84.92131029478541}, "K51-D170": {"K51-D180": 103.05119031978018}, "K51-U050": {"K51-U060": 257.1844217575368}, "K53-U130": {"K53-U140": 70.62453413734927}, "K51A-D230": {"K51A-D240": 146.17370808241895}, "K52-nD030": {"K52-nD040": 28.834266395180265},