{"K53-U100": {"K53-U110": 74.15617264375649}, "K53-D010": {"K53-D015": 111.87999892545649}, "K51-D150": {"K51-D160": 168.50788887561345}, "K52-nU290": {"K52-nU300": 35.723134783413755}, "K52-nU260": {"K52-nU270": 70.27174076822703}, "K52-nD110": {"K52-nD120": 144.2497111302912}, "K51-D130": {"K51-D140": 70.44803250941563}, "K51-U080": {"K51-U090": 162.23044269354116}, "K54-D030": {"K54-D040": 69.09474952781022}, "K52-nD240": {"K52-nD250": 149.63180339414936}, "K53-U010": {"K53-U020": 213.4105498211577}, "K58-D070": {"K58-D080": 99.92497269221758}, "K52-nD250": {"K52-nD260": 176.9533962084601}, "K52-nD130": {"K52-nD140": 94.09796511151839}, "K58-D020": {"K58-D030": 86.73306133443045}, "K53-D030": {"K53-D040": 79.23706702457635}, "K52A-U100": {"K52A-U110": 69.84581047796169}, "K58-U140": {"K58-U150": 132.12881476911113}, "K52A-U010": {"K52A-U015": 264.8989499462833}, "K52-nD210": {"K52-nD220": 165.72747463837715}, "K53-U030": {"K53-U040": 166.2255856271347}, "K54-U050": {"K54-U060": 370.34254717452006}, "K51-D040": {"K51-D050": 52.74148895460966}, "K58-D200": {"K58-D210": 66.23658804986829}, "K53-U110": {"K53-U120": 100.0676533110217}, "K58-U010": {"K58-U020": 57.19981459145713}, "K51A-D250": {"K51A-D260": 106.94236870571487}, "K58-D140": {"K58-D150": 43.60837507268811}, "K51A-D210": {"K51A-D220": 79.5208871011125}, "K54-U040": {"K54-U050": 133.9842567240874}, "K51A-U240": {"K51A-U250": 68.35592448313761}, "K54-U030": {"K54-U040": 121.80453384170214}, "K51-D250": {"K51-D260": 143.50080237469112}, "K51-D190": {"K51-D200": 163.48990580473657}, "K51A-U100": {"K51A-U110": 177.05124592005046}, "K51A-U090": {"K51A-U100": 163.16204117967453}, "K52-nD120": {"K52-nD130": 40.92380073826875}, "K58-D060": {"K58-D070": 172.47225955318353}, "K52A-D060": {"K52A-D070": 129.34768316859805}, "K51A-D190": {"K51A-D200": 191.92956279100764}, "K58-U180": {"K58-U190": 97.79575402373317}, "K58-D050": {"K58-D060": 182.72399396320856}, "K58-U130": {"K58-U140": 91.65355885427175}, "K54-U060": {"K54-U070": 210.50246929125424}, "K51A-U230": {"K51A-U240": 39.909270500938206}, "K53-U070": {"K53-U080": 67.32526303862065}, "K58-D170": {"K58-D180": 157.86714650562772}, "K51A-D170": {"K51A-D180": 170.10955020251146}, "K51A-D010": {"K51A-D020": 56.2991664490947}, "K52-nU010": {"K52-nU020": 38.877415402689046}, "K51-D270": {"K51-D280": 96.68340639685984}, "K51A-U190": {"K51A-U200": 75.39026566710274}, "K53-D040": {"K53-D050": 78.6611817699447}, "K52-nU040": {"K52-nU050": 57.76921464308447}, "K51-D220": {"K51-D230": 222.42526068815263}, "K52-nU170": {"K52-nU180": 120.90797906673738}, "K52-nD290": {"K52-nD300": 98.82061425335615}, "K52-nD010": {"K52-nD020": 19.363307800685472}, "K52A-U030": {"K52A-U040": 46.39630332768111}, "K54-D020": {"K54-D030": 132.83763902433572}, "K51A-D140": {"K51A-D150": 87.79426332698982}, "K51A-U030": {"K51A-U040": 72.35058951029546}, "K53-D015": {"K53-D020": 45.37099736048729}, "K51A-D090": {"K51A-D100": 88.55474384829554}, "K51-U020": {"K51-U030": 102.84188138054431}, "K51-U130": {"K51-U140": 86.7145047680309}, "K58-U170": {"K58-U180": 173.99993039657244}, "K51-U170": {"K51-U180": 78.014956777497}, "K51-D030": {"K51-D040": 39.17301208219038}, "K52-nD140": {"K52-nD150": 117.99355638064665}, "K58-D180": {"K58-D190": 295.3486285412732}, "K58-D160": {"K58-D170": 218.33350211982037}, "K51-D020": {"K51-D030": 63.78211093051304}, "K52A-U130": {"K52A-U140": 52.69865276446562}, "K52-nD020": {"K52-nD030": 22.35958214933125}, "K52A-U040": {"K52A-U050": 128.6767358885572}, "K58-D010": {"K58-D020": 53.54572496760788}, "K52-nU200": {"K52-nU210": 83.35672620801805}, "K51-U040": {"K51-U050": 114.8041407879598}, "K51A-U210": {"K51A-U220": 75.79269556563179}, "K52-nU250": {"K52-nU260": 76.2046597565533}, "K52-nU060": {"K52-nU070": 137.55301650661278}, "K51-U030": {"K51-U040": 67.11032092724153}, "K58-U070": {"K58-U080": 126.83262531300879}, "K52-nU190": {"K52-nU200": 134.7131706467683}, "K52A-D140": {"K52A-D150": 114.40824568810918}, "K51-D260": {"K51-D270": 53.63159367094677}, "K51-D060": {"K51-D070": 50.72368408722061}, "K53-D060": {"K53-D070": 140.14026089545337}, "K52-nU080": {"K52-nU090": 82.92221330814797}, "K58-U060": {"K58-U070": 173.64202263207795}, "K52-nD280": {"K52-nD290": 92.94728811757948}, "K51-D210": {"K51-D220": 191.04057296100748}, "K52A-U060": {"K52A-U070": 139.207609998049}, "K51-D140": {"K51-D150": 41.25206317877243}, "K52-nD150": {"K52-nD160": 100.13779812321856}, "K51A-D160": {"K51A-D170": 185.07162580030484}, "K58-D030": {"K58-D040": 53.94708022032255}, "K51-U220": {"K51-U230": 67.44664304401618}, "K58-U120": {"K58-U130": 122.85846724611274}, "K51A-D020": {"K51A-D030": 113.06596800143302}, "K51A-U010": {"K51A-U020": 49.11149560519934}, "K54-D040": {"K54-D050": 153.7586802195763}, "K51A-D240": {"K51A-D250": 64.90763619997544}, "K51-U140": {"K51-U150": 58.40243711589669}, "K51-D200": {"K51-D210": 122.20463413568916}, "K51A-D040": {"K51A-D050": 99.45527015670203}, "K51A-U070": {"K51A-U080": 206.09870142067976}, "K52-nU210": {"K52-nU220": 74.599360547898}, "K58-U190": {"K58-U200": 117.9536224043763}, "K54-D060": {"K54-D070": 140.9266234886185}, "K52A-U140": {"K52A-U150": 160.36747851973956}, "K52-nD100": {"K52-nD110": 57.60644475656419}, "K52A-U110": {"K52A-U120": 53.52631941753528}, "K53-U050": {"K53-U060": 129.61472868597357}, "K51A-U110": {"K51A-U120": 115.0092386544263}, "K52A-U080": {"K52A-U090": 73.91190115539338}, "K51A-D050": {"K51A-D060": 81.28218334266477}, "K52A-D130": {"K52A-D140": 86.61954571706039}, "K51A-U080": {"K51A-U090": 165.57859606084102}, "K52-nU120": {"K52-nU130": 142.88512956740846, "K52-nU140": 110.90013190771433}, "K52-nU130": {"K52-nU140": 328.31723641397036}, "K53-D130": {"K53-D140": 105.65797929387845}, "K52-nU150": {"K52-nU160": 87.42838771906774}, "K54-U020": {"K54-U030": 159.96754773952745}, "K52-nD260": {"K52-nD270": 46.17399767137981}, "K52-nU050": {"K52-nU060": 252.3735036472536}, "K51A-U060": {"K51A-U070": 318.66444822739936}, "K52A-D170": {"K52A-D180": 103.67555330548859}, "K51A-D110": {"K51A-D120": 86.79255060317178}, "K51-U110": {"K51-U120": 110.95279366499214}, "K51-U240": {"K51-U250": 120.63104460849573}, "K53-D070": {"K53-D080": 76.39124642081359}, "K52A-D080": {"K52A-D090": 72.264098399271}, "K51A-U130": {"K51A-U140": 84.78088647179874}, "K54-D050": {"K54-D060": 84.1256548190975}, "K52-nD180": {"K52-nD190": 149.8739366270297}, "K51A-U020": {"K51A-U030": 136.65945674093263}, "K51A-D060": {"K51A-D070": 77.90468834120608}, "K51-U150": {"K51-U160": 96.54740585269107}, "K53-D160": {"K53-U011": 157.58473664929866}, "K51-U160": {"K51-U170": 107.8488682029667}, "K53-U090": {"K53-U100": 111.99353261582878}, "K52-nD160": {"K52-nD170": 147.76049279278968}, "K51A-D150": {"K51A-D160": 120.89456451406431}, "K52-nU070": {"K52-nU080": 100.58370661720275}, "K52A-U120": {"K52A-U130": 69.9907614686922}, "K52A-U150": {"K52A-U160": 32.068820150774556}, "K51-U230": {"K51-U240": 52.38695343504719}, "K52A-U050": {"K52A-U060": 54.97978601036895}, "K52A-U020": {"K52A-U030": 89.87466297057661}, "K52A-D030": {"K52A-D040": 23.009687771604113}, "K51A-U140": {"K51A-U150": 72.9657372477013}, "K53-U060": {"K53-U070": 81.49253450914838}, "K52A-U170": {"K52A-U180": 275.3750320785299}, "K53-U040": {"K53-U050": 114.22545493087357}, "K51-U070": {"K51-U080": 189.258777818302}, "K52-nU030": {"K52-nU040": 127.4928984216413}, "K52-nU280": {"K52-nU290": 43.55077027194725}, "K54-U010": {"K54-U020": 83.79979354301398}, "K54-U070": {"K54-D010": 152.55657262550523}, "K51A-U170": {"K51A-U180": 77.75539381599991}, "K51-D240": {"K51-D250": 119.5587500959974}, "K51-D050": {"K51-D060": 56.92764492797992}, "K53-U080": {"K53-U090": 93.37116963784055}, "K51-D010": {"K51-D020": 81.508174374863}, "K51-D170": {"K51-D180": 108.87882351790047}, "K51-U050": {"K51-U060": 241.9668880197806}, "K53-U130": {"K53-U140": 65.61329183524258}, "K51A-D230": {"K51A-D240": 159.18899087525153}, "K52-nD030": {"K52-nD040": 32.39972996108924}, "K51A-U150": {"K51A-U160": 147.68578136089562},