{"K53-U100": {"K53-U110": 66.45983343728092}, "K53-D010": {"K53-D015": 76.99581836163998}, "K51-D150": {"K51-D160": 145.04333513975143}, "K52-nU290": {"K52-nU300": 21.912005714009865}, "K52-nU260": {"K52-nU270": 63.368204805999994}, "K52-nD110": {"K52-nD120": 118.9783225741121}, "K51-D130": {"K51-D140": 61.55163419479504}, "K51-U080": {"K51-U090": 138.33400230619372}, "K54-D030": {"K54-D040": 75.91822481372736}, "K52-nD240": {"K52-nD250": 152.14628315716982}, "K53-U010": {"K53-U020": 190.50747064428384}, "K58-D070": {"K58-D080": 120.6796875}, "K52-nD250": {"K52-nD260": 151.3269681930542}, "K52-nD130": {"K52-nD140": 81.84604194890238}, "K58-D020": {"K58-D030": 99.595703125}, "K53-D030": {"K53-D040": 60.526851752703806}, "K52A-U100": {"K52A-U110": 58.133594036102295}, "K58-U140": {"K58-U150": 154.52569580078125}, "K52A-U010": {"K52A-U015": 239.80933237075806}, "K52-nD210": {"K52-nD220": 168.73569542635232}, "K53-U030": {"K53-U040": 163.13454650205756}, "K54-U050": {"K54-U060": 337.8663474833096}, "K51-D040": {"K51-D050": 49.371098645962775}, "K58-D200": {"K58-D210": 58.75933837890625}, "K53-U110": {"K53-U120": 73.41187410428307}, "K58-U010": {"K58-U020": 43.08203125}, "K51A-D250": {"K51A-D260": 85.47477191779763}, "K58-D140": {"K58-D150": 36.748046875}, "K51A-D210": {"K51A-D220": 72.57510098814964}, "K54-U040": {"K54-U050": 150.56278297821245}, "K51A-U240": {"K51A-U250": 57.82746493816376}, "K54-U030": {"K54-U040": 114.00184358685729}, "K51-D250": {"K51-D260": 135.7724541524367}, "K51-D190": {"K51-D200": 158.49288114884985}, "K51A-U100": {"K51A-U110": 159.97817039489746}, "K51A-U090": {"K51A-U100": 128.13061512820423}, "K52-nD120": {"K52-nD130": 34.958371199667454}, "K58-D060": {"K58-D070": 156.900146484375}, "K52A-D060": {"K52A-D070": 117.58880288054391}, "K51A-D190": {"K51A-D200": 153.25776240602136}, "K58-U180": {"K58-U190": 67.96929168701172}, "K58-D050": {"K58-D060": 182.48828125}, "K58-U130": {"K58-U140": 73.189453125}, "K54-U060": {"K54-U070": 189.60954018633814}, "K51A-U230": {"K51A-U240": 31.184186812257394}, "K53-U070": {"K53-U080": 70.94580911576818}, "K58-D170": {"K58-D180": 120.1893310546875}, "K51A-D170": {"K51A-D180": 160.08712367061526}, "K51A-D010": {"K51A-D020": 47.03596370911691}, "K52-nU010": {"K52-nU020": 33.70125341415405}, "K51-D270": {"K51-D280": 103.4741709936934}, "K51A-U190": {"K51A-U200": 63.12815607853008}, "K53-D040": {"K53-D050": 52.803608400397934}, "K52-nU040": {"K52-nU050": 48.989729155066016}, "K51-D220": {"K51-D230": 235.03038543462753}, "K52-nU170": {"K52-nU180": 98.22472763061523}, "K52-nD290": {"K52-nD300": 81.21598851680756}, "K52-nD010": {"K52-nD020": 17.16989496164024}, "K52A-U030": {"K52A-U040": 38.84208682179451}, "K54-D020": {"K54-D030": 120.76149002212348}, "K51A-D140": {"K51A-D150": 75.0024560149759}, "K51A-U030": {"K51A-U040": 61.50215124338865}, "K53-D015": {"K53-D020": 48.63132477011459}, "K51A-D090": {"K51A-D100": 71.55404952168465}, "K51-U020": {"K51-U030": 129.07775308852433}, "K51-U130": {"K51-U140": 68.46101273624663}, "K58-U170": {"K58-U180": 163.24609375}, "K51-U170": {"K51-U180": 72.06860596963469}, "K51-D030": {"K51-D040": 47.64628536008422}, "K52-nD140": {"K52-nD150": 102.9361230925424}, "K58-D180": {"K58-D190": 272.8515625}, "K58-D160": {"K58-D170": 189.45925903320312}, "K51-D020": {"K51-D030": 54.04881170974113}, "K52A-U130": {"K52A-U140": 45.169750452041626}, "K52-nD020": {"K52-nD030": 24.78291702119168}, "K52A-U040": {"K52A-U050": 118.71231254190207}, "K58-D010": {"K58-D020": 26.656126856803894}, "K52-nU200": {"K52-nU210": 80.57249432289973}, "K51-U040": {"K51-U050": 115.23822496239518}, "K51A-U210": {"K51A-U220": 72.40645980834961}, "K52-nU250": {"K52-nU260": 61.205034512560815}, "K52-nU060": {"K52-nU070": 126.47869396209717}, "K51-U030": {"K51-U040": 65.42476985158464}, "K58-U070": {"K58-U080": 104.2884521484375}, "K52-nU190": {"K52-nU200": 115.38198745250702}, "K52A-D140": {"K52A-D150": 111.4829488992691}, "K51-D260": {"K51-D270": 39.62789568846347}, "K51-D060": {"K51-D070": 45.40945234987885}, "K53-D060": {"K53-D070": 122.82120690308511}, "K52-nU080": {"K52-nU090": 74.41922891326249}, "K58-U060": {"K58-U070": 148.68505859375}, "K52-nD280": {"K52-nD290": 92.84735047640936}, "K51-D210": {"K51-D220": 195.56269790232182}, "K52A-U060": {"K52A-U070": 133.39563289284706}, "K51-D140": {"K51-D150": 54.42287743091583}, "K52-nD150": {"K52-nD160": 87.42331525093323}, "K51A-D160": {"K51A-D170": 169.79076646268368}, "K58-D030": {"K58-D040": 37.82861328125}, "K51-U220": {"K51-U230": 64.19100296790731}, "K58-U120": {"K58-U130": 101.9296875}, "K51A-D020": {"K51A-D030": 101.8523988017696}, "K51A-U010": {"K51A-U020": 36.12816536426544}, "K54-D040": {"K54-D050": 149.22131116870412}, "K51A-D240": {"K51A-D250": 50.738481521606445}, "K51-U140": {"K51-U150": 45.679043410142185}, "K51-D200": {"K51-D210": 115.57706417050213}, "K51A-D040": {"K51A-D050": 92.98551791101636}, "K51A-U070": {"K51A-U080": 185.67386843264103}, "K52-nU210": {"K52-nU220": 69.03043830394745}, "K58-U190": {"K58-U200": 94.8125}, "K54-D060": {"K54-D070": 133.5599058451314}, "K52A-U140": {"K52A-U150": 145.7886168361271}, "K52-nD100": {"K52-nD110": 53.233449483290315}, "K52A-U110": {"K52A-U120": 66.66370391845703}, "K53-U050": {"K53-U060": 106.07809691906799}, "K51A-U110": {"K51A-U120": 98.81278955377638}, "K52A-U080": {"K52A-U090": 60.84962797164917}, "K51A-D050": {"K51A-D060": 66.76187753677368}, "K52A-D130": {"K52A-D140": 86.86184024810791}, "K51A-U080": {"K51A-U090": 127.72680716041941}, "K52-nU120": {"K52-nU130": 129.47707864642143}, "K52-nU130": {"K52-nU140": 300.00621223449707}, "K53-D130": {"K53-D140": 82.7205176949501}, "K52-nU150": {"K52-nU160": 66.92765718698502}, "K54-U020": {"K54-U030": 151.29964647727763}, "K52-nD260": {"K52-nD270": 39.469622502845596}, "K52-nU050": {"K52-nU060": 226.9590914938599}, "K51A-U060": {"K51A-U070": 317.4609676152468}, "K52A-D170": {"K52A-D180": 91.52970057725906}, "K51A-D110": {"K51A-D120": 61.40279913746053}, "K51-U110": {"K51-U120": 104.52891339012035}, "K51-U240": {"K51-U250": 106.52932677511126}, "K53-D070": {"K53-D080": 55.35456949134823}, "K52A-D080": {"K52A-D090": 67.5322618484497}, "K51A-U130": {"K51A-U140": 84.16751634189859}, "K54-D050": {"K54-D060": 83.84181422600702}, "K52-nD180": {"K52-nD190": 106.68947608303279}, "K51A-U020": {"K51A-U030": 91.29385823011398}, "K51A-D060": {"K51A-D070": 74.72801114385948}, "K51-U150": {"K51-U160": 88.72450812664738}, "K53-D160": {"K53-U011": 127.84325064346194}, "K51-U160": {"K51-U170": 77.53756823911681}, "K53-U090": {"K53-U100": 94.41031687692043}, "K52-nD160": {"K52-nD170": 122.4806486130401}, "K51A-D150": {"K51A-D160": 108.49848884344101}, "K52-nU070": {"K52-nU080": 89.17303693853319}, "K52A-U120": {"K52A-U130": 66.34267997741699}, "K52A-U150": {"K52A-U160": 33.67889800667763}, "K51-U230": {"K51-U240": 48.88769692934213}, "K52A-U050": {"K52A-U060": 48.80569279193878}, "K52A-U020": {"K52A-U030": 76.30195927619934}, "K52A-D030": {"K52A-D040": 26.751424021087587}, "K51A-U140": {"K51A-U150": 50.683832973241806}, "K53-U060": {"K53-U070": 87.38680742611385}, "K52A-U170": {"K52A-U180": 250.3409382532092}, "K53-U040": {"K53-U050": 101.30842917155488}, "K51-U070": {"K51-U080": 191.6354402141094}, "K52-nU030": {"K52-nU040": 106.8758452469483}, "K52-nU280": {"K52-nU290": 40.134199200198054}, "K54-U010": {"K54-U020": 70.8700086756214}, "K54-U070": {"K54-D010": 131.53419158512406}, "K51A-U170": {"K51A-U180": 75.07292658090591}, "K51-D240": {"K51-D250": 105.64800366014242}, "K51-D050": {"K51-D060": 56.51236164569855}, "K53-U080": {"K53-U090": 80.72165332399797}, "K51-D010": {"K51-D020": 72.34960052344832}, "K51-D170": {"K51-D180": 97.2557807401754}, "K51-U050": {"K51-U060": 223.08019819836636}, "K53-U130": {"K53-U140": 54.02401492482006}, "K51A-D230": {"K51A-D240": 114.09834131057141}, "K52-nD030": {"K52-nD040": 33.336966486647725}, "K51A-U150": {"K51A-U160": 118.4584817502182}, "K53-U120": {"K53-U130": 61.61768192475384},