{"K53-U100": {"K53-U110": 70.55796277639455}, "K53-D010": {"K53-D015": 90.19811877552107}, "K51-D150": {"K51-D160": 138.8723529627433}, "K52-nU290": {"K52-nU300": 32.572381215400284}, "K52-nU260": {"K52-nU270": 63.732276143779416}, "K52-nD110": {"K52-nD120": 135.7749200284424}, "K51-D130": {"K51-D140": 54.88495398521828}, "K51-U080": {"K51-U090": 131.2201781226578}, "K54-D030": {"K54-D040": 89.2304152469554}, "K52-nD240": {"K52-nD250": 137.6838356003745}, "K53-U010": {"K53-U020": 193.9389266908347}, "K58-D070": {"K58-D080": 114.14615792106056}, "K52-nD250": {"K52-nD260": 153.00160456860928}, "K52-nD130": {"K52-nD140": 75.79183380008051}, "K58-D020": {"K58-D030": 84.5387110848969}, "K53-D030": {"K53-D040": 67.82178108623839}, "K52A-U100": {"K52A-U110": 71.04962810498075}, "K58-U140": {"K58-U150": 143.23232471254983}, "K52A-U010": {"K52A-U015": 261.48620469325584}, "K52-nD210": {"K52-nD220": 142.5104634391083}, "K53-U030": {"K53-U040": 153.0112922941798}, "K54-U050": {"K54-U060": 314.71600013986125}, "K51-D040": {"K51-D050": 42.54400254155887}, "K58-D200": {"K58-D210": 70.1235513601433}, "K53-U110": {"K53-U120": 78.09740433981437}, "K58-U010": {"K58-U020": 37.71633674432485}, "K51A-D250": {"K51A-D260": 86.52596287838082}, "K58-D140": {"K58-D150": 40.94029680458051}, "K51A-D210": {"K51A-D220": 73.21367190834857}, "K54-U040": {"K54-U050": 134.153461248886}, "K51A-U240": {"K51A-U250": 61.17012635620158}, "K54-U030": {"K54-U040": 97.28157130360047}, "K51-D250": {"K51-D260": 151.9081761123187}, "K51-D190": {"K51-D200": 140.12014058736784}, "K51A-U100": {"K51A-U110": 159.777662086348}, "K51A-U090": {"K51A-U100": 135.89048933932077}, "K52-nD120": {"K52-nD130": 35.35224771459211}, "K58-D060": {"K58-D070": 146.7784135854836}, "K52A-D060": {"K52A-D070": 117.58880288054391}, "K51A-D190": {"K51A-D200": 179.0049518706187}, "K58-U180": {"K58-U190": 89.32029995150057}, "K58-D050": {"K58-D060": 162.71507964725896}, "K58-U130": {"K58-U140": 72.42945162818725}, "K54-U060": {"K54-U070": 191.63944387779438}, "K51A-U230": {"K51A-U240": 34.701181214553216}, "K53-U070": {"K53-U080": 53.81344403920982}, "K58-D170": {"K58-D180": 138.01817054503752}, "K51A-D170": {"K51A-D180": 145.9921269196091}, "K51A-D010": {"K51A-D020": 49.01429542443446}, "K52-nU010": {"K52-nU020": 33.43693980266819}, "K51-D270": {"K51-D280": 99.88230364167615}, "K51A-U190": {"K51A-U200": 66.16834786120194}, "K53-D040": {"K53-D050": 62.36447524855373}, "K52-nU040": {"K52-nU050": 51.382508890741484}, "K51-D220": {"K51-D230": 238.74112196006777}, "K52-nU170": {"K52-nU180": 109.67950777209373}, "K52-nD290": {"K52-nD300": 92.29080509339504}, "K52-nD010": {"K52-nD020": 14.547970798733123}, "K52A-U030": {"K52A-U040": 40.66337155184466}, "K54-D020": {"K54-D030": 120.76149002212348}, "K51A-D140": {"K51A-D150": 68.56063438076525}, "K51A-U030": {"K51A-U040": 62.945182903202905}, "K53-D015": {"K53-D020": 44.24253919691516}, "K51A-D090": {"K51A-D100": 77.89451792420967}, "K51-U020": {"K51-U030": 96.24959065266705}, "K51-U130": {"K51-U140": 71.7344545657807}, "K58-U170": {"K58-U180": 151.12313284917553}, "K51-U170": {"K51-U180": 70.36843801437637}, "K51-D030": {"K51-D040": 36.034635963619095}, "K52-nD140": {"K52-nD150": 106.75474151056883}, "K58-D180": {"K58-D190": 268.8363141325317}, "K58-D160": {"K58-D170": 197.16642508260574}, "K51-D020": {"K51-D030": 55.13497660940707}, "K52A-U130": {"K52A-U140": 55.06991514236349}, "K52-nD020": {"K52-nD030": 20.87710781496039}, "K52A-U040": {"K52A-U050": 111.34855133397132}, "K58-D010": {"K58-D020": 27.309337099629488}, "K52-nU200": {"K52-nU210": 76.05695484120099}, "K51-U040": {"K51-U050": 112.61327948630178}, "K51A-U210": {"K51A-U220": 70.9456392143778}, "K52-nU250": {"K52-nU260": 69.04388692649499}, "K52-nU060": {"K52-nU070": 137.57482461541048}, "K51-U030": {"K51-U040": 58.36936834388622}, "K58-U070": {"K58-U080": 106.63763970451369}, "K52-nU190": {"K52-nU200": 116.62530194754572}, "K52A-D140": {"K52A-D150": 99.67306036844393}, "K51-D260": {"K51-D270": 41.158544353292726}, "K51-D060": {"K51-D070": 51.35570899834204}, "K53-D060": {"K53-D070": 132.42907998592665}, "K52-nU080": {"K52-nU090": 73.59734054125794}, "K58-U060": {"K58-U070": 153.94816095758074}, "K52-nD280": {"K52-nD290": 89.11853128861911}, "K51-D210": {"K51-D220": 174.20927745380217}, "K52A-U060": {"K52A-U070": 116.93000863845407}, "K51-D140": {"K51-D150": 46.52620665188833}, "K52-nD150": {"K52-nD160": 88.10602547626989}, "K51A-D160": {"K51A-D170": 170.12205631255512}, "K58-D030": {"K58-D040": 48.63339259468707}, "K51-U220": {"K51-U230": 60.694639946958524}, "K58-U120": {"K58-U130": 108.81480395816102}, "K51A-D020": {"K51A-D030": 101.83452588674204}, "K51A-U010": {"K51A-U020": 51.02515355753732}, "K54-D040": {"K54-D050": 137.01233038884115}, "K51A-D240": {"K51A-D250": 40.92039405024248}, "K51-U140": {"K51-U150": 46.83538629353065}, "K51-D200": {"K51-D210": 116.82851814723192}, "K51A-D040": {"K51A-D050": 87.8492687184141}, "K51A-U070": {"K51A-U080": 191.07490137807497}, "K52-nU210": {"K52-nU220": 71.18569690436304}, "K58-U190": {"K58-U200": 106.88239097524547}, "K54-D060": {"K54-D070": 127.41167822277843}, "K52A-U140": {"K52A-U150": 145.78861683612712}, "K52-nD100": {"K52-nD110": 53.89679946646278}, "K52A-U110": {"K52A-U120": 48.01239535588971}, "K53-U050": {"K53-U060": 114.16023612795921}, "K51A-U110": {"K51A-U120": 108.78874645078577}, "K52A-U080": {"K52A-U090": 65.12539241417345}, "K51A-D050": {"K51A-D060": 69.44357985477396}, "K52A-D130": {"K52A-D140": 81.20340972823979}, "K51A-U080": {"K51A-U090": 147.06654485256013}, "K52-nU120": {"K52-nU130": 142.88512956740846, "K52-nU140": 105.23164470700003}, "K52-nU130": {"K52-nU140": 328.31723641397036}, "K53-D130": {"K53-D140": 90.67184016802491}, "K52-nU150": {"K52-nU160": 71.70613922456971}, "K54-U020": {"K54-U030": 137.82102736705832}, "K52-nD260": {"K52-nD270": 41.987060809171716}, "K52-nU050": {"K52-nU060": 225.93401571156005}, "K51A-U060": {"K51A-U070": 293.1816611997281}, "K52A-D170": {"K52A-D180": 107.58584265794718}, "K51A-D110": {"K51A-D120": 57.63777125364531}, "K51-U110": {"K51-U120": 101.89283633618953}, "K51-U240": {"K51-U250": 97.66963839418344}, "K53-D070": {"K53-D080": 74.44478370892963}, "K52A-D080": {"K52A-D090": 58.120159603495594}, "K51A-U130": {"K51A-U140": 76.31251779568177}, "K54-D050": {"K54-D060": 84.6724763121743}, "K52-nD180": {"K52-nD190": 176.27411018332185}, "K51A-U020": {"K51A-U030": 104.53563914374085}, "K51A-D060": {"K51A-D070": 68.82848430458067}, "K51-U150": {"K51-U160": 89.51154834677192}, "K53-D160": {"K53-U011": 134.9256468883861}, "K51-U160": {"K51-U170": 87.14462890440524}, "K53-U090": {"K53-U100": 89.77585028099283}, "K52-nD160": {"K52-nD170": 125.86106939091371}, "K51A-D150": {"K51A-D160": 112.35831866845365}, "K52-nU070": {"K52-nU080": 90.84464532550956}, "K52A-U120": {"K52A-U130": 63.63304507058613}, "K52A-U150": {"K52A-U160": 31.453666819962496}, "K51-U230": {"K51-U240": 45.52068459026232}, "K52A-U050": {"K52A-U060": 47.65556805994392}, "K52A-U020": {"K52A-U030": 81.04562480809507}, "K52A-D030": {"K52A-D040": 24.13775108942305}, "K51A-U140": {"K51A-U150": 50.64787503515588}, "K53-U060": {"K53-U070": 75.96421285969294}, "K52A-U170": {"K52A-U180": 250.3409382532092}, "K53-U040": {"K53-U050": 105.34545711448523}, "K51-U070": {"K51-U080": 172.9526383324172}, "K52-nU030": {"K52-nU040": 111.89020381746987}, "K52-nU280": {"K52-nU290": 34.94525698866089}, "K54-U010": {"K54-U020": 76.11469517818271}, "K54-U070": {"K54-D010": 136.9050224278071}, "K51A-U170": {"K51A-U180": 70.51096877211123}, "K51-D240": {"K51-D250": 102.72049711745994}, "K51-D050": {"K51-D060": 52.39994071323524}, "K53-U080": {"K53-U090": 92.80223337265848}, "K51-D010": {"K51-D020": 76.59914079932068}, "K51-D170": {"K51-D180": 87.44780651878929}, "K51-U050": {"K51-U060": 223.17659056311513}, "K53-U130": {"K53-U140": 59.51864484471291}, "K51A-D230": {"K51A-D240": 155.41690665698056}, "K52-nD030": {"K52-nD040": 28.274663053885604},