{"K53-U100": {"K53-U110": 79.14515867457911}, "K53-D010": {"K53-D015": 103.95340234450109}, "K51-D150": {"K51-D160": 148.55218464159813}, "K52-nU290": {"K52-nU300": 35.09497437095462}, "K52-nU260": {"K52-nU270": 64.02305320648983}, "K52-nD110": {"K52-nD120": 152.11796256046182}, "K51-D130": {"K51-D140": 78.45022956670785}, "K51-U080": {"K51-U090": 170.90141647697087}, "K54-D030": {"K54-D040": 65.48587540494366}, "K52-nD240": {"K52-nD250": 157.63045947805716}, "K53-U010": {"K53-U020": 241.35738124465084}, "K58-D070": {"K58-D080": 104.1124437977355}, "K52-nD250": {"K52-nD260": 168.23407363360542}, "K52-nD130": {"K52-nD140": 86.14020804968152}, "K58-D020": {"K58-D030": 86.42727451684037}, "K53-D030": {"K53-D040": 78.30262151641408}, "K52A-U100": {"K52A-U110": 76.43551094930154}, "K58-U140": {"K58-U150": 128.21710047664982}, "K52A-U010": {"K52A-U015": 307.214740541106}, "K52-nD210": {"K52-nD220": 178.20052898774156}, "K53-U030": {"K53-U040": 165.0228569288318}, "K54-U050": {"K54-U060": 355.5500396212441}, "K51-D040": {"K51-D050": 50.331317997753985}, "K58-D200": {"K58-D210": 65.44050569451662}, "K53-U110": {"K53-U120": 97.89330264159688}, "K58-U010": {"K58-U020": 72.80184410709629}, "K51A-D250": {"K51A-D260": 99.33922656226343}, "K58-D140": {"K58-D150": 47.39478347816114}, "K51A-D210": {"K51A-D220": 81.37146383082295}, "K54-U040": {"K54-U050": 142.8856180023403}, "K51A-U240": {"K51A-U250": 69.72247296773979}, "K54-U030": {"K54-U040": 120.53569625418558}, "K51-D250": {"K51-D260": 169.04217352373806}, "K51-D190": {"K51-D200": 158.50410638160423}, "K51A-U100": {"K51A-U110": 186.65133814710828}, "K51A-U090": {"K51A-U100": 154.65601826020495}, "K52-nD120": {"K52-nD130": 38.53783518050052}, "K58-D060": {"K58-D070": 166.777380795257}, "K52A-D060": {"K52A-D070": 129.34768316859805}, "K51A-D190": {"K51A-D200": 192.5131630994162}, "K58-U180": {"K58-U190": 95.58594458893458}, "K58-D050": {"K58-D060": 188.83608421533194}, "K58-U130": {"K58-U140": 88.00437809946611}, "K54-U060": {"K54-U070": 210.93316573185712}, "K51A-U230": {"K51A-U240": 39.43248475674319}, "K53-U070": {"K53-U080": 54.4756852378422}, "K58-D170": {"K58-D180": 147.54318939770206}, "K51A-D170": {"K51A-D180": 167.76241943599598}, "K51A-D010": {"K51A-D020": 53.239607609164935}, "K52-nU010": {"K52-nU020": 36.266798917684184}, "K51-D270": {"K51-D280": 89.87435162669371}, "K51A-U190": {"K51A-U200": 78.05159690682176}, "K53-D040": {"K53-D050": 73.61787503341387}, "K52-nU040": {"K52-nU050": 63.804875880355965}, "K51-D220": {"K51-D230": 270.40840551832963}, "K52-nU170": {"K52-nU180": 133.3671310346233}, "K52-nD290": {"K52-nD300": 110.67507384797659}, "K52-nD010": {"K52-nD020": 17.952507730452034}, "K52A-U030": {"K52A-U040": 42.164053083888305}, "K54-D020": {"K54-D030": 132.83763902433572}, "K51A-D140": {"K51A-D150": 81.37417946384267}, "K51A-U030": {"K51A-U040": 69.0664178156514}, "K53-D015": {"K53-D020": 48.69463564878409}, "K51A-D090": {"K51A-D100": 84.61956647686449}, "K51-U020": {"K51-U030": 104.85444981206554}, "K51-U130": {"K51-U140": 82.95349580871141}, "K58-U170": {"K58-U180": 174.28939656398597}, "K51-U170": {"K51-U180": 75.25465544451279}, "K51-D030": {"K51-D040": 38.27242332751758}, "K52-nD140": {"K52-nD150": 114.47111441974978}, "K58-D180": {"K58-D190": 294.665335790559}, "K58-D160": {"K58-D170": 223.41698724515336}, "K51-D020": {"K51-D030": 61.80080655315099}, "K52A-U130": {"K52A-U140": 56.95400640950862}, "K52-nD020": {"K52-nD030": 33.019645805271395}, "K52A-U040": {"K52A-U050": 131.22349519831903}, "K58-D010": {"K58-D020": 50.67758378944963}, "K52-nU200": {"K52-nU210": 84.31958169180693}, "K51-U040": {"K51-U050": 127.13093540703638}, "K51A-U210": {"K51A-U220": 80.89423771013142}, "K52-nU250": {"K52-nU260": 71.88521803342701}, "K52-nU060": {"K52-nU070": 162.53477373029165}, "K51-U030": {"K51-U040": 65.23405610474637}, "K58-U070": {"K58-U080": 123.04942714675917}, "K52-nU190": {"K52-nU200": 132.76798689065484}, "K52A-D140": {"K52A-D150": 103.91998941460716}, "K51-D260": {"K51-D270": 58.23535237694407}, "K51-D060": {"K51-D070": 50.180239195501144}, "K53-D060": {"K53-D070": 130.89159931304943}, "K52-nU080": {"K52-nU090": 89.67945268462786}, "K58-U060": {"K58-U070": 175.16095769272602}, "K52-nD280": {"K52-nD290": 91.72576365882438}, "K51-D210": {"K51-D220": 180.6271128766585}, "K52A-U060": {"K52A-U070": 133.23388691529527}, "K51-D140": {"K51-D150": 40.344316236843596}, "K52-nD150": {"K52-nD160": 95.16899954664473}, "K51A-D160": {"K51A-D170": 185.28485985584035}, "K58-D030": {"K58-D040": 62.139074158115776}, "K51-U220": {"K51-U230": 63.87224458952842}, "K58-U120": {"K58-U130": 124.6543329788824}, "K51A-D020": {"K51A-D030": 115.18472063569929}, "K51A-U010": {"K51A-U020": 50.537831644682555}, "K54-D040": {"K54-D050": 169.03560016456134}, "K51A-D240": {"K51A-D250": 60.565584678834774}, "K51-U140": {"K51-U150": 56.95960254445131}, "K51-D200": {"K51-D210": 126.07399180900947}, "K51A-D040": {"K51A-D050": 104.54679838584627}, "K51A-U070": {"K51A-U080": 216.10806118974557}, "K52-nU210": {"K52-nU220": 83.2792757025563}, "K58-U190": {"K58-U200": 109.65689530418997}, "K54-D060": {"K54-D070": 154.36314693520612}, "K52A-U140": {"K52A-U150": 160.36747851973956}, "K52-nD100": {"K52-nD110": 63.00510385081793}, "K52A-U110": {"K52A-U120": 65.75420488196103}, "K53-U050": {"K53-U060": 121.21958501267106}, "K51A-U110": {"K51A-U120": 125.58875175667242}, "K52A-U080": {"K52A-U090": 70.74790307288046}, "K51A-D050": {"K51A-D060": 79.64146748520875}, "K52A-D130": {"K52A-D140": 92.61007184207104}, "K51A-U080": {"K51A-U090": 203.2054775003799}, "K52-nU120": {"K52-nU130": 142.88512956740846, "K52-nU140": 101.93649178390841}, "K52-nU130": {"K52-nU140": 328.31723641397036}, "K53-D130": {"K53-D140": 107.06100060331264}, "K52-nU150": {"K52-nU160": 87.642510553029}, "K54-U020": {"K54-U030": 165.63460700728825}, "K52-nD260": {"K52-nD270": 44.83219768720304}, "K52-nU050": {"K52-nU060": 258.8897105822893}, "K51A-U060": {"K51A-U070": 310.3782073530532}, "K52A-D170": {"K52A-D180": 106.08701614701658}, "K51A-D110": {"K51A-D120": 75.7363425293256}, "K51-U110": {"K51-U120": 117.08720328968721}, "K51-U240": {"K51-U250": 110.25151598158477}, "K53-D070": {"K53-D080": 75.86588907833428}, "K52A-D080": {"K52A-D090": 79.26945073294652}, "K51A-U130": {"K51A-U140": 91.19559669769569}, "K54-D050": {"K54-D060": 84.53412841185977}, "K52-nD180": {"K52-nD190": 136.25217187665515}, "K51A-U020": {"K51A-U030": 118.09410491312175}, "K51A-D060": {"K51A-D070": 85.25230986911109}, "K51-U150": {"K51-U160": 92.01524980790796}, "K53-D160": {"K53-U011": 154.77998048348542}, "K51-U160": {"K51-U170": 103.78456317830697}, "K53-U090": {"K53-U100": 98.88606291402162}, "K52-nD160": {"K52-nD170": 148.19973212955105}, "K51A-D150": {"K51A-D160": 112.2512610849914}, "K52-nU070": {"K52-nU080": 92.62830733613339}, "K52A-U120": {"K52A-U130": 65.07345820937023}, "K52A-U150": {"K52A-U160": 34.28515487945678}, "K51-U230": {"K51-U240": 47.646502737732376}, "K52A-U050": {"K52A-U060": 58.06658430307967}, "K52A-U020": {"K52A-U030": 85.39498869619733}, "K52A-D030": {"K52A-D040": 22.56377875657006}, "K51A-U140": {"K51A-U150": 59.08727580550267}, "K53-U060": {"K53-U070": 74.29259485573945}, "K52A-U170": {"K52A-U180": 275.3750320785299}, "K53-U040": {"K53-U050": 110.98028906837119}, "K51-U070": {"K51-U080": 177.44810111305574}, "K52-nU030": {"K52-nU040": 127.61381354909113}, "K52-nU280": {"K52-nU290": 46.160415940063}, "K54-U010": {"K54-U020": 95.2769708958148}, "K54-U070": {"K54-D010": 157.42251074602328}, "K51A-U170": {"K51A-U180": 79.36629916216245}, "K51-D240": {"K51-D250": 121.20553805702437}, "K51-D050": {"K51-D060": 61.90227912048243}, "K53-U080": {"K53-U090": 87.08219199349291}, "K51-D010": {"K51-D020": 84.56330579459508}, "K51-D170": {"K51-D180": 101.04031007571372}, "K51-U050": {"K51-U060": 258.55647909810176}, "K53-U130": {"K53-U140": 65.04438068703449}, "K51A-D230": {"K51A-D240": 147.67426444041}, "K52-nD030": {"K52-nD040": 32.14197812208742},