{"K53-U100": {"K53-U110": 77.82972854048911}, "K53-D010": {"K53-D015": 96.33184706837059}, "K51-D150": {"K51-D160": 156.8033747200402}, "K52-nU290": {"K52-nU300": 34.35372479211783}, "K52-nU260": {"K52-nU270": 69.13969263897928}, "K52-nD110": {"K52-nD120": 147.8913194867203}, "K51-D130": {"K51-D140": 77.22916563689841}, "K51-U080": {"K51-U090": 191.0377608877816}, "K54-D030": {"K54-D040": 71.07154768278282}, "K52-nD240": {"K52-nD250": 159.21890966860337}, "K53-U010": {"K53-U020": 239.1817875743844}, "K58-D070": {"K58-D080": 97.72376556896343}, "K52-nD250": {"K52-nD260": 171.07238178908523}, "K52-nD130": {"K52-nD140": 92.21837547957227}, "K58-D020": {"K58-D030": 88.71385933121525}, "K53-D030": {"K53-D040": 83.86988723149996}, "K52A-U100": {"K52A-U110": 80.40541479389165}, "K58-U140": {"K58-U150": 136.11896285894767}, "K52A-U010": {"K52A-U015": 288.2290074268506}, "K52-nD210": {"K52-nD220": 180.33965507096835}, "K53-U030": {"K53-U040": 176.34845783290592}, "K54-U050": {"K54-U060": 337.53764499241095}, "K51-D040": {"K51-D050": 51.67627430842994}, "K58-D200": {"K58-D210": 66.60881758288305}, "K53-U110": {"K53-U120": 94.99882917519069}, "K58-U010": {"K58-U020": 50.116026805686744}, "K51A-D250": {"K51A-D260": 95.36482177170929}, "K58-D140": {"K58-D150": 49.69967536972334}, "K51A-D210": {"K51A-D220": 80.8252685653408}, "K54-U040": {"K54-U050": 164.47668608383316}, "K51A-U240": {"K51A-U250": 72.6616582644081}, "K54-U030": {"K54-U040": 124.99407805574211}, "K51-D250": {"K51-D260": 163.60217428959476}, "K51-D190": {"K51-D200": 163.2804956061687}, "K51A-U100": {"K51A-U110": 186.13388757568242}, "K51A-U090": {"K51A-U100": 161.63451731572303}, "K52-nD120": {"K52-nD130": 40.57901022783076}, "K58-D060": {"K58-D070": 173.91120196525836}, "K52A-D060": {"K52A-D070": 129.34768316859805}, "K51A-D190": {"K51A-D200": 199.62096769284756}, "K58-U180": {"K58-U190": 100.77056104071971}, "K58-D050": {"K58-D060": 187.66293855413227}, "K58-U130": {"K58-U140": 90.47585361616623}, "K54-U060": {"K54-U070": 213.07170202127753}, "K51A-U230": {"K51A-U240": 40.45073765294079}, "K53-U070": {"K53-U080": 57.30347487276458}, "K58-D170": {"K58-D180": 148.3351461632405}, "K51A-D170": {"K51A-D180": 162.97190390620685}, "K51A-D010": {"K51A-D020": 55.15860769519073}, "K52-nU010": {"K52-nU020": 40.134876959672596}, "K51-D270": {"K51-D280": 90.9835565455133}, "K51A-U190": {"K51A-U200": 70.5169894180635}, "K53-D040": {"K53-D050": 75.93037815462831}, "K52-nU040": {"K52-nU050": 60.385545184231695}, "K51-D220": {"K51-D230": 261.6122892854224}, "K52-nU170": {"K52-nU180": 127.09266866676367}, "K52-nD290": {"K52-nD300": 109.6088601319162}, "K52-nD010": {"K52-nD020": 17.62339091990369}, "K52A-U030": {"K52A-U040": 44.25395776857921}, "K54-D020": {"K54-D030": 132.83763902433572}, "K51A-D140": {"K51A-D150": 87.44132007513046}, "K51A-U030": {"K51A-U040": 72.64326603096711}, "K53-D015": {"K53-D020": 48.64865029681404}, "K51A-D090": {"K51A-D100": 86.17599347182724}, "K51-U020": {"K51-U030": 120.25483683666498}, "K51-U130": {"K51-U140": 86.20893472374388}, "K58-U170": {"K58-U180": 176.16185399576528}, "K51-U170": {"K51-U180": 78.85841140036652}, "K51-D030": {"K51-D040": 39.68127911131946}, "K52-nD140": {"K52-nD150": 110.41899622576015}, "K58-D180": {"K58-D190": 300.6632845236987}, "K58-D160": {"K58-D170": 216.25605717944933}, "K51-D020": {"K51-D030": 61.37643648971963}, "K52A-U130": {"K52A-U140": 57.664356052703795}, "K52-nD020": {"K52-nD030": 25.63113191445394}, "K52A-U040": {"K52A-U050": 132.99118475707814}, "K58-D010": {"K58-D020": 49.78003930719344}, "K52-nU200": {"K52-nU210": 90.42781847803512}, "K51-U040": {"K51-U050": 126.02240308563987}, "K51A-U210": {"K51A-U220": 82.8493708199476}, "K52-nU250": {"K52-nU260": 61.24584179769805}, "K52-nU060": {"K52-nU070": 176.4260236044257}, "K51-U030": {"K51-U040": 70.65959346296535}, "K58-U070": {"K58-U080": 130.65962699920266}, "K52-nU190": {"K52-nU200": 133.70809847056785}, "K52A-D140": {"K52A-D150": 114.15876399181984}, "K51-D260": {"K51-D270": 58.137957951286694}, "K51-D060": {"K51-D070": 55.079683097851316}, "K53-D060": {"K53-D070": 143.38800767665654}, "K52-nU080": {"K52-nU090": 91.15127272339842}, "K58-U060": {"K58-U070": 168.23756577442464}, "K52-nD280": {"K52-nD290": 91.96072520818005}, "K51-D210": {"K51-D220": 184.28663396682032}, "K52A-U060": {"K52A-U070": 144.09102701076716}, "K51-D140": {"K51-D150": 46.897995604934714}, "K52-nD150": {"K52-nD160": 104.83267933406871}, "K51A-D160": {"K51A-D170": 193.0827372930451}, "K58-D030": {"K58-D040": 74.39907660130432}, "K51-U220": {"K51-U230": 64.40574032474058}, "K58-U120": {"K58-U130": 120.0162114203365}, "K51A-D020": {"K51A-D030": 110.11939455212033}, "K51A-U010": {"K51A-U020": 55.66896663816497}, "K54-D040": {"K54-D050": 174.72865153030318}, "K51A-D240": {"K51A-D250": 57.43287275026495}, "K51-U140": {"K51-U150": 55.27909214687825}, "K51-D200": {"K51-D210": 128.77931107432826}, "K51A-D040": {"K51A-D050": 107.02440243093338}, "K51A-U070": {"K51A-U080": 227.7646545539867}, "K52-nU210": {"K52-nU220": 77.72604962295262}, "K58-U190": {"K58-U200": 111.11069314703698}, "K54-D060": {"K54-D070": 154.44707016170602}, "K52A-U140": {"K52A-U150": 160.36747851973956}, "K52-nD100": {"K52-nD110": 63.32688615915794}, "K52A-U110": {"K52A-U120": 62.50447515780028}, "K53-U050": {"K53-U060": 116.6598115554455}, "K51A-U110": {"K51A-U120": 127.49348343784979}, "K52A-U080": {"K52A-U090": 73.71924313900018}, "K51A-D050": {"K51A-D060": 89.70082269224488}, "K52A-D130": {"K52A-D140": 92.89926118005302}, "K51A-U080": {"K51A-U090": 213.5127447538287}, "K52-nU120": {"K52-nU130": 142.88512956740846, "K52-nU140": 106.36979293410525}, "K52-nU130": {"K52-nU140": 328.31723641397036}, "K53-D130": {"K53-D140": 96.3738900854197}, "K52-nU150": {"K52-nU160": 92.7042555010755}, "K54-U020": {"K54-U030": 154.81333921234676}, "K52-nD260": {"K52-nD270": 46.51741382805481}, "K52-nU050": {"K52-nU060": 259.89635565908804}, "K51A-U060": {"K51A-U070": 308.58625988874957}, "K52A-D170": {"K52A-D180": 112.88715608013021}, "K51A-D110": {"K51A-D120": 76.86299481277068}, "K51-U110": {"K51-U120": 112.8010155148568}, "K51-U240": {"K51-U250": 111.92226283720467}, "K53-D070": {"K53-D080": 74.35616783567923}, "K52A-D080": {"K52A-D090": 71.60362635205567}, "K51A-U130": {"K51A-U140": 92.43950934063156}, "K54-D050": {"K54-D060": 86.24263640633437}, "K52-nD180": {"K52-nD190": 140.41561773754526}, "K51A-U020": {"K51A-U030": 126.27722814470685}, "K51A-D060": {"K51A-D070": 83.28802409899617}, "K51-U150": {"K51-U160": 98.64987866136707}, "K53-D160": {"K53-U011": 157.16042507353134}, "K51-U160": {"K51-U170": 107.06851250085279}, "K53-U090": {"K53-U100": 104.92575422273065}, "K52-nD160": {"K52-nD170": 144.95053303001706}, "K51A-D150": {"K51A-D160": 112.44416734814679}, "K52-nU070": {"K52-nU080": 94.98054940858354}, "K52A-U120": {"K52A-U130": 68.61697729363725}, "K52A-U150": {"K52A-U160": 34.31734861642797}, "K51-U230": {"K51-U240": 54.84362443175394}, "K52A-U050": {"K52A-U060": 59.06587667922664}, "K52A-U020": {"K52A-U030": 90.6835864330983}, "K52A-D030": {"K52A-D040": 22.529249871411977}, "K51A-U140": {"K51A-U150": 60.32416592750453}, "K53-U060": {"K53-U070": 85.5347399683695}, "K52A-U170": {"K52A-U180": 275.3750320785299}, "K53-U040": {"K53-U050": 120.99130851762536}, "K51-U070": {"K51-U080": 184.05462675376398}, "K52-nU030": {"K52-nU040": 131.67487878526632}, "K52-nU280": {"K52-nU290": 42.89722611769717}, "K54-U010": {"K54-U020": 97.7345230895392}, "K54-U070": {"K54-D010": 173.10558768554304}, "K51A-U170": {"K51A-U180": 80.35585132505071}, "K51-D240": {"K51-D250": 119.26350288490906}, "K51-D050": {"K51-D060": 57.44128825392092}, "K53-U080": {"K53-U090": 86.91248254877507}, "K51-D010": {"K51-D020": 81.9233053050011}, "K51-D170": {"K51-D180": 111.64843656936182}, "K51-U050": {"K51-U060": 263.73130579445626}, "K53-U130": {"K53-U140": 68.41473847885257}, "K51A-D230": {"K51A-D240": 163.37886531568807}, "K52-nD030": {"K52-nD040": 33.46723449429582},