{"K53-U100": {"K53-U110": 74.07973326305071}, "K53-D010": {"K53-D015": 102.4871376566256}, "K51-D150": {"K51-D160": 157.33207857493898}, "K52-nU290": {"K52-nU300": 35.93311047359929}, "K52-nU260": {"K52-nU270": 69.04726890796502}, "K52-nD110": {"K52-nD120": 148.5962844020424}, "K51-D130": {"K51-D140": 72.92702360628098}, "K51-U080": {"K51-U090": 158.10747714267046}, "K54-D030": {"K54-D040": 65.19899557197432}, "K52-nD240": {"K52-nD250": 151.3011553421332}, "K53-U010": {"K53-U020": 198.04520696434565}, "K58-D070": {"K58-D080": 113.02877656274082}, "K52-nD250": {"K52-nD260": 167.62265275429596}, "K52-nD130": {"K52-nD140": 80.63914998666793}, "K58-D020": {"K58-D030": 86.57367675381359}, "K53-D030": {"K53-D040": 83.65301020653378}, "K52A-U100": {"K52A-U110": 78.58224167751203}, "K58-U140": {"K58-U150": 130.30109941994462}, "K52A-U010": {"K52A-U015": 312.42515094358635}, "K52-nD210": {"K52-nD220": 155.44574942598058}, "K53-U030": {"K53-U040": 170.16403791267635}, "K54-U050": {"K54-U060": 341.2309489003739}, "K51-D040": {"K51-D050": 52.55296145727671}, "K58-D200": {"K58-D210": 69.36797413625031}, "K53-U110": {"K53-U120": 90.72791870179496}, "K58-U010": {"K58-U020": 42.01513967209961}, "K51A-D250": {"K51A-D260": 102.55602238920926}, "K58-D140": {"K58-D150": 42.648543008097285}, "K51A-D210": {"K51A-D220": 79.81649067616478}, "K54-U040": {"K54-U050": 150.21331421477214}, "K51A-U240": {"K51A-U250": 71.55801696728913}, "K54-U030": {"K54-U040": 123.06012847784}, "K51-D250": {"K51-D260": 149.14166811332808}, "K51-D190": {"K51-D200": 156.18214048192513}, "K51A-U100": {"K51A-U110": 165.90637317242152}, "K51A-U090": {"K51A-U100": 165.62956784767852}, "K52-nD120": {"K52-nD130": 38.514985508510954}, "K58-D060": {"K58-D070": 173.01643493407596}, "K52A-D060": {"K52A-D070": 129.34768316854544}, "K51A-D190": {"K51A-D200": 186.60554653928338}, "K58-U180": {"K58-U190": 95.60357658643076}, "K58-D050": {"K58-D060": 188.1173081182952}, "K58-U130": {"K58-U140": 79.38846402277989}, "K54-U060": {"K54-U070": 205.812614000712}, "K51A-U230": {"K51A-U240": 33.39511971249746}, "K53-U070": {"K53-U080": 60.92759676078096}, "K58-D170": {"K58-D180": 147.58046811064565}, "K51A-D170": {"K51A-D180": 148.24494847649856}, "K51A-D010": {"K51A-D020": 51.310247779315105}, "K52-nU010": {"K52-nU020": 40.38307492458135}, "K51-D270": {"K51-D280": 98.18872136690577}, "K51A-U190": {"K51A-U200": 69.24717925899783}, "K53-D040": {"K53-D050": 71.32466036899925}, "K52-nU040": {"K52-nU050": 56.05480272211812}, "K51-D220": {"K51-D230": 258.34298289575037}, "K52-nU170": {"K52-nU180": 121.20245195215728}, "K52-nD290": {"K52-nD300": 97.67685736411248}, "K52-nD010": {"K52-nD020": 15.283379663873692}, "K52A-U030": {"K52A-U040": 35.92054784046612}, "K54-D020": {"K54-D030": 132.83763902433572}, "K51A-D140": {"K51A-D150": 88.90746069135545}, "K51A-U030": {"K51A-U040": 73.2118793516735}, "K53-D015": {"K53-D020": 49.33317258456093}, "K51A-D090": {"K51A-D100": 84.65382261839225}, "K51-U020": {"K51-U030": 117.78276253969534}, "K51-U130": {"K51-U140": 81.49564050523627}, "K58-U170": {"K58-U180": 161.67218289281035}, "K51-U170": {"K51-U180": 77.36242823155051}, "K51-D030": {"K51-D040": 38.04780179659218}, "K52-nD140": {"K52-nD150": 110.84375674793941}, "K58-D180": {"K58-D190": 294.0870304340694}, "K58-D160": {"K58-D170": 204.50701553258972}, "K51-D020": {"K51-D030": 58.52334275842166}, "K52A-U130": {"K52A-U140": 55.832432993193706}, "K52-nD020": {"K52-nD030": 23.1999814540561}, "K52A-U040": {"K52A-U050": 141.79369793507084}, "K58-D010": {"K58-D020": 50.008110364643926}, "K52-nU200": {"K52-nU210": 90.06489259749773}, "K51-U040": {"K51-U050": 130.61562092662544}, "K51A-U210": {"K51A-U220": 74.86351008766019}, "K52-nU250": {"K52-nU260": 76.58783749521842}, "K52-nU060": {"K52-nU070": 149.4212186877391}, "K51-U030": {"K51-U040": 66.04761638908225}, "K58-U070": {"K58-U080": 126.42276987453074}, "K52-nU190": {"K52-nU200": 130.710174279465}, "K52A-D140": {"K52A-D150": 114.00099507000827}, "K51-D260": {"K51-D270": 44.75753991140995}, "K51-D060": {"K51-D070": 55.94499598119887}, "K53-D060": {"K53-D070": 126.09682764326207}, "K52-nU080": {"K52-nU090": 80.3831198452951}, "K58-U060": {"K58-U070": 185.84582391507746}, "K52-nD280": {"K52-nD290": 86.98007312741763}, "K51-D210": {"K51-D220": 167.93745648961013}, "K52A-U060": {"K52A-U070": 137.76616444139367}, "K51-D140": {"K51-D150": 42.148957014896666}, "K52-nD150": {"K52-nD160": 105.91397772574257}, "K51A-D160": {"K51A-D170": 192.19109820943214}, "K58-D030": {"K58-D040": 50.61213141389521}, "K51-U220": {"K51-U230": 61.84792392697894}, "K58-U120": {"K58-U130": 118.93144981459815}, "K51A-D020": {"K51A-D030": 104.8043171686541}, "K51A-U010": {"K51A-U020": 54.957647739982534}, "K54-D040": {"K54-D050": 167.66379296248667}, "K51A-D240": {"K51A-D250": 56.39104838117313}, "K51-U140": {"K51-U150": 60.95815873982921}, "K51-D200": {"K51-D210": 122.12810221925108}, "K51A-D040": {"K51A-D050": 93.45469099066138}, "K51A-U070": {"K51A-U080": 189.65666712007115}, "K52-nU210": {"K52-nU220": 76.31940187126739}, "K58-U190": {"K58-U200": 126.47838979134727}, "K54-D060": {"K54-D070": 146.82451199814733}, "K52A-U140": {"K52A-U150": 160.36747851957085}, "K52-nD100": {"K52-nD110": 58.29693659669438}, "K52A-U110": {"K52A-U120": 53.97107577467047}, "K53-U050": {"K53-U060": 128.9070927650604}, "K51A-U110": {"K51A-U120": 116.59856391610194}, "K52A-U080": {"K52A-U090": 69.99335328216026}, "K51A-D050": {"K51A-D060": 76.06520756839123}, "K52A-D130": {"K52A-D140": 93.76412163467725}, "K51A-U080": {"K51A-U090": 176.84476503762173}, "K52-nU120": {"K52-nU130": 142.88512956740846, "K52-nU140": 107.3166781795164}, "K52-nU130": {"K52-nU140": 328.31723641397036}, "K53-D130": {"K53-D140": 102.57544838253462}, "K52-nU150": {"K52-nU160": 91.56024271068885}, "K54-U020": {"K54-U030": 148.45555626994175}, "K52-nD260": {"K52-nD270": 49.56135760138065}, "K52-nU050": {"K52-nU060": 243.0880378037103}, "K51A-U060": {"K51A-U070": 308.2378516016429}, "K52A-D170": {"K52A-D180": 109.69130846834909}, "K51A-D110": {"K51A-D120": 84.17968632113897}, "K51-U110": {"K51-U120": 111.76727593790193}, "K51-U240": {"K51-U250": 112.67131627954242}, "K53-D070": {"K53-D080": 82.55812843079829}, "K52A-D080": {"K52A-D090": 71.58618980226834}, "K51A-U130": {"K51A-U140": 87.29211255405286}, "K54-D050": {"K54-D060": 83.50663967994703}, "K52-nD180": {"K52-nD190": 145.1136308995089}, "K51A-U020": {"K51A-U030": 110.69005987055269}, "K51A-D060": {"K51A-D070": 84.20267251774187}, "K51-U150": {"K51-U160": 113.64310517279705}, "K53-D160": {"K53-U011": 146.1872278303427}, "K51-U160": {"K51-U170": 113.03338193686743}, "K53-U090": {"K53-U100": 116.35813446992513}, "K52-nD160": {"K52-nD170": 140.5040958053646}, "K51A-D150": {"K51A-D160": 121.34014083774805}, "K52-nU070": {"K52-nU080": 93.52297270792107}, "K52A-U120": {"K52A-U130": 69.15936176369993}, "K52A-U150": {"K52A-U160": 35.66118586291678}, "K51-U230": {"K51-U240": 49.98411921524605}, "K52A-U050": {"K52A-U060": 50.83278457678083}, "K52A-U020": {"K52A-U030": 85.14414215461731}, "K52A-D030": {"K52A-D040": 16.299085421501854}, "K51A-U140": {"K51A-U150": 54.154115363565644}, "K53-U060": {"K53-U070": 76.08146182244947}, "K52A-U170": {"K52A-U180": 275.3750320777816}, "K53-U040": {"K53-U050": 112.75858174601774}, "K51-U070": {"K51-U080": 178.09185901686698}, "K52-nU030": {"K52-nU040": 124.70459467428671}, "K52-nU280": {"K52-nU290": 40.3466653392528}, "K54-U010": {"K54-U020": 80.95077536096865}, "K54-U070": {"K54-D010": 150.85053965850508}, "K51A-U170": {"K51A-U180": 77.11339221333522}, "K51-D240": {"K51-D250": 124.88216808197315}, "K51-D050": {"K51-D060": 55.296095428447316}, "K53-U080": {"K53-U090": 101.91467207953262}, "K51-D010": {"K51-D020": 83.5960124093027}, "K51-D170": {"K51-D180": 96.45065361987878}, "K51-U050": {"K51-U060": 251.8970901983737}, "K53-U130": {"K53-U140": 66.46927052445332}, "K51A-D230": {"K51A-D240": 148.70134100082188}, "K52-nD030": {"K52-nD040": 28.019630054721738},