{"K53-U100": {"K53-U110": 71.9728854530324}, "K53-D010": {"K53-D015": 97.12443447414341}, "K51-D150": {"K51-D160": 141.3936098495197}, "K52-nU290": {"K52-nU300": 36.08314344611674}, "K52-nU260": {"K52-nU270": 59.42417530233793}, "K52-nD110": {"K52-nD120": 132.7039535494222}, "K51-D130": {"K51-D140": 57.22008396158019}, "K51-U080": {"K51-U090": 143.08798259904881}, "K54-D030": {"K54-D040": 80.02100857052922}, "K52-nD240": {"K52-nD250": 142.53456027696797}, "K53-U010": {"K53-U020": 181.991912075598}, "K58-D070": {"K58-D080": 103.08946566873783}, "K52-nD250": {"K52-nD260": 144.67395262585154}, "K52-nD130": {"K52-nD140": 78.58089581491716}, "K58-D020": {"K58-D030": 76.34338659114225}, "K53-D030": {"K53-D040": 67.21390281364415}, "K52A-U100": {"K52A-U110": 72.06736849678892}, "K58-U140": {"K58-U150": 109.31714872321545}, "K52A-U010": {"K52A-U015": 247.581763405327}, "K52-nD210": {"K52-nD220": 143.07511090247388}, "K53-U030": {"K53-U040": 158.45685182691292}, "K54-U050": {"K54-U060": 322.0927560586332}, "K51-D040": {"K51-D050": 46.440320995521674}, "K58-D200": {"K58-D210": 61.03356925194621}, "K53-U110": {"K53-U120": 80.96339651807656}, "K58-U010": {"K58-U020": 42.005075682722875}, "K51A-D250": {"K51A-D260": 90.67326041275649}, "K58-D140": {"K58-D150": 42.17294295653471}, "K51A-D210": {"K51A-D220": 70.15213982140824}, "K54-U040": {"K54-U050": 135.20818354386762}, "K51A-U240": {"K51A-U250": 62.093023527855294}, "K54-U030": {"K54-U040": 116.80624123683405}, "K51-D250": {"K51-D260": 132.43634521977475}, "K51-D190": {"K51-D200": 131.27262175560423}, "K51A-U100": {"K51A-U110": 165.06230235313774}, "K51A-U090": {"K51A-U100": 147.44907507724426}, "K52-nD120": {"K52-nD130": 36.066562175817246}, "K58-D060": {"K58-D070": 142.73776896700866}, "K52A-D060": {"K52A-D070": 117.58880288054391}, "K51A-D190": {"K51A-D200": 167.60246205484572}, "K58-U180": {"K58-U190": 86.18882110303602}, "K58-D050": {"K58-D060": 168.58323125132077}, "K58-U130": {"K58-U140": 82.13828378769146}, "K54-U060": {"K54-U070": 174.26099750294068}, "K51A-U230": {"K51A-U240": 31.18233375901832}, "K53-U070": {"K53-U080": 44.80380266276493}, "K58-D170": {"K58-D180": 129.9734158731181}, "K51A-D170": {"K51A-D180": 136.38211888284405}, "K51A-D010": {"K51A-D020": 47.85937809001233}, "K52-nU010": {"K52-nU020": 45.485891092405204}, "K51-D270": {"K51-D280": 92.23318914195598}, "K51A-U190": {"K51A-U200": 68.74661894715508}, "K53-D040": {"K53-D050": 63.77739585230381}, "K52-nU040": {"K52-nU050": 48.15885443896795}, "K51-D220": {"K51-D230": 232.76189483665243}, "K52-nU170": {"K52-nU180": 100.55172762068645}, "K52-nD290": {"K52-nD300": 93.06624433106757}, "K52-nD010": {"K52-nD020": 14.36267801372291}, "K52A-U030": {"K52A-U040": 38.49494602443163}, "K54-D020": {"K54-D030": 120.76149002212348}, "K51A-D140": {"K51A-D150": 74.12241143154144}, "K51A-U030": {"K51A-U040": 63.226014487417956}, "K53-D015": {"K53-D020": 39.80351440027766}, "K51A-D090": {"K51A-D100": 75.05961741793013}, "K51-U020": {"K51-U030": 99.31339424183244}, "K51-U130": {"K51-U140": 77.07471192442439}, "K58-U170": {"K58-U180": 147.7205209140387}, "K51-U170": {"K51-U180": 67.50472806148291}, "K51-D030": {"K51-D040": 37.19642779652285}, "K52-nD140": {"K52-nD150": 108.00392246010374}, "K58-D180": {"K58-D190": 270.06346929431845}, "K58-D160": {"K58-D170": 184.8906320663474}, "K51-D020": {"K51-D030": 55.439499127642364}, "K52A-U130": {"K52A-U140": 52.81330218085013}, "K52-nD020": {"K52-nD030": 24.42208358316101}, "K52A-U040": {"K52A-U050": 119.66873023530732}, "K58-D010": {"K58-D020": 34.737256242125355}, "K52-nU200": {"K52-nU210": 71.93532868671319}, "K51-U040": {"K51-U050": 110.01003669800261}, "K51A-U210": {"K51A-U220": 66.97873182832375}, "K52-nU250": {"K52-nU260": 64.8851971849959}, "K52-nU060": {"K52-nU070": 146.50194399392268}, "K51-U030": {"K51-U040": 59.73316934584011}, "K58-U070": {"K58-U080": 111.6282335829812}, "K52-nU190": {"K52-nU200": 112.95206331869431}, "K52A-D140": {"K52A-D150": 101.32121460781022}, "K51-D260": {"K51-D270": 41.35103012725606}, "K51-D060": {"K51-D070": 46.7836242980516}, "K53-D060": {"K53-D070": 108.67100430448268}, "K52-nU080": {"K52-nU090": 74.79956928446497}, "K58-U060": {"K58-U070": 159.69689192430832}, "K52-nD280": {"K52-nD290": 86.22514335315576}, "K51-D210": {"K51-D220": 168.75866581897313}, "K52A-U060": {"K52A-U070": 116.56472522965855}, "K51-D140": {"K51-D150": 37.84894506543992}, "K52-nD150": {"K52-nD160": 93.55080111954109}, "K51A-D160": {"K51A-D170": 169.34831698136378}, "K58-D030": {"K58-D040": 41.59344787396968}, "K51-U220": {"K51-U230": 61.22140658257314}, "K58-U120": {"K58-U130": 116.21460667611423}, "K51A-D020": {"K51A-D030": 92.85032336700817}, "K51A-U010": {"K51A-U020": 49.463213763584356}, "K54-D040": {"K54-D050": 133.82268886715133}, "K51A-D240": {"K51A-D250": 43.56058443503876}, "K51-U140": {"K51-U150": 47.137662182269715}, "K51-D200": {"K51-D210": 105.35176341827086}, "K51A-D040": {"K51A-D050": 88.91655550885234}, "K51A-U070": {"K51A-U080": 183.44759291786318}, "K52-nU210": {"K52-nU220": 66.74227059955608}, "K58-U190": {"K58-U200": 98.93835162733815}, "K54-D060": {"K54-D070": 128.28542835456278}, "K52A-U140": {"K52A-U150": 145.78861683612712}, "K52-nD100": {"K52-nD110": 55.57317398028613}, "K52A-U110": {"K52A-U120": 53.823179170505114}, "K53-U050": {"K53-U060": 112.49487537529664}, "K51A-U110": {"K51A-U120": 112.32293217132569}, "K52A-U080": {"K52A-U090": 69.36353938819607}, "K51A-D050": {"K51A-D060": 70.26529818649914}, "K52A-D130": {"K52A-D140": 73.53526568283974}, "K51A-U080": {"K51A-U090": 155.6886194725269}, "K52-nU120": {"K52-nU130": 142.88512956740846, "K52-nU140": 104.82374757675188}, "K52-nU130": {"K52-nU140": 328.31723641397036}, "K53-D130": {"K53-D140": 96.56014898571092}, "K52-nU150": {"K52-nU160": 79.19129142816726}, "K54-U020": {"K54-U030": 121.1402921226613}, "K52-nD260": {"K52-nD270": 43.57707077234739}, "K52-nU050": {"K52-nU060": 237.63234304081024}, "K51A-U060": {"K51A-U070": 279.712928395644}, "K52A-D170": {"K52A-D180": 100.50189444910774}, "K51A-D110": {"K51A-D120": 66.30908708115075}, "K51-U110": {"K51-U120": 96.59006746400037}, "K51-U240": {"K51-U250": 95.7827384454956}, "K53-D070": {"K53-D080": 72.80628983906715}, "K52A-D080": {"K52A-D090": 60.227244220571876}, "K51A-U130": {"K51A-U140": 76.15753609676364}, "K54-D050": {"K54-D060": 80.54213938440947}, "K52-nD180": {"K52-nD190": 128.33191361319888}, "K51A-U020": {"K51A-U030": 99.06301282196497}, "K51A-D060": {"K51A-D070": 65.79720821339316}, "K51-U150": {"K51-U160": 84.75803404436296}, "K53-D160": {"K53-U011": 137.04289669230624}, "K51-U160": {"K51-U170": 91.3537702167034}, "K53-U090": {"K53-U100": 100.73508442708271}, "K52-nD160": {"K52-nD170": 130.0886727774245}, "K51A-D150": {"K51A-D160": 101.69100731383594}, "K52-nU070": {"K52-nU080": 83.6310888664499}, "K52A-U120": {"K52A-U130": 65.93949457681366}, "K52A-U150": {"K52A-U160": 30.901255515126433}, "K51-U230": {"K51-U240": 41.091163939789574}, "K52A-U050": {"K52A-U060": 46.512402552657875}, "K52A-U020": {"K52A-U030": 77.94856613231873}, "K52A-D030": {"K52A-D040": 22.02885632149632}, "K51A-U140": {"K51A-U150": 51.66595529666829}, "K53-U060": {"K53-U070": 71.96681168595056}, "K52A-U170": {"K52A-U180": 250.3409382532092}, "K53-U040": {"K53-U050": 110.96398246677454}, "K51-U070": {"K51-U080": 162.06803185644176}, "K52-nU030": {"K52-nU040": 114.97224185740777}, "K52-nU280": {"K52-nU290": 39.8522243055089}, "K54-U010": {"K54-U020": 74.29065278793139}, "K54-U070": {"K54-D010": 134.98729000391967}, "K51A-U170": {"K51A-U180": 69.3068888363405}, "K51-D240": {"K51-D250": 107.80674388352546}, "K51-D050": {"K51-D060": 54.52398427451185}, "K53-U080": {"K53-U090": 90.26892273482703}, "K51-D010": {"K51-D020": 75.58423588097385}, "K51-D170": {"K51-D180": 97.99221757085328}, "K51-U050": {"K51-U060": 220.1995510507817}, "K53-U130": {"K53-U140": 60.68807220856282}, "K51A-D230": {"K51A-D240": 144.93058457050387}, "K52-nD030": {"K52-nD040": 27.47076510024516},