{"K53-U100": {"K53-U110": 78.2967556864402}, "K53-D010": {"K53-D015": 99.34866236153354}, "K51-D150": {"K51-D160": 157.89873352323258}, "K52-nU290": {"K52-nU300": 35.29586537345389}, "K52-nU260": {"K52-nU270": 66.78315103757322}, "K52-nD110": {"K52-nD120": 147.40218753804828}, "K51-D130": {"K51-D140": 77.22916563689841}, "K51-U080": {"K51-U090": 191.0377608877816}, "K54-D030": {"K54-D040": 68.17651243467381}, "K52-nD240": {"K52-nD250": 157.81701870174305}, "K53-U010": {"K53-U020": 241.09282314172623}, "K58-D070": {"K58-D080": 98.84138901206708}, "K52-nD250": {"K52-nD260": 170.21562924915906}, "K52-nD130": {"K52-nD140": 92.45653793161505}, "K58-D020": {"K58-D030": 88.71385933121525}, "K53-D030": {"K53-D040": 83.86988723149996}, "K52A-U100": {"K52A-U110": 80.40541479389165}, "K58-U140": {"K58-U150": 136.11896285894767}, "K52A-U010": {"K52A-U015": 288.2290074268506}, "K52-nD210": {"K52-nD220": 180.5656895638715}, "K53-U030": {"K53-U040": 180.23125084465383}, "K54-U050": {"K54-U060": 337.53764499241095}, "K51-D040": {"K51-D050": 51.67627430842994}, "K58-D200": {"K58-D210": 66.60881758288305}, "K53-U110": {"K53-U120": 93.26205163190447}, "K58-U010": {"K58-U020": 50.93442412511807}, "K51A-D250": {"K51A-D260": 95.36482177170929}, "K58-D140": {"K58-D150": 49.69967536972334}, "K51A-D210": {"K51A-D220": 80.8252685653408}, "K54-U040": {"K54-U050": 167.32611572790486}, "K51A-U240": {"K51A-U250": 72.6616582644081}, "K54-U030": {"K54-U040": 124.04467025016791}, "K51-D250": {"K51-D260": 163.60217428959476}, "K51-D190": {"K51-D200": 163.2804956061687}, "K51A-U100": {"K51A-U110": 186.13388757568242}, "K51A-U090": {"K51A-U100": 161.63451731572303}, "K52-nD120": {"K52-nD130": 40.84399828454291}, "K58-D060": {"K58-D070": 173.91120196525836}, "K52A-D060": {"K52A-D070": 129.34768316859805}, "K51A-D190": {"K51A-D200": 199.62096769284756}, "K58-U180": {"K58-U190": 100.77056104071971}, "K58-D050": {"K58-D060": 187.66293855413227}, "K58-U130": {"K58-U140": 90.47585361616623}, "K54-U060": {"K54-U070": 213.07170202127753}, "K51A-U230": {"K51A-U240": 40.38809749888204}, "K53-U070": {"K53-U080": 55.25981464693931}, "K58-D170": {"K58-D180": 144.50163154691646}, "K51A-D170": {"K51A-D180": 162.97190390620685}, "K51A-D010": {"K51A-D020": 55.25274692567166}, "K52-nU010": {"K52-nU020": 39.641389263705335}, "K51-D270": {"K51-D280": 90.9835565455133}, "K51A-U190": {"K51A-U200": 70.5169894180635}, "K53-D040": {"K53-D050": 75.15734033916549}, "K52-nU040": {"K52-nU050": 66.11699066580853}, "K51-D220": {"K51-D230": 263.83106035688013}, "K52-nU170": {"K52-nU180": 127.09266866676367}, "K52-nD290": {"K52-nD300": 110.41797411872457}, "K52-nD010": {"K52-nD020": 17.006386782548812}, "K52A-U030": {"K52A-U040": 44.25395776857921}, "K54-D020": {"K54-D030": 132.83763902433572}, "K51A-D140": {"K51A-D150": 87.44132007513046}, "K51A-U030": {"K51A-U040": 72.64326603096711}, "K53-D015": {"K53-D020": 48.64865029681404}, "K51A-D090": {"K51A-D100": 86.17599347182724}, "K51-U020": {"K51-U030": 116.58935315299848}, "K51-U130": {"K51-U140": 85.83804125136949}, "K58-U170": {"K58-U180": 176.16185399576528}, "K51-U170": {"K51-U180": 79.79231323429687}, "K51-D030": {"K51-D040": 38.90315120018751}, "K52-nD140": {"K52-nD150": 110.41899622576015}, "K58-D180": {"K58-D190": 300.6632845236987}, "K58-D160": {"K58-D170": 216.25605717944933}, "K51-D020": {"K51-D030": 60.6269135566729}, "K52A-U130": {"K52A-U140": 57.664356052703795}, "K52-nD020": {"K52-nD030": 25.63113191445394}, "K52A-U040": {"K52A-U050": 132.99118475707814}, "K58-D010": {"K58-D020": 49.20203537647409}, "K52-nU200": {"K52-nU210": 86.40253296720844}, "K51-U040": {"K51-U050": 123.32016277707586}, "K51A-U210": {"K51A-U220": 82.8493708199476}, "K52-nU250": {"K52-nU260": 62.78713185613542}, "K52-nU060": {"K52-nU070": 176.4260236044257}, "K51-U030": {"K51-U040": 70.65959346296535}, "K58-U070": {"K58-U080": 130.65962699920266}, "K52-nU190": {"K52-nU200": 133.70809847056785}, "K52A-D140": {"K52A-D150": 114.15876399181984}, "K51-D260": {"K51-D270": 57.494162156158026}, "K51-D060": {"K51-D070": 55.079683097851316}, "K53-D060": {"K53-D070": 143.38800767665654}, "K52-nU080": {"K52-nU090": 91.15127272339842}, "K58-U060": {"K58-U070": 168.23756577442464}, "K52-nD280": {"K52-nD290": 91.23465268736206}, "K51-D210": {"K51-D220": 187.99217351312444}, "K52A-U060": {"K52A-U070": 144.09102701076716}, "K51-D140": {"K51-D150": 46.71819604444124}, "K52-nD150": {"K52-nD160": 104.83267933406871}, "K51A-D160": {"K51A-D170": 193.0827372930451}, "K58-D030": {"K58-D040": 74.39907660130432}, "K51-U220": {"K51-U230": 64.40574032474058}, "K58-U120": {"K58-U130": 119.67459027830284}, "K51A-D020": {"K51A-D030": 110.11939455212033}, "K51A-U010": {"K51A-U020": 55.16206997434847}, "K54-D040": {"K54-D050": 174.19578637727287}, "K51A-D240": {"K51A-D250": 57.43287275026495}, "K51-U140": {"K51-U150": 56.09506463897138}, "K51-D200": {"K51-D210": 128.1372419702059}, "K51A-D040": {"K51A-D050": 106.11196218784005}, "K51A-U070": {"K51A-U080": 227.7646545539867}, "K52-nU210": {"K52-nU220": 77.76344466065736}, "K58-U190": {"K58-U200": 113.41962383233329}, "K54-D060": {"K54-D070": 147.06912683098187}, "K52A-U140": {"K52A-U150": 160.36747851973956}, "K52-nD100": {"K52-nD110": 63.32688615915794}, "K52A-U110": {"K52A-U120": 62.50447515780028}, "K53-U050": {"K53-U060": 116.6598115554455}, "K51A-U110": {"K51A-U120": 127.49348343784979}, "K52A-U080": {"K52A-U090": 73.71924313900018}, "K51A-D050": {"K51A-D060": 89.20074042302039}, "K52A-D130": {"K52A-D140": 92.89926118005302}, "K51A-U080": {"K51A-U090": 213.5127447538287}, "K52-nU120": {"K52-nU130": 142.88512956740846, "K52-nU140": 111.02281364069472}, "K52-nU130": {"K52-nU140": 328.31723641397036}, "K53-D130": {"K53-D140": 96.3738900854197}, "K52-nU150": {"K52-nU160": 92.7042555010755}, "K54-U020": {"K54-U030": 149.29312428580081}, "K52-nD260": {"K52-nD270": 46.589105200724404}, "K52-nU050": {"K52-nU060": 258.6567200931792}, "K51A-U060": {"K51A-U070": 308.58625988874957}, "K52A-D170": {"K52A-D180": 112.88715608013021}, "K51A-D110": {"K51A-D120": 76.10669533149363}, "K51-U110": {"K51-U120": 116.48091396337114}, "K51-U240": {"K51-U250": 109.84103289813577}, "K53-D070": {"K53-D080": 73.63749594690017}, "K52A-D080": {"K52A-D090": 71.60362635205567}, "K51A-U130": {"K51A-U140": 92.43950934063156}, "K54-D050": {"K54-D060": 90.49628194021776}, "K52-nD180": {"K52-nD190": 134.36165036741164}, "K51A-U020": {"K51A-U030": 126.27722814470685}, "K51A-D060": {"K51A-D070": 83.28802409899617}, "K51-U150": {"K51-U160": 97.80489079523036}, "K53-D160": {"K53-U011": 157.16042507353134}, "K51-U160": {"K51-U170": 104.39166125076751}, "K53-U090": {"K53-U100": 102.79317880045758}, "K52-nD160": {"K52-nD170": 144.95053303001706}, "K51A-D150": {"K51A-D160": 112.44416734814679}, "K52-nU070": {"K52-nU080": 94.98054940858354}, "K52A-U120": {"K52A-U130": 68.61697729363725}, "K52A-U150": {"K52A-U160": 34.31734861642797}, "K51-U230": {"K51-U240": 53.20926198857855}, "K52A-U050": {"K52A-U060": 59.06587667922664}, "K52A-U020": {"K52A-U030": 90.6835864330983}, "K52A-D030": {"K52A-D040": 22.529249871411977}, "K51A-U140": {"K51A-U150": 60.32416592750453}, "K53-U060": {"K53-U070": 85.40532543694135}, "K52A-U170": {"K52A-U180": 275.3750320785299}, "K53-U040": {"K53-U050": 126.19299476657261}, "K51-U070": {"K51-U080": 184.05462675376398}, "K52-nU030": {"K52-nU040": 130.75765181606573}, "K52-nU280": {"K52-nU290": 43.11750350592746}, "K54-U010": {"K54-U020": 89.44996370252673}, "K54-U070": {"K54-D010": 174.31457342276087}, "K51A-U170": {"K51A-U180": 80.35585132505071}, "K51-D240": {"K51-D250": 119.26350288490906}, "K51-D050": {"K51-D060": 57.44128825392092}, "K53-U080": {"K53-U090": 85.04123429389757}, "K51-D010": {"K51-D020": 81.9233053050011}, "K51-D170": {"K51-D180": 110.93359291242564}, "K51-U050": {"K51-U060": 264.30817521501064}, "K53-U130": {"K53-U140": 67.15293816787057}, "K51A-D230": {"K51A-D240": 165.19097878411927}, "K52-nD030": {"K52-nD040": 31.550511044866244},