{"K53-U100": {"K53-U110": 74.28493950672953}, "K53-D010": {"K53-D015": 109.03594639432367}, "K51-D150": {"K51-D160": 159.47536341696042}, "K52-nU290": {"K52-nU300": 38.16477264448635}, "K52-nU260": {"K52-nU270": 65.84517583004066}, "K52-nD110": {"K52-nD120": 155.06919934698493}, "K51-D130": {"K51-D140": 75.62661435623895}, "K51-U080": {"K51-U090": 169.24625956830457}, "K54-D030": {"K54-D040": 59.39993071045642}, "K52-nD240": {"K52-nD250": 162.33578291625372}, "K53-U010": {"K53-U020": 253.37026977154255}, "K58-D070": {"K58-D080": 106.9280847759037}, "K52-nD250": {"K52-nD260": 171.50518452591695}, "K52-nD130": {"K52-nD140": 87.98324465040241}, "K58-D020": {"K58-D030": 85.36574617846776}, "K53-D030": {"K53-D040": 75.29296964435396}, "K52A-U100": {"K52A-U110": 80.50914488914329}, "K58-U140": {"K58-U150": 143.41598962272997}, "K52A-U010": {"K52A-U015": 281.6079647936434}, "K52-nD210": {"K52-nD220": 184.05459851578718}, "K53-U030": {"K53-U040": 178.5414216752568}, "K54-U050": {"K54-U060": 349.28615956950966}, "K51-D040": {"K51-D050": 48.92357813357391}, "K58-D200": {"K58-D210": 64.65715726117924}, "K53-U110": {"K53-U120": 96.29144667025385}, "K58-U010": {"K58-U020": 62.74650203411935}, "K51A-D250": {"K51A-D260": 97.53961935974051}, "K58-D140": {"K58-D150": 41.581086646161225}, "K51A-D210": {"K51A-D220": 80.75061064374631}, "K54-U040": {"K54-U050": 164.75644872663736}, "K51A-U240": {"K51A-U250": 71.92808372608815}, "K54-U030": {"K54-U040": 124.1100082460101}, "K51-D250": {"K51-D260": 156.88382939257667}, "K51-D190": {"K51-D200": 153.8678153791223}, "K51A-U100": {"K51A-U110": 178.39836242465225}, "K51A-U090": {"K51A-U100": 152.92519802326154}, "K52-nD120": {"K52-nD130": 34.83950707090577}, "K58-D060": {"K58-D070": 171.0073685857913}, "K52A-D060": {"K52A-D070": 129.34768316859805}, "K51A-D190": {"K51A-D200": 192.30474682964518}, "K58-U180": {"K58-U190": 94.98056824479998}, "K58-D050": {"K58-D060": 186.33456657833221}, "K58-U130": {"K58-U140": 90.08934335030122}, "K54-U060": {"K54-U070": 210.1345350603016}, "K51A-U230": {"K51A-U240": 44.09373485597038}, "K53-U070": {"K53-U080": 54.72401743550729}, "K58-D170": {"K58-D180": 152.60898341213866}, "K51A-D170": {"K51A-D180": 166.95703505401667}, "K51A-D010": {"K51A-D020": 54.20456370372038}, "K52-nU010": {"K52-nU020": 42.57642156432465}, "K51-D270": {"K51-D280": 92.06281787009091}, "K51A-U190": {"K51A-U200": 74.33146903852419}, "K53-D040": {"K53-D050": 75.02613089935872}, "K52-nU040": {"K52-nU050": 63.11105615859141}, "K51-D220": {"K51-D230": 274.02397705407435}, "K52-nU170": {"K52-nU180": 129.8817485657541}, "K52-nD290": {"K52-nD300": 111.09946796581633}, "K52-nD010": {"K52-nD020": 19.22754429754448}, "K52A-U030": {"K52A-U040": 46.202352556781975}, "K54-D020": {"K54-D030": 132.83763902433572}, "K51A-D140": {"K51A-D150": 86.19208039233872}, "K51A-U030": {"K51A-U040": 69.48515444071799}, "K53-D015": {"K53-D020": 46.55569628662297}, "K51A-D090": {"K51A-D100": 83.68299776194701}, "K51-U020": {"K51-U030": 112.27833749273267}, "K51-U130": {"K51-U140": 88.74018704046266}, "K58-U170": {"K58-U180": 175.81801189936124}, "K51-U170": {"K51-U180": 76.75620248051214}, "K51-D030": {"K51-D040": 39.378849278735416}, "K52-nD140": {"K52-nD150": 109.91885146294833}, "K58-D180": {"K58-D190": 295.0915593554752}, "K58-D160": {"K58-D170": 233.67312741855167}, "K51-D020": {"K51-D030": 57.72677393239519}, "K52A-U130": {"K52A-U140": 55.3622037182481}, "K52-nD020": {"K52-nD030": 29.11168828628505}, "K52A-U040": {"K52A-U050": 128.44185066085845}, "K58-D010": {"K58-D020": 50.2541302031761}, "K52-nU200": {"K52-nU210": 86.44335805842039}, "K51-U040": {"K51-U050": 130.28410169972227}, "K51A-U210": {"K51A-U220": 79.65191269588902}, "K52-nU250": {"K52-nU260": 66.03619944961375}, "K52-nU060": {"K52-nU070": 170.68502510004208}, "K51-U030": {"K51-U040": 65.81011694106755}, "K58-U070": {"K58-U080": 117.25571713796367}, "K52-nU190": {"K52-nU200": 135.2217411966231}, "K52A-D140": {"K52A-D150": 108.46790362318195}, "K51-D260": {"K51-D270": 57.543466926159454}, "K51-D060": {"K51-D070": 54.49119525853955}, "K53-D060": {"K53-D070": 139.3868011226685}, "K52-nU080": {"K52-nU090": 89.38573191266919}, "K58-U060": {"K58-U070": 162.94475263291585}, "K52-nD280": {"K52-nD290": 92.14087589269911}, "K51-D210": {"K51-D220": 170.69323999156992}, "K52A-U060": {"K52A-U070": 134.84249409615143}, "K51-D140": {"K51-D150": 42.20973207442454}, "K52-nD150": {"K52-nD160": 100.86979273833542}, "K51A-D160": {"K51A-D170": 193.82967576838456}, "K58-D030": {"K58-D040": 54.59745489962579}, "K51-U220": {"K51-U230": 69.22327697528485}, "K58-U120": {"K58-U130": 120.19176786744474}, "K51A-D020": {"K51A-D030": 110.32558277008124}, "K51A-U010": {"K51A-U020": 65.56167329758262}, "K54-D040": {"K54-D050": 166.7772006323639}, "K51A-D240": {"K51A-D250": 62.91663930857417}, "K51-U140": {"K51-U150": 60.65759862596874}, "K51-D200": {"K51-D210": 129.01021519641205}, "K51A-D040": {"K51A-D050": 106.32737534656846}, "K51A-U070": {"K51A-U080": 206.62534494216806}, "K52-nU210": {"K52-nU220": 75.64398923813087}, "K58-U190": {"K58-U200": 107.20739623761865}, "K54-D060": {"K54-D070": 155.98004100116526}, "K52A-U140": {"K52A-U150": 160.36747851973956}, "K52-nD100": {"K52-nD110": 62.0529990396836}, "K52A-U110": {"K52A-U120": 60.220100951323936}, "K53-U050": {"K53-U060": 135.87018154161746}, "K51A-U110": {"K51A-U120": 122.79653923088661}, "K52A-U080": {"K52A-U090": 71.15900357359315}, "K51A-D050": {"K51A-D060": 83.85265222558708}, "K52A-D130": {"K52A-D140": 90.59954237286979}, "K51A-U080": {"K51A-U090": 196.42088701227908}, "K52-nU120": {"K52-nU130": 142.88512956740846, "K52-nU140": 109.77906622267672}, "K52-nU130": {"K52-nU140": 328.31723641397036}, "K53-D130": {"K53-D140": 111.43252934946256}, "K52-nU150": {"K52-nU160": 89.79238202211613}, "K54-U020": {"K54-U030": 153.10352254411904}, "K52-nD260": {"K52-nD270": 46.92769294397639}, "K52-nU050": {"K52-nU060": 240.07821405296914}, "K51A-U060": {"K51A-U070": 312.75476184939964}, "K52A-D170": {"K52A-D180": 108.22649664818664}, "K51A-D110": {"K51A-D120": 75.24561113389986}, "K51-U110": {"K51-U120": 109.79602450026485}, "K51-U240": {"K51-U250": 113.9047456178769}, "K53-D070": {"K53-D080": 71.97324432372005}, "K52A-D080": {"K52A-D090": 68.92097586696784}, "K51A-U130": {"K51A-U140": 84.84320157364832}, "K54-D050": {"K54-D060": 84.44888542949471}, "K52-nD180": {"K52-nD190": 142.97662617430151}, "K51A-U020": {"K51A-U030": 117.50549437065891}, "K51A-D060": {"K51A-D070": 90.9266331104117}, "K51-U150": {"K51-U160": 92.81042476892235}, "K53-D160": {"K53-U011": 163.0062912252702}, "K51-U160": {"K51-U170": 100.11693643900205}, "K53-U090": {"K53-U100": 98.61311402952387}, "K52-nD160": {"K52-nD170": 152.0284822435997}, "K51A-D150": {"K51A-D160": 122.95433106245264}, "K52-nU070": {"K52-nU080": 97.67197996779909}, "K52A-U120": {"K52A-U130": 74.50290900206576}, "K52A-U150": {"K52A-U160": 34.94886162799007}, "K51-U230": {"K51-U240": 52.318767608849214}, "K52A-U050": {"K52A-U060": 55.49257964668296}, "K52A-U020": {"K52A-U030": 89.6061469876958}, "K52A-D030": {"K52A-D040": 21.698966996276127}, "K51A-U140": {"K51A-U150": 58.23500333164573}, "K53-U060": {"K53-U070": 78.29875187589992}, "K52A-U170": {"K52A-U180": 275.3750320785299}, "K53-U040": {"K53-U050": 116.47709622192424}, "K51-U070": {"K51-U080": 179.16740180777737}, "K52-nU030": {"K52-nU040": 131.80185998634255}, "K52-nU280": {"K52-nU290": 42.56674707834261}, "K54-U010": {"K54-U020": 76.7019051721651}, "K54-U070": {"K54-D010": 154.0786601237241}, "K51A-U170": {"K51A-U180": 76.95794546195714}, "K51-D240": {"K51-D250": 120.71380398281167}, "K51-D050": {"K51-D060": 64.66124018038104}, "K53-U080": {"K53-U090": 93.06921290291397}, "K51-D010": {"K51-D020": 79.71007168440872}, "K51-D170": {"K51-D180": 109.02479596880778}, "K51-U050": {"K51-U060": 260.4460434612443}, "K53-U130": {"K53-U140": 63.36767585886313}, "K51A-D230": {"K51A-D240": 146.95633727417706}, "K52-nD030": {"K52-nD040": 27.865755780096016},