{"K53-U100": {"K53-U110": 66.51340040904753}, "K53-D010": {"K53-D015": 103.22160361394938}, "K51-D150": {"K51-D160": 150.54531479619433}, "K52-nU290": {"K52-nU300": 32.7750743457067}, "K52-nU260": {"K52-nU270": 62.635318406415514}, "K52-nD110": {"K52-nD120": 156.53188326718163}, "K51-D130": {"K51-D140": 70.88891557488563}, "K51-U080": {"K51-U090": 165.99095624551862}, "K54-D030": {"K54-D040": 69.9904107157953}, "K52-nD240": {"K52-nD250": 147.25881793385366}, "K53-U010": {"K53-U020": 200.03106142930545}, "K58-D070": {"K58-D080": 105.15038537504896}, "K52-nD250": {"K52-nD260": 161.2934536291453}, "K52-nD130": {"K52-nD140": 82.76172635983048}, "K58-D020": {"K58-D030": 74.08108193704628}, "K53-D030": {"K53-D040": 77.09024810283448}, "K52A-U100": {"K52A-U110": 79.9398267894525}, "K58-U140": {"K58-U150": 118.80636954093202}, "K52A-U010": {"K52A-U015": 254.70115987234075}, "K52-nD210": {"K52-nD220": 165.11247432452643}, "K53-U030": {"K53-U040": 174.26304546907346}, "K54-U050": {"K54-U060": 315.90241450204445}, "K51-D040": {"K51-D050": 52.0389048214761}, "K58-D200": {"K58-D210": 65.36374791745668}, "K53-U110": {"K53-U120": 88.89987823961889}, "K58-U010": {"K58-U020": 45.3855227163334}, "K51A-D250": {"K51A-D260": 100.87817941709034}, "K58-D140": {"K58-D150": 40.90975311547494}, "K51A-D210": {"K51A-D220": 76.49160817314083}, "K54-U040": {"K54-U050": 144.62086374080786}, "K51A-U240": {"K51A-U250": 71.61698371960672}, "K54-U030": {"K54-U040": 123.7575037476161}, "K51-D250": {"K51-D260": 148.50526945402788}, "K51-D190": {"K51-D200": 150.00449392419887}, "K51A-U100": {"K51A-U110": 180.88763875821823}, "K51A-U090": {"K51A-U100": 160.84349304488927}, "K52-nD120": {"K52-nD130": 38.23366412342784}, "K58-D060": {"K58-D070": 141.32624867800882}, "K52A-D060": {"K52A-D070": 129.25531519771812}, "K51A-D190": {"K51A-D200": 183.44118509290178}, "K58-U180": {"K58-U190": 100.24479421005394}, "K58-D050": {"K58-D060": 181.1944227273266}, "K58-U130": {"K58-U140": 86.9494822260152}, "K54-U060": {"K54-U070": 197.42088940951848}, "K51A-U230": {"K51A-U240": 38.8380850396338}, "K53-U070": {"K53-U080": 63.192209863717395}, "K58-D170": {"K58-D180": 141.29032703569612}, "K51A-D170": {"K51A-D180": 138.28816412450396}, "K51A-D010": {"K51A-D020": 51.781381922591265}, "K52-nU010": {"K52-nU020": 45.64325176401368}, "K51-D270": {"K51-D280": 94.26784480062244}, "K51A-U190": {"K51A-U200": 68.9154241443604}, "K53-D040": {"K53-D050": 65.59796545032135}, "K52-nU040": {"K52-nU050": 56.32853322681931}, "K51-D220": {"K51-D230": 262.1654334303162}, "K52-nU170": {"K52-nU180": 123.56731899377694}, "K52-nD290": {"K52-nD300": 95.66545434074078}, "K52-nD010": {"K52-nD020": 16.821751105050858}, "K52A-U030": {"K52A-U040": 34.42474933279233}, "K54-D020": {"K54-D030": 132.81352684195787}, "K51A-D140": {"K51A-D150": 80.07343478275777}, "K51A-U030": {"K51A-U040": 69.61114301409376}, "K53-D015": {"K53-D020": 44.27753834851096}, "K51A-D090": {"K51A-D100": 80.69766073161037}, "K51-U020": {"K51-U030": 105.87132078767202}, "K51-U130": {"K51-U140": 82.8666678925144}, "K58-U170": {"K58-U180": 158.8530481409342}, "K51-U170": {"K51-U180": 75.76956436317084}, "K51-D030": {"K51-D040": 37.85623340275606}, "K52-nD140": {"K52-nD150": 109.6599900041385}, "K58-D180": {"K58-D190": 285.01337803142764}, "K58-D160": {"K58-D170": 205.5880322825173}, "K51-D020": {"K51-D030": 59.553110401032214}, "K52A-U130": {"K52A-U140": 56.784518260795096}, "K52-nD020": {"K52-nD030": 23.4118095635573}, "K52A-U040": {"K52A-U050": 124.09917799773822}, "K58-D010": {"K58-D020": 44.935199051482456}, "K52-nU200": {"K52-nU210": 81.5110930311472}, "K51-U040": {"K51-U050": 122.0749213473478}, "K51A-U210": {"K51A-U220": 76.24376453502116}, "K52-nU250": {"K52-nU260": 71.01282965168397}, "K52-nU060": {"K52-nU070": 142.7992778689325}, "K51-U030": {"K51-U040": 65.33906501391715}, "K58-U070": {"K58-U080": 120.82558449984167}, "K52-nU190": {"K52-nU200": 132.1763161671982}, "K52A-D140": {"K52A-D150": 104.76105807329206}, "K51-D260": {"K51-D270": 46.902637144786105}, "K51-D060": {"K51-D070": 55.735011385554664}, "K53-D060": {"K53-D070": 131.31072664457287}, "K52-nU080": {"K52-nU090": 87.55399700400041}, "K58-U060": {"K58-U070": 160.92646664515692}, "K52-nD280": {"K52-nD290": 95.20498965373811}, "K51-D210": {"K51-D220": 168.14127321151406}, "K52A-U060": {"K52A-U070": 130.7824227426674}, "K51-D140": {"K51-D150": 41.1349259691295}, "K52-nD150": {"K52-nD160": 98.45374511537443}, "K51A-D160": {"K51A-D170": 194.32120842560306}, "K58-D030": {"K58-D040": 37.99605336412871}, "K51-U220": {"K51-U230": 64.9000427837403}, "K58-U120": {"K58-U130": 120.91241388555363}, "K51A-D020": {"K51A-D030": 118.15056066566903}, "K51A-U010": {"K51A-U020": 56.93301228433272}, "K54-D040": {"K54-D050": 152.63837111375412}, "K51A-D240": {"K51A-D250": 49.08847493131287}, "K51-U140": {"K51-U150": 76.98049069640255}, "K51-D200": {"K51-D210": 115.53680544280789}, "K51A-D040": {"K51A-D050": 101.95730465228993}, "K51A-U070": {"K51A-U080": 190.99362310287296}, "K52-nU210": {"K52-nU220": 76.99311821031682}, "K58-U190": {"K58-U200": 117.58984656599714}, "K54-D060": {"K54-D070": 134.5795534260317}, "K52A-U140": {"K52A-U150": 160.2923423438438}, "K52-nD100": {"K52-nD110": 58.82077148176946}, "K52A-U110": {"K52A-U120": 57.938335382256604}, "K53-U050": {"K53-U060": 127.39841744535877}, "K51A-U110": {"K51A-U120": 115.00376099994992}, "K52A-U080": {"K52A-U090": 68.98866016024866}, "K51A-D050": {"K51A-D060": 80.85342626970805}, "K52A-D130": {"K52A-D140": 80.92168509526498}, "K51A-U080": {"K51A-U090": 155.31848825511037}, "K52-nU120": {"K52-nU130": 142.88512956740846, "K52-nU140": 108.6401681035513}, "K52-nU130": {"K52-nU140": 328.31723641397036}, "K53-D130": {"K53-D140": 107.04911388217295}, "K52-nU150": {"K52-nU160": 86.34648794149528}, "K54-U020": {"K54-U030": 141.8342456343426}, "K52-nD260": {"K52-nD270": 39.63477241721917}, "K52-nU050": {"K52-nU060": 252.54495534860158}, "K51A-U060": {"K51A-U070": 303.3288408804277}, "K52A-D170": {"K52A-D180": 97.67503413637196}, "K51A-D110": {"K51A-D120": 79.59423002047097}, "K51-U110": {"K51-U120": 117.84694423503268}, "K51-U240": {"K51-U250": 108.27197496242513}, "K53-D070": {"K53-D080": 73.15981381238825}, "K52A-D080": {"K52A-D090": 63.4252701823828}, "K51A-U130": {"K51A-U140": 93.84661939234783}, "K54-D050": {"K54-D060": 79.48848136203578}, "K52-nD180": {"K52-nD190": 139.46591281077858}, "K51A-U020": {"K51A-U030": 113.06593735915628}, "K51A-D060": {"K51A-D070": 75.61907411902804}, "K51-U150": {"K51-U160": 97.79464395991297}, "K53-D160": {"K53-U011": 149.30005595161043}, "K51-U160": {"K51-U170": 109.9189261802552}, "K53-U090": {"K53-U100": 113.70876742313537}, "K52-nD160": {"K52-nD170": 139.99284007898981}, "K51A-D150": {"K51A-D160": 123.27768323301848}, "K52-nU070": {"K52-nU080": 93.61043525663014}, "K52A-U120": {"K52A-U130": 62.08728839087992}, "K52A-U150": {"K52A-U160": 29.691650407760733}, "K51-U230": {"K51-U240": 46.92697685464132}, "K52A-U050": {"K52A-U060": 47.92457799412604}, "K52A-U020": {"K52A-U030": 82.91255818665371}, "K52A-D030": {"K52A-D040": 22.36651583661405}, "K51A-U140": {"K51A-U150": 63.429375102487825}, "K53-U060": {"K53-U070": 80.28593042524969}, "K52A-U170": {"K52A-U180": 275.23167642064726}, "K53-U040": {"K53-U050": 104.32096850212557}, "K51-U070": {"K51-U080": 194.3437032856303}, "K52-nU030": {"K52-nU040": 123.9496174332724}, "K52-nU280": {"K52-nU290": 46.98497697316515}, "K54-U010": {"K54-U020": 76.38598501230942}, "K54-U070": {"K54-D010": 154.96703319623572}, "K51A-U170": {"K51A-U180": 78.09681371202052}, "K51-D240": {"K51-D250": 121.88034404792938}, "K51-D050": {"K51-D060": 55.26160654049947}, "K53-U080": {"K53-U090": 98.03695616337393}, "K51-D010": {"K51-D020": 80.33961668234856}, "K51-D170": {"K51-D180": 108.97547529725111}, "K51-U050": {"K51-U060": 246.38234160456855}, "K53-U130": {"K53-U140": 56.5439171367219}, "K51A-D230": {"K51A-D240": 146.61826797964017}, "K52-nD030": {"K52-nD040": 33.35445807706317},