{"K53-U100": {"K53-U110": 71.28341173394767}, "K53-D010": {"K53-D015": 113.47908954897119}, "K51-D150": {"K51-D160": 152.1442606381515}, "K52-nU290": {"K52-nU300": 32.91761282868066}, "K52-nU260": {"K52-nU270": 63.5568111783688}, "K52-nD110": {"K52-nD120": 144.35923371251715}, "K51-D130": {"K51-D140": 75.88055052870767}, "K51-U080": {"K51-U090": 202.80280779191474}, "K54-D030": {"K54-D040": 62.738303122236026}, "K52-nD240": {"K52-nD250": 160.26097871769156}, "K53-U010": {"K53-U020": 237.9149728744363}, "K58-D070": {"K58-D080": 100.35489284125195}, "K52-nD250": {"K52-nD260": 169.14954351467964}, "K52-nD130": {"K52-nD140": 89.94864682822906}, "K58-D020": {"K58-D030": 87.24928146092344}, "K53-D030": {"K53-D040": 79.2578577718936}, "K52A-U100": {"K52A-U110": 79.40688722740137}, "K58-U140": {"K58-U150": 140.83924471232584}, "K52A-U010": {"K52A-U015": 289.3321663261089}, "K52-nD210": {"K52-nD220": 178.81538898483672}, "K53-U030": {"K53-U040": 177.66240830319106}, "K54-U050": {"K54-U060": 344.9441079401653}, "K51-D040": {"K51-D050": 52.898220919029164}, "K58-D200": {"K58-D210": 65.3414415350613}, "K53-U110": {"K53-U120": 91.4327031680987}, "K58-U010": {"K58-U020": 60.67809661768823}, "K51A-D250": {"K51A-D260": 94.25478251325083}, "K58-D140": {"K58-D150": 40.786680183390594}, "K51A-D210": {"K51A-D220": 81.06359418401087}, "K54-U040": {"K54-U050": 156.83462457898412}, "K51A-U240": {"K51A-U250": 72.85300157274462}, "K54-U030": {"K54-U040": 127.70994149885055}, "K51-D250": {"K51-D260": 159.65753775296466}, "K51-D190": {"K51-D200": 158.27655296381118}, "K51A-U100": {"K51A-U110": 178.364912065589}, "K51A-U090": {"K51A-U100": 149.7180781207889}, "K52-nD120": {"K52-nD130": 39.029196937186725}, "K58-D060": {"K58-D070": 167.72802452913768}, "K52A-D060": {"K52A-D070": 129.34768316859805}, "K51A-D190": {"K51A-D200": 186.79150226127348}, "K58-U180": {"K58-U190": 90.90013376858474}, "K58-D050": {"K58-D060": 187.50489903560418}, "K58-U130": {"K58-U140": 87.57740035491936}, "K54-U060": {"K54-U070": 204.7756313442584}, "K51A-U230": {"K51A-U240": 41.74214765103259}, "K53-U070": {"K53-U080": 56.6630326296876}, "K58-D170": {"K58-D180": 145.3270740167042}, "K51A-D170": {"K51A-D180": 168.30830470521727}, "K51A-D010": {"K51A-D020": 54.33335565725845}, "K52-nU010": {"K52-nU020": 40.907411320392654}, "K51-D270": {"K51-D280": 93.57223569169898}, "K51A-U190": {"K51A-U200": 74.37571664121491}, "K53-D040": {"K53-D050": 74.42925007134173}, "K52-nU040": {"K52-nU050": 57.37652916300823}, "K51-D220": {"K51-D230": 265.8331540160442}, "K52-nU170": {"K52-nU180": 130.5284575310217}, "K52-nD290": {"K52-nD300": 104.72089964379079}, "K52-nD010": {"K52-nD020": 18.16846464007431}, "K52A-U030": {"K52A-U040": 45.0009157675543}, "K54-D020": {"K54-D030": 132.83763902433572}, "K51A-D140": {"K51A-D150": 87.24244858618447}, "K51A-U030": {"K51A-U040": 65.18741943501666}, "K53-D015": {"K53-D020": 48.57078485313354}, "K51A-D090": {"K51A-D100": 82.95777771360689}, "K51-U020": {"K51-U030": 109.14608614732738}, "K51-U130": {"K51-U140": 86.86651643278894}, "K58-U170": {"K58-U180": 176.52618760717095}, "K51-U170": {"K51-U180": 76.21038393498115}, "K51-D030": {"K51-D040": 40.65877902888248}, "K52-nD140": {"K52-nD150": 107.95264881714657}, "K58-D180": {"K58-D190": 292.6490286954331}, "K58-D160": {"K58-D170": 225.11114889931173}, "K51-D020": {"K51-D030": 59.76481879293833}, "K52A-U130": {"K52A-U140": 54.86694651060286}, "K52-nD020": {"K52-nD030": 23.753640250530914}, "K52A-U040": {"K52A-U050": 126.62366821858923}, "K58-D010": {"K58-D020": 50.243259832484156}, "K52-nU200": {"K52-nU210": 85.38340756703718}, "K51-U040": {"K51-U050": 124.65366989443214}, "K51A-U210": {"K51A-U220": 81.18568687905396}, "K52-nU250": {"K52-nU260": 63.7288398166438}, "K52-nU060": {"K52-nU070": 156.31242567177233}, "K51-U030": {"K51-U040": 65.85720481156832}, "K58-U070": {"K58-U080": 122.95745669436492}, "K52-nU190": {"K52-nU200": 134.71231848704787}, "K52A-D140": {"K52A-D150": 102.40171132509802}, "K51-D260": {"K51-D270": 60.69427887943375}, "K51-D060": {"K51-D070": 57.772701502762104}, "K53-D060": {"K53-D070": 134.63665188949003}, "K52-nU080": {"K52-nU090": 86.12256783711204}, "K58-U060": {"K58-U070": 171.1030622024561}, "K52-nD280": {"K52-nD290": 96.47952396106761}, "K51-D210": {"K51-D220": 183.86072015392187}, "K52A-U060": {"K52A-U070": 134.18754431201063}, "K51-D140": {"K51-D150": 43.07797391585036}, "K52-nD150": {"K52-nD160": 104.55421861773308}, "K51A-D160": {"K51A-D170": 184.56482045607262}, "K58-D030": {"K58-D040": 47.20052714368003}, "K51-U220": {"K51-U230": 70.57417645730831}, "K58-U120": {"K58-U130": 126.32933197263026}, "K51A-D020": {"K51A-D030": 104.51398097966096}, "K51A-U010": {"K51A-U020": 48.74624315065092}, "K54-D040": {"K54-D050": 166.40049561361747}, "K51A-D240": {"K51A-D250": 65.75299916445688}, "K51-U140": {"K51-U150": 58.86986445023854}, "K51-D200": {"K51-D210": 128.59208597132937}, "K51A-D040": {"K51A-D050": 106.35908768429013}, "K51A-U070": {"K51A-U080": 207.44500357690904}, "K52-nU210": {"K52-nU220": 81.39890573634742}, "K58-U190": {"K58-U200": 112.25031267150162}, "K54-D060": {"K54-D070": 152.77317144459388}, "K52A-U140": {"K52A-U150": 160.36747851973956}, "K52-nD100": {"K52-nD110": 59.01101461000709}, "K52A-U110": {"K52A-U120": 60.724815462705294}, "K53-U050": {"K53-U060": 125.50730063851631}, "K51A-U110": {"K51A-U120": 119.25812168486145}, "K52A-U080": {"K52A-U090": 69.84579565395079}, "K51A-D050": {"K51A-D060": 83.36466535141824}, "K52A-D130": {"K52A-D140": 90.81232069818029}, "K51A-U080": {"K51A-U090": 188.61017760335127}, "K52-nU120": {"K52-nU130": 142.88512956740846, "K52-nU140": 101.26158161945281}, "K52-nU130": {"K52-nU140": 328.31723641397036}, "K53-D130": {"K53-D140": 103.97080701813809}, "K52-nU150": {"K52-nU160": 88.90078361578426}, "K54-U020": {"K54-U030": 145.9768302810403}, "K52-nD260": {"K52-nD270": 44.61207914258698}, "K52-nU050": {"K52-nU060": 249.16681816907163}, "K51A-U060": {"K51A-U070": 300.59609870141907}, "K52A-D170": {"K52A-D180": 106.35531605652807}, "K51A-D110": {"K51A-D120": 74.21354783455351}, "K51-U110": {"K51-U120": 109.67706818080073}, "K51-U240": {"K51-U250": 112.66001599716276}, "K53-D070": {"K53-D080": 78.0123693896509}, "K52A-D080": {"K52A-D090": 73.93137230189411}, "K51A-U130": {"K51A-U140": 88.7350286304884}, "K54-D050": {"K54-D060": 91.10890453774576}, "K52-nD180": {"K52-nD190": 140.5657104722181}, "K51A-U020": {"K51A-U030": 109.94547594526361}, "K51A-D060": {"K51A-D070": 85.77122162414727}, "K51-U150": {"K51-U160": 89.40751457642486}, "K53-D160": {"K53-U011": 164.7470435323036}, "K51-U160": {"K51-U170": 94.52476107453597}, "K53-U090": {"K53-U100": 105.02852013841887}, "K52-nD160": {"K52-nD170": 149.95930541881881}, "K51A-D150": {"K51A-D160": 112.39311818287032}, "K52-nU070": {"K52-nU080": 99.641406056873}, "K52A-U120": {"K52A-U130": 67.50608003107256}, "K52A-U150": {"K52A-U160": 36.01865835120926}, "K51-U230": {"K51-U240": 46.50209372668554}, "K52A-U050": {"K52A-U060": 56.063251783415396}, "K52A-U020": {"K52A-U030": 83.33786106128802}, "K52A-D030": {"K52A-D040": 21.185547429769066}, "K51A-U140": {"K51A-U150": 57.041092371377886}, "K53-U060": {"K53-U070": 80.1508792745834}, "K52A-U170": {"K52A-U180": 275.3750320785299}, "K53-U040": {"K53-U050": 123.22111005030892}, "K51-U070": {"K51-U080": 195.28878750571434}, "K52-nU030": {"K52-nU040": 131.3576497597145}, "K52-nU280": {"K52-nU290": 43.27939682863082}, "K54-U010": {"K54-U020": 130.97665871624025}, "K54-U070": {"K54-D010": 146.46640337563596}, "K51A-U170": {"K51A-U180": 79.40557802210677}, "K51-D240": {"K51-D250": 122.53082994071397}, "K51-D050": {"K51-D060": 57.49773139915372}, "K53-U080": {"K53-U090": 83.65570917343935}, "K51-D010": {"K51-D020": 81.72257329916748}, "K51-D170": {"K51-D180": 117.2701078850308}, "K51-U050": {"K51-U060": 257.177022341591}, "K53-U130": {"K53-U140": 67.54677636925047}, "K51A-D230": {"K51A-D240": 147.96607944928866}, "K52-nD030": {"K52-nD040": 32.478273245703306},