{"K53-U100": {"K53-U110": 75.25557647288414}, "K53-D010": {"K53-D015": 109.8158090884372}, "K51-D150": {"K51-D160": 142.5597094046912}, "K52-nU290": {"K52-nU300": 37.856067766569176}, "K52-nU260": {"K52-nU270": 75.06298228843801}, "K52-nD110": {"K52-nD120": 155.9916267518518}, "K51-D130": {"K51-D140": 80.01192366607904}, "K51-U080": {"K51-U090": 203.85560897304777}, "K54-D030": {"K54-D040": 66.77387435003463}, "K52-nD240": {"K52-nD250": 154.5941197584362}, "K53-U010": {"K53-U020": 254.59074211442726}, "K58-D070": {"K58-D080": 97.5861496152392}, "K52-nD250": {"K52-nD260": 175.0047125994864}, "K52-nD130": {"K52-nD140": 89.96513642424556}, "K58-D020": {"K58-D030": 86.5994642888746}, "K53-D030": {"K53-D040": 83.51467104550154}, "K52A-U100": {"K52A-U110": 83.71107514056412}, "K58-U140": {"K58-U150": 130.50859358516595}, "K52A-U010": {"K52A-U015": 286.301345188656}, "K52-nD210": {"K52-nD220": 178.34705504165623}, "K53-U030": {"K53-U040": 158.22983132891858}, "K54-U050": {"K54-U060": 312.04302148021105}, "K51-D040": {"K51-D050": 48.646272796751774}, "K58-D200": {"K58-D210": 65.70141581203836}, "K53-U110": {"K53-U120": 96.10960544201474}, "K58-U010": {"K58-U020": 50.9289703131267}, "K51A-D250": {"K51A-D260": 98.45446957730269}, "K58-D140": {"K58-D150": 44.74277721899038}, "K51A-D210": {"K51A-D220": 81.00384167096337}, "K54-U040": {"K54-U050": 152.2017220701107}, "K51A-U240": {"K51A-U250": 76.11095079563277}, "K54-U030": {"K54-U040": 122.13873217086389}, "K51-D250": {"K51-D260": 166.06189779580606}, "K51-D190": {"K51-D200": 163.42903016423816}, "K51A-U100": {"K51A-U110": 178.86127880623297}, "K51A-U090": {"K51A-U100": 147.3985841545902}, "K52-nD120": {"K52-nD130": 39.10022780180957}, "K58-D060": {"K58-D070": 171.3766499837895}, "K52A-D060": {"K52A-D070": 129.34768316859805}, "K51A-D190": {"K51A-D200": 189.7639727653857}, "K58-U180": {"K58-U190": 97.8504060425719}, "K58-D050": {"K58-D060": 189.45308916354247}, "K58-U130": {"K58-U140": 85.79146642201871}, "K54-U060": {"K54-U070": 197.02837781377016}, "K51A-U230": {"K51A-U240": 42.74451121767337}, "K53-U070": {"K53-U080": 65.45124837268546}, "K58-D170": {"K58-D180": 146.1717213425113}, "K51A-D170": {"K51A-D180": 174.1572139280646}, "K51A-D010": {"K51A-D020": 52.49793918205455}, "K52-nU010": {"K52-nU020": 45.649988266570666}, "K51-D270": {"K51-D280": 91.24282627740897}, "K51A-U190": {"K51A-U200": 72.16120370477151}, "K53-D040": {"K53-D050": 72.38372716844755}, "K52-nU040": {"K52-nU050": 57.78155945428377}, "K51-D220": {"K51-D230": 273.7671965555772}, "K52-nU170": {"K52-nU180": 135.46510880755426}, "K52-nD290": {"K52-nD300": 114.52212017311106}, "K52-nD010": {"K52-nD020": 15.654542886557806}, "K52A-U030": {"K52A-U040": 47.73445569152834}, "K54-D020": {"K54-D030": 132.83763902433572}, "K51A-D140": {"K51A-D150": 91.37066097046326}, "K51A-U030": {"K51A-U040": 68.87054574847174}, "K53-D015": {"K53-D020": 50.87894019149404}, "K51A-D090": {"K51A-D100": 85.26621398527303}, "K51-U020": {"K51-U030": 107.26854588245885}, "K51-U130": {"K51-U140": 83.0252386811444}, "K58-U170": {"K58-U180": 165.76071551132833}, "K51-U170": {"K51-U180": 77.21652361417864}, "K51-D030": {"K51-D040": 38.89918299107593}, "K52-nD140": {"K52-nD150": 108.4537306877522}, "K58-D180": {"K58-D190": 293.4508489543663}, "K58-D160": {"K58-D170": 212.86589671372082}, "K51-D020": {"K51-D030": 58.31206863295173}, "K52A-U130": {"K52A-U140": 54.66789313346999}, "K52-nD020": {"K52-nD030": 22.377290708771696}, "K52A-U040": {"K52A-U050": 129.32329340535767}, "K58-D010": {"K58-D020": 52.33383965139452}, "K52-nU200": {"K52-nU210": 87.98898251397006}, "K51-U040": {"K51-U050": 124.91619688517918}, "K51A-U210": {"K51A-U220": 78.39681024940704}, "K52-nU250": {"K52-nU260": 68.07691196559352}, "K52-nU060": {"K52-nU070": 160.14006757028915}, "K51-U030": {"K51-U040": 63.63179286960849}, "K58-U070": {"K58-U080": 131.717388598799}, "K52-nU190": {"K52-nU200": 136.8610994175653}, "K52A-D140": {"K52A-D150": 101.57636077834033}, "K51-D260": {"K51-D270": 65.53189515725481}, "K51-D060": {"K51-D070": 56.173321375451145}, "K53-D060": {"K53-D070": 122.81046563341629}, "K52-nU080": {"K52-nU090": 87.31593794424907}, "K58-U060": {"K58-U070": 180.377074815073}, "K52-nD280": {"K52-nD290": 99.43604105360605}, "K51-D210": {"K51-D220": 186.1771323518678}, "K52A-U060": {"K52A-U070": 141.12442746626144}, "K51-D140": {"K51-D150": 45.8270321709997}, "K52-nD150": {"K52-nD160": 102.86631652469505}, "K51A-D160": {"K51A-D170": 190.75170449739}, "K58-D030": {"K58-D040": 51.34726275118802}, "K51-U220": {"K51-U230": 64.32641869360478}, "K58-U120": {"K58-U130": 132.76345345621334}, "K51A-D020": {"K51A-D030": 110.1992581583077}, "K51A-U010": {"K51A-U020": 46.16305630622507}, "K54-D040": {"K54-D050": 160.48942719259279}, "K51A-D240": {"K51A-D250": 65.11779526727943}, "K51-U140": {"K51-U150": 60.35525868238109}, "K51-D200": {"K51-D210": 124.5815183861378}, "K51A-D040": {"K51A-D050": 101.061242941078}, "K51A-U070": {"K51A-U080": 202.54135306307302}, "K52-nU210": {"K52-nU220": 80.60632356437846}, "K58-U190": {"K58-U200": 107.64173402432898}, "K54-D060": {"K54-D070": 153.73447493325185}, "K52A-U140": {"K52A-U150": 160.36747851973956}, "K52-nD100": {"K52-nD110": 63.6173930963094}, "K52A-U110": {"K52A-U120": 62.505185637623796}, "K53-U050": {"K53-U060": 127.17585683106616}, "K51A-U110": {"K51A-U120": 124.57265090607056}, "K52A-U080": {"K52A-U090": 70.26487801894478}, "K51A-D050": {"K51A-D060": 93.48328257540868}, "K52A-D130": {"K52A-D140": 90.23887288057094}, "K51A-U080": {"K51A-U090": 200.42304838613234}, "K52-nU120": {"K52-nU130": 142.88512956740846, "K52-nU140": 103.39267146019515}, "K52-nU130": {"K52-nU140": 328.31723641397036}, "K53-D130": {"K53-D140": 96.09565966554632}, "K52-nU150": {"K52-nU160": 88.78026675201033}, "K54-U020": {"K54-U030": 138.83433740077288}, "K52-nD260": {"K52-nD270": 44.8038251578086}, "K52-nU050": {"K52-nU060": 255.77642731458963}, "K51A-U060": {"K51A-U070": 303.5285500382764}, "K52A-D170": {"K52A-D180": 115.6461530683576}, "K51A-D110": {"K51A-D120": 74.01504137483714}, "K51-U110": {"K51-U120": 116.08194554430311}, "K51-U240": {"K51-U250": 114.60264257539336}, "K53-D070": {"K53-D080": 85.18004655889754}, "K52A-D080": {"K52A-D090": 72.19033412749093}, "K51A-U130": {"K51A-U140": 86.62892383635818}, "K54-D050": {"K54-D060": 87.45698516654949}, "K52-nD180": {"K52-nD190": 147.08174923044632}, "K51A-U020": {"K51A-U030": 103.97564317325177}, "K51A-D060": {"K51A-D070": 82.51307935222906}, "K51-U150": {"K51-U160": 88.38426226391039}, "K53-D160": {"K53-U011": 165.96485263528706}, "K51-U160": {"K51-U170": 99.64583843377781}, "K53-U090": {"K53-U100": 104.17131925573815}, "K52-nD160": {"K52-nD170": 144.21810545947628}, "K51A-D150": {"K51A-D160": 115.90929794211236}, "K52-nU070": {"K52-nU080": 92.11949497083661}, "K52A-U120": {"K52A-U130": 75.02643095581128}, "K52A-U150": {"K52A-U160": 36.60089163412448}, "K51-U230": {"K51-U240": 46.771688035682544}, "K52A-U050": {"K52A-U060": 59.16600427192706}, "K52A-U020": {"K52A-U030": 85.52714064231108}, "K52A-D030": {"K52A-D040": 24.0948781693508}, "K51A-U140": {"K51A-U150": 51.96459568819366}, "K53-U060": {"K53-U070": 84.28429159632465}, "K52A-U170": {"K52A-U180": 275.3750320785299}, "K53-U040": {"K53-U050": 112.91159169174516}, "K51-U070": {"K51-U080": 192.74941295286771}, "K52-nU030": {"K52-nU040": 127.58926028239823}, "K52-nU280": {"K52-nU290": 45.730964199502296}, "K54-U010": {"K54-U020": 88.71311673426874}, "K54-U070": {"K54-D010": 157.83418458158272}, "K51A-U170": {"K51A-U180": 78.9291661206818}, "K51-D240": {"K51-D250": 120.28078123888288}, "K51-D050": {"K51-D060": 60.06885933549371}, "K53-U080": {"K53-U090": 86.93132347283282}, "K51-D010": {"K51-D020": 84.24768978490181}, "K51-D170": {"K51-D180": 114.1771024753103}, "K51-U050": {"K51-U060": 259.4480663164924}, "K53-U130": {"K53-U140": 67.56601292110022}, "K51A-D230": {"K51A-D240": 152.38556604225627}, "K52-nD030": {"K52-nD040": 30.881514459044052}, "K51A-U150": {"K51A-U160": 125.32197019531627},