{"K53-U100": {"K53-U110": 69.91633195663573}, "K53-D010": {"K53-D015": 100.26472568124545}, "K51-D150": {"K51-D160": 160.19737310895863}, "K52-nU290": {"K52-nU300": 30.024188158519145}, "K52-nU260": {"K52-nU270": 59.848138282221285}, "K52-nD110": {"K52-nD120": 143.22489191655626}, "K51-D130": {"K51-D140": 70.29596668742643}, "K51-U080": {"K51-U090": 166.93768863332417}, "K54-D030": {"K54-D040": 69.40117500468278}, "K52-nD240": {"K52-nD250": 155.4998554233943}, "K53-U010": {"K53-U020": 204.85210383144755}, "K58-D070": {"K58-D080": 111.24167843707035}, "K52-nD250": {"K52-nD260": 169.711452106472}, "K52-nD130": {"K52-nD140": 87.60278415891426}, "K58-D020": {"K58-D030": 87.6759074041925}, "K53-D030": {"K53-D040": 76.50256019827336}, "K52A-U100": {"K52A-U110": 81.65633883283158}, "K58-U140": {"K58-U150": 125.60817130387272}, "K52A-U010": {"K52A-U015": 322.7744580225029}, "K52-nD210": {"K52-nD220": 157.80955956861197}, "K53-U030": {"K53-U040": 162.86808567379754}, "K54-U050": {"K54-U060": 336.8795758457386}, "K51-D040": {"K51-D050": 53.521999463194355}, "K58-D200": {"K58-D210": 69.11306354791165}, "K53-U110": {"K53-U120": 91.85944596116528}, "K58-U010": {"K58-U020": 70.15795002123946}, "K51A-D250": {"K51A-D260": 97.94188387907687}, "K58-D140": {"K58-D150": 43.39140658258704}, "K51A-D210": {"K51A-D220": 81.70879236543735}, "K54-U040": {"K54-U050": 151.0754538929053}, "K51A-U240": {"K51A-U250": 71.12240661059958}, "K54-U030": {"K54-U040": 115.42465594216984}, "K51-D250": {"K51-D260": 151.06737419836435}, "K51-D190": {"K51-D200": 163.1929904572271}, "K51A-U100": {"K51A-U110": 169.8645509653458}, "K51A-U090": {"K51A-U100": 166.32872439453868}, "K52-nD120": {"K52-nD130": 40.922947069452306}, "K58-D060": {"K58-D070": 174.63208711377933}, "K52A-D060": {"K52A-D070": 129.34768316859805}, "K51A-D190": {"K51A-D200": 185.24116725928667}, "K58-U180": {"K58-U190": 98.76700048610482}, "K58-D050": {"K58-D060": 188.3898595093696}, "K58-U130": {"K58-U140": 87.27712578887869}, "K54-U060": {"K54-U070": 189.53404756345185}, "K51A-U230": {"K51A-U240": 39.61451284952925}, "K53-U070": {"K53-U080": 58.28042887671275}, "K58-D170": {"K58-D180": 148.87966636452978}, "K51A-D170": {"K51A-D180": 152.14836480815046}, "K51A-D010": {"K51A-D020": 53.624870454442544}, "K52-nU010": {"K52-nU020": 46.03991492008436}, "K51-D270": {"K51-D280": 92.13483223620153}, "K51A-U190": {"K51A-U200": 71.16651049667341}, "K53-D040": {"K53-D050": 69.907967479835}, "K52-nU040": {"K52-nU050": 54.2728226734738}, "K51-D220": {"K51-D230": 267.90721421370597}, "K52-nU170": {"K52-nU180": 119.31600403034868}, "K52-nD290": {"K52-nD300": 102.60079620736867}, "K52-nD010": {"K52-nD020": 15.210040095985747}, "K52A-U030": {"K52A-U040": 43.70844990953951}, "K54-D020": {"K54-D030": 132.83763902433572}, "K51A-D140": {"K51A-D150": 81.0416750284655}, "K51A-U030": {"K51A-U040": 64.43762632237635}, "K53-D015": {"K53-D020": 47.391848987945025}, "K51A-D090": {"K51A-D100": 79.77700442912892}, "K51-U020": {"K51-U030": 103.97111698885237}, "K51-U130": {"K51-U140": 78.829642849083}, "K58-U170": {"K58-U180": 165.19815439078653}, "K51-U170": {"K51-U180": 74.63564241050625}, "K51-D030": {"K51-D040": 39.391060137875954}, "K52-nD140": {"K52-nD150": 114.65243651008362}, "K58-D180": {"K58-D190": 282.0485575120414}, "K58-D160": {"K58-D170": 206.30970348158252}, "K51-D020": {"K51-D030": 58.65495637859939}, "K52A-U130": {"K52A-U140": 56.64018647206268}, "K52-nD020": {"K52-nD030": 24.867934934943474}, "K52A-U040": {"K52A-U050": 128.53363273939527}, "K58-D010": {"K58-D020": 52.953624606993856}, "K52-nU200": {"K52-nU210": 77.47324151438468}, "K51-U040": {"K51-U050": 125.57650719417765}, "K51A-U210": {"K51A-U220": 79.58261676521192}, "K52-nU250": {"K52-nU260": 70.57140828230814}, "K52-nU060": {"K52-nU070": 157.94461243010372}, "K51-U030": {"K51-U040": 72.5023548681423}, "K58-U070": {"K58-U080": 135.49746513760107}, "K52-nU190": {"K52-nU200": 134.04746705933474}, "K52A-D140": {"K52A-D150": 112.03154083199554}, "K51-D260": {"K51-D270": 50.12918095398699}, "K51-D060": {"K51-D070": 54.699468859335624}, "K53-D060": {"K53-D070": 137.04068638307731}, "K52-nU080": {"K52-nU090": 85.19048654289968}, "K58-U060": {"K58-U070": 185.4844452178747}, "K52-nD280": {"K52-nD290": 91.43730809729678}, "K51-D210": {"K51-D220": 186.0921033869952}, "K52A-U060": {"K52A-U070": 132.77514058663388}, "K51-D140": {"K51-D150": 43.1417094767238}, "K52-nD150": {"K52-nD160": 88.05270044497681}, "K51A-D160": {"K51A-D170": 184.65788793990197}, "K58-D030": {"K58-D040": 55.18066203964749}, "K51-U220": {"K51-U230": 67.6307917047643}, "K58-U120": {"K58-U130": 131.42134481274434}, "K51A-D020": {"K51A-D030": 104.32600938047774}, "K51A-U010": {"K51A-U020": 49.303127702206595}, "K54-D040": {"K54-D050": 168.94416915056914}, "K51A-D240": {"K51A-D250": 50.32034220377727}, "K51-U140": {"K51-U150": 63.853795717560466}, "K51-D200": {"K51-D210": 109.20472873508591}, "K51A-D040": {"K51A-D050": 101.84829943179004}, "K51A-U070": {"K51A-U080": 204.6967358117059}, "K52-nU210": {"K52-nU220": 76.91395837247212}, "K58-U190": {"K58-U200": 121.72681301089347}, "K54-D060": {"K54-D070": 147.81942318503292}, "K52A-U140": {"K52A-U150": 160.36747851973956}, "K52-nD100": {"K52-nD110": 57.87261374238856}, "K52A-U110": {"K52A-U120": 60.33380028097239}, "K53-U050": {"K53-U060": 121.08414975234925}, "K51A-U110": {"K51A-U120": 109.78374294627274}, "K52A-U080": {"K52A-U090": 79.44205080184044}, "K51A-D050": {"K51A-D060": 80.62608720663519}, "K52A-D130": {"K52A-D140": 88.85300667152853}, "K51A-U080": {"K51A-U090": 153.76573671059714}, "K52-nU120": {"K52-nU130": 142.88512956740846, "K52-nU140": 117.74030668327104}, "K52-nU130": {"K52-nU140": 328.31723641397036}, "K53-D130": {"K53-D140": 106.16186810896568}, "K52-nU150": {"K52-nU160": 91.34804806284842}, "K54-U020": {"K54-U030": 149.0574511451639}, "K52-nD260": {"K52-nD270": 51.35238410948271}, "K52-nU050": {"K52-nU060": 252.88926043412062}, "K51A-U060": {"K51A-U070": 309.1471746494762}, "K52A-D170": {"K52A-D180": 105.14306514213965}, "K51A-D110": {"K51A-D120": 80.50295855928331}, "K51-U110": {"K51-U120": 108.30784795961563}, "K51-U240": {"K51-U250": 109.37138321956206}, "K53-D070": {"K53-D080": 74.06548237974962}, "K52A-D080": {"K52A-D090": 68.25056356591381}, "K51A-U130": {"K51A-U140": 90.32452728106452}, "K54-D050": {"K54-D060": 83.6000743461046}, "K52-nD180": {"K52-nD190": 149.49773489493688}, "K51A-U020": {"K51A-U030": 107.21691566167922}, "K51A-D060": {"K51A-D070": 79.7866531954541}, "K51-U150": {"K51-U160": 106.1149044793768}, "K53-D160": {"K53-U011": 161.69546106787334}, "K51-U160": {"K51-U170": 112.61794171571069}, "K53-U090": {"K53-U100": 113.06082654140452}, "K52-nD160": {"K52-nD170": 144.5306969075766}, "K51A-D150": {"K51A-D160": 121.2855356142547}, "K52-nU070": {"K52-nU080": 92.70271563150342}, "K52A-U120": {"K52A-U130": 71.53896825721225}, "K52A-U150": {"K52A-U160": 25.947233937858236}, "K51-U230": {"K51-U240": 50.86777705939004}, "K52A-U050": {"K52A-U060": 55.014048564528025}, "K52A-U020": {"K52A-U030": 85.36711547283936}, "K52A-D030": {"K52A-D040": 23.35141675222308}, "K51A-U140": {"K51A-U150": 62.56712779563484}, "K53-U060": {"K53-U070": 74.96699994543215}, "K52A-U170": {"K52A-U180": 275.3750320785299}, "K53-U040": {"K53-U050": 111.72658560427439}, "K51-U070": {"K51-U080": 191.7794496944725}, "K52-nU030": {"K52-nU040": 133.6273989679775}, "K52-nU280": {"K52-nU290": 40.79719258068717}, "K54-U010": {"K54-U020": 83.07264066765066}, "K54-U070": {"K54-D010": 153.33704183782612}, "K51A-U170": {"K51A-U180": 75.19047327856727}, "K51-D240": {"K51-D250": 124.36815721278174}, "K51-D050": {"K51-D060": 58.96719243477848}, "K53-U080": {"K53-U090": 92.54278245561348}, "K51-D010": {"K51-D020": 74.89101105151433}, "K51-D170": {"K51-D180": 109.52796488268459}, "K51-U050": {"K51-U060": 242.74653116161977}, "K53-U130": {"K53-U140": 59.72931513680796}, "K51A-D230": {"K51A-D240": 150.74645394202815}, "K52-nD030": {"K52-nD040": 28.778050028025792},