{"K53-U100": {"K53-U110": 76.86615759916717}, "K53-D010": {"K53-D015": 97.58586095826206}, "K51-D150": {"K51-D160": 146.76635441102093}, "K52-nU290": {"K52-nU300": 31.891025704774698}, "K52-nU260": {"K52-nU270": 70.89304129396947}, "K52-nD110": {"K52-nD120": 150.5134134594895}, "K51-D130": {"K51-D140": 72.09059961840526}, "K51-U080": {"K51-U090": 149.15349684919164}, "K54-D030": {"K54-D040": 65.88665306741305}, "K52-nD240": {"K52-nD250": 151.02830426133045}, "K53-U010": {"K53-U020": 195.1877111095161}, "K58-D070": {"K58-D080": 108.93929784456961}, "K52-nD250": {"K52-nD260": 164.24326159994874}, "K52-nD130": {"K52-nD140": 86.35024323329543}, "K58-D020": {"K58-D030": 76.31090873210675}, "K53-D030": {"K53-D040": 79.22612257573107}, "K52A-U100": {"K52A-U110": 78.40109789082324}, "K58-U140": {"K58-U150": 117.48354339533947}, "K52A-U010": {"K52A-U015": 262.32671792506284}, "K52-nD210": {"K52-nD220": 162.98381374564786}, "K53-U030": {"K53-U040": 175.65652377876418}, "K54-U050": {"K54-U060": 331.86154120190065}, "K51-D040": {"K51-D050": 52.80457015661882}, "K58-D200": {"K58-D210": 64.1256365306538}, "K53-U110": {"K53-U120": 89.52361015649655}, "K58-U010": {"K58-U020": 43.31545577789093}, "K51A-D250": {"K51A-D260": 94.73063360169049}, "K58-D140": {"K58-D150": 42.26330311389394}, "K51A-D210": {"K51A-D220": 78.83219346535266}, "K54-U040": {"K54-U050": 141.03308878476415}, "K51A-U240": {"K51A-U250": 68.31485996961088}, "K54-U030": {"K54-U040": 117.0354812185365}, "K51-D250": {"K51-D260": 159.5444262342514}, "K51-D190": {"K51-D200": 160.17291341033564}, "K51A-U100": {"K51A-U110": 168.32915046736434}, "K51A-U090": {"K51A-U100": 156.81714448697045}, "K52-nD120": {"K52-nD130": 39.47611718572322}, "K58-D060": {"K58-D070": 151.5197017576416}, "K52A-D060": {"K52A-D070": 129.3474987394926}, "K51A-D190": {"K51A-D200": 197.0102789505506}, "K58-U180": {"K58-U190": 95.67998082180675}, "K58-D050": {"K58-D060": 184.6402534199929}, "K58-U130": {"K58-U140": 83.5924698753082}, "K54-U060": {"K54-U070": 192.9966208888938}, "K51A-U230": {"K51A-U240": 37.91239673559714}, "K53-U070": {"K53-U080": 59.76795017922709}, "K58-D170": {"K58-D180": 137.3782432113082}, "K51A-D170": {"K51A-D180": 143.431134699368}, "K51A-D010": {"K51A-D020": 52.411583482268746}, "K52-nU010": {"K52-nU020": 37.494698024838314}, "K51-D270": {"K51-D280": 95.54541979119062}, "K51A-U190": {"K51A-U200": 68.01664622634071}, "K53-D040": {"K53-D050": 72.12227872716858}, "K52-nU040": {"K52-nU050": 52.97119878970907}, "K51-D220": {"K51-D230": 256.0631365424477}, "K52-nU170": {"K52-nU180": 120.15659629325134}, "K52-nD290": {"K52-nD300": 101.43008476581406}, "K52-nD010": {"K52-nD020": 19.813078984990483}, "K52A-U030": {"K52A-U040": 37.851278824783904}, "K54-D020": {"K54-D030": 132.83763781921002}, "K51A-D140": {"K51A-D150": 75.89900440680597}, "K51A-U030": {"K51A-U040": 67.32222915107214}, "K53-D015": {"K53-D020": 50.97482771843494}, "K51A-D090": {"K51A-D100": 82.03803686142172}, "K51-U020": {"K51-U030": 101.33470964580823}, "K51-U130": {"K51-U140": 82.91003744798073}, "K58-U170": {"K58-U180": 158.54241075706622}, "K51-U170": {"K51-U180": 76.55225837668459}, "K51-D030": {"K51-D040": 37.89361933416909}, "K52-nD140": {"K52-nD150": 112.75064193292602}, "K58-D180": {"K58-D190": 292.15882423439996}, "K58-D160": {"K58-D170": 206.23316272158996}, "K51-D020": {"K51-D030": 62.64427154678609}, "K52A-U130": {"K52A-U140": 54.097675246928915}, "K52-nD020": {"K52-nD030": 23.32320708861304}, "K52A-U040": {"K52A-U050": 121.78283245389483}, "K58-D010": {"K58-D020": 44.86190028720701}, "K52-nU200": {"K52-nU210": 82.19568110168709}, "K51-U040": {"K51-U050": 122.30006490596698}, "K51A-U210": {"K51A-U220": 75.12250133303698}, "K52-nU250": {"K52-nU260": 70.07591150614812}, "K52-nU060": {"K52-nU070": 154.242904830972}, "K51-U030": {"K51-U040": 65.63188823449858}, "K58-U070": {"K58-U080": 123.44372344487176}, "K52-nU190": {"K52-nU200": 131.15714993284354}, "K52A-D140": {"K52A-D150": 105.79614792058582}, "K51-D260": {"K51-D270": 46.12558191208669}, "K51-D060": {"K51-D070": 55.678492305577876}, "K53-D060": {"K53-D070": 136.83183222525773}, "K52-nU080": {"K52-nU090": 85.89365066084576}, "K58-U060": {"K58-U070": 164.57166210433192}, "K52-nD280": {"K52-nD290": 92.41380329958517}, "K51-D210": {"K51-D220": 171.94102585137733}, "K52A-U060": {"K52A-U070": 129.8583272596472}, "K51-D140": {"K51-D150": 44.297214185353184}, "K52-nD150": {"K52-nD160": 94.99731820457598}, "K51A-D160": {"K51A-D170": 190.497533280676}, "K58-D030": {"K58-D040": 45.42672290244984}, "K51-U220": {"K51-U230": 65.14608959589731}, "K58-U120": {"K58-U130": 112.5040598666795}, "K51A-D020": {"K51A-D030": 98.59078064302696}, "K51A-U010": {"K51A-U020": 57.50849521418212}, "K54-D040": {"K54-D050": 152.7031064304722}, "K51A-D240": {"K51A-D250": 47.8206872345953}, "K51-U140": {"K51-U150": 61.3834855913145}, "K51-D200": {"K51-D210": 116.3895643701383}, "K51A-D040": {"K51A-D050": 107.79247177647338}, "K51A-U070": {"K51A-U080": 188.81570784422394}, "K52-nU210": {"K52-nU220": 77.77951436362302}, "K58-U190": {"K58-U200": 127.67281485229319}, "K54-D060": {"K54-D070": 145.33204287860275}, "K52A-U140": {"K52A-U150": 160.36735700130592}, "K52-nD100": {"K52-nD110": 60.55196808436059}, "K52A-U110": {"K52A-U120": 54.70004101393697}, "K53-U050": {"K53-U060": 118.70540980006774}, "K51A-U110": {"K51A-U120": 122.44724633354758}, "K52A-U080": {"K52A-U090": 71.94213208188559}, "K51A-D050": {"K51A-D060": 81.48138631472871}, "K52A-D130": {"K52A-D140": 92.12140302912098}, "K51A-U080": {"K51A-U090": 168.08166580779}, "K52-nU120": {"K52-nU130": 142.88512956740846, "K52-nU140": 111.5765271296194}, "K52-nU130": {"K52-nU140": 328.31723641397036}, "K53-D130": {"K53-D140": 104.71469643843417}, "K52-nU150": {"K52-nU160": 84.67978646125478}, "K54-U020": {"K54-U030": 146.7999334446548}, "K52-nD260": {"K52-nD270": 45.4422186392424}, "K52-nU050": {"K52-nU060": 247.99111671808615}, "K51A-U060": {"K51A-U070": 305.1576702322519}, "K52A-D170": {"K52A-D180": 100.474395822324}, "K51A-D110": {"K51A-D120": 78.2712075400727}, "K51-U110": {"K51-U120": 121.58993454850022}, "K51-U240": {"K51-U250": 113.16678129382426}, "K53-D070": {"K53-D080": 78.96198775697025}, "K52A-D080": {"K52A-D090": 58.16863978445792}, "K51A-U130": {"K51A-U140": 89.87171418014482}, "K54-D050": {"K54-D060": 87.4213106062713}, "K52-nD180": {"K52-nD190": 140.14245905563706}, "K51A-U020": {"K51A-U030": 104.02515272096184}, "K51A-D060": {"K51A-D070": 76.54323320817635}, "K51-U150": {"K51-U160": 105.00596280195793}, "K53-D160": {"K53-U011": 154.28341671843845}, "K51-U160": {"K51-U170": 105.20920453295491}, "K53-U090": {"K53-U100": 112.0127775959053}, "K52-nD160": {"K52-nD170": 145.69706607052373}, "K51A-D150": {"K51A-D160": 110.52414921301268}, "K52-nU070": {"K52-nU080": 98.55632268716491}, "K52A-U120": {"K52A-U130": 68.98927318911618}, "K52A-U150": {"K52A-U160": 30.029191202216225}, "K51-U230": {"K51-U240": 50.55283830525404}, "K52A-U050": {"K52A-U060": 49.061354015760585}, "K52A-U020": {"K52A-U030": 86.20262736256197}, "K52A-D030": {"K52A-D040": 20.872437040330368}, "K51A-U140": {"K51A-U150": 68.62786548983865}, "K53-U060": {"K53-U070": 78.58062548958232}, "K52A-U170": {"K52A-U180": 275.3742932556948}, "K53-U040": {"K53-U050": 121.02053316335432}, "K51-U070": {"K51-U080": 190.8914491291302}, "K52-nU030": {"K52-nU040": 122.5026332889989}, "K52-nU280": {"K52-nU290": 43.340716925413645}, "K54-U010": {"K54-U020": 72.26916534803567}, "K54-U070": {"K54-D010": 162.0577352436383}, "K51A-U170": {"K51A-U180": 75.89128442618768}, "K51-D240": {"K51-D250": 119.29645783618248}, "K51-D050": {"K51-D060": 59.175353993780234}, "K53-U080": {"K53-U090": 93.3375408101006}, "K51-D010": {"K51-D020": 169.90028818501065}, "K51-D170": {"K51-D180": 113.19770877226031}, "K51-U050": {"K51-U060": 246.20877728853966}, "K53-U130": {"K53-U140": 58.16134470644454}, "K51A-D230": {"K51A-D240": 158.06922134999155}, "K52-nD030": {"K52-nD040": 32.242298586453416},