{"K53-U100": {"K53-U110": 67.76518473029137}, "K53-D010": {"K53-D015": 106.9521484375}, "K51-D150": {"K51-D160": 123.046875}, "K52-nU290": {"K52-nU300": 31.4375}, "K52-nU260": {"K52-nU270": 64.361328125}, "K52-nD110": {"K52-nD120": 171.1429443359375}, "K51-D130": {"K51-D140": 54.509765625}, "K51-U080": {"K51-U090": 137.5}, "K54-D030": {"K54-D040": 76.3046875}, "K52-nD240": {"K52-nD250": 141.0}, "K53-U010": {"K53-U020": 190.40939331054688}, "K58-D070": {"K58-D080": 106.0}, "K52-nD250": {"K52-nD260": 148.375}, "K52-nD130": {"K52-nD140": 70.15966796875}, "K58-D020": {"K58-D030": 108.25}, "K53-D030": {"K53-D040": 76.4814453125}, "K52A-U100": {"K52A-U110": 86.609375}, "K58-U140": {"K58-U150": 114.578125}, "K52A-U010": {"K52A-U015": 286.1015625}, "K52-nD210": {"K52-nD220": 163.625}, "K53-U030": {"K53-U040": 157.4562530517578}, "K54-U050": {"K54-U060": 280.296875}, "K51-D040": {"K51-D050": 46.140625}, "K58-D200": {"K58-D210": 56.5625}, "K53-U110": {"K53-U120": 74.87875574961072}, "K58-U010": {"K58-U020": 49.5}, "K51A-D250": {"K51A-D260": 111.609619140625}, "K58-D140": {"K58-D150": 38.984375}, "K51A-D210": {"K51A-D220": 65.375}, "K54-U040": {"K54-U050": 127.05903244018555}, "K51A-U240": {"K51A-U250": 66.875}, "K54-U030": {"K54-U040": 115.60264444351196}, "K51-D250": {"K51-D260": 157.3310546875}, "K51-D190": {"K51-D200": 128.49658203125}, "K51A-U100": {"K51A-U110": 172.34375}, "K51A-U090": {"K51A-U100": 166.986083984375}, "K52-nD120": {"K52-nD130": 41.3125}, "K58-D060": {"K58-D070": 153.8046875}, "K52A-D060": {"K52A-D070": 117.58880288054391}, "K51A-D190": {"K51A-D200": 151.890625}, "K58-U180": {"K58-U190": 84.27734375}, "K58-D050": {"K58-D060": 169.8125}, "K58-U130": {"K58-U140": 82.03125}, "K54-U060": {"K54-U070": 186.0625}, "K51A-U230": {"K51A-U240": 39.734375}, "K53-U070": {"K53-U080": 63.27635410428047}, "K58-D170": {"K58-D180": 131.46875}, "K51A-D170": {"K51A-D180": 140.580078125}, "K51A-D010": {"K51A-D020": 47.72900390625}, "K52-nU010": {"K52-nU020": 37.66796875}, "K51-D270": {"K51-D280": 66.828125}, "K51A-U190": {"K51A-U200": 63.7587890625}, "K53-D040": {"K53-D050": 69.24102783203125}, "K52-nU040": {"K52-nU050": 53.453125}, "K51-D220": {"K51-D230": 251.4375}, "K52-nU170": {"K52-nU180": 121.5}, "K52-nD290": {"K52-nD300": 117.755859375}, "K52-nD010": {"K52-nD020": 13.779296875}, "K52A-U030": {"K52A-U040": 39.5}, "K54-D020": {"K54-D030": 120.76149002212348}, "K51A-D140": {"K51A-D150": 69.914794921875}, "K51A-U030": {"K51A-U040": 63.96875}, "K53-D015": {"K53-D020": 37.03436279296875}, "K51A-D090": {"K51A-D100": 83.515625}, "K51-U020": {"K51-U030": 87.180419921875}, "K51-U130": {"K51-U140": 70.0380859375}, "K58-U170": {"K58-U180": 160.96875}, "K51-U170": {"K51-U180": 62.5234375}, "K51-D030": {"K51-D040": 41.6806640625}, "K52-nD140": {"K52-nD150": 108.83154296875}, "K58-D180": {"K58-D190": 260.625}, "K58-D160": {"K58-D170": 188.78515625}, "K51-D020": {"K51-D030": 51.390625}, "K52A-U130": {"K52A-U140": 58.765625}, "K52-nD020": {"K52-nD030": 20.94921875}, "K52A-U040": {"K52A-U050": 149.458984375}, "K58-D010": {"K58-D020": 29.9912109375}, "K52-nU200": {"K52-nU210": 57.9140625}, "K51-U040": {"K51-U050": 116.602783203125}, "K51A-U210": {"K51A-U220": 71.859375}, "K52-nU250": {"K52-nU260": 59.609375}, "K52-nU060": {"K52-nU070": 119.0}, "K51-U030": {"K51-U040": 49.765625}, "K58-U070": {"K58-U080": 127.375}, "K52-nU190": {"K52-nU200": 102.96484375}, "K52A-D140": {"K52A-D150": 100.5390625}, "K51-D260": {"K51-D270": 39.181640625}, "K51-D060": {"K51-D070": 46.62890625}, "K53-D060": {"K53-D070": 112.3984375}, "K52-nU080": {"K52-nU090": 78.172119140625}, "K58-U060": {"K58-U070": 157.6875}, "K52-nD280": {"K52-nD290": 91.42822265625}, "K51-D210": {"K51-D220": 155.125}, "K52A-U060": {"K52A-U070": 130.0986328125}, "K51-D140": {"K51-D150": 60.25}, "K52-nD150": {"K52-nD160": 91.70050048828125}, "K51A-D160": {"K51A-D170": 167.875}, "K58-D030": {"K58-D040": 38.03125}, "K51-U220": {"K51-U230": 42.3004150390625}, "K58-U120": {"K58-U130": 122.5}, "K51A-D020": {"K51A-D030": 83.8519287109375}, "K51A-U010": {"K51A-U020": 38.78125}, "K54-D040": {"K54-D050": 123.72021484375}, "K51A-D240": {"K51A-D250": 42.5625}, "K51-U140": {"K51-U150": 74.125}, "K51-D200": {"K51-D210": 94.55859375}, "K51A-D040": {"K51A-D050": 90.83984375}, "K51A-U070": {"K51A-U080": 205.283203125}, "K52-nU210": {"K52-nU220": 70.75}, "K58-U190": {"K58-U200": 114.0}, "K54-D060": {"K54-D070": 100.71688842773438}, "K52A-U140": {"K52A-U150": 145.7886168361271}, "K52-nD100": {"K52-nD110": 57.38134765625}, "K52A-U110": {"K52A-U120": 76.5}, "K53-U050": {"K53-U060": 111.72224008757621}, "K51A-U110": {"K51A-U120": 126.8095703125}, "K52A-U080": {"K52A-U090": 62.4375}, "K51A-D050": {"K51A-D060": 90.8125}, "K52A-D130": {"K52A-D140": 76.390625}, "K51A-U080": {"K51A-U090": 142.720703125}, "K52-nU120": {"K52-nU130": 160.21875}, "K52-nU130": {"K52-nU140": 345.890625}, "K53-D130": {"K53-D140": 79.84765625}, "K52-nU150": {"K52-nU160": 61.125}, "K54-U020": {"K54-U030": 85.31808757781982}, "K52-nD260": {"K52-nD270": 43.6748046875}, "K52-nU050": {"K52-nU060": 242.15625}, "K51A-U060": {"K51A-U070": 327.15625}, "K52A-D170": {"K52A-D180": 107.625}, "K51A-D110": {"K51A-D120": 47.53515625}, "K51-U110": {"K51-U120": 91.245849609375}, "K51-U240": {"K51-U250": 105.41015625}, "K53-D070": {"K53-D080": 83.117919921875}, "K52A-D080": {"K52A-D090": 61.3125}, "K51A-U130": {"K51A-U140": 88.8125}, "K54-D050": {"K54-D060": 65.57121014595032}, "K52-nD180": {"K52-nD190": 139.0732421875}, "K51A-U020": {"K51A-U030": 201.34375}, "K51A-D060": {"K51A-D070": 72.10546875}, "K51-U150": {"K51-U160": 104.33807373046875}, "K53-D160": {"K53-U011": 143.375}, "K51-U160": {"K51-U170": 92.9248046875}, "K53-U090": {"K53-U100": 79.7658108919859}, "K52-nD160": {"K52-nD170": 143.2021484375}, "K51A-D150": {"K51A-D160": 124.75}, "K52-nU070": {"K52-nU080": 86.046875}, "K52A-U120": {"K52A-U130": 48.0}, "K52A-U150": {"K52A-U160": 37.0390625}, "K51-U230": {"K51-U240": 44.716552734375}, "K52A-U050": {"K52A-U060": 48.5}, "K52A-U020": {"K52A-U030": 71.6015625}, "K52A-D030": {"K52A-D040": 23.77734375}, "K51A-U140": {"K51A-U150": 71.6875}, "K53-U060": {"K53-U070": 76.94950103759766}, "K52A-U170": {"K52A-U180": 250.3409382532092}, "K53-U040": {"K53-U050": 86.46195449328661}, "K51-U070": {"K51-U080": 123.1630859375}, "K52-nU030": {"K52-nU040": 116.4453125}, "K52-nU280": {"K52-nU290": 40.51513671875}, "K54-U010": {"K54-U020": 74.9661865234375}, "K54-U070": {"K54-D010": 133.90625}, "K51A-U170": {"K51A-U180": 71.125}, "K51-D240": {"K51-D250": 107.34375}, "K51-D050": {"K51-D060": 41.265625}, "K53-U080": {"K53-U090": 74.80259508959716}, "K51-D010": {"K51-D020": 91.747802734375}, "K51-D170": {"K51-D180": 93.7265625}, "K51-U050": {"K51-U060": 211.5908203125}, "K53-U130": {"K53-U140": 73.18816503882408}, "K51A-D230": {"K51A-D240": 152.4091796875}, "K52-nD030": {"K52-nD040": 19.0625}, "K51A-U150": {"K51A-U160": 123.421875}, "K53-U120": {"K53-U130": 68.71274798993818}, "K51A-D030": {"K51A-D040": 37.478515625}, "K51-U100": {"K51-U110": 150.5}, "K52-nU110": {"K52-nU120": 125.939453125}, "K52A-D110": {"K52A-D120": 188.46875}, "K52A-D020": {"K52A-D030": 30.037109375}, "K52A-D050": {"K52A-D060": 34.294921875}, "K51-U180": {"K51-U190": 86.8701171875}, "K51-D070": {"K51-D080": 39.595703125}, "K52-nD040": {"K52-nD050": 22.046875}, "K52A-D160": {"K52A-D170": 120.587890625}, "K52-nU240": {"K52-nU250": 46.09375}, "K52A-D180": {"K52A-D190": 105.158203125}, "K51A-D200": {"K51A-D210": 248.75}, "K51A-D180": {"K51A-D190": 137.154296875}, "K52A-D040": {"K52A-D050": 17.25}, "K52A-D090": {"K52A-D100": 59.25}, "K53-U140": {"K53-D010": 89.4362667798996}, "K51-U060": {"K51-U070": 306.296875}, "K54-D010": {"K54-D020": 188.44652366638184}, "K52-nU230": {"K52-nU240": 56.25}, "K53-D080": {"K53-D090": 46.5}, "K53-D140": {"K53-D150": 132.74609375}, "K51A-U120": {"K51A-U130": 129.2265625}, "K51A-U220": {"K51A-U230": 80.703125}, "K51-D080": {"K51-D090": 96.2236328125}, "K52-nD050": {"K52-nD060": 26.49609375},