{"K53-U100": {"K53-U110": 73.18740668155957}, "K53-D010": {"K53-D015": 102.64722979264509}, "K51-D150": {"K51-D160": 153.36340187679176}, "K52-nU290": {"K52-nU300": 34.094182881536426}, "K52-nU260": {"K52-nU270": 72.11685098272982}, "K52-nD110": {"K52-nD120": 162.68518636767593}, "K51-D130": {"K51-D140": 68.35425943173209}, "K51-U080": {"K51-U090": 161.74417846808643}, "K54-D030": {"K54-D040": 64.30711367013251}, "K52-nD240": {"K52-nD250": 146.0168067296637}, "K53-U010": {"K53-U020": 194.61436920025338}, "K58-D070": {"K58-D080": 104.63654403791043}, "K52-nD250": {"K52-nD260": 170.33970913644959}, "K52-nD130": {"K52-nD140": 87.50965593533823}, "K58-D020": {"K58-D030": 77.25250869604801}, "K53-D030": {"K53-D040": 79.81228538716877}, "K52A-U100": {"K52A-U110": 84.30039429355222}, "K58-U140": {"K58-U150": 117.4933153003057}, "K52A-U010": {"K52A-U015": 275.12684879450023}, "K52-nD210": {"K52-nD220": 165.80578149197024}, "K53-U030": {"K53-U040": 170.13548053251216}, "K54-U050": {"K54-U060": 311.3800648005553}, "K51-D040": {"K51-D050": 49.26391672523292}, "K58-D200": {"K58-D210": 71.39339311498577}, "K53-U110": {"K53-U120": 85.35351231697732}, "K58-U010": {"K58-U020": 42.090957369555554}, "K51A-D250": {"K51A-D260": 97.43797520812208}, "K58-D140": {"K58-D150": 43.268223394822236}, "K51A-D210": {"K51A-D220": 82.53541819818955}, "K54-U040": {"K54-U050": 132.79728825150403}, "K51A-U240": {"K51A-U250": 68.46734630364153}, "K54-U030": {"K54-U040": 128.31375529823018}, "K51-D250": {"K51-D260": 143.2616807852234}, "K51-D190": {"K51-D200": 157.9147066867119}, "K51A-U100": {"K51A-U110": 180.03180274042433}, "K51A-U090": {"K51A-U100": 157.2736520860132}, "K52-nD120": {"K52-nD130": 39.61523559171728}, "K58-D060": {"K58-D070": 151.69590645505173}, "K52A-D060": {"K52A-D070": 129.34768096051795}, "K51A-D190": {"K51A-D200": 173.05077506766082}, "K58-U180": {"K58-U190": 104.541129595695}, "K58-D050": {"K58-D060": 186.26399839599702}, "K58-U130": {"K58-U140": 85.49173627227046}, "K54-U060": {"K54-U070": 196.46642820430134}, "K51A-U230": {"K51A-U240": 42.111435148448095}, "K53-U070": {"K53-U080": 55.03275028586428}, "K58-D170": {"K58-D180": 135.25967291968598}, "K51A-D170": {"K51A-D180": 148.685092132254}, "K51A-D010": {"K51A-D020": 54.120537296040744}, "K52-nU010": {"K52-nU020": 40.46192905611096}, "K51-D270": {"K51-D280": 97.39425624013681}, "K51A-U190": {"K51A-U200": 69.93017885666744}, "K53-D040": {"K53-D050": 68.57355055914203}, "K52-nU040": {"K52-nU050": 55.75611312289709}, "K51-D220": {"K51-D230": 261.11976245289924}, "K52-nU170": {"K52-nU180": 128.34164534652632}, "K52-nD290": {"K52-nD300": 98.51669194445675}, "K52-nD010": {"K52-nD020": 17.485453947353818}, "K52A-U030": {"K52A-U040": 41.51186249664581}, "K54-D020": {"K54-D030": 132.83763901381755}, "K51A-D140": {"K51A-D150": 82.51664416489132}, "K51A-U030": {"K51A-U040": 65.1601518274101}, "K53-D015": {"K53-D020": 52.425773578903616}, "K51A-D090": {"K51A-D100": 83.25117167785484}, "K51-U020": {"K51-U030": 106.19050769710904}, "K51-U130": {"K51-U140": 72.63527304552659}, "K58-U170": {"K58-U180": 165.06632288294148}, "K51-U170": {"K51-U180": 72.20800941326716}, "K51-D030": {"K51-D040": 38.7416320573152}, "K52-nD140": {"K52-nD150": 110.25218718512367}, "K58-D180": {"K58-D190": 295.50774835895834}, "K58-D160": {"K58-D170": 200.8629868271798}, "K51-D020": {"K51-D030": 53.414439171751745}, "K52A-U130": {"K52A-U140": 62.85675233281603}, "K52-nD020": {"K52-nD030": 27.669403048541643}, "K52A-U040": {"K52A-U050": 124.83350408877388}, "K58-D010": {"K58-D020": 47.57695751069758}, "K52-nU200": {"K52-nU210": 88.37586437760368}, "K51-U040": {"K51-U050": 116.11060714376697}, "K51A-U210": {"K51A-U220": 76.8067926220236}, "K52-nU250": {"K52-nU260": 67.35828101228363}, "K52-nU060": {"K52-nU070": 142.2886262630912}, "K51-U030": {"K51-U040": 67.89020794709955}, "K58-U070": {"K58-U080": 122.92835762732554}, "K52-nU190": {"K52-nU200": 128.6867496758575}, "K52A-D140": {"K52A-D150": 106.48066200283452}, "K51-D260": {"K51-D270": 41.258678470701156}, "K51-D060": {"K51-D070": 57.525142544784764}, "K53-D060": {"K53-D070": 125.03288740550781}, "K52-nU080": {"K52-nU090": 83.44209782682803}, "K58-U060": {"K58-U070": 173.79031438038828}, "K52-nD280": {"K52-nD290": 95.4701708974751}, "K51-D210": {"K51-D220": 164.01085682021457}, "K52A-U060": {"K52A-U070": 127.6691410409791}, "K51-D140": {"K51-D150": 41.67166260773587}, "K52-nD150": {"K52-nD160": 102.36539210666687}, "K51A-D160": {"K51A-D170": 194.73031502482402}, "K58-D030": {"K58-D040": 52.09464997829116}, "K51-U220": {"K51-U230": 64.59280379077015}, "K58-U120": {"K58-U130": 119.8015146491808}, "K51A-D020": {"K51A-D030": 105.46311916849672}, "K51A-U010": {"K51A-U020": 47.32875918061958}, "K54-D040": {"K54-D050": 148.42236845644686}, "K51A-D240": {"K51A-D250": 49.94067398441864}, "K51-U140": {"K51-U150": 54.81371391625186}, "K51-D200": {"K51-D210": 118.68484949152887}, "K51A-D040": {"K51A-D050": 101.0272101858443}, "K51A-U070": {"K51A-U080": 189.0079319185063}, "K52-nU210": {"K52-nU220": 78.75041013553736}, "K58-U190": {"K58-U200": 120.82639837265428}, "K54-D060": {"K54-D070": 148.34669118244534}, "K52A-U140": {"K52A-U150": 160.36747605588548}, "K52-nD100": {"K52-nD110": 60.760065605155376}, "K52A-U110": {"K52A-U120": 61.193682104894}, "K53-U050": {"K53-U060": 124.43446431232272}, "K51A-U110": {"K51A-U120": 118.43445636149923}, "K52A-U080": {"K52A-U090": 69.84942830116672}, "K51A-D050": {"K51A-D060": 82.24886264974363}, "K52A-D130": {"K52A-D140": 90.90371276206659}, "K51A-U080": {"K51A-U090": 171.2572711105923}, "K52-nU120": {"K52-nU130": 142.88512956740846, "K52-nU140": 111.42318355563603}, "K52-nU130": {"K52-nU140": 328.31723641397036}, "K53-D130": {"K53-D140": 98.98192007559805}, "K52-nU150": {"K52-nU160": 87.29227308228664}, "K54-U020": {"K54-U030": 122.68345320447975}, "K52-nD260": {"K52-nD270": 45.7174631912602}, "K52-nU050": {"K52-nU060": 250.87109801041893}, "K51A-U060": {"K51A-U070": 306.1133928907076}, "K52A-D170": {"K52A-D180": 107.79398757135871}, "K51A-D110": {"K51A-D120": 81.38683190699132}, "K51-U110": {"K51-U120": 118.25461886158462}, "K51-U240": {"K51-U250": 107.56675666869255}, "K53-D070": {"K53-D080": 79.93374016734819}, "K52A-D080": {"K52A-D090": 61.17299610632456}, "K51A-U130": {"K51A-U140": 89.32903493236333}, "K54-D050": {"K54-D060": 80.85326761199318}, "K52-nD180": {"K52-nD190": 140.27890529236294}, "K51A-U020": {"K51A-U030": 115.53073864416794}, "K51A-D060": {"K51A-D070": 83.63403984450302}, "K51-U150": {"K51-U160": 101.9343787895688}, "K53-D160": {"K53-U011": 157.11774875405357}, "K51-U160": {"K51-U170": 115.93681373775212}, "K53-U090": {"K53-U100": 119.20936465318411}, "K52-nD160": {"K52-nD170": 144.4172970631348}, "K51A-D150": {"K51A-D160": 110.86431538825293}, "K52-nU070": {"K52-nU080": 98.51424757733801}, "K52A-U120": {"K52A-U130": 70.28405683306377}, "K52A-U150": {"K52A-U160": 32.69524107302003}, "K51-U230": {"K51-U240": 50.14128545154127}, "K52A-U050": {"K52A-U060": 55.724430367568345}, "K52A-U020": {"K52A-U030": 90.72865425286243}, "K52A-D030": {"K52A-D040": 22.38898505086786}, "K51A-U140": {"K51A-U150": 61.67831083666614}, "K53-U060": {"K53-U070": 82.29549077016294}, "K52A-U170": {"K52A-U180": 275.37502115807644}, "K53-U040": {"K53-U050": 107.88849883605606}, "K51-U070": {"K51-U080": 192.05759553332626}, "K52-nU030": {"K52-nU040": 118.25897857406713}, "K52-nU280": {"K52-nU290": 42.19424054156518}, "K54-U010": {"K54-U020": 80.30584765671779}, "K54-U070": {"K54-D010": 138.71212219659407}, "K51A-U170": {"K51A-U180": 78.18215132643174}, "K51-D240": {"K51-D250": 125.48264467546596}, "K51-D050": {"K51-D060": 58.42760560984895}, "K53-U080": {"K53-U090": 96.3643766835225}, "K51-D010": {"K51-D020": 89.20134591502554}, "K51-D170": {"K51-D180": 116.31249706822823}, "K51-U050": {"K51-U060": 240.2451024679678}, "K53-U130": {"K53-U140": 59.30002117730298}, "K51A-D230": {"K51A-D240": 157.56143647229788}, "K52-nD030": {"K52-nD040": 36.10716605488217},