{"K53-U100": {"K53-U110": 67.94275178776051}, "K53-D010": {"K53-D015": 86.07984686535092}, "K51-D150": {"K51-D160": 140.02759625030035}, "K52-nU290": {"K52-nU300": 32.343242417992315}, "K52-nU260": {"K52-nU270": 58.07423849868026}, "K52-nD110": {"K52-nD120": 140.58413747342667}, "K51-D130": {"K51-D140": 55.89472770301554}, "K51-U080": {"K51-U090": 139.09974290583492}, "K54-D030": {"K54-D040": 81.25486244010882}, "K52-nD240": {"K52-nD250": 136.96784516131513}, "K53-U010": {"K53-U020": 194.10531564796696}, "K58-D070": {"K58-D080": 116.96118125804091}, "K52-nD250": {"K52-nD260": 150.4664339253998}, "K52-nD130": {"K52-nD140": 76.82668582371355}, "K58-D020": {"K58-D030": 86.94331822115059}, "K53-D030": {"K53-D040": 66.26178442689695}, "K52A-U100": {"K52A-U110": 70.9343516308196}, "K58-U140": {"K58-U150": 143.36514540898207}, "K52A-U010": {"K52A-U015": 270.6721607883796}, "K52-nD210": {"K52-nD220": 147.99407854342712}, "K53-U030": {"K53-U040": 151.0569785505919}, "K54-U050": {"K54-U060": 316.96339813170715}, "K51-D040": {"K51-D050": 43.421128314895576}, "K58-D200": {"K58-D210": 62.9259849355682}, "K53-U110": {"K53-U120": 80.87616191017209}, "K58-U010": {"K58-U020": 39.87202067200598}, "K51A-D250": {"K51A-D260": 91.50593551942889}, "K58-D140": {"K58-D150": 39.415023326597336}, "K51A-D210": {"K51A-D220": 70.33641875111952}, "K54-U040": {"K54-U050": 130.97017741257787}, "K51A-U240": {"K51A-U250": 65.40321060706032}, "K54-U030": {"K54-U040": 107.83195814900846}, "K51-D250": {"K51-D260": 148.6920793120268}, "K51-D190": {"K51-D200": 143.98847826149645}, "K51A-U100": {"K51A-U110": 156.63190958346775}, "K51A-U090": {"K51A-U100": 141.29674582953905}, "K52-nD120": {"K52-nD130": 34.90450802406967}, "K58-D060": {"K58-D070": 144.3452793169583}, "K52A-D060": {"K52A-D070": 117.58880288054391}, "K51A-D190": {"K51A-D200": 174.14273620330133}, "K58-U180": {"K58-U190": 89.35588883500063}, "K58-D050": {"K58-D060": 168.00627116945552}, "K58-U130": {"K58-U140": 73.74052552999717}, "K54-U060": {"K54-U070": 192.43796996759622}, "K51A-U230": {"K51A-U240": 35.894581135249055}, "K53-U070": {"K53-U080": 53.62871837093712}, "K58-D170": {"K58-D180": 137.07842324422154}, "K51A-D170": {"K51A-D180": 143.90889638714995}, "K51A-D010": {"K51A-D020": 48.778807289108755}, "K52-nU010": {"K52-nU020": 34.47116952336797}, "K51-D270": {"K51-D280": 94.30960600453982}, "K51A-U190": {"K51A-U200": 66.24233481673691}, "K53-D040": {"K53-D050": 64.00331542227362}, "K52-nU040": {"K52-nU050": 51.091676545268314}, "K51-D220": {"K51-D230": 237.02480606514692}, "K52-nU170": {"K52-nU180": 112.24357375532588}, "K52-nD290": {"K52-nD300": 93.47056239298436}, "K52-nD010": {"K52-nD020": 14.352340799776135}, "K52A-U030": {"K52A-U040": 41.546904353748}, "K54-D020": {"K54-D030": 120.76149002212348}, "K51A-D140": {"K51A-D150": 67.31494342442501}, "K51A-U030": {"K51A-U040": 59.12963753133096}, "K53-D015": {"K53-D020": 44.58777502959177}, "K51A-D090": {"K51A-D100": 74.04897989468193}, "K51-U020": {"K51-U030": 91.57063047198149}, "K51-U130": {"K51-U140": 72.64731092591782}, "K58-U170": {"K58-U180": 148.07549588351708}, "K51-U170": {"K51-U180": 70.18938699568977}, "K51-D030": {"K51-D040": 35.73413932563453}, "K52-nD140": {"K52-nD150": 100.64287759237405}, "K58-D180": {"K58-D190": 273.06318613507983}, "K58-D160": {"K58-D170": 186.35640472339503}, "K51-D020": {"K51-D030": 56.036686976581336}, "K52A-U130": {"K52A-U140": 58.71594462020185}, "K52-nD020": {"K52-nD030": 19.687099442761077}, "K52A-U040": {"K52A-U050": 110.9294256981774}, "K58-D010": {"K58-D020": 28.006057849632498}, "K52-nU200": {"K52-nU210": 74.05682901394715}, "K51-U040": {"K51-U050": 109.33066529660096}, "K51A-U210": {"K51A-U220": 71.07552713166243}, "K52-nU250": {"K52-nU260": 66.13455330046047}, "K52-nU060": {"K52-nU070": 132.70346312127634}, "K51-U030": {"K51-U040": 54.51053928751751}, "K58-U070": {"K58-U080": 108.39214778335023}, "K52-nU190": {"K52-nU200": 114.53970728173408}, "K52A-D140": {"K52A-D150": 100.784719298277}, "K51-D260": {"K51-D270": 40.67307550219772}, "K51-D060": {"K51-D070": 48.437304106177635}, "K53-D060": {"K53-D070": 117.5747883499279}, "K52-nU080": {"K52-nU090": 72.33299554820223}, "K58-U060": {"K58-U070": 147.46313207983653}, "K52-nD280": {"K52-nD290": 92.63720331946391}, "K51-D210": {"K51-D220": 165.31305772121829}, "K52A-U060": {"K52A-U070": 119.80370162849269}, "K51-D140": {"K51-D150": 50.12542175253794}, "K52-nD150": {"K52-nD160": 89.12285050641685}, "K51A-D160": {"K51A-D170": 166.1997953631709}, "K58-D030": {"K58-D040": 53.94245999344084}, "K51-U220": {"K51-U230": 59.11239132290582}, "K58-U120": {"K58-U130": 104.835617805824}, "K51A-D020": {"K51A-D030": 101.2337732919124}, "K51A-U010": {"K51A-U020": 44.62376704395263}, "K54-D040": {"K54-D050": 144.7904781687743}, "K51A-D240": {"K51A-D250": 40.945272655324366}, "K51-U140": {"K51-U150": 46.59510079448563}, "K51-D200": {"K51-D210": 117.57119121159522}, "K51A-D040": {"K51A-D050": 90.27456069978962}, "K51A-U070": {"K51A-U080": 197.57864041402053}, "K52-nU210": {"K52-nU220": 69.22625259316281}, "K58-U190": {"K58-U200": 105.63258145092036}, "K54-D060": {"K54-D070": 129.72837859241486}, "K52A-U140": {"K52A-U150": 145.78861683612712}, "K52-nD100": {"K52-nD110": 53.02296673847668}, "K52A-U110": {"K52A-U120": 50.75225700396393}, "K53-U050": {"K53-U060": 115.42626650554193}, "K51A-U110": {"K51A-U120": 108.6073954290437}, "K52A-U080": {"K52A-U090": 64.33951541972382}, "K51A-D050": {"K51A-D060": 73.1400389688062}, "K52A-D130": {"K52A-D140": 83.21220178390415}, "K51A-U080": {"K51A-U090": 145.44250415861802}, "K52-nU120": {"K52-nU130": 142.88512956740846, "K52-nU140": 103.29987000000001}, "K52-nU130": {"K52-nU140": 328.31723641397036}, "K53-D130": {"K53-D140": 95.21016408665584}, "K52-nU150": {"K52-nU160": 71.70467798288328}, "K54-U020": {"K54-U030": 120.00562846602142}, "K52-nD260": {"K52-nD270": 39.504633116855004}, "K52-nU050": {"K52-nU060": 218.64259464438018}, "K51A-U060": {"K51A-U070": 291.5452607404051}, "K52A-D170": {"K52A-D180": 113.23887441493443}, "K51A-D110": {"K51A-D120": 56.50941308587761}, "K51-U110": {"K51-U120": 100.07538880622795}, "K51-U240": {"K51-U250": 96.94457917113769}, "K53-D070": {"K53-D080": 72.2366741332277}, "K52A-D080": {"K52A-D090": 57.81091852331358}, "K51A-U130": {"K51A-U140": 79.67581543709635}, "K54-D050": {"K54-D060": 82.06563145576209}, "K52-nD180": {"K52-nD190": 229.0592690091067}, "K51A-U020": {"K51A-U030": 113.90429836871222}, "K51A-D060": {"K51A-D070": 70.22646594205256}, "K51-U150": {"K51-U160": 90.24790176310304}, "K53-D160": {"K53-U011": 131.806274320429}, "K51-U160": {"K51-U170": 85.0989619027667}, "K53-U090": {"K53-U100": 90.18151968312753}, "K52-nD160": {"K52-nD170": 129.73246363498507}, "K51A-D150": {"K51A-D160": 109.04505940987629}, "K52-nU070": {"K52-nU080": 93.26782902619397}, "K52A-U120": {"K52A-U130": 66.83091984022978}, "K52A-U150": {"K52A-U160": 35.86558210593931}, "K51-U230": {"K51-U240": 48.56869300280113}, "K52A-U050": {"K52A-U060": 49.30054371783421}, "K52A-U020": {"K52A-U030": 83.14274667666058}, "K52A-D030": {"K52A-D040": 27.468146760285094}, "K51A-U140": {"K51A-U150": 56.68800975612796}, "K53-U060": {"K53-U070": 66.545940090682}, "K52A-U170": {"K52A-U180": 250.3409382532092}, "K53-U040": {"K53-U050": 103.30797892256696}, "K51-U070": {"K51-U080": 164.5488791409158}, "K52-nU030": {"K52-nU040": 107.65685877844894}, "K52-nU280": {"K52-nU290": 35.63135389391069}, "K54-U010": {"K54-U020": 76.82668584760374}, "K54-U070": {"K54-D010": 136.7636408120044}, "K51A-U170": {"K51A-U180": 70.69449827525796}, "K51-D240": {"K51-D250": 96.66361395741497}, "K51-D050": {"K51-D060": 49.76072459017661}, "K53-U080": {"K53-U090": 88.472550102807}, "K51-D010": {"K51-D020": 77.13071159463598}, "K51-D170": {"K51-D180": 100.09196521315371}, "K51-U050": {"K51-U060": 217.65293326409446}, "K53-U130": {"K53-U140": 56.7563636549477}, "K51A-D230": {"K51A-D240": 140.40772440479395}, "K52-nD030": {"K52-nD040": 29.65438390507281},