{"K53-U100": {"K53-U110": 77.34974834057228}, "K53-D010": {"K53-D015": 110.15152277896114}, "K51-D150": {"K51-D160": 159.3138387297505}, "K52-nU290": {"K52-nU300": 35.45421597052848}, "K52-nU260": {"K52-nU270": 71.11217325393123}, "K52-nD110": {"K52-nD120": 155.02038604867047}, "K51-D130": {"K51-D140": 66.90890222731818}, "K51-U080": {"K51-U090": 144.88678324150857}, "K54-D030": {"K54-D040": 72.98280132454256}, "K52-nD240": {"K52-nD250": 147.2283242507679}, "K53-U010": {"K53-U020": 221.97084832364914}, "K58-D070": {"K58-D080": 103.27257263003862}, "K52-nD250": {"K52-nD260": 170.20897704494564}, "K52-nD130": {"K52-nD140": 90.52013363195483}, "K58-D020": {"K58-D030": 84.80497959138768}, "K53-D030": {"K53-D040": 82.41362431756282}, "K52A-U100": {"K52A-U110": 78.39515628410183}, "K58-U140": {"K58-U150": 126.59707848495114}, "K52A-U010": {"K52A-U015": 263.11840126139896}, "K52-nD210": {"K52-nD220": 165.76886797128472}, "K53-U030": {"K53-U040": 174.37205999893837}, "K54-U050": {"K54-U060": 320.28680431820874}, "K51-D040": {"K51-D050": 53.86757060303851}, "K58-D200": {"K58-D210": 69.35202850843915}, "K53-U110": {"K53-U120": 86.71782781798638}, "K58-U010": {"K58-U020": 69.7940565761542}, "K51A-D250": {"K51A-D260": 103.95330386593666}, "K58-D140": {"K58-D150": 42.15491792152574}, "K51A-D210": {"K51A-D220": 80.59563503586901}, "K54-U040": {"K54-U050": 150.96980234583702}, "K51A-U240": {"K51A-U250": 72.37704423131352}, "K54-U030": {"K54-U040": 122.21769621525718}, "K51-D250": {"K51-D260": 156.31240351759567}, "K51-D190": {"K51-D200": 162.43653714771426}, "K51A-U100": {"K51A-U110": 170.68332342077431}, "K51A-U090": {"K51A-U100": 161.53933943699596}, "K52-nD120": {"K52-nD130": 41.41262925068839}, "K58-D060": {"K58-D070": 168.4779394770506}, "K52A-D060": {"K52A-D070": 129.34768316859805}, "K51A-D190": {"K51A-D200": 201.8874328075848}, "K58-U180": {"K58-U190": 105.71366605073861}, "K58-D050": {"K58-D060": 180.21653027690314}, "K58-U130": {"K58-U140": 87.20193610328239}, "K54-U060": {"K54-U070": 211.13713289433454}, "K51A-U230": {"K51A-U240": 42.62934894147753}, "K53-U070": {"K53-U080": 69.46710348542709}, "K58-D170": {"K58-D180": 163.20560901542177}, "K51A-D170": {"K51A-D180": 165.35969690632902}, "K51A-D010": {"K51A-D020": 54.75299526055985}, "K52-nU010": {"K52-nU020": 40.568929318924205}, "K51-D270": {"K51-D280": 98.67172376898685}, "K51A-U190": {"K51A-U200": 72.89876634382253}, "K53-D040": {"K53-D050": 72.40398283956394}, "K52-nU040": {"K52-nU050": 61.983418287216935}, "K51-D220": {"K51-D230": 259.5218077880406}, "K52-nU170": {"K52-nU180": 129.21549042006865}, "K52-nD290": {"K52-nD300": 96.82048248864585}, "K52-nD010": {"K52-nD020": 18.913573689318206}, "K52A-U030": {"K52A-U040": 46.11883998433369}, "K54-D020": {"K54-D030": 132.83763902433572}, "K51A-D140": {"K51A-D150": 89.25214705130142}, "K51A-U030": {"K51A-U040": 77.94850528129166}, "K53-D015": {"K53-D020": 50.04946820363454}, "K51A-D090": {"K51A-D100": 89.65358815624906}, "K51-U020": {"K51-U030": 97.58124553686636}, "K51-U130": {"K51-U140": 91.07604011953302}, "K58-U170": {"K58-U180": 163.94833011620833}, "K51-U170": {"K51-U180": 73.46139725064832}, "K51-D030": {"K51-D040": 42.404675121649575}, "K52-nD140": {"K52-nD150": 116.39641265133999}, "K58-D180": {"K58-D190": 291.38966486576936}, "K58-D160": {"K58-D170": 217.703386356367}, "K51-D020": {"K51-D030": 62.51966143119927}, "K52A-U130": {"K52A-U140": 60.4500475545722}, "K52-nD020": {"K52-nD030": 25.15064277323432}, "K52A-U040": {"K52A-U050": 127.19830675394203}, "K58-D010": {"K58-D020": 54.35521571979223}, "K52-nU200": {"K52-nU210": 82.17741160341444}, "K51-U040": {"K51-U050": 122.84488970855443}, "K51A-U210": {"K51A-U220": 80.00165257282933}, "K52-nU250": {"K52-nU260": 75.83996175844571}, "K52-nU060": {"K52-nU070": 161.65486226134914}, "K51-U030": {"K51-U040": 77.30446309652278}, "K58-U070": {"K58-U080": 133.8510511593505}, "K52-nU190": {"K52-nU200": 134.21184758703552}, "K52A-D140": {"K52A-D150": 108.8906882012702}, "K51-D260": {"K51-D270": 52.16251690334982}, "K51-D060": {"K51-D070": 51.21562472987638}, "K53-D060": {"K53-D070": 145.39969962277357}, "K52-nU080": {"K52-nU090": 83.53079811122724}, "K58-U060": {"K58-U070": 179.99658706222405}, "K52-nD280": {"K52-nD290": 94.19163247950675}, "K51-D210": {"K51-D220": 183.6783571810241}, "K52A-U060": {"K52A-U070": 143.45718067933427}, "K51-D140": {"K51-D150": 44.81175260163758}, "K52-nD150": {"K52-nD160": 96.26839477821656}, "K51A-D160": {"K51A-D170": 187.40773095020927}, "K58-D030": {"K58-D040": 49.963862404967585}, "K51-U220": {"K51-U230": 64.08014060000234}, "K58-U120": {"K58-U130": 120.23423672876902}, "K51A-D020": {"K51A-D030": 114.01473279334814}, "K51A-U010": {"K51A-U020": 50.95444829192634}, "K54-D040": {"K54-D050": 162.14479657420264}, "K51A-D240": {"K51A-D250": 58.17366654574961}, "K51-U140": {"K51-U150": 60.73064954874559}, "K51-D200": {"K51-D210": 127.68715878679495}, "K51A-D040": {"K51A-D050": 105.62041378456249}, "K51A-U070": {"K51A-U080": 207.2038917156213}, "K52-nU210": {"K52-nU220": 77.09068757512699}, "K58-U190": {"K58-U200": 119.89691892067249}, "K54-D060": {"K54-D070": 146.42283519747033}, "K52A-U140": {"K52A-U150": 160.36747851973956}, "K52-nD100": {"K52-nD110": 60.503446204747874}, "K52A-U110": {"K52A-U120": 51.51498468452412}, "K53-U050": {"K53-U060": 129.79407312621737}, "K51A-U110": {"K51A-U120": 123.14010141491201}, "K52A-U080": {"K52A-U090": 73.11710175908665}, "K51A-D050": {"K51A-D060": 87.37025549656757}, "K52A-D130": {"K52A-D140": 83.32664854321861}, "K51A-U080": {"K51A-U090": 161.71526930646945}, "K52-nU120": {"K52-nU130": 142.88512956740846, "K52-nU140": 111.70170920706794}, "K52-nU130": {"K52-nU140": 328.31723641397036}, "K53-D130": {"K53-D140": 104.32166614832049}, "K52-nU150": {"K52-nU160": 82.97043206031954}, "K54-U020": {"K54-U030": 127.14756861447825}, "K52-nD260": {"K52-nD270": 45.604374629069795}, "K52-nU050": {"K52-nU060": 251.37734078808504}, "K51A-U060": {"K51A-U070": 307.94372923771465}, "K52A-D170": {"K52A-D180": 117.9374263878797}, "K51A-D110": {"K51A-D120": 88.22997509772117}, "K51-U110": {"K51-U120": 113.29229194664349}, "K51-U240": {"K51-U250": 112.63635738223229}, "K53-D070": {"K53-D080": 73.44969332953266}, "K52A-D080": {"K52A-D090": 74.99201987376097}, "K51A-U130": {"K51A-U140": 90.51310908525429}, "K54-D050": {"K54-D060": 94.02502652188295}, "K52-nD180": {"K52-nD190": 150.67027065078227}, "K51A-U020": {"K51A-U030": 111.37392771324548}, "K51A-D060": {"K51A-D070": 78.1235527079243}, "K51-U150": {"K51-U160": 100.93602550508982}, "K53-D160": {"K53-U011": 158.21348237056162}, "K51-U160": {"K51-U170": 114.94944276168992}, "K53-U090": {"K53-U100": 129.1691340210445}, "K52-nD160": {"K52-nD170": 134.8261241111355}, "K51A-D150": {"K51A-D160": 133.97275384246737}, "K52-nU070": {"K52-nU080": 97.37696385563903}, "K52A-U120": {"K52A-U130": 78.83965139666488}, "K52A-U150": {"K52A-U160": 32.149648942434794}, "K51-U230": {"K51-U240": 50.04068338045529}, "K52A-U050": {"K52A-U060": 57.4744382430123}, "K52A-U020": {"K52A-U030": 91.92580556408645}, "K52A-D030": {"K52A-D040": 23.019169640750356}, "K51A-U140": {"K51A-U150": 67.69953795120297}, "K53-U060": {"K53-U070": 85.07104842025328}, "K52A-U170": {"K52A-U180": 275.3750320785299}, "K53-U040": {"K53-U050": 118.70369187393132}, "K51-U070": {"K51-U080": 166.52105968998012}, "K52-nU030": {"K52-nU040": 124.33837677068456}, "K52-nU280": {"K52-nU290": 45.932327201990645}, "K54-U010": {"K54-U020": 83.99330502663463}, "K54-U070": {"K54-D010": 175.2267485486158}, "K51A-U170": {"K51A-U180": 78.6517665038069}, "K51-D240": {"K51-D250": 123.31861318150777}, "K51-D050": {"K51-D060": 60.735837466205986}, "K53-U080": {"K53-U090": 101.51480309585853}, "K51-D010": {"K51-D020": 81.98704898078203}, "K51-D170": {"K51-D180": 113.59360682451572}, "K51-U050": {"K51-U060": 257.1517038351298}, "K53-U130": {"K53-U140": 63.34570416690424}, "K51A-D230": {"K51A-D240": 158.21346757464346}, "K52-nD030": {"K52-nD040": 27.665199293627133},