{"K53-U100": {"K53-U110": 74.2817775786753}, "K53-D010": {"K53-D015": 83.861632053384}, "K51-D150": {"K51-D160": 139.76304038375056}, "K52-nU290": {"K52-nU300": 33.27024076034458}, "K52-nU260": {"K52-nU270": 65.20417766294676}, "K52-nD110": {"K52-nD120": 139.25952169875683}, "K51-D130": {"K51-D140": 54.22947316650018}, "K51-U080": {"K51-U090": 136.27606310801707}, "K54-D030": {"K54-D040": 99.00437692227786}, "K52-nD240": {"K52-nD250": 141.63008005269708}, "K53-U010": {"K53-U020": 170.30605665592265}, "K58-D070": {"K58-D080": 117.684623046875}, "K52-nD250": {"K52-nD260": 154.55310567025987}, "K52-nD130": {"K52-nD140": 72.21408087366318}, "K58-D020": {"K58-D030": 95.8920166015625}, "K53-D030": {"K53-D040": 75.39641464787283}, "K52A-U100": {"K52A-U110": 68.63876466453075}, "K58-U140": {"K58-U150": 166.8707266998291}, "K52A-U010": {"K52A-U015": 269.2490974512697}, "K52-nD210": {"K52-nD220": 161.34271841130993}, "K53-U030": {"K53-U040": 151.81465551601306}, "K54-U050": {"K54-U060": 310.5691941506164}, "K51-D040": {"K51-D050": 43.10335451423138}, "K58-D200": {"K58-D210": 55.926641626358034}, "K53-U110": {"K53-U120": 80.26792084846133}, "K58-U010": {"K58-U020": 39.868222656250005}, "K51A-D250": {"K51A-D260": 94.63693788643607}, "K58-D140": {"K58-D150": 35.364661346435554}, "K51A-D210": {"K51A-D220": 67.53128107754513}, "K54-U040": {"K54-U050": 138.41202963077345}, "K51A-U240": {"K51A-U250": 68.1627437341206}, "K54-U030": {"K54-U040": 113.2381436934191}, "K51-D250": {"K51-D260": 134.74880218429826}, "K51-D190": {"K51-D200": 140.23998168108403}, "K51A-U100": {"K51A-U110": 162.9880537487225}, "K51A-U090": {"K51A-U100": 141.75656091909102}, "K52-nD120": {"K52-nD130": 38.38119775213228}, "K58-D060": {"K58-D070": 142.61875915527344}, "K52A-D060": {"K52A-D070": 117.58880288054391}, "K51A-D190": {"K51A-D200": 190.0789982706774}, "K58-U180": {"K58-U190": 90.39839541906119}, "K58-D050": {"K58-D060": 164.43603515625}, "K58-U130": {"K58-U140": 70.48088891601563}, "K54-U060": {"K54-U070": 200.99804854549288}, "K51A-U230": {"K51A-U240": 37.3112728257404}, "K53-U070": {"K53-U080": 52.65646783239422}, "K58-D170": {"K58-D180": 129.14145988464355}, "K51A-D170": {"K51A-D180": 130.54620035323606}, "K51A-D010": {"K51A-D020": 52.57239329074257}, "K52-nU010": {"K52-nU020": 27.240909589670604}, "K51-D270": {"K51-D280": 99.58242720795008}, "K51A-U190": {"K51A-U200": 62.51971289062421}, "K53-D040": {"K53-D050": 65.56906568108775}, "K52-nU040": {"K52-nU050": 49.13130819682308}, "K51-D220": {"K51-D230": 241.28901774818218}, "K52-nU170": {"K52-nU180": 108.51920303175419}, "K52-nD290": {"K52-nD300": 90.65448298839853}, "K52-nD010": {"K52-nD020": 12.24195212763538}, "K52A-U030": {"K52A-U040": 42.03026129070669}, "K54-D020": {"K54-D030": 120.76149002212348}, "K51A-D140": {"K51A-D150": 78.40377784785642}, "K51A-U030": {"K51A-U040": 63.46689709269024}, "K53-D015": {"K53-D020": 44.95538925283863}, "K51A-D090": {"K51A-D100": 80.24374694066589}, "K51-U020": {"K51-U030": 96.05606379449284}, "K51-U130": {"K51-U140": 78.40748452671758}, "K58-U170": {"K58-U180": 154.6618505859375}, "K51-U170": {"K51-U180": 66.08639270885102}, "K51-D030": {"K51-D040": 38.10337278541705}, "K52-nD140": {"K52-nD150": 99.32387669427524}, "K58-D180": {"K58-D190": 261.679355078125}, "K58-D160": {"K58-D170": 192.0319998168945}, "K51-D020": {"K51-D030": 57.20013840367458}, "K52A-U130": {"K52A-U140": 67.89853973934214}, "K52-nD020": {"K52-nD030": 22.25964483349511}, "K52A-U040": {"K52A-U050": 102.37212401119761}, "K58-D010": {"K58-D020": 27.421912727497283}, "K52-nU200": {"K52-nU210": 66.6808575250968}, "K51-U040": {"K51-U050": 107.64995864188295}, "K51A-U210": {"K51A-U220": 73.27540373802185}, "K52-nU250": {"K52-nU260": 63.312235079828426}, "K52-nU060": {"K52-nU070": 134.02805444091558}, "K51-U030": {"K51-U040": 62.24646058352823}, "K58-U070": {"K58-U080": 109.58990173339843}, "K52-nU190": {"K52-nU200": 114.83680860660971}, "K52A-D140": {"K52A-D150": 94.03475217961147}, "K51-D260": {"K51-D270": 31.875647998652813}, "K51-D060": {"K51-D070": 45.56316566129252}, "K53-D060": {"K53-D070": 117.2695431063883}, "K52-nU080": {"K52-nU090": 83.26034100562447}, "K58-U060": {"K58-U070": 142.41781616210938}, "K52-nD280": {"K52-nD290": 87.46971689226673}, "K51-D210": {"K51-D220": 165.34408038085706}, "K52A-U060": {"K52A-U070": 119.32851301184019}, "K51-D140": {"K51-D150": 51.69126535952091}, "K52-nD150": {"K52-nD160": 96.34522763387608}, "K51A-D160": {"K51A-D170": 167.350054199239}, "K58-D030": {"K58-D040": 63.48580474853516}, "K51-U220": {"K51-U230": 60.78144427046506}, "K58-U120": {"K58-U130": 102.11248641967774}, "K51A-D020": {"K51A-D030": 103.32565268933959}, "K51A-U010": {"K51A-U020": 42.68199029048421}, "K54-D040": {"K54-D050": 148.60701415648094}, "K51A-D240": {"K51A-D250": 50.09934640675783}, "K51-U140": {"K51-U150": 50.408252830749205}, "K51-D200": {"K51-D210": 137.5284289086798}, "K51A-D040": {"K51A-D050": 87.04228368849041}, "K51A-U070": {"K51A-U080": 219.0258101986721}, "K52-nU210": {"K52-nU220": 71.9364424241459}, "K58-U190": {"K58-U200": 96.213030078125}, "K54-D060": {"K54-D070": 127.52978770636136}, "K52A-U140": {"K52A-U150": 145.78861683612712}, "K52-nD100": {"K52-nD110": 55.774491966510276}, "K52A-U110": {"K52A-U120": 55.09792007827757}, "K53-U050": {"K53-U060": 105.1648729568326}, "K51A-U110": {"K51A-U120": 101.353248088275}, "K52A-U080": {"K52A-U090": 64.01256972092003}, "K51A-D050": {"K51A-D060": 80.6368010905385}, "K52A-D130": {"K52A-D140": 73.57972851395607}, "K51A-U080": {"K51A-U090": 148.0411776512466}, "K52-nU120": {"K52-nU130": 159.77981741540134}, "K52-nU130": {"K52-nU140": 367.54188792352676}, "K53-D130": {"K53-D140": 97.48728217495234}, "K52-nU150": {"K52-nU160": 73.09810889256988}, "K54-U020": {"K54-U030": 114.62820134504716}, "K52-nD260": {"K52-nD270": 42.697827479622696}, "K52-nU050": {"K52-nU060": 248.43503402654724}, "K51A-U060": {"K51A-U070": 306.7633974285447}, "K52A-D170": {"K52A-D180": 161.11362642679597}, "K51A-D110": {"K51A-D120": 56.09039170633393}, "K51-U110": {"K51-U120": 108.02894618961663}, "K51-U240": {"K51-U250": 96.43945623381104}, "K53-D070": {"K53-D080": 71.83912028979822}, "K52A-D080": {"K52A-D090": 48.43825472187996}, "K51A-U130": {"K51A-U140": 79.41721968291597}, "K54-D050": {"K54-D060": 88.04063072727033}, "K52-nD180": {"K52-nD190": 132.63676631451943}, "K51A-U020": {"K51A-U030": 107.61978050916522}, "K51A-D060": {"K51A-D070": 71.86474125387105}, "K51-U150": {"K51-U160": 94.19002987752606}, "K53-D160": {"K53-U011": 119.33593242977095}, "K51-U160": {"K51-U170": 104.98695844103823}, "K53-U090": {"K53-U100": 97.65796053515939}, "K52-nD160": {"K52-nD170": 137.0720207090088}, "K51A-D150": {"K51A-D160": 114.62376532111223}, "K52-nU070": {"K52-nU080": 93.21024583194813}, "K52A-U120": {"K52A-U130": 65.62710299491883}, "K52A-U150": {"K52A-U160": 30.639591145214627}, "K51-U230": {"K51-U240": 46.985091605268465}, "K52A-U050": {"K52A-U060": 47.8728263951838}, "K52A-U020": {"K52A-U030": 93.14911760464311}, "K52A-D030": {"K52A-D040": 23.747163364270236}, "K51A-U140": {"K51A-U150": 50.155488088540736}, "K53-U060": {"K53-U070": 75.2714396436245}, "K52A-U170": {"K52A-U180": 250.3409382532092}, "K53-U040": {"K53-U050": 88.98535988857077}, "K51-U070": {"K51-U080": 188.33957256825187}, "K52-nU030": {"K52-nU040": 115.72710909953204}, "K52-nU280": {"K52-nU290": 36.60483766902006}, "K54-U010": {"K54-U020": 76.32455640369642}, "K54-U070": {"K54-D010": 134.49499009683245}, "K51A-U170": {"K51A-U180": 76.08778794990266}, "K51-D240": {"K51-D250": 101.80489541739296}, "K51-D050": {"K51-D060": 53.28312661662699}, "K53-U080": {"K53-U090": 100.21332782993035}, "K51-D010": {"K51-D020": 67.4604911738496}, "K51-D170": {"K51-D180": 93.11514787749357}, "K51-U050": {"K51-U060": 232.08761687922407}, "K53-U130": {"K53-U140": 54.411214438992374}, "K51A-D230": {"K51A-D240": 149.19669792774926}, "K52-nD030": {"K52-nD040": 29.596882401966077}, "K51A-U150": {"K51A-U160": 140.20050246907954},