{"K53-U100": {"K53-U110": 69.35666869523452}, "K53-D010": {"K53-D015": 85.7687264159949}, "K51-D150": {"K51-D160": 139.91635136622838}, "K52-nU290": {"K52-nU300": 33.17892195879624}, "K52-nU260": {"K52-nU270": 55.84944074880574}, "K52-nD110": {"K52-nD120": 138.12173202497357}, "K51-D130": {"K51-D140": 60.469058517476675}, "K51-U080": {"K51-U090": 141.08970788914513}, "K54-D030": {"K54-D040": 69.97895378986276}, "K52-nD240": {"K52-nD250": 137.05721659901283}, "K53-U010": {"K53-U020": 173.539497337569}, "K58-D070": {"K58-D080": 96.08343906269742}, "K52-nD250": {"K52-nD260": 160.6506325231889}, "K52-nD130": {"K52-nD140": 74.1413771044093}, "K58-D020": {"K58-D030": 74.36080945400576}, "K53-D030": {"K53-D040": 65.8540713379232}, "K52A-U100": {"K52A-U110": 68.03845334184386}, "K58-U140": {"K58-U150": 105.90920943603767}, "K52A-U010": {"K52A-U015": 260.1883795832529}, "K52-nD210": {"K52-nD220": 155.07033299291803}, "K53-U030": {"K53-U040": 154.33760138508984}, "K54-U050": {"K54-U060": 319.9892058753964}, "K51-D040": {"K51-D050": 44.177797249030576}, "K58-D200": {"K58-D210": 63.57755636186787}, "K53-U110": {"K53-U120": 81.9459977457437}, "K58-U010": {"K58-U020": 40.55297508323426}, "K51A-D250": {"K51A-D260": 91.00052527616103}, "K58-D140": {"K58-D150": 37.51997834075998}, "K51A-D210": {"K51A-D220": 69.71028697833358}, "K54-U040": {"K54-U050": 131.28057251949775}, "K51A-U240": {"K51A-U250": 65.30462723927248}, "K54-U030": {"K54-U040": 110.80729475379667}, "K51-D250": {"K51-D260": 143.14911236490542}, "K51-D190": {"K51-D200": 149.3361542730209}, "K51A-U100": {"K51A-U110": 162.22348339103445}, "K51A-U090": {"K51A-U100": 136.1162430468105}, "K52-nD120": {"K52-nD130": 37.32173734934287}, "K58-D060": {"K58-D070": 148.12489000207842}, "K52A-D060": {"K52A-D070": 117.58880288054391}, "K51A-D190": {"K51A-D200": 165.25097659316074}, "K58-U180": {"K58-U190": 93.8643118556091}, "K58-D050": {"K58-D060": 172.62855122441437}, "K58-U130": {"K58-U140": 81.35451402945174}, "K54-U060": {"K54-U070": 171.0737445115519}, "K51A-U230": {"K51A-U240": 36.00705001160121}, "K53-U070": {"K53-U080": 41.662534791175766}, "K58-D170": {"K58-D180": 127.55906577341402}, "K51A-D170": {"K51A-D180": 135.35442861733583}, "K51A-D010": {"K51A-D020": 50.32046142327838}, "K52-nU010": {"K52-nU020": 37.127349855892774}, "K51-D270": {"K51-D280": 92.98435733937588}, "K51A-U190": {"K51A-U200": 68.28527572829097}, "K53-D040": {"K53-D050": 58.94639340406976}, "K52-nU040": {"K52-nU050": 50.574624514560334}, "K51-D220": {"K51-D230": 233.57045537921618}, "K52-nU170": {"K52-nU180": 112.08713314714355}, "K52-nD290": {"K52-nD300": 91.18688456519529}, "K52-nD010": {"K52-nD020": 13.052374669218858}, "K52A-U030": {"K52A-U040": 37.63691025237633}, "K54-D020": {"K54-D030": 120.76149002212348}, "K51A-D140": {"K51A-D150": 68.57958939989916}, "K51A-U030": {"K51A-U040": 62.605579213189756}, "K53-D015": {"K53-D020": 41.71196502075587}, "K51A-D090": {"K51A-D100": 69.41830459316702}, "K51-U020": {"K51-U030": 104.3949163964235}, "K51-U130": {"K51-U140": 78.01067313340755}, "K58-U170": {"K58-U180": 148.65119647129222}, "K51-U170": {"K51-U180": 67.53702493157257}, "K51-D030": {"K51-D040": 37.776037346924326}, "K52-nD140": {"K52-nD150": 104.05323228708399}, "K58-D180": {"K58-D190": 268.3609979710414}, "K58-D160": {"K58-D170": 192.86303284499706}, "K51-D020": {"K51-D030": 52.69609875962326}, "K52A-U130": {"K52A-U140": 63.921629426301}, "K52-nD020": {"K52-nD030": 23.638306755399938}, "K52A-U040": {"K52A-U050": 111.97148064400785}, "K58-D010": {"K58-D020": 41.43817670452013}, "K52-nU200": {"K52-nU210": 76.15842731762866}, "K51-U040": {"K51-U050": 109.0810645906785}, "K51A-U210": {"K51A-U220": 70.15716045499195}, "K52-nU250": {"K52-nU260": 66.4239664093329}, "K52-nU060": {"K52-nU070": 137.9243745394213}, "K51-U030": {"K51-U040": 62.349568601650375}, "K58-U070": {"K58-U080": 114.36191091786286}, "K52-nU190": {"K52-nU200": 119.01326715830666}, "K52A-D140": {"K52A-D150": 98.61508353013475}, "K51-D260": {"K51-D270": 39.68787549342537}, "K51-D060": {"K51-D070": 49.194809268728974}, "K53-D060": {"K53-D070": 107.81732868169438}, "K52-nU080": {"K52-nU090": 78.75030913147397}, "K58-U060": {"K58-U070": 156.84332297441287}, "K52-nD280": {"K52-nD290": 77.11296632846373}, "K51-D210": {"K51-D220": 180.5051604501307}, "K52A-U060": {"K52A-U070": 110.22791946652987}, "K51-D140": {"K51-D150": 37.08719965229385}, "K52-nD150": {"K52-nD160": 92.2874805916894}, "K51A-D160": {"K51A-D170": 174.55642905810228}, "K58-D030": {"K58-D040": 50.933122284666354}, "K51-U220": {"K51-U230": 59.141484738640244}, "K58-U120": {"K58-U130": 113.69108816295349}, "K51A-D020": {"K51A-D030": 105.91711087336475}, "K51A-U010": {"K51A-U020": 57.1486487748525}, "K54-D040": {"K54-D050": 141.11850008699366}, "K51A-D240": {"K51A-D250": 46.786349972450374}, "K51-U140": {"K51-U150": 48.45450016868497}, "K51-D200": {"K51-D210": 108.50723916272963}, "K51A-D040": {"K51A-D050": 88.54288464981899}, "K51A-U070": {"K51A-U080": 180.3981289100277}, "K52-nU210": {"K52-nU220": 72.94904280293422}, "K58-U190": {"K58-U200": 103.12604964058558}, "K54-D060": {"K54-D070": 129.39726858725385}, "K52A-U140": {"K52A-U150": 145.78861683612712}, "K52-nD100": {"K52-nD110": 54.24743159812708}, "K52A-U110": {"K52A-U120": 53.8909356102326}, "K53-U050": {"K53-U060": 124.28754587347416}, "K51A-U110": {"K51A-U120": 105.58513448220455}, "K52A-U080": {"K52A-U090": 59.81193607744044}, "K51A-D050": {"K51A-D060": 70.46212678185796}, "K52A-D130": {"K52A-D140": 79.61178015197103}, "K51A-U080": {"K51A-U090": 156.2973545035583}, "K52-nU120": {"K52-nU130": 142.88512956740846, "K52-nU140": 104.45099779057018}, "K52-nU130": {"K52-nU140": 328.31723641397036}, "K53-D130": {"K53-D140": 99.12762925588561}, "K52-nU150": {"K52-nU160": 81.06336967299458}, "K54-U020": {"K54-U030": 114.50709600776774}, "K52-nD260": {"K52-nD270": 38.60245320251416}, "K52-nU050": {"K52-nU060": 222.7800514949315}, "K51A-U060": {"K51A-U070": 285.45042173951276}, "K52A-D170": {"K52A-D180": 94.00992346860548}, "K51A-D110": {"K51A-D120": 71.89893290558565}, "K51-U110": {"K51-U120": 106.6828594615229}, "K51-U240": {"K51-U250": 101.77703903317891}, "K53-D070": {"K53-D080": 67.65237647713136}, "K52A-D080": {"K52A-D090": 55.20609071136771}, "K51A-U130": {"K51A-U140": 77.32156400160507}, "K54-D050": {"K54-D060": 78.57038399115922}, "K52-nD180": {"K52-nD190": 129.8008730012993}, "K51A-U020": {"K51A-U030": 99.40898936799701}, "K51A-D060": {"K51A-D070": 68.46126622832892}, "K51-U150": {"K51-U160": 83.74481963199106}, "K53-D160": {"K53-U011": 152.83284763917032}, "K51-U160": {"K51-U170": 97.33302196744572}, "K53-U090": {"K53-U100": 100.14182380043566}, "K52-nD160": {"K52-nD170": 128.6617205719856}, "K51A-D150": {"K51A-D160": 109.4651598968092}, "K52-nU070": {"K52-nU080": 86.29081470260185}, "K52A-U120": {"K52A-U130": 63.754467498921464}, "K52A-U150": {"K52A-U160": 28.442692147950005}, "K51-U230": {"K51-U240": 39.97091510171261}, "K52A-U050": {"K52A-U060": 48.37092991606825}, "K52A-U020": {"K52A-U030": 79.10870320593152}, "K52A-D030": {"K52A-D040": 22.021984745219722}, "K51A-U140": {"K51A-U150": 57.49318843839111}, "K53-U060": {"K53-U070": 78.87329064191204}, "K52A-U170": {"K52A-U180": 250.3409382532092}, "K53-U040": {"K53-U050": 109.19501492369989}, "K51-U070": {"K51-U080": 155.32711075037878}, "K52-nU030": {"K52-nU040": 109.19156712491474}, "K52-nU280": {"K52-nU290": 40.85642967473868}, "K54-U010": {"K54-U020": 71.50423184480086}, "K54-U070": {"K54-D010": 141.7712163653685}, "K51A-U170": {"K51A-U180": 73.27341978919304}, "K51-D240": {"K51-D250": 109.93950323178747}, "K51-D050": {"K51-D060": 44.90981012603747}, "K53-U080": {"K53-U090": 94.16458707584692}, "K51-D010": {"K51-D020": 74.06658433459832}, "K51-D170": {"K51-D180": 105.74463597315534}, "K51-U050": {"K51-U060": 230.51348031567923}, "K53-U130": {"K53-U140": 64.65964558021084}, "K51A-D230": {"K51A-D240": 136.28313210251682}, "K52-nD030": {"K52-nD040": 30.991248522756173},