{"K53-U100": {"K53-U110": 70.0989657116136}, "K53-D010": {"K53-D015": 103.22817236848505}, "K51-D150": {"K51-D160": 153.7951587344926}, "K52-nU290": {"K52-nU300": 36.890093695472174}, "K52-nU260": {"K52-nU270": 68.23658286414954}, "K52-nD110": {"K52-nD120": 149.58476044671374}, "K51-D130": {"K51-D140": 75.15348541100937}, "K51-U080": {"K51-U090": 159.6164717919074}, "K54-D030": {"K54-D040": 66.63497334975901}, "K52-nD240": {"K52-nD250": 151.3011553421332}, "K53-U010": {"K53-U020": 202.82247773376008}, "K58-D070": {"K58-D080": 110.18752951415645}, "K52-nD250": {"K52-nD260": 167.4094478448098}, "K52-nD130": {"K52-nD140": 83.35150889803556}, "K58-D020": {"K58-D030": 86.78186305979287}, "K53-D030": {"K53-D040": 80.48766692164664}, "K52A-U100": {"K52A-U110": 76.80249075279114}, "K58-U140": {"K58-U150": 121.69039700952624}, "K52A-U010": {"K52A-U015": 310.82010508091207}, "K52-nD210": {"K52-nD220": 154.50638825108953}, "K53-U030": {"K53-U040": 166.49168437952855}, "K54-U050": {"K54-U060": 338.9992049924148}, "K51-D040": {"K51-D050": 52.55296145727671}, "K58-D200": {"K58-D210": 69.36797413625031}, "K53-U110": {"K53-U120": 92.14187494048761}, "K58-U010": {"K58-U020": 43.01682185788846}, "K51A-D250": {"K51A-D260": 102.3914531156977}, "K58-D140": {"K58-D150": 42.648543008097285}, "K51A-D210": {"K51A-D220": 85.13674989871713}, "K54-U040": {"K54-U050": 141.9385654523623}, "K51A-U240": {"K51A-U250": 72.84816909541868}, "K54-U030": {"K54-U040": 123.38370417422816}, "K51-D250": {"K51-D260": 149.14166811332808}, "K51-D190": {"K51-D200": 156.18214048192513}, "K51A-U100": {"K51A-U110": 165.90637317242152}, "K51A-U090": {"K51A-U100": 169.57257711885157}, "K52-nD120": {"K52-nD130": 38.21726407203149}, "K58-D060": {"K58-D070": 173.78492770452883}, "K52A-D060": {"K52A-D070": 129.34768316852583}, "K51A-D190": {"K51A-D200": 183.38394059920378}, "K58-U180": {"K58-U190": 93.02619620714529}, "K58-D050": {"K58-D060": 188.1173081182952}, "K58-U130": {"K58-U140": 78.79829335864432}, "K54-U060": {"K54-U070": 205.0377950626074}, "K51A-U230": {"K51A-U240": 33.6834663472194}, "K53-U070": {"K53-U080": 54.03279471308197}, "K58-D170": {"K58-D180": 141.79687421067365}, "K51A-D170": {"K51A-D180": 148.24494847649856}, "K51A-D010": {"K51A-D020": 51.310247779315105}, "K52-nU010": {"K52-nU020": 40.714527693979285}, "K51-D270": {"K51-D280": 96.65397699617996}, "K51A-U190": {"K51A-U200": 68.8273818012319}, "K53-D040": {"K53-D050": 72.40517818777693}, "K52-nU040": {"K52-nU050": 56.05480272211812}, "K51-D220": {"K51-D230": 258.34298289575037}, "K52-nU170": {"K52-nU180": 121.46939105795252}, "K52-nD290": {"K52-nD300": 93.467019703858}, "K52-nD010": {"K52-nD020": 16.22022180725147}, "K52A-U030": {"K52A-U040": 36.00060871162903}, "K54-D020": {"K54-D030": 132.83763902433572}, "K51A-D140": {"K51A-D150": 83.91380067401299}, "K51A-U030": {"K51A-U040": 72.790977057415}, "K53-D015": {"K53-D020": 45.93795964960346}, "K51A-D090": {"K51A-D100": 82.81535846488028}, "K51-U020": {"K51-U030": 129.15131253652953}, "K51-U130": {"K51-U140": 79.06182278359586}, "K58-U170": {"K58-U180": 163.62464765867819}, "K51-U170": {"K51-U180": 77.98536000872244}, "K51-D030": {"K51-D040": 37.35777999579282}, "K52-nD140": {"K52-nD150": 107.27129515003722}, "K58-D180": {"K58-D190": 293.5531239926783}, "K58-D160": {"K58-D170": 204.50701553258972}, "K51-D020": {"K51-D030": 57.20371417602407}, "K52A-U130": {"K52A-U140": 55.832432993193706}, "K52-nD020": {"K52-nD030": 27.698659509993565}, "K52A-U040": {"K52A-U050": 142.27077548341202}, "K58-D010": {"K58-D020": 50.008110364643926}, "K52-nU200": {"K52-nU210": 90.19616370061449}, "K51-U040": {"K51-U050": 130.61562092662544}, "K51A-U210": {"K51A-U220": 74.47518530543236}, "K52-nU250": {"K52-nU260": 80.12995541182224}, "K52-nU060": {"K52-nU070": 141.44841813301124}, "K51-U030": {"K51-U040": 63.73068487675806}, "K58-U070": {"K58-U080": 127.99354305497623}, "K52-nU190": {"K52-nU200": 131.36237898417693}, "K52A-D140": {"K52A-D150": 114.00099507000827}, "K51-D260": {"K51-D270": 45.33059990156661}, "K51-D060": {"K51-D070": 53.73579750765293}, "K53-D060": {"K53-D070": 119.75534276945936}, "K52-nU080": {"K52-nU090": 81.73679982810566}, "K58-U060": {"K58-U070": 185.84582391507746}, "K52-nD280": {"K52-nD290": 85.03341458601957}, "K51-D210": {"K51-D220": 166.3082849884557}, "K52A-U060": {"K52A-U070": 137.76616444139367}, "K51-D140": {"K51-D150": 41.604400266570146}, "K52-nD150": {"K52-nD160": 106.55997525082508}, "K51A-D160": {"K51A-D170": 190.32344245492462}, "K58-D030": {"K58-D040": 44.257923793216904}, "K51-U220": {"K51-U230": 59.23761855552666}, "K58-U120": {"K58-U130": 118.45981458592364}, "K51A-D020": {"K51A-D030": 102.14924129850456}, "K51A-U010": {"K51A-U020": 55.80849748886948}, "K54-D040": {"K54-D050": 168.6615815671971}, "K51A-D240": {"K51A-D250": 57.857366836112064}, "K51-U140": {"K51-U150": 61.30652776382605}, "K51-D200": {"K51-D210": 122.12810221925108}, "K51A-D040": {"K51A-D050": 97.72198511517787}, "K51A-U070": {"K51A-U080": 189.82963013341237}, "K52-nU210": {"K52-nU220": 75.1276566311943}, "K58-U190": {"K58-U200": 127.87208616215712}, "K54-D060": {"K54-D070": 146.027235553497}, "K52A-U140": {"K52A-U150": 160.3674785195312}, "K52-nD100": {"K52-nD110": 57.657946415672065}, "K52A-U110": {"K52A-U120": 54.467861971856074}, "K53-U050": {"K53-U060": 124.09576752368443}, "K51A-U110": {"K51A-U120": 115.98729324011329}, "K52A-U080": {"K52A-U090": 69.04241145945711}, "K51A-D050": {"K51A-D060": 77.30578618710138}, "K52A-D130": {"K52A-D140": 90.07792794404601}, "K51A-U080": {"K51A-U090": 175.34973893069082}, "K52-nU120": {"K52-nU130": 142.88512956740846, "K52-nU140": 106.16297575501824}, "K52-nU130": {"K52-nU140": 328.31723641397036}, "K53-D130": {"K53-D140": 101.26160931392734}, "K52-nU150": {"K52-nU160": 91.56024271068885}, "K54-U020": {"K54-U030": 147.96172918882417}, "K52-nD260": {"K52-nD270": 48.24274019393779}, "K52-nU050": {"K52-nU060": 244.48399728853127}, "K51A-U060": {"K51A-U070": 306.9637196181658}, "K52A-D170": {"K52A-D180": 110.31149193623344}, "K51A-D110": {"K51A-D120": 90.82768834192801}, "K51-U110": {"K51-U120": 113.4303065976688}, "K51-U240": {"K51-U250": 113.51203517686697}, "K53-D070": {"K53-D080": 81.54160278573156}, "K52A-D080": {"K52A-D090": 71.4735442247426}, "K51A-U130": {"K51A-U140": 86.39273154821339}, "K54-D050": {"K54-D060": 81.6699736015044}, "K52-nD180": {"K52-nD190": 146.97974060289286}, "K51A-U020": {"K51A-U030": 118.21844211332522}, "K51A-D060": {"K51A-D070": 83.41408057526874}, "K51-U150": {"K51-U160": 107.95679721920033}, "K53-D160": {"K53-U011": 147.7632797292222}, "K51-U160": {"K51-U170": 107.26446499833601}, "K53-U090": {"K53-U100": 109.11682288330243}, "K52-nD160": {"K52-nD170": 141.44899533929402}, "K51A-D150": {"K51A-D160": 120.8890453752756}, "K52-nU070": {"K52-nU080": 94.13690399012509}, "K52A-U120": {"K52A-U130": 67.92151307077772}, "K52A-U150": {"K52A-U160": 36.690206514351985}, "K51-U230": {"K51-U240": 49.98411921524605}, "K52A-U050": {"K52A-U060": 51.47007486526862}, "K52A-U020": {"K52A-U030": 86.04904683846368}, "K52A-D030": {"K52A-D040": 15.42120602389095}, "K51A-U140": {"K51A-U150": 56.42730291798226}, "K53-U060": {"K53-U070": 78.97562841445149}, "K52A-U170": {"K52A-U180": 275.3750320776984}, "K53-U040": {"K53-U050": 107.70554691447346}, "K51-U070": {"K51-U080": 174.6354719024238}, "K52-nU030": {"K52-nU040": 123.52732741587413}, "K52-nU280": {"K52-nU290": 37.88763457340988}, "K54-U010": {"K54-U020": 84.11663171038886}, "K54-U070": {"K54-D010": 152.70036521957206}, "K51A-U170": {"K51A-U180": 77.11339221333522}, "K51-D240": {"K51-D250": 124.88216808197315}, "K51-D050": {"K51-D060": 55.52338885603918}, "K53-U080": {"K53-U090": 80.12781478145472}, "K51-D010": {"K51-D020": 86.528902677003}, "K51-D170": {"K51-D180": 96.96623903688739}, "K51-U050": {"K51-U060": 253.607877998193}, "K53-U130": {"K53-U140": 65.01439740631223}, "K51A-D230": {"K51A-D240": 148.72371222313544}, "K52-nD030": {"K52-nD040": 30.866982242416647},