{"K65A-D050": {"K65A-D060": 60.697042356229176}, "K65A-U100": {"K65A-U110": 65.93107338392385}, "K65A-U110": {"K65A-U120": 73.45422822977837}, "K65A-U120": {"K65A-U130": 79.5804751089552}, "K65-U060": {"K65-U070": 36.83595506611408}, "K66-D090": {"K66-D100": 40.11636811596859}, "K65A-D070": {"K65A-D080": 120.43817812731304}, "K68-D190": {"K68-D200": 42.96825522500455}, "K65A-U030": {"K65A-U040": 30.034163195754267}, "K65-D050": {"K65-D060": 66.75402018336527}, "K65-U070": {"K65-U080": 60.58428468648185}, "K65-U200": {"K65-U210": 62.32383984221087}, "K65-D150": {"K65-D160": 111.96022418888928}, "K66-D170": {"K66-D180": 192.8775544469333}, "K65-D060": {"K65-D070": 84.5030410538707}, "K65-D180": {"K65-D190": 120.4049712607438}, "K66-U190": {"K66-U200": 70.1599405103403}, "K66-U130": {"K66-U140": 53.888088831811594}, "K65-U080": {"K65-U090": 139.5425177969821}, "K66-D200": {"K66-D210": 117.15239912549816}, "K68-U120": {"K68-U130": 159.55288762519785}, "K68-D150": {"K68-D160": 42.611330949023504}, "K65-U100": {"K65-U110": 135.8871046992995}, "K66-U020": {"K66-U030": 191.2633834360163}, "K65-D070": {"K65-D080": 110.72009479096366}, "K65-D100": {"K65-D110": 225.56443033278788}, "K66-U180": {"K66-U190": 61.164566397901936}, "K65-D170": {"K65-D180": 97.03372253355845}, "K66-U040": {"K66-U050": 139.66563432025774}, "K65-U140": {"K65-U150": 102.68549314506495}, "K66-U010": {"K66-U020": 129.0547301068487}, "K66-U080": {"K66-U090": 159.40272350711209}, "K65-U050": {"K65-U060": 109.82281526688357}, "K68-U070": {"K68-U080": 33.69965449653519}, "K66-U140": {"K66-U150": 48.10045770985918}, "K66-U050": {"K66-U060": 49.85566227476413}, "K68-U100": {"K68-U110": 192.2395815804744}, "K68-D160": {"K68-D170": 79.18314378237935}, "K65A-D020": {"K65A-D030": 68.74662635510346}, "K68-U030": {"K68-U040": 24.30173919224836}, "K66-D110": {"K66-D120": 42.39958710586177}, "K65-D120": {"K65-D130": 64.37530794713759}, "K66-D130": {"K66-D140": 37.237643408641844}, "K65A-D100": {"K65A-D110": 223.69819498690987}, "K65-D090": {"K65-D100": 96.85677956463363}, "K65A-D080": {"K65A-D090": 60.62931348643684}, "K68-D080": {"K68-D090": 89.39993925439413}, "K65A-U070": {"K65A-U080": 46.24663096528328}, "K66-D010": {"K66-D020": 18.04574297056095}, "K65-D020": {"K65-D030": 74.56026815409894}, "K65A-U090": {"K65A-U100": 50.87803993395615}, "K66-U100": {"K66-U110": 80.18359953905838}, "K65A-D060": {"K65A-D070": 83.67246211228327}, "K65-D080": {"K65-D090": 64.83881974206525}, "K65-D110": {"K65-D120": 100.05705640860342}, "K65-U160": {"K65-U170": 54.87123358120444}, "K68-U170": {"K68-D010": 156.82019712757625}, "K66-U160": {"K66-U170": 50.95907419287879}, "K66-D020": {"K66-D030": 68.04300254350926}, "K68-D050": {"K68-D060": 58.809101514137566}, "K66-D190": {"K66-D200": 82.62259390294436}, "K66-U030": {"K66-U040": 169.62066291864122}, "K66-D100": {"K66-D110": 47.55712200542165}, "K66-D140": {"K66-D150": 98.36035050757694}, "K65-U030": {"K65-U040": 100.90102640068608}, "K65-D140": {"K65-D150": 113.32273248472605}, "K65-D010": {"K65-D020": 42.30965438129745}, "K66-U070": {"K66-U080": 196.51868665219112}, "K65-U170": {"K65-U180": 50.200391186503126}, "K66-D150": {"K66-D160": 84.89763141950996}, "K65-U090": {"K65-U100": 50.89942173214213}, "K66-U090": {"K66-U100": 53.62677046172962}, "K66-U150": {"K66-U160": 59.76533092248165}, "K66-D040": {"K66-D050": 40.01731460360137}, "K68-D110": {"K68-D120": 96.67112157835362}, "K65-U180": {"K65-U190": 74.3202252779495}, "K68-U090": {"K68-U100": 138.16023457898717}, "K66-D070": {"K66-D080": 43.468690795117524}, "K65-U110": {"K65-U120": 105.28603430847542}, "K68-U140": {"K68-U150": 43.936345997360704}, "K68-D090": {"K68-D100": 148.52325327965013}, "K68-D140": {"K68-D150": 44.8744378635427}, "K66-D180": {"K66-D190": 84.78800979431534}, "K68-U150": {"K68-U160": 81.84183268808835}, "K66-D080": {"K66-D090": 57.198268817784765}, "K65-U150": {"K65-U160": 59.35390790876236}, "K65-D030": {"K65-D040": 62.23629136069555}, "K68-D100": {"K68-D110": 84.13133949901142}, "K65-U130": {"K65-U140": 29.182141603579833}, "K65-U010": {"K65-U020": 267.49033661775326}, "K66-U210": {"K66-U220": 47.83597779335871}, "K68-U040": {"K68-U050": 49.76235223569263}, "K68-U110": {"K68-U120": 189.82928700233788}, "K68-D020": {"K68-D030": 74.63104910332976}, "K65-U210": {"K65-U220": 79.9265070775971}, "K66-U120": {"K66-U130": 58.21312960016845}, "K68-D130": {"K68-D140": 59.215383418971655}, "K65-U040": {"K65-U050": 85.61532018275247}, "K65-D130": {"K65-D140": 98.76240261779961}, "K68-U050": {"K68-U060": 49.79387182994696}, "K66-D050": {"K66-D060": 45.32680453287961}, "K68-U010": {"K68-U020": 90.45832334546871}, "K68-D060": {"K68-D070": 90.5491672766266}, "K68-U060": {"K68-U070": 61.35233043593399}, "K65-U220": {"K65-U230": 73.70013285066227}, "K66-U110": {"K66-U120": 40.41648954905348}, "K68-D180": {"K68-D190": 39.81544751672012}, "K68-D170": {"K68-D180": 48.97547994306573}, "K66-U200": {"K66-U210": 60.89443307364188}, "K66-D030": {"K66-D040": 77.78740934985163}, "K65-U020": {"K65-U030": 138.9914370919472}, "K65-U190": {"K65-U200": 51.21068734972478}, "K68-U160": {"K68-U170": 66.69921116709747}, "K66-D160": {"K66-D170": 142.39229376297774}, "K65-U120": {"K65-U130": 177.24288649024146}, "K68-D200": {"K68-U011": 66.34610425056655}, "K65-D040": {"K65-D050": 70.54231524477579}, "K65A-U040": {"K65A-U050": 80.34075251367281}, "K65A-D040": {"K65A-D050": 68.57446219263161}, "K65A-U020": {"K65A-U030": 176.00522893888134}, "K66-U170": {"K66-U180": 31.83166568583029}, "K65A-U050": {"K65A-U060": 50.17551274529476}, "K65A-D090": {"K65A-D100": 112.52887075562997}, "K65A-U080": {"K65A-U090": 72.12664300718396}, "K65A-D030": {"K65A-D040": 70.87095187471927}, "K65A-D010": {"K65A-D020": 52.08989417892032}, "K66-D060": {"K66-D070": 35.64153824004539}, "K65A-U060": {"K65A-U070": 52.93334126778478}, "K66-D210": {"K66-D220": 173.627579620162}, "K68-D070": {"K68-D080": 196.67386566023453}, "K65-D160": {"K65-D170": 144.18690415501177}, "K68-U130": {"K68-U140": 162.64960674845787}, "K68-U020": {"K68-U030": 38.746821672551064}, "K66-U060": {"K66-U070": 160.83827632266903}, "K68-D010": {"K68-D020": 51.161298883176315}, "K65A-U010": {"K65A-U020": 47.696527821913996}, "K68-D040": {"K68-D050": 99.57410938877514}, "K66-D220": {"K66-D230": 71.86590437977347}, "K66-D120": {"K66-D130": 66.51945080662662}, "K68-U080": {"K68-U090": 48.965917549443034}, "K68-D120": {"K68-D130": 163.29309254392712}, "K66-D230": {"K66-D240": 99.24902603103313}, "K68-D030": {"K68-D040": 82.1932487414325}}