{"K65A-D050": {"K65A-D060": 62.55414576628449}, "K65A-U100": {"K65A-U110": 60.05984521605817}, "K65A-U110": {"K65A-U120": 76.77392330117554}, "K65A-U120": {"K65A-U130": 86.53071836507624}, "K65-U060": {"K65-U070": 33.93279739700341}, "K66-D090": {"K66-D100": 42.1449110154198}, "K65A-D070": {"K65A-D080": 116.54848869153605}, "K68-D190": {"K68-D200": 38.83963482103029}, "K65A-U030": {"K65A-U040": 31.70676474073816}, "K65-D050": {"K65-D060": 67.05319800909596}, "K65-U070": {"K65-U080": 61.76469768571246}, "K65-U200": {"K65-U210": 63.21147801493555}, "K65-D150": {"K65-D160": 104.97920083679158}, "K66-D170": {"K66-D180": 191.2894555073959}, "K65-D060": {"K65-D070": 78.98423923458031}, "K65-D180": {"K65-D190": 108.38028911991418}, "K66-U190": {"K66-U200": 64.48386926806404}, "K66-U130": {"K66-U140": 53.49476060070059}, "K65-U080": {"K65-U090": 149.67195356211428}, "K66-D200": {"K66-D210": 130.40194724782364}, "K68-U120": {"K68-U130": 167.4424046271816}, "K68-D150": {"K68-D160": 43.09319201143284}, "K65-U100": {"K65-U110": 128.62421816929992}, "K66-U020": {"K66-U030": 195.37825567406531}, "K65-D070": {"K65-D080": 125.14678333866031}, "K65-D100": {"K65-D110": 206.50358637771234}, "K66-U180": {"K66-U190": 61.57358661704188}, "K65-D170": {"K65-D180": 91.83797640581534}, "K66-U040": {"K66-U050": 131.95625168705845}, "K65-U140": {"K65-U150": 102.28532447686896}, "K66-U010": {"K66-U020": 128.51109231078036}, "K66-U080": {"K66-U090": 172.2962516510629}, "K65-U050": {"K65-U060": 110.30037104592391}, "K68-U070": {"K68-U080": 37.31413409390811}, "K66-U140": {"K66-U150": 48.04377830432329}, "K66-U050": {"K66-U060": 44.868043689945395}, "K68-U100": {"K68-U110": 176.6730502615321}, "K68-D160": {"K68-D170": 79.89922991498013}, "K65A-D020": {"K65A-D030": 79.41481608840286}, "K68-U030": {"K68-U040": 20.460417715825265}, "K66-D110": {"K66-D120": 39.6013268594497}, "K65-D120": {"K65-D130": 69.94038057860274}, "K66-D130": {"K66-D140": 40.478662681462175}, "K65A-D100": {"K65A-D110": 239.53496702548387}, "K65-D090": {"K65-D100": 108.34742680723703}, "K65A-D080": {"K65A-D090": 65.40358256452225}, "K68-D080": {"K68-D090": 86.47900863768677}, "K65A-U070": {"K65A-U080": 47.018140244041184}, "K66-D010": {"K66-D020": 17.805512938552912}, "K65-D020": {"K65-D030": 79.99316410908573}, "K65A-U090": {"K65A-U100": 47.147887573538576}, "K66-U100": {"K66-U110": 75.79711265196129}, "K65A-D060": {"K65A-D070": 78.39076757922926}, "K65-D080": {"K65-D090": 57.484579482421694}, "K65-D110": {"K65-D120": 96.42198997096696}, "K65-U160": {"K65-U170": 51.267185018809094}, "K68-U170": {"K68-D010": 157.4538705382131}, "K66-U160": {"K66-U170": 48.59867122315296}, "K66-D020": {"K66-D030": 68.03720102947736}, "K68-D050": {"K68-D060": 61.57325082050079}, "K66-D190": {"K66-D200": 84.95649340506694}, "K66-U030": {"K66-U040": 161.33252745424048}, "K66-D100": {"K66-D110": 47.96163554969054}, "K66-D140": {"K66-D150": 88.86752564730179}, "K65-U030": {"K65-U040": 104.39266926955509}, "K65-D140": {"K65-D150": 109.3320323066544}, "K65-D010": {"K65-D020": 40.19969548974671}, "K66-U070": {"K66-U080": 200.47684645724124}, "K65-U170": {"K65-U180": 46.15805553288284}, "K66-D150": {"K66-D160": 85.02453187040727}, "K65-U090": {"K65-U100": 52.67718320918438}, "K66-U090": {"K66-U100": 53.57493664755172}, "K66-U150": {"K66-U160": 56.02737684206396}, "K66-D040": {"K66-D050": 41.43459290259725}, "K68-D110": {"K68-D120": 95.56252467957026}, "K65-U180": {"K65-U190": 69.77749532052623}, "K68-U090": {"K68-U100": 137.1063618037245}, "K66-D070": {"K66-D080": 51.960192038809716}, "K65-U110": {"K65-U120": 109.71848178350322}, "K68-U140": {"K68-U150": 40.19894798759738}, "K68-D090": {"K68-D100": 156.01692831097176}, "K68-D140": {"K68-D150": 48.67010798070142}, "K66-D180": {"K66-D190": 74.38117654410955}, "K68-U150": {"K68-U160": 80.75829783990477}, "K66-D080": {"K66-D090": 65.69341880419378}, "K65-U150": {"K65-U160": 55.58810231567878}, "K65-D030": {"K65-D040": 65.84089149391896}, "K68-D100": {"K68-D110": 79.73359634088686}, "K65-U130": {"K65-U140": 30.33283711527391}, "K65-U010": {"K65-U020": 264.44976621275475}, "K66-U210": {"K66-U220": 49.1220706828927}, "K68-U040": {"K68-U050": 48.56458340589031}, "K68-U110": {"K68-U120": 187.10290720637323}, "K68-D020": {"K68-D030": 78.78713074172904}, "K65-U210": {"K65-U220": 78.33411438515874}, "K66-U120": {"K66-U130": 51.02923538604905}, "K68-D130": {"K68-D140": 61.58696459448699}, "K65-U040": {"K65-U050": 84.0325094503291}, "K65-D130": {"K65-D140": 97.13922353407006}, "K68-U050": {"K68-U060": 52.06171299275301}, "K66-D050": {"K66-D060": 38.56439715093783}, "K68-U010": {"K68-U020": 86.06519221124238}, "K68-D060": {"K68-D070": 91.66709496253819}, "K68-U060": {"K68-U070": 62.718470430567436}, "K65-U220": {"K65-U230": 79.84280124208401}, "K66-U110": {"K66-U120": 39.3888625379612}, "K68-D180": {"K68-D190": 38.26236432590854}, "K68-D170": {"K68-D180": 46.07452103766455}, "K66-U200": {"K66-U210": 57.4301805077359}, "K66-D030": {"K66-D040": 76.10553986127589}, "K65-U020": {"K65-U030": 124.33043136736418}, "K65-U190": {"K65-U200": 54.58568499945022}, "K68-U160": {"K68-U170": 68.87740682335723}, "K66-D160": {"K66-D170": 138.38422216908933}, "K65-U120": {"K65-U130": 181.25881440081108}, "K68-D200": {"K68-U011": 63.06797277517414}, "K65-D040": {"K65-D050": 66.02033785148386}, "K65A-U040": {"K65A-U050": 92.3458401296324}, "K65A-D040": {"K65A-D050": 73.94865110546995}, "K65A-U020": {"K65A-U030": 201.7099732259448}, "K66-U170": {"K66-U180": 33.527450098172935}, "K65A-U050": {"K65A-U060": 47.116196775814025}, "K65A-D090": {"K65A-D100": 119.04276836367903}, "K65A-U080": {"K65A-U090": 65.88103428405512}, "K65A-D030": {"K65A-D040": 67.01535368811192}, "K65A-D010": {"K65A-D020": 66.19969117029348}, "K66-D060": {"K66-D070": 40.09016479363431}, "K65A-U060": {"K65A-U070": 52.609064589288735}, "K66-D210": {"K66-D220": 148.94434820273}, "K68-D070": {"K68-D080": 204.54354016081297}, "K65-D160": {"K65-D170": 142.6074644146673}, "K68-U130": {"K68-U140": 154.60957569919088}, "K68-U020": {"K68-U030": 37.34787355611304}, "K66-U060": {"K66-U070": 164.43540735716007}, "K68-D010": {"K68-D020": 49.010231962224374}, "K65A-U010": {"K65A-U020": 54.69608888720262}, "K68-D040": {"K68-D050": 99.54632898765507}, "K66-D220": {"K66-D230": 72.11513575919876}, "K66-D120": {"K66-D130": 64.90684184819447}, "K68-U080": {"K68-U090": 46.90946448269325}, "K68-D120": {"K68-D130": 165.80748486309363}, "K66-D230": {"K66-D240": 95.81798325003163}, "K68-D030": {"K68-D040": 73.00172178279404}}