{"K65A-D050": {"K65A-D060": 58.32542856386908}, "K65A-U100": {"K65A-U110": 64.32242507278556}, "K65A-U110": {"K65A-U120": 80.33054537035716}, "K65A-U120": {"K65A-U130": 79.17261081136276}, "K65-U060": {"K65-U070": 35.95996286721978}, "K66-D090": {"K66-D100": 41.825101067673025}, "K65A-D070": {"K65A-D080": 104.15105767982212}, "K68-D190": {"K68-D200": 47.22495122128036}, "K65A-U030": {"K65A-U040": 35.07815651832157}, "K65-D050": {"K65-D060": 62.23521571950033}, "K65-U070": {"K65-U080": 69.02755838020663}, "K65-U200": {"K65-U210": 69.98622977682206}, "K65-D150": {"K65-D160": 105.54604232138006}, "K66-D170": {"K66-D180": 191.14408730611984}, "K65-D060": {"K65-D070": 87.87452642498424}, "K65-D180": {"K65-D190": 113.63054775913513}, "K66-U190": {"K66-U200": 67.83447712566029}, "K66-U130": {"K66-U140": 54.01313477431845}, "K65-U080": {"K65-U090": 159.0328077828176}, "K66-D200": {"K66-D210": 128.55266960770834}, "K68-U120": {"K68-U130": 162.38580051495583}, "K68-D150": {"K68-D160": 40.15609173797718}, "K65-U100": {"K65-U110": 129.56716855094697}, "K66-U020": {"K66-U030": 199.15735309304944}, "K65-D070": {"K65-D080": 122.03167297606016}, "K65-D100": {"K65-D110": 218.34642049246764}, "K66-U180": {"K66-U190": 61.233003203729616}, "K65-D170": {"K65-D180": 107.49937632512135}, "K66-U040": {"K66-U050": 133.2507872088566}, "K65-U140": {"K65-U150": 99.56739016255428}, "K66-U010": {"K66-U020": 137.4687267063221}, "K66-U080": {"K66-U090": 182.53415887768386}, "K65-U050": {"K65-U060": 112.99737668617472}, "K68-U070": {"K68-U080": 35.77487634420508}, "K66-U140": {"K66-U150": 51.41302894952022}, "K66-U050": {"K66-U060": 44.69982983882255}, "K68-U100": {"K68-U110": 182.68365675598756}, "K68-D160": {"K68-D170": 82.07990817002371}, "K65A-D020": {"K65A-D030": 75.86624840451663}, "K68-U030": {"K68-U040": 23.20194991011261}, "K66-D110": {"K66-D120": 39.517513578618676}, "K65-D120": {"K65-D130": 73.34809170884638}, "K66-D130": {"K66-D140": 37.271328121862396}, "K65A-D100": {"K65A-D110": 246.53846053071135}, "K65-D090": {"K65-D100": 107.19841806456903}, "K65A-D080": {"K65A-D090": 52.58822651803617}, "K68-D080": {"K68-D090": 91.97375040514588}, "K65A-U070": {"K65A-U080": 49.874682828126325}, "K66-D010": {"K66-D020": 27.088131313816906}, "K65-D020": {"K65-D030": 76.16245944002735}, "K65A-U090": {"K65A-U100": 46.49224659153113}, "K66-U100": {"K66-U110": 89.24279450561936}, "K65A-D060": {"K65A-D070": 78.22728391346179}, "K65-D080": {"K65-D090": 62.74631911374952}, "K65-D110": {"K65-D120": 99.22625852435746}, "K65-U160": {"K65-U170": 55.099051097704304}, "K68-U170": {"K68-D010": 146.9414036073632}, "K66-U160": {"K66-U170": 53.14340565752618}, "K66-D020": {"K66-D030": 69.13792922250585}, "K68-D050": {"K68-D060": 65.95835575501529}, "K66-D190": {"K66-D200": 86.00874673863562}, "K66-U030": {"K66-U040": 166.17885489982262}, "K66-D100": {"K66-D110": 48.26633402540287}, "K66-D140": {"K66-D150": 82.54414541914639}, "K65-U030": {"K65-U040": 109.30434465914811}, "K65-D140": {"K65-D150": 113.27380179584608}, "K65-D010": {"K65-D020": 41.94788549890348}, "K66-U070": {"K66-U080": 201.43899353924598}, "K65-U170": {"K65-U180": 48.1332621250885}, "K66-D150": {"K66-D160": 91.92784510465098}, "K65-U090": {"K65-U100": 62.88447127343543}, "K66-U090": {"K66-U100": 53.012643461075356}, "K66-U150": {"K66-U160": 53.453304286778916}, "K66-D040": {"K66-D050": 43.50963633038888}, "K68-D110": {"K68-D120": 96.96618168190727}, "K65-U180": {"K65-U190": 77.52436846495286}, "K68-U090": {"K68-U100": 130.1335172764479}, "K66-D070": {"K66-D080": 50.47801336736651}, "K65-U110": {"K65-U120": 109.54096126534876}, "K68-U140": {"K68-U150": 44.38490431090033}, "K68-D090": {"K68-D100": 146.9718797202658}, "K68-D140": {"K68-D150": 40.888831853883964}, "K66-D180": {"K66-D190": 80.54546621247833}, "K68-U150": {"K68-U160": 85.77121325218596}, "K66-D080": {"K66-D090": 65.0197564285178}, "K65-U150": {"K65-U160": 53.60599162717405}, "K65-D030": {"K65-D040": 63.908326285863026}, "K68-D100": {"K68-D110": 95.53411732385932}, "K65-U130": {"K65-U140": 31.706043648613974}, "K65-U010": {"K65-U020": 268.519980526933}, "K66-U210": {"K66-U220": 58.26896083878813}, "K68-U040": {"K68-U050": 51.68081418899716}, "K68-U110": {"K68-U120": 189.67646164779197}, "K68-D020": {"K68-D030": 86.84281117472739}, "K65-U210": {"K65-U220": 75.89082153620735}, "K66-U120": {"K66-U130": 58.07233640688181}, "K68-D130": {"K68-D140": 60.8515792896815}, "K65-U040": {"K65-U050": 89.04142068616841}, "K65-D130": {"K65-D140": 102.85541024465192}, "K68-U050": {"K68-U060": 49.65089647865233}, "K66-D050": {"K66-D060": 41.43398195112354}, "K68-U010": {"K68-U020": 93.91485824730742}, "K68-D060": {"K68-D070": 98.61044616399133}, "K68-U060": {"K68-U070": 65.23273711112138}, "K65-U220": {"K65-U230": 79.78832621308663}, "K66-U110": {"K66-U120": 40.849486062403415}, "K68-D180": {"K68-D190": 40.95355769431576}, "K68-D170": {"K68-D180": 53.37343003280315}, "K66-U200": {"K66-U210": 53.28453446794249}, "K66-D030": {"K66-D040": 81.11982147516015}, "K65-U020": {"K65-U030": 133.49123430326273}, "K65-U190": {"K65-U200": 55.14070252010983}, "K68-U160": {"K68-U170": 73.7249099721064}, "K66-D160": {"K66-D170": 146.42057324234344}, "K65-U120": {"K65-U130": 182.3945860055271}, "K68-D200": {"K68-U011": 70.27974259100363}, "K65-D040": {"K65-D050": 70.83758888534436}, "K65A-U040": {"K65A-U050": 94.7103441974444}, "K65A-D040": {"K65A-D050": 74.52193378153493}, "K65A-U020": {"K65A-U030": 180.46456133396595}, "K66-U170": {"K66-U180": 33.900803510646746}, "K65A-U050": {"K65A-U060": 48.51594405786956}, "K65A-D090": {"K65A-D100": 117.36362488741642}, "K65A-U080": {"K65A-U090": 69.62250390029669}, "K65A-D030": {"K65A-D040": 60.04374175267964}, "K65A-D010": {"K65A-D020": 76.35594379771491}, "K66-D060": {"K66-D070": 45.306729247859934}, "K65A-U060": {"K65A-U070": 58.92103381015985}, "K66-D210": {"K66-D220": 151.87854990899044}, "K68-D070": {"K68-D080": 214.36527218519683}, "K65-D160": {"K65-D170": 163.68392536750443}, "K68-U130": {"K68-U140": 167.12363309675135}, "K68-U020": {"K68-U030": 40.37831492451619}, "K66-U060": {"K66-U070": 175.96089686363098}, "K68-D010": {"K68-D020": 49.57949065485474}, "K65A-U010": {"K65A-U020": 62.12939969658877}, "K68-D040": {"K68-D050": 104.34220383428251}, "K66-D220": {"K66-D230": 92.62706639704419}, "K66-D120": {"K66-D130": 66.13111076491745}, "K68-U080": {"K68-U090": 52.22254116759999}, "K68-D120": {"K68-D130": 169.29842495718745}, "K66-D230": {"K66-D240": 96.96438577553542}, "K68-D030": {"K68-D040": 86.36923137602076}}