{"K65A-D050": {"K65A-D060": 57.00584411621094}, "K65A-U100": {"K65A-U110": 63.82611083984375}, "K65A-U110": {"K65A-U120": 66.89606849849224}, "K65A-U120": {"K65A-U130": 64.0638427734375}, "K65-U060": {"K65-U070": 33.5928845409299}, "K66-D090": {"K66-D100": 45.371189892757684}, "K65A-D070": {"K65A-D080": 118.16406059265137}, "K68-D190": {"K68-D200": 32.81363105773926}, "K65A-U030": {"K65A-U040": 24.9306640625}, "K65-D050": {"K65-D060": 55.500331815816025}, "K65-U070": {"K65-U080": 60.78929435904138}, "K65-U200": {"K65-U210": 56.12901151832193}, "K65-D150": {"K65-D160": 77.63639911933438}, "K66-D170": {"K66-D180": 175.37236547470093}, "K65-D060": {"K65-D070": 81.55511920149303}, "K65-D180": {"K65-D190": 118.5413915545214}, "K66-U190": {"K66-U200": 52.584113423814415}, "K66-U130": {"K66-U140": 51.97206994989551}, "K65-U080": {"K65-U090": 139.72879181290045}, "K66-D200": {"K66-D210": 112.54448598064482}, "K68-U120": {"K68-U130": 175.5730037689209}, "K68-D150": {"K68-D160": 71.44926452636719}, "K65-U100": {"K65-U110": 123.26103393733501}, "K66-U020": {"K66-U030": 156.07570266723633}, "K65-D070": {"K65-D080": 109.38170578435529}, "K65-D100": {"K65-D110": 217.87766335811466}, "K66-U180": {"K66-U190": 42.17117850266027}, "K65-D170": {"K65-D180": 63.174972643858396}, "K66-U040": {"K66-U050": 111.45181097835302}, "K65-U140": {"K65-U150": 89.22428945079446}, "K66-U010": {"K66-U020": 111.83395630121231}, "K66-U080": {"K66-U090": 156.30321618169546}, "K65-U050": {"K65-U060": 101.82035036757588}, "K68-U070": {"K68-U080": 44.0521354675293}, "K66-U140": {"K66-U150": 48.736382019747}, "K66-U050": {"K66-U060": 38.168312676250935}, "K68-U100": {"K68-U110": 159.7529296875}, "K68-D160": {"K68-D170": 42.4989128112793}, "K65A-D020": {"K65A-D030": 74.46383666992188}, "K68-U030": {"K68-U040": 17.978515625}, "K66-D110": {"K66-D120": 33.190542094409466}, "K65-D120": {"K65-D130": 57.8604082996074}, "K66-D130": {"K66-D140": 36.51338577270508}, "K65A-D100": {"K65A-D110": 263.8701171875}, "K65-D090": {"K65-D100": 80.1412136843428}, "K65A-D080": {"K65A-D090": 50.33198595046997}, "K68-D080": {"K68-D090": 79.87492275238037}, "K65A-U070": {"K65A-U080": 40.816986083984375}, "K66-D010": {"K66-D020": 13.576066190580605}, "K65-D020": {"K65-D030": 73.38353365156445}, "K65A-U090": {"K65A-U100": 47.784671783447266}, "K66-U100": {"K66-U110": 74.98007691751627}, "K65A-D060": {"K65A-D070": 67.6009521484375}, "K65-D080": {"K65-D090": 62.481234924883665}, "K65-D110": {"K65-D120": 85.34654511794658}, "K65-U160": {"K65-U170": 57.22569725429639}, "K68-U170": {"K68-D010": 138.24622249603271}, "K66-U160": {"K66-U170": 52.48180453106761}, "K66-D020": {"K66-D030": 63.99074926925823}, "K68-D050": {"K68-D060": 50.85791015625}, "K66-D190": {"K66-D200": 71.96265728771687}, "K66-U030": {"K66-U040": 167.85382814172044}, "K66-D100": {"K66-D110": 38.6581498859523}, "K66-D140": {"K66-D150": 83.54889533342794}, "K65-U030": {"K65-U040": 102.75030937212432}, "K65-D140": {"K65-D150": 94.78219332727531}, "K65-D010": {"K65-D020": 36.14662050375546}, "K66-U070": {"K66-U080": 150.61491483449936}, "K65-U170": {"K65-U180": 27.55300234258175}, "K66-D150": {"K66-D160": 94.94412147626281}, "K65-U090": {"K65-U100": 63.37933554884512}, "K66-U090": {"K66-U100": 46.29062093049288}, "K66-U150": {"K66-U160": 38.791014432907104}, "K66-D040": {"K66-D050": 29.877334020100534}, "K68-D110": {"K68-D120": 84.54101371765137}, "K65-U180": {"K65-U190": 55.62237939843908}, "K68-U090": {"K68-U100": 102.42657685279846}, "K66-D070": {"K66-D080": 23.246708963997662}, "K65-U110": {"K65-U120": 96.97861443459988}, "K68-U140": {"K68-U150": 27.148521423339844}, "K68-D090": {"K68-D100": 126.85107421875}, "K68-D140": {"K68-D150": 45.491472974419594}, "K66-D180": {"K66-D190": 70.91273181885481}, "K68-U150": {"K68-U160": 79.12541198730469}, "K66-D080": {"K66-D090": 66.05584932209285}, "K65-U150": {"K65-U160": 54.16519379615784}, "K65-D030": {"K65-D040": 66.97471377067268}, "K68-D100": {"K68-D110": 80.2174654006958}, "K65-U130": {"K65-U140": 24.336727307119872}, "K65-U010": {"K65-U020": 275.27117919921875}, "K66-U210": {"K66-U220": 48.653039418160915}, "K68-U040": {"K68-U050": 44.00048828125}, "K68-U110": {"K68-U120": 177.90087890625}, "K68-D020": {"K68-D030": 68.02178955078125}, "K65-U210": {"K65-U220": 66.26994746923447}, "K66-U120": {"K66-U130": 47.39679208397865}, "K68-D130": {"K68-D140": 52.68512091599405}, "K65-U040": {"K65-U050": 86.03532855026424}, "K65-D130": {"K65-D140": 83.04681566841555}, "K68-U050": {"K68-U060": 58.854766845703125}, "K66-D050": {"K66-D060": 51.30120111526321}, "K68-U010": {"K68-U020": 72.34814453125}, "K68-D060": {"K68-D070": 95.42578125}, "K68-U060": {"K68-U070": 74.02566528320312}, "K65-U220": {"K65-U230": 71.5551438331604}, "K66-U110": {"K66-U120": 42.28235566122021}, "K68-D180": {"K68-D190": 33.41295623779297}, "K68-D170": {"K68-D180": 51.61758327484131}, "K66-U200": {"K66-U210": 56.31970534939319}, "K66-D030": {"K66-D040": 78.37901180167682}, "K65-U020": {"K65-U030": 142.5728854695808}, "K65-U190": {"K65-U200": 48.41878116939202}, "K68-U160": {"K68-U170": 70.69209617376328}, "K66-D160": {"K66-D170": 121.08966615796089}, "K65-U120": {"K65-U130": 173.48591828346252}, "K68-D200": {"K68-U011": 44.32225036621094}, "K65-D040": {"K65-D050": 60.07116314698942}, "K65A-U040": {"K65A-U050": 85.2378921508789}, "K65A-D040": {"K65A-D050": 40.94703674316406}, "K65A-U020": {"K65A-U030": 191.6575164794922}, "K66-U170": {"K66-U180": 32.707684268651064}, "K65A-U050": {"K65A-U060": 55.85003662109375}, "K65A-D090": {"K65A-D100": 112.03500747680664}, "K65A-U080": {"K65A-U090": 68.29019221663475}, "K65A-D030": {"K65A-D040": 49.83729934692383}, "K65A-D010": {"K65A-D020": 44.92138671875}, "K66-D060": {"K66-D070": 28.29992377758026}, "K65A-U060": {"K65A-U070": 46.40969705581665}, "K66-D210": {"K66-D220": 114.85984984692186}, "K68-D070": {"K68-D080": 178.66943359375}, "K65-D160": {"K65-D170": 134.0877557452768}, "K68-U130": {"K68-U140": 153.990234375}, "K68-U020": {"K68-U030": 25.708718299865723}, "K66-U060": {"K66-U070": 142.02484501339495}, "K68-D010": {"K68-D020": 44.119140625}, "K65A-U010": {"K65A-U020": 79.8966064453125}, "K68-D040": {"K68-D050": 84.355224609375}, "K66-D220": {"K66-D230": 80.75395713746548}, "K66-D120": {"K66-D130": 53.91269016265869}, "K68-U080": {"K68-U090": 41.98591768741608}, "K68-D120": {"K68-D130": 147.20703125}, "K66-D230": {"K66-D240": 91.90033543109894}, "K68-D030": {"K68-D040": 78.870361328125}}