{"K65A-D050": {"K65A-D060": 59.00535903641968}, "K65A-U100": {"K65A-U110": 68.81834139256947}, "K65A-U110": {"K65A-U120": 79.90959585182046}, "K65A-U120": {"K65A-U130": 83.89350733788322}, "K65-U060": {"K65-U070": 37.55256933334506}, "K66-D090": {"K66-D100": 41.5321854883419}, "K65A-D070": {"K65A-D080": 118.65501863958437}, "K68-D190": {"K68-D200": 46.03934374966502}, "K65A-U030": {"K65A-U040": 35.344080933222266}, "K65-D050": {"K65-D060": 65.28547343771793}, "K65-U070": {"K65-U080": 66.57508554664973}, "K65-U200": {"K65-U210": 62.768335673451794}, "K65-D150": {"K65-D160": 110.04427304863228}, "K66-D170": {"K66-D180": 186.46306032248208}, "K65-D060": {"K65-D070": 81.38649198554327}, "K65-D180": {"K65-D190": 114.83065602371785}, "K66-U190": {"K66-U200": 69.68998759238484}, "K66-U130": {"K66-U140": 55.08947590540068}, "K65-U080": {"K65-U090": 161.50992997591013}, "K66-D200": {"K66-D210": 126.39225990063514}, "K68-U120": {"K68-U130": 160.50694033929716}, "K68-D150": {"K68-D160": 41.225088427955974}, "K65-U100": {"K65-U110": 132.6723791959041}, "K66-U020": {"K66-U030": 194.74635088204226}, "K65-D070": {"K65-D080": 122.8617018434154}, "K65-D100": {"K65-D110": 219.39583477562465}, "K66-U180": {"K66-U190": 61.97930079751961}, "K65-D170": {"K65-D180": 106.81724565248696}, "K66-U040": {"K66-U050": 133.84201974340084}, "K65-U140": {"K65-U150": 100.77851552795823}, "K66-U010": {"K66-U020": 131.46336665058104}, "K66-U080": {"K66-U090": 166.88978211842166}, "K65-U050": {"K65-U060": 105.49533404381366}, "K68-U070": {"K68-U080": 37.82856947119692}, "K66-U140": {"K66-U150": 49.12651568783876}, "K66-U050": {"K66-U060": 48.83519501010749}, "K68-U100": {"K68-U110": 183.0805571438903}, "K68-D160": {"K68-D170": 83.07026606002097}, "K65A-D020": {"K65A-D030": 81.01733438585923}, "K68-U030": {"K68-U040": 21.680015456648498}, "K66-D110": {"K66-D120": 42.96776147348974}, "K65-D120": {"K65-D130": 67.52081021930123}, "K66-D130": {"K66-D140": 41.91145191283671}, "K65A-D100": {"K65A-D110": 252.04162121272148}, "K65-D090": {"K65-D100": 103.437539521077}, "K65A-D080": {"K65A-D090": 61.12086838999854}, "K68-D080": {"K68-D090": 88.8757354318587}, "K65A-U070": {"K65A-U080": 52.23799335637459}, "K66-D010": {"K66-D020": 18.3988251004117}, "K65-D020": {"K65-D030": 75.87417840149445}, "K65A-U090": {"K65A-U100": 47.93052912430613}, "K66-U100": {"K66-U110": 85.31967214251793}, "K65A-D060": {"K65A-D070": 77.51250637187823}, "K65-D080": {"K65-D090": 62.107184949618045}, "K65-D110": {"K65-D120": 103.9689421585088}, "K65-U160": {"K65-U170": 58.491438872079925}, "K68-U170": {"K68-D010": 163.35178371607194}, "K66-U160": {"K66-U170": 48.95434682292968}, "K66-D020": {"K66-D030": 68.45729576272666}, "K68-D050": {"K68-D060": 66.64570040820709}, "K66-D190": {"K66-D200": 84.06584847662167}, "K66-U030": {"K66-U040": 173.65295350091588}, "K66-D100": {"K66-D110": 43.2061163579196}, "K66-D140": {"K66-D150": 95.17485099816938}, "K65-U030": {"K65-U040": 96.45943573802874}, "K65-D140": {"K65-D150": 111.10072868292852}, "K65-D010": {"K65-D020": 42.899285568111495}, "K66-U070": {"K66-U080": 206.76495245568398}, "K65-U170": {"K65-U180": 49.4826604208692}, "K66-D150": {"K66-D160": 93.7431873152258}, "K65-U090": {"K65-U100": 58.17620365702554}, "K66-U090": {"K66-U100": 53.02022295736084}, "K66-U150": {"K66-U160": 47.04669789101479}, "K66-D040": {"K66-D050": 40.57849360125117}, "K68-D110": {"K68-D120": 92.75783802586736}, "K65-U180": {"K65-U190": 73.25995290248618}, "K68-U090": {"K68-U100": 150.59352019174372}, "K66-D070": {"K66-D080": 47.728558631766916}, "K65-U110": {"K65-U120": 112.30048909463699}, "K68-U140": {"K68-U150": 48.281655377067565}, "K68-D090": {"K68-D100": 160.49860111171336}, "K68-D140": {"K68-D150": 45.031373869883694}, "K66-D180": {"K66-D190": 80.89988180611297}, "K68-U150": {"K68-U160": 82.82718201350689}, "K66-D080": {"K66-D090": 69.7925408302333}, "K65-U150": {"K65-U160": 58.26871374710963}, "K65-D030": {"K65-D040": 66.79042001430027}, "K68-D100": {"K68-D110": 92.67374761832181}, "K65-U130": {"K65-U140": 28.53670939800376}, "K65-U010": {"K65-U020": 263.17669942284306}, "K66-U210": {"K66-U220": 53.68491581400982}, "K68-U040": {"K68-U050": 53.282917292899654}, "K68-U110": {"K68-U120": 197.22054420937516}, "K68-D020": {"K68-D030": 82.88242818182891}, "K65-U210": {"K65-U220": 75.55683711377552}, "K66-U120": {"K66-U130": 52.58527241548801}, "K68-D130": {"K68-D140": 65.75132880912486}, "K65-U040": {"K65-U050": 96.42462048202779}, "K65-D130": {"K65-D140": 105.28723288567339}, "K68-U050": {"K68-U060": 55.93842143176471}, "K66-D050": {"K66-D060": 52.57493001329766}, "K68-U010": {"K68-U020": 95.8494895435894}, "K68-D060": {"K68-D070": 95.92563219565906}, "K68-U060": {"K68-U070": 63.70087111872918}, "K65-U220": {"K65-U230": 76.63122053958355}, "K66-U110": {"K66-U120": 41.91695340347492}, "K68-D180": {"K68-D190": 38.01710807192833}, "K68-D170": {"K68-D180": 53.70382472263022}, "K66-U200": {"K66-U210": 59.034440407723864}, "K66-D030": {"K66-D040": 77.34031002906401}, "K65-U020": {"K65-U030": 128.75276384072134}, "K65-U190": {"K65-U200": 51.99145616135854}, "K68-U160": {"K68-U170": 75.98629367713326}, "K66-D160": {"K66-D170": 154.23206960700023}, "K65-U120": {"K65-U130": 187.7758052775614}, "K68-D200": {"K68-U011": 70.3807796667973}, "K65-D040": {"K65-D050": 75.21801702698987}, "K65A-U040": {"K65A-U050": 88.72400251872877}, "K65A-D040": {"K65A-D050": 74.36025645316334}, "K65A-U020": {"K65A-U030": 187.22225738855613}, "K66-U170": {"K66-U180": 39.94049790213542}, "K65A-U050": {"K65A-U060": 54.32572567052402}, "K65A-D090": {"K65A-D100": 113.7988515177727}, "K65A-U080": {"K65A-U090": 67.07637186096726}, "K65A-D030": {"K65A-D040": 62.604072063236835}, "K65A-D010": {"K65A-D020": 67.08911011151915}, "K66-D060": {"K66-D070": 43.98786367906732}, "K65A-U060": {"K65A-U070": 51.87865932179807}, "K66-D210": {"K66-D220": 134.08433743787734}, "K68-D070": {"K68-D080": 207.95499292349092}, "K65-D160": {"K65-D170": 142.2865158416351}, "K68-U130": {"K68-U140": 161.81108207708897}, "K68-U020": {"K68-U030": 44.31500505722614}, "K66-U060": {"K66-U070": 177.26172560104766}, "K68-D010": {"K68-D020": 50.62840008047475}, "K65A-U010": {"K65A-U020": 55.794987728155704}, "K68-D040": {"K68-D050": 111.5591914168878}, "K66-D220": {"K66-D230": 89.64826957014749}, "K66-D120": {"K66-D130": 59.66125261873238}, "K68-U080": {"K68-U090": 52.38577366177064}, "K68-D120": {"K68-D130": 166.3600579154434}, "K66-D230": {"K66-D240": 99.62201515574067}, "K68-D030": {"K68-D040": 86.68063479807843}}