{"K65A-D050": {"K65A-D060": 58.56150966103094}, "K65A-U100": {"K65A-U110": 56.01730531927893}, "K65A-U110": {"K65A-U120": 75.03282478480655}, "K65A-U120": {"K65A-U130": 74.75419968338629}, "K65-U060": {"K65-U070": 29.448496511288717}, "K66-D090": {"K66-D100": 44.88488551071214}, "K65A-D070": {"K65A-D080": 109.96855387507921}, "K68-D190": {"K68-D200": 41.54414847839612}, "K65A-U030": {"K65A-U040": 29.726782139296365}, "K65-D050": {"K65-D060": 63.45634726727354}, "K65-U070": {"K65-U080": 62.836517033063345}, "K65-U200": {"K65-U210": 61.9613508957915}, "K65-D150": {"K65-D160": 107.54627362413676}, "K66-D170": {"K66-D180": 187.3346820666261}, "K65-D060": {"K65-D070": 81.15988601765426}, "K65-D180": {"K65-D190": 111.29042814291613}, "K66-U190": {"K66-U200": 71.12110456032073}, "K66-U130": {"K66-U140": 53.63066933253998}, "K65-U080": {"K65-U090": 158.3214771493188}, "K66-D200": {"K66-D210": 125.89196910675146}, "K68-U120": {"K68-U130": 152.10715250477998}, "K68-D150": {"K68-D160": 33.79119522684287}, "K65-U100": {"K65-U110": 141.55593300432616}, "K66-U020": {"K66-U030": 193.0411574602026}, "K65-D070": {"K65-D080": 121.96771166262972}, "K65-D100": {"K65-D110": 214.80138086547805}, "K66-U180": {"K66-U190": 58.56023248721713}, "K65-D170": {"K65-D180": 96.85848912288058}, "K66-U040": {"K66-U050": 135.25452811956626}, "K65-U140": {"K65-U150": 95.40846976833356}, "K66-U010": {"K66-U020": 134.17589601156504}, "K66-U080": {"K66-U090": 162.12776453129942}, "K65-U050": {"K65-U060": 104.57833333938626}, "K68-U070": {"K68-U080": 37.81691736703236}, "K66-U140": {"K66-U150": 49.41563604405467}, "K66-U050": {"K66-U060": 46.32058793183812}, "K68-U100": {"K68-U110": 184.15529175092735}, "K68-D160": {"K68-D170": 78.78300017090291}, "K65A-D020": {"K65A-D030": 71.79340867144228}, "K68-U030": {"K68-U040": 21.6345669675626}, "K66-D110": {"K66-D120": 40.45721983023592}, "K65-D120": {"K65-D130": 64.22974195826312}, "K66-D130": {"K66-D140": 39.1059356417123}, "K65A-D100": {"K65A-D110": 217.2678124413686}, "K65-D090": {"K65-D100": 106.08368978016452}, "K65A-D080": {"K65A-D090": 59.00567400525506}, "K68-D080": {"K68-D090": 87.47875993958473}, "K65A-U070": {"K65A-U080": 45.55872239334289}, "K66-D010": {"K66-D020": 43.3500668919727}, "K65-D020": {"K65-D030": 78.22631750535035}, "K65A-U090": {"K65A-U100": 49.00838525072744}, "K66-U100": {"K66-U110": 83.09376568872278}, "K65A-D060": {"K65A-D070": 75.49509867769348}, "K65-D080": {"K65-D090": 60.12673427365938}, "K65-D110": {"K65-D120": 107.42497137684617}, "K65-U160": {"K65-U170": 47.16420762715871}, "K68-U170": {"K68-D010": 159.89585708173337}, "K66-U160": {"K66-U170": 48.275009620446454}, "K66-D020": {"K66-D030": 65.84601358632618}, "K68-D050": {"K68-D060": 58.13222701926039}, "K66-D190": {"K66-D200": 82.76356823286324}, "K66-U030": {"K66-U040": 162.73929239300602}, "K66-D100": {"K66-D110": 48.32649176395368}, "K66-D140": {"K66-D150": 98.23362680912318}, "K65-U030": {"K65-U040": 109.28218983971507}, "K65-D140": {"K65-D150": 113.67180961829081}, "K65-D010": {"K65-D020": 42.384955117097576}, "K66-U070": {"K66-U080": 198.74125615238185}, "K65-U170": {"K65-U180": 49.82972796604127}, "K66-D150": {"K66-D160": 93.43397596285199}, "K65-U090": {"K65-U100": 49.45724806570915}, "K66-U090": {"K66-U100": 52.98355653677875}, "K66-U150": {"K66-U160": 55.57859083620151}, "K66-D040": {"K66-D050": 41.42667784259579}, "K68-D110": {"K68-D120": 96.43349792389218}, "K65-U180": {"K65-U190": 67.56555918486796}, "K68-U090": {"K68-U100": 137.4799834789655}, "K66-D070": {"K66-D080": 41.61660269153326}, "K65-U110": {"K65-U120": 106.5226320714039}, "K68-U140": {"K68-U150": 50.28844637873259}, "K68-D090": {"K68-D100": 148.42732128412564}, "K68-D140": {"K68-D150": 39.136108404822615}, "K66-D180": {"K66-D190": 86.50019033314972}, "K68-U150": {"K68-U160": 87.72721393022127}, "K66-D080": {"K66-D090": 69.20940363737984}, "K65-U150": {"K65-U160": 54.963010976214335}, "K65-D030": {"K65-D040": 69.07940875246082}, "K68-D100": {"K68-D110": 87.5435250575708}, "K65-U130": {"K65-U140": 29.949020854904234}, "K65-U010": {"K65-U020": 261.89251895610994}, "K66-U210": {"K66-U220": 49.98950126917491}, "K68-U040": {"K68-U050": 48.89188436256626}, "K68-U110": {"K68-U120": 190.15084449377542}, "K68-D020": {"K68-D030": 75.27884366798529}, "K65-U210": {"K65-U220": 76.7535149634907}, "K66-U120": {"K66-U130": 52.420192854004384}, "K68-D130": {"K68-D140": 57.78897886291047}, "K65-U040": {"K65-U050": 85.76377952183498}, "K65-D130": {"K65-D140": 104.2724998435759}, "K68-U050": {"K68-U060": 49.3355394558785}, "K66-D050": {"K66-D060": 44.496226924620245}, "K68-U010": {"K68-U020": 91.41387119769738}, "K68-D060": {"K68-D070": 88.17022687433065}, "K68-U060": {"K68-U070": 60.038700285791734}, "K65-U220": {"K65-U230": 79.88608520332927}, "K66-U110": {"K66-U120": 37.604383755901424}, "K68-D180": {"K68-D190": 37.29379964411865}, "K68-D170": {"K68-D180": 44.3972378164954}, "K66-U200": {"K66-U210": 53.89621184796962}, "K66-D030": {"K66-D040": 81.66161636208666}, "K65-U020": {"K65-U030": 130.44926270752902}, "K65-U190": {"K65-U200": 51.59613248285244}, "K68-U160": {"K68-U170": 70.78479611973373}, "K66-D160": {"K66-D170": 141.65129083859057}, "K65-U120": {"K65-U130": 175.88372478065588}, "K68-D200": {"K68-U011": 59.82379917654051}, "K65-D040": {"K65-D050": 69.10545979839092}, "K65A-U040": {"K65A-U050": 83.57152633654928}, "K65A-D040": {"K65A-D050": 76.5912597874824}, "K65A-U020": {"K65A-U030": 196.88091181949233}, "K66-U170": {"K66-U180": 31.869977710131174}, "K65A-U050": {"K65A-U060": 45.687230628172024}, "K65A-D090": {"K65A-D100": 112.87585701002713}, "K65A-U080": {"K65A-U090": 68.22866963131028}, "K65A-D030": {"K65A-D040": 64.7756510724391}, "K65A-D010": {"K65A-D020": 65.93937529685577}, "K66-D060": {"K66-D070": 44.817928508883085}, "K65A-U060": {"K65A-U070": 54.12865195151453}, "K66-D210": {"K66-D220": 157.8704636887201}, "K68-D070": {"K68-D080": 193.75149181924627}, "K65-D160": {"K65-D170": 144.5719105839777}, "K68-U130": {"K68-U140": 154.27522416298098}, "K68-U020": {"K68-U030": 40.025974133976696}, "K66-U060": {"K66-U070": 169.69520679192516}, "K68-D010": {"K68-D020": 46.15531930202201}, "K65A-U010": {"K65A-U020": 54.790238964857735}, "K68-D040": {"K68-D050": 110.52981773751749}, "K66-D220": {"K66-D230": 79.72520578469396}, "K66-D120": {"K66-D130": 67.92290489689296}, "K68-U080": {"K68-U090": 47.83676711450984}, "K68-D120": {"K68-D130": 166.25226676991397}, "K66-D230": {"K66-D240": 94.53860743983299}, "K68-D030": {"K68-D040": 82.90156508469978}}