{"K65A-D050": {"K65A-D060": 59.30708363217261}, "K65A-U100": {"K65A-U110": 64.92388259647821}, "K65A-U110": {"K65A-U120": 79.3278759661786}, "K65A-U120": {"K65A-U130": 83.85209782380494}, "K65-U060": {"K65-U070": 40.45966868294097}, "K66-D090": {"K66-D100": 44.59097041843213}, "K65A-D070": {"K65A-D080": 117.67853270475541}, "K68-D190": {"K68-D200": 41.19508298166572}, "K65A-U030": {"K65A-U040": 31.712931803709317}, "K65-D050": {"K65-D060": 63.41725543112413}, "K65-U070": {"K65-U080": 67.13820668739989}, "K65-U200": {"K65-U210": 62.44981503535172}, "K65-D150": {"K65-D160": 106.55473365676558}, "K66-D170": {"K66-D180": 201.7040708000806}, "K65-D060": {"K65-D070": 83.05031621719039}, "K65-D180": {"K65-D190": 125.25028114499955}, "K66-U190": {"K66-U200": 69.3515278605032}, "K66-U130": {"K66-U140": 55.495073478360055}, "K65-U080": {"K65-U090": 150.07830179632768}, "K66-D200": {"K66-D210": 131.87862019385338}, "K68-U120": {"K68-U130": 162.05389489277078}, "K68-D150": {"K68-D160": 47.474120517581916}, "K65-U100": {"K65-U110": 126.93731883171442}, "K66-U020": {"K66-U030": 194.7342692155634}, "K65-D070": {"K65-D080": 121.03432480042984}, "K65-D100": {"K65-D110": 214.88107717140878}, "K66-U180": {"K66-U190": 61.126988895134616}, "K65-D170": {"K65-D180": 110.26296158078769}, "K66-U040": {"K66-U050": 131.24149923883598}, "K65-U140": {"K65-U150": 97.23032507817211}, "K66-U010": {"K66-U020": 130.7239479968064}, "K66-U080": {"K66-U090": 178.84344189468783}, "K65-U050": {"K65-U060": 107.86650146217266}, "K68-U070": {"K68-U080": 33.477398888342364}, "K66-U140": {"K66-U150": 51.27809546594659}, "K66-U050": {"K66-U060": 49.7339827927686}, "K68-U100": {"K68-U110": 195.5198638021956}, "K68-D160": {"K68-D170": 78.97463688868325}, "K65A-D020": {"K65A-D030": 76.0962548176461}, "K68-U030": {"K68-U040": 22.136448141107085}, "K66-D110": {"K66-D120": 46.210129565245296}, "K65-D120": {"K65-D130": 73.8113286612453}, "K66-D130": {"K66-D140": 41.86754924001095}, "K65A-D100": {"K65A-D110": 236.1399672104854}, "K65-D090": {"K65-D100": 106.48372563693256}, "K65A-D080": {"K65A-D090": 56.257826734173875}, "K68-D080": {"K68-D090": 84.03804422227817}, "K65A-U070": {"K65A-U080": 47.3371236131171}, "K66-D010": {"K66-D020": 17.0055342335421}, "K65-D020": {"K65-D030": 75.59104575545439}, "K65A-U090": {"K65A-U100": 45.872818040963814}, "K66-U100": {"K66-U110": 86.59383402333668}, "K65A-D060": {"K65A-D070": 78.72770366572718}, "K65-D080": {"K65-D090": 56.8964477110038}, "K65-D110": {"K65-D120": 105.21874472732097}, "K65-U160": {"K65-U170": 60.84494494390218}, "K68-U170": {"K68-D010": 163.25505032901643}, "K66-U160": {"K66-U170": 49.00611052992457}, "K66-D020": {"K66-D030": 67.71392322538013}, "K68-D050": {"K68-D060": 65.69301559758296}, "K66-D190": {"K66-D200": 85.15298423032823}, "K66-U030": {"K66-U040": 150.23571496148026}, "K66-D100": {"K66-D110": 44.85927775503224}, "K66-D140": {"K66-D150": 82.65825303034771}, "K65-U030": {"K65-U040": 112.27538420332353}, "K65-D140": {"K65-D150": 118.19159455779652}, "K65-D010": {"K65-D020": 41.046053233034584}, "K66-U070": {"K66-U080": 214.07294277555684}, "K65-U170": {"K65-U180": 50.798357777886906}, "K66-D150": {"K66-D160": 99.12709749899184}, "K65-U090": {"K65-U100": 57.88131988436455}, "K66-U090": {"K66-U100": 52.47175673552435}, "K66-U150": {"K66-U160": 48.8488184862948}, "K66-D040": {"K66-D050": 44.71721732614829}, "K68-D110": {"K68-D120": 97.6218639208573}, "K65-U180": {"K65-U190": 73.41685893866463}, "K68-U090": {"K68-U100": 148.05937621978117}, "K66-D070": {"K66-D080": 52.30708333908431}, "K65-U110": {"K65-U120": 113.20477091244865}, "K68-U140": {"K68-U150": 43.67579868360462}, "K68-D090": {"K68-D100": 153.48762897045566}, "K68-D140": {"K68-D150": 41.19185445632119}, "K66-D180": {"K66-D190": 80.36948163823023}, "K68-U150": {"K68-U160": 85.1844539327961}, "K66-D080": {"K66-D090": 67.57148470860145}, "K65-U150": {"K65-U160": 55.36134622986464}, "K65-D030": {"K65-D040": 65.37107084905557}, "K68-D100": {"K68-D110": 93.56764030802856}, "K65-U130": {"K65-U140": 26.630454811266066}, "K65-U010": {"K65-U020": 274.8303522421946}, "K66-U210": {"K66-U220": 52.60855521578752}, "K68-U040": {"K68-U050": 53.756712035871466}, "K68-U110": {"K68-U120": 194.41043659649145}, "K68-D020": {"K68-D030": 83.67150803910135}, "K65-U210": {"K65-U220": 79.05866342761227}, "K66-U120": {"K66-U130": 55.928079726785086}, "K68-D130": {"K68-D140": 68.80272414850016}, "K65-U040": {"K65-U050": 92.75780617204484}, "K65-D130": {"K65-D140": 103.67628121231466}, "K68-U050": {"K68-U060": 53.374072681706615}, "K66-D050": {"K66-D060": 45.79455044545697}, "K68-U010": {"K68-U020": 95.3700428947531}, "K68-D060": {"K68-D070": 96.97117255521474}, "K68-U060": {"K68-U070": 65.8113023868984}, "K65-U220": {"K65-U230": 83.73361436256923}, "K66-U110": {"K66-U120": 36.78407863369612}, "K68-D180": {"K68-D190": 37.75312670099147}, "K68-D170": {"K68-D180": 51.25467746046591}, "K66-U200": {"K66-U210": 58.79600148630175}, "K66-D030": {"K66-D040": 79.07890269430997}, "K65-U020": {"K65-U030": 149.56286648435082}, "K65-U190": {"K65-U200": 49.919772234684345}, "K68-U160": {"K68-U170": 75.08989787847796}, "K66-D160": {"K66-D170": 146.53288842618346}, "K65-U120": {"K65-U130": 180.21413682982993}, "K68-D200": {"K68-U011": 70.34699445779097}, "K65-D040": {"K65-D050": 66.25400461472546}, "K65A-U040": {"K65A-U050": 87.15739375030017}, "K65A-D040": {"K65A-D050": 70.19596044972556}, "K65A-U020": {"K65A-U030": 189.94226726994847}, "K66-U170": {"K66-U180": 37.03409217531553}, "K65A-U050": {"K65A-U060": 46.342277248921604}, "K65A-D090": {"K65A-D100": 113.85568707005991}, "K65A-U080": {"K65A-U090": 62.95205189256943}, "K65A-D030": {"K65A-D040": 60.0755129957005}, "K65A-D010": {"K65A-D020": 106.83341183448167}, "K66-D060": {"K66-D070": 48.65482207171865}, "K65A-U060": {"K65A-U070": 45.05374401013184}, "K66-D210": {"K66-D220": 145.52925237772112}, "K68-D070": {"K68-D080": 205.33810085710238}, "K65-D160": {"K65-D170": 156.75831394413888}, "K68-U130": {"K68-U140": 163.1732062331172}, "K68-U020": {"K68-U030": 47.69257481804606}, "K66-U060": {"K66-U070": 165.80085703674172}, "K68-D010": {"K68-D020": 48.91800406518455}, "K65A-U010": {"K65A-U020": 56.77838852432342}, "K68-D040": {"K68-D050": 109.34251164578227}, "K66-D220": {"K66-D230": 89.30279322862879}, "K66-D120": {"K66-D130": 66.65768757689094}, "K68-U080": {"K68-U090": 48.68174869858649}, "K68-D120": {"K68-D130": 168.38948222035825}, "K66-D230": {"K66-D240": 96.47112119730437}, "K68-D030": {"K68-D040": 84.47122816655774}}