{"K65A-D050": {"K65A-D060": 59.422885707482166}, "K65A-U100": {"K65A-U110": 63.50018256550701}, "K65A-U110": {"K65A-U120": 80.33054537035716}, "K65A-U120": {"K65A-U130": 82.13463328148347}, "K65-U060": {"K65-U070": 35.9939665804978}, "K66-D090": {"K66-D100": 42.08999867833364}, "K65A-D070": {"K65A-D080": 103.30595191183991}, "K68-D190": {"K68-D200": 46.20798944031339}, "K65A-U030": {"K65A-U040": 34.760340866489415}, "K65-D050": {"K65-D060": 59.420655033564174}, "K65-U070": {"K65-U080": 62.34635105325356}, "K65-U200": {"K65-U210": 66.01684611922586}, "K65-D150": {"K65-D160": 105.35152836705745}, "K66-D170": {"K66-D180": 178.65249568154522}, "K65-D060": {"K65-D070": 85.21436640423723}, "K65-D180": {"K65-D190": 114.53294238476853}, "K66-U190": {"K66-U200": 69.49223382460636}, "K66-U130": {"K66-U140": 51.968375250478154}, "K65-U080": {"K65-U090": 159.0328077828176}, "K66-D200": {"K66-D210": 125.22566238224377}, "K68-U120": {"K68-U130": 162.38580051495583}, "K68-D150": {"K68-D160": 39.99048256417946}, "K65-U100": {"K65-U110": 124.76496587364038}, "K66-U020": {"K66-U030": 193.92891040483306}, "K65-D070": {"K65-D080": 116.53075063959304}, "K65-D100": {"K65-D110": 222.91710648510806}, "K66-U180": {"K66-U190": 61.302732595021}, "K65-D170": {"K65-D180": 106.53943869260922}, "K66-U040": {"K66-U050": 134.16517148773082}, "K65-U140": {"K65-U150": 99.56739016255428}, "K66-U010": {"K66-U020": 132.7824017689088}, "K66-U080": {"K66-U090": 181.7707429899155}, "K65-U050": {"K65-U060": 102.87718226347741}, "K68-U070": {"K68-U080": 34.552084854925496}, "K66-U140": {"K66-U150": 51.66172605456819}, "K66-U050": {"K66-U060": 43.45586216944627}, "K68-U100": {"K68-U110": 183.33281719760345}, "K68-D160": {"K68-D170": 82.78191735302134}, "K65A-D020": {"K65A-D030": 75.86624840451663}, "K68-U030": {"K68-U040": 23.20194991011261}, "K66-D110": {"K66-D120": 40.22846739881302}, "K65-D120": {"K65-D130": 69.82885885574902}, "K66-D130": {"K66-D140": 37.34359820083769}, "K65A-D100": {"K65A-D110": 244.7301530298762}, "K65-D090": {"K65-D100": 107.4777186323009}, "K65A-D080": {"K65A-D090": 52.57085541848353}, "K68-D080": {"K68-D090": 87.02773782816817}, "K65A-U070": {"K65A-U080": 49.874682828126325}, "K66-D010": {"K66-D020": 22.930862954995273}, "K65-D020": {"K65-D030": 73.60753293177993}, "K65A-U090": {"K65A-U100": 44.22404776522619}, "K66-U100": {"K66-U110": 81.33214215486086}, "K65A-D060": {"K65A-D070": 76.7845555221156}, "K65-D080": {"K65-D090": 61.99680797347794}, "K65-D110": {"K65-D120": 94.66550821783093}, "K65-U160": {"K65-U170": 55.63914598793387}, "K68-U170": {"K68-D010": 145.51720490679097}, "K66-U160": {"K66-U170": 51.333242724336586}, "K66-D020": {"K66-D030": 66.49895040320675}, "K68-D050": {"K68-D060": 61.43000721086554}, "K66-D190": {"K66-D200": 86.00874673863562}, "K66-U030": {"K66-U040": 168.78172060413496}, "K66-D100": {"K66-D110": 48.26633402540287}, "K66-D140": {"K66-D150": 76.7846820105577}, "K65-U030": {"K65-U040": 99.54751917390996}, "K65-D140": {"K65-D150": 113.56987280018625}, "K65-D010": {"K65-D020": 40.86280852870064}, "K66-U070": {"K66-U080": 203.5616036610993}, "K65-U170": {"K65-U180": 48.084942321321684}, "K66-D150": {"K66-D160": 95.10784917316151}, "K65-U090": {"K65-U100": 62.206024146091885}, "K66-U090": {"K66-U100": 53.088675374811544}, "K66-U150": {"K66-U160": 52.54014294255565}, "K66-D040": {"K66-D050": 42.763072396368145}, "K68-D110": {"K68-D120": 97.88060716234489}, "K65-U180": {"K65-U190": 79.27756461095063}, "K68-U090": {"K68-U100": 130.1335172764479}, "K66-D070": {"K66-D080": 52.22819082756687}, "K65-U110": {"K65-U120": 110.77242468619531}, "K68-U140": {"K68-U150": 44.38490431090033}, "K68-D090": {"K68-D100": 145.03469174823923}, "K68-D140": {"K68-D150": 41.52994866849557}, "K66-D180": {"K66-D190": 78.12282763210746}, "K68-U150": {"K68-U160": 85.88409192696736}, "K66-D080": {"K66-D090": 66.24790243638947}, "K65-U150": {"K65-U160": 54.12983799593002}, "K65-D030": {"K65-D040": 61.967169862394144}, "K68-D100": {"K68-D110": 91.59070559147338}, "K65-U130": {"K65-U140": 29.387800442663053}, "K65-U010": {"K65-U020": 262.6779824742397}, "K66-U210": {"K66-U220": 55.53067245147655}, "K68-U040": {"K68-U050": 53.9174594930877}, "K68-U110": {"K68-U120": 186.30170648711632}, "K68-D020": {"K68-D030": 86.29853005725464}, "K65-U210": {"K65-U220": 74.79173938258661}, "K66-U120": {"K66-U130": 59.094592489574254}, "K68-D130": {"K68-D140": 58.91050130217783}, "K65-U040": {"K65-U050": 90.37255075579641}, "K65-D130": {"K65-D140": 102.87209406835125}, "K68-U050": {"K68-U060": 48.85870353293755}, "K66-D050": {"K66-D060": 37.578955558132144}, "K68-U010": {"K68-U020": 93.76337242257668}, "K68-D060": {"K68-D070": 98.2094015475922}, "K68-U060": {"K68-U070": 64.53946340000924}, "K65-U220": {"K65-U230": 77.88428980934017}, "K66-U110": {"K66-U120": 40.849486062403415}, "K68-D180": {"K68-D190": 39.93820192488418}, "K68-D170": {"K68-D180": 51.19647832657055}, "K66-U200": {"K66-U210": 56.11661306441706}, "K66-D030": {"K66-D040": 79.31254985539175}, "K65-U020": {"K65-U030": 133.72620980707853}, "K65-U190": {"K65-U200": 55.14070252010983}, "K68-U160": {"K68-U170": 74.16241897489576}, "K66-D160": {"K66-D170": 141.04959789366836}, "K65-U120": {"K65-U130": 179.05661466447694}, "K68-D200": {"K68-U011": 67.12639420256173}, "K65-D040": {"K65-D050": 71.20544699712892}, "K65A-U040": {"K65A-U050": 92.94037879992996}, "K65A-D040": {"K65A-D050": 74.6737663630433}, "K65A-U020": {"K65A-U030": 164.98629468051243}, "K66-U170": {"K66-U180": 32.683185759261484}, "K65A-U050": {"K65A-U060": 48.51594405786956}, "K65A-D090": {"K65A-D100": 117.36362488741642}, "K65A-U080": {"K65A-U090": 68.16025351026703}, "K65A-D030": {"K65A-D040": 60.04374175267964}, "K65A-D010": {"K65A-D020": 76.35594379771491}, "K66-D060": {"K66-D070": 46.569605621689895}, "K65A-U060": {"K65A-U070": 57.35103738622947}, "K66-D210": {"K66-D220": 148.99262542628225}, "K68-D070": {"K68-D080": 214.36527218519683}, "K65-D160": {"K65-D170": 154.01693368123193}, "K68-U130": {"K68-U140": 162.6212697870762}, "K68-U020": {"K68-U030": 41.51048343206457}, "K66-U060": {"K66-U070": 166.9813264595411}, "K68-D010": {"K68-D020": 49.57949065485474}, "K65A-U010": {"K65A-U020": 60.8664597269299}, "K68-D040": {"K68-D050": 104.34220383428251}, "K66-D220": {"K66-D230": 91.27583826310068}, "K66-D120": {"K66-D130": 66.19849354241664}, "K68-U080": {"K68-U090": 52.22254116759999}, "K68-D120": {"K68-D130": 164.89572421532185}, "K66-D230": {"K66-D240": 97.49794719798187}, "K68-D030": {"K68-D040": 83.13707741457682}}