{"K65A-D050": {"K65A-D060": 53.87022243256545}, "K65A-U100": {"K65A-U110": 59.606924690954976}, "K65A-U110": {"K65A-U120": 77.01040559820775}, "K65A-U120": {"K65A-U130": 82.88419138219844}, "K65-U060": {"K65-U070": 34.72311463607775}, "K66-D090": {"K66-D100": 40.51316774665768}, "K65A-D070": {"K65A-D080": 117.24435377683105}, "K68-D190": {"K68-D200": 40.19274054984379}, "K65A-U030": {"K65A-U040": 31.951638623338386}, "K65-D050": {"K65-D060": 59.367785193520376}, "K65-U070": {"K65-U080": 67.73308717261554}, "K65-U200": {"K65-U210": 56.93109620355553}, "K65-D150": {"K65-D160": 109.31835156306465}, "K66-D170": {"K66-D180": 198.68767159105906}, "K65-D060": {"K65-D070": 84.95058534373553}, "K65-D180": {"K65-D190": 121.32521218161085}, "K66-U190": {"K66-U200": 67.38811019034809}, "K66-U130": {"K66-U140": 52.33972945664063}, "K65-U080": {"K65-U090": 147.07128221309057}, "K66-D200": {"K66-D210": 128.47383143826846}, "K68-U120": {"K68-U130": 159.3177049601381}, "K68-D150": {"K68-D160": 46.015166424426944}, "K65-U100": {"K65-U110": 124.27075359276569}, "K66-U020": {"K66-U030": 192.63991711578254}, "K65-D070": {"K65-D080": 119.00888067416736}, "K65-D100": {"K65-D110": 210.07420852349392}, "K66-U180": {"K66-U190": 61.525868609075566}, "K65-D170": {"K65-D180": 100.99872302890985}, "K66-U040": {"K66-U050": 125.72354392855887}, "K65-U140": {"K65-U150": 94.07801132379379}, "K66-U010": {"K66-U020": 119.9317360949382}, "K66-U080": {"K66-U090": 174.6318812692034}, "K65-U050": {"K65-U060": 105.50808575203355}, "K68-U070": {"K68-U080": 31.44322141064142}, "K66-U140": {"K66-U150": 49.27873943251812}, "K66-U050": {"K66-U060": 47.44032085169199}, "K68-U100": {"K68-U110": 192.1867423765585}, "K68-D160": {"K68-D170": 82.56272940275872}, "K65A-D020": {"K65A-D030": 77.47086976206403}, "K68-U030": {"K68-U040": 21.763589642612054}, "K66-D110": {"K66-D120": 44.850901566283525}, "K65-D120": {"K65-D130": 71.12935986044296}, "K66-D130": {"K66-D140": 39.94357515073408}, "K65A-D100": {"K65A-D110": 252.55999313097726}, "K65-D090": {"K65-D100": 108.64296875642256}, "K65A-D080": {"K65A-D090": 55.400440120291464}, "K68-D080": {"K68-D090": 95.93423218139716}, "K65A-U070": {"K65A-U080": 45.90386180116364}, "K66-D010": {"K66-D020": 15.589376918607845}, "K65-D020": {"K65-D030": 78.61822924732444}, "K65A-U090": {"K65A-U100": 47.59800009250785}, "K66-U100": {"K66-U110": 86.70248107280594}, "K65A-D060": {"K65A-D070": 75.61597637508359}, "K65-D080": {"K65-D090": 58.489554300963995}, "K65-D110": {"K65-D120": 100.85337775369666}, "K65-U160": {"K65-U170": 59.22818235361658}, "K68-U170": {"K68-D010": 159.75583168985298}, "K66-U160": {"K66-U170": 43.38106846752028}, "K66-D020": {"K66-D030": 63.15318568778521}, "K68-D050": {"K68-D060": 64.73560837063799}, "K66-D190": {"K66-D200": 85.36380481480339}, "K66-U030": {"K66-U040": 148.52214346533225}, "K66-D100": {"K66-D110": 49.089830946823795}, "K66-D140": {"K66-D150": 94.41151742266084}, "K65-U030": {"K65-U040": 112.01359535639847}, "K65-D140": {"K65-D150": 113.04320807979414}, "K65-D010": {"K65-D020": 44.60945182422371}, "K66-U070": {"K66-U080": 213.13195987342624}, "K65-U170": {"K65-U180": 49.40182885890208}, "K66-D150": {"K66-D160": 93.46068006155416}, "K65-U090": {"K65-U100": 52.30648357851842}, "K66-U090": {"K66-U100": 56.09125288105954}, "K66-U150": {"K66-U160": 52.19310395953933}, "K66-D040": {"K66-D050": 36.629496177483084}, "K68-D110": {"K68-D120": 98.86125768396433}, "K65-U180": {"K65-U190": 73.72142461860392}, "K68-U090": {"K68-U100": 143.77582906401864}, "K66-D070": {"K66-D080": 53.54784941735054}, "K65-U110": {"K65-U120": 111.38055526403384}, "K68-U140": {"K68-U150": 44.49620912821353}, "K68-D090": {"K68-D100": 149.76904372768792}, "K68-D140": {"K68-D150": 41.28681570879233}, "K66-D180": {"K66-D190": 86.88569399130272}, "K68-U150": {"K68-U160": 85.49487020277675}, "K66-D080": {"K66-D090": 62.23841310502387}, "K65-U150": {"K65-U160": 56.06599014807246}, "K65-D030": {"K65-D040": 61.93500721366517}, "K68-D100": {"K68-D110": 90.21399192548779}, "K65-U130": {"K65-U140": 33.24838285997311}, "K65-U010": {"K65-U020": 276.4907180240149}, "K66-U210": {"K66-U220": 50.97255469156896}, "K68-U040": {"K68-U050": 55.688103139462555}, "K68-U110": {"K68-U120": 195.24162745095805}, "K68-D020": {"K68-D030": 83.33435723519122}, "K65-U210": {"K65-U220": 76.87927791301328}, "K66-U120": {"K66-U130": 50.47251949767647}, "K68-D130": {"K68-D140": 66.68205557178278}, "K65-U040": {"K65-U050": 87.70683753176434}, "K65-D130": {"K65-D140": 109.4759241533288}, "K68-U050": {"K68-U060": 52.25299887218235}, "K66-D050": {"K66-D060": 47.37401569019271}, "K68-U010": {"K68-U020": 93.03495352942744}, "K68-D060": {"K68-D070": 97.41134368212875}, "K68-U060": {"K68-U070": 69.8746816666161}, "K65-U220": {"K65-U230": 78.11117966068402}, "K66-U110": {"K66-U120": 40.56877119684131}, "K68-D180": {"K68-D190": 41.69568547639145}, "K68-D170": {"K68-D180": 46.05101546984073}, "K66-U200": {"K66-U210": 54.34534320926775}, "K66-D030": {"K66-D040": 78.05135125196311}, "K65-U020": {"K65-U030": 135.69826203034432}, "K65-U190": {"K65-U200": 50.03106573185333}, "K68-U160": {"K68-U170": 76.80581728156714}, "K66-D160": {"K66-D170": 151.78243466292818}, "K65-U120": {"K65-U130": 169.70460865664626}, "K68-D200": {"K68-U011": 71.10506551081069}, "K65-D040": {"K65-D050": 67.08169246645431}, "K65A-U040": {"K65A-U050": 88.22223112040685}, "K65A-D040": {"K65A-D050": 66.99533347168162}, "K65A-U020": {"K65A-U030": 189.98971283979242}, "K66-U170": {"K66-U180": 36.36550787622453}, "K65A-U050": {"K65A-U060": 48.923315263444145}, "K65A-D090": {"K65A-D100": 118.38617648868176}, "K65A-U080": {"K65A-U090": 65.40876357128383}, "K65A-D030": {"K65A-D040": 62.648967621753286}, "K65A-D010": {"K65A-D020": 74.85873244314011}, "K66-D060": {"K66-D070": 44.62551547550891}, "K65A-U060": {"K65A-U070": 46.189791300542744}, "K66-D210": {"K66-D220": 144.0196726015817}, "K68-D070": {"K68-D080": 209.86257552482766}, "K65-D160": {"K65-D170": 153.5606139389538}, "K68-U130": {"K68-U140": 160.83373064436063}, "K68-U020": {"K68-U030": 43.15648704235558}, "K66-U060": {"K66-U070": 167.02782749801673}, "K68-D010": {"K68-D020": 50.83316622045082}, "K65A-U010": {"K65A-U020": 77.86785063972772}, "K68-D040": {"K68-D050": 102.75260803154615}, "K66-D220": {"K66-D230": 89.52661873259413}, "K66-D120": {"K66-D130": 61.72982659464831}, "K68-U080": {"K68-U090": 48.45221644585506}, "K68-D120": {"K68-D130": 164.48663253864115}, "K66-D230": {"K66-D240": 97.54314994433794}, "K68-D030": {"K68-D040": 82.97566535401653}}