{"K65A-D050": {"K65A-D060": 64.06911947267373}, "K65A-U100": {"K65A-U110": 56.04421089735259}, "K65A-U110": {"K65A-U120": 74.06227771872985}, "K65A-U120": {"K65A-U130": 83.50953986058417}, "K65-U060": {"K65-U070": 28.73616317349116}, "K66-D090": {"K66-D100": 46.542294316449684}, "K65A-D070": {"K65A-D080": 116.49503413289582}, "K68-D190": {"K68-D200": 44.19072974322514}, "K65A-U030": {"K65A-U040": 31.533524792940476}, "K65-D050": {"K65-D060": 59.19585536164342}, "K65-U070": {"K65-U080": 67.31738143850735}, "K65-U200": {"K65-U210": 62.170098916172}, "K65-D150": {"K65-D160": 106.10291334395467}, "K66-D170": {"K66-D180": 192.71732956778732}, "K65-D060": {"K65-D070": 81.46515239649393}, "K65-D180": {"K65-D190": 119.319988344897}, "K66-U190": {"K66-U200": 64.97164392694359}, "K66-U130": {"K66-U140": 49.880611211757}, "K65-U080": {"K65-U090": 144.1588540047531}, "K66-D200": {"K66-D210": 127.15597314202712}, "K68-U120": {"K68-U130": 150.68592439890728}, "K68-D150": {"K68-D160": 36.74935719669313}, "K65-U100": {"K65-U110": 128.89828268817018}, "K66-U020": {"K66-U030": 193.63972826356346}, "K65-D070": {"K65-D080": 107.28463376038974}, "K65-D100": {"K65-D110": 212.44704937479423}, "K66-U180": {"K66-U190": 58.37787127914338}, "K65-D170": {"K65-D180": 102.45078412544021}, "K66-U040": {"K66-U050": 130.1440214505472}, "K65-U140": {"K65-U150": 101.07226662330115}, "K66-U010": {"K66-U020": 128.85139314138098}, "K66-U080": {"K66-U090": 170.8521038220525}, "K65-U050": {"K65-U060": 111.33963543136694}, "K68-U070": {"K68-U080": 36.8290792360171}, "K66-U140": {"K66-U150": 45.42289662185124}, "K66-U050": {"K66-U060": 46.33476960960056}, "K68-U100": {"K68-U110": 184.63076158209387}, "K68-D160": {"K68-D170": 83.5819381754077}, "K65A-D020": {"K65A-D030": 75.47119504408381}, "K68-U030": {"K68-U040": 24.78634159628936}, "K66-D110": {"K66-D120": 39.45370140074747}, "K65-D120": {"K65-D130": 69.11006259521324}, "K66-D130": {"K66-D140": 36.325335655418094}, "K65A-D100": {"K65A-D110": 230.17935755822685}, "K65-D090": {"K65-D100": 99.25627781622603}, "K65A-D080": {"K65A-D090": 52.620813653974174}, "K68-D080": {"K68-D090": 90.75775566800993}, "K65A-U070": {"K65A-U080": 49.400552592962}, "K66-D010": {"K66-D020": 15.880790189680585}, "K65-D020": {"K65-D030": 74.58230993378457}, "K65A-U090": {"K65A-U100": 56.06263155299344}, "K66-U100": {"K66-U110": 75.38145569036695}, "K65A-D060": {"K65A-D070": 84.67709651163129}, "K65-D080": {"K65-D090": 61.1135718017466}, "K65-D110": {"K65-D120": 102.13300891031193}, "K65-U160": {"K65-U170": 52.44731638332506}, "K68-U170": {"K68-D010": 166.25155265260895}, "K66-U160": {"K66-U170": 49.40983625692114}, "K66-D020": {"K66-D030": 67.94830040118418}, "K68-D050": {"K68-D060": 61.05762407692388}, "K66-D190": {"K66-D200": 81.19138961211596}, "K66-U030": {"K66-U040": 157.28040504354362}, "K66-D100": {"K66-D110": 44.61057841204374}, "K66-D140": {"K66-D150": 90.8412666213037}, "K65-U030": {"K65-U040": 104.33051659274126}, "K65-D140": {"K65-D150": 104.57477924239382}, "K65-D010": {"K65-D020": 36.88144857971905}, "K66-U070": {"K66-U080": 205.18987063870645}, "K65-U170": {"K65-U180": 52.76426269409167}, "K66-D150": {"K66-D160": 98.33189509714494}, "K65-U090": {"K65-U100": 51.87290084995434}, "K66-U090": {"K66-U100": 54.050956395850484}, "K66-U150": {"K66-U160": 54.25048154324103}, "K66-D040": {"K66-D050": 42.7169061542913}, "K68-D110": {"K68-D120": 97.83890428101412}, "K65-U180": {"K65-U190": 73.5311947937518}, "K68-U090": {"K68-U100": 147.7542182872274}, "K66-D070": {"K66-D080": 52.77383516106327}, "K65-U110": {"K65-U120": 115.1601584542152}, "K68-U140": {"K68-U150": 42.86465657372354}, "K68-D090": {"K68-D100": 142.93504650835}, "K68-D140": {"K68-D150": 40.45717022175838}, "K66-D180": {"K66-D190": 79.63905599277949}, "K68-U150": {"K68-U160": 80.47141134905739}, "K66-D080": {"K66-D090": 69.20031294011443}, "K65-U150": {"K65-U160": 54.09736147377172}, "K65-D030": {"K65-D040": 64.34506155364068}, "K68-D100": {"K68-D110": 91.14835155768921}, "K65-U130": {"K65-U140": 30.78348174248493}, "K65-U010": {"K65-U020": 257.8935748391878}, "K66-U210": {"K66-U220": 51.41179291977242}, "K68-U040": {"K68-U050": 46.23712931123187}, "K68-U110": {"K68-U120": 193.8419624085903}, "K68-D020": {"K68-D030": 79.81282100678757}, "K65-U210": {"K65-U220": 74.8986936616996}, "K66-U120": {"K66-U130": 49.61636490212365}, "K68-D130": {"K68-D140": 61.989914456975136}, "K65-U040": {"K65-U050": 85.37661403529424}, "K65-D130": {"K65-D140": 95.01139054504233}, "K68-U050": {"K68-U060": 52.14998048516088}, "K66-D050": {"K66-D060": 41.741425655283635}, "K68-U010": {"K68-U020": 94.78801918853928}, "K68-D060": {"K68-D070": 99.35143927353931}, "K68-U060": {"K68-U070": 61.94937768795452}, "K65-U220": {"K65-U230": 72.63368829165383}, "K66-U110": {"K66-U120": 37.87334928154728}, "K68-D180": {"K68-D190": 39.02129012885405}, "K68-D170": {"K68-D180": 43.02886986494999}, "K66-U200": {"K66-U210": 54.05648646440769}, "K66-D030": {"K66-D040": 81.3575701868029}, "K65-U020": {"K65-U030": 123.89007509984472}, "K65-U190": {"K65-U200": 51.89817720308535}, "K68-U160": {"K68-U170": 72.73872246070127}, "K66-D160": {"K66-D170": 160.25001511242073}, "K65-U120": {"K65-U130": 168.30045752603345}, "K68-D200": {"K68-U011": 67.26678221903954}, "K65-D040": {"K65-D050": 63.64808435415722}, "K65A-U040": {"K65A-U050": 95.39202708643829}, "K65A-D040": {"K65A-D050": 62.42343986052809}, "K65A-U020": {"K65A-U030": 176.06421744974529}, "K66-U170": {"K66-U180": 35.26858677344004}, "K65A-U050": {"K65A-U060": 49.00907407430518}, "K65A-D090": {"K65A-D100": 109.07050470978425}, "K65A-U080": {"K65A-U090": 68.67258716352652}, "K65A-D030": {"K65A-D040": 61.746370286947624}, "K65A-D010": {"K65A-D020": 194.92577603263916}, "K66-D060": {"K66-D070": 43.49910016473662}, "K65A-U060": {"K65A-U070": 50.4923646933609}, "K66-D210": {"K66-D220": 154.50164533765263}, "K68-D070": {"K68-D080": 194.75057854741698}, "K65-D160": {"K65-D170": 153.6505298030997}, "K68-U130": {"K68-U140": 159.88778249460393}, "K68-U020": {"K68-U030": 37.55410723060976}, "K66-U060": {"K66-U070": 179.65209534998107}, "K68-D010": {"K68-D020": 49.16061380006992}, "K65A-U010": {"K65A-U020": 54.01815465808969}, "K68-D040": {"K68-D050": 107.72204908545669}, "K66-D220": {"K66-D230": 88.4831898199965}, "K66-D120": {"K66-D130": 64.84657842448493}, "K68-U080": {"K68-U090": 46.21844660951256}, "K68-D120": {"K68-D130": 170.67098993241763}, "K66-D230": {"K66-D240": 94.78103848789195}, "K68-D030": {"K68-D040": 87.10303492284572}}