{"K65A-D050": {"K65A-D060": 58.37483974794579}, "K65A-U100": {"K65A-U110": 58.55524790564262}, "K65A-U110": {"K65A-U120": 69.33348405628993}, "K65A-U120": {"K65A-U130": 89.21668910015255}, "K65-U060": {"K65-U070": 34.2317336233148}, "K66-D090": {"K66-D100": 47.004840122309886}, "K65A-D070": {"K65A-D080": 114.84254117713756}, "K68-D190": {"K68-D200": 45.1360205013905}, "K65A-U030": {"K65A-U040": 34.81196286676474}, "K65-D050": {"K65-D060": 63.42521551184101}, "K65-U070": {"K65-U080": 69.32286433247084}, "K65-U200": {"K65-U210": 64.77721836087893}, "K65-D150": {"K65-D160": 106.97016917135863}, "K66-D170": {"K66-D180": 187.87368472430597}, "K65-D060": {"K65-D070": 85.35833989084381}, "K65-D180": {"K65-D190": 111.7191189920948}, "K66-U190": {"K66-U200": 61.686453873946824}, "K66-U130": {"K66-U140": 52.66429245150671}, "K65-U080": {"K65-U090": 158.88769085889288}, "K66-D200": {"K66-D210": 126.70482403958366}, "K68-U120": {"K68-U130": 158.1187470775087}, "K68-D150": {"K68-D160": 42.638453278701085}, "K65-U100": {"K65-U110": 127.61098444939526}, "K66-U020": {"K66-U030": 195.63757819297888}, "K65-D070": {"K65-D080": 121.04313645327593}, "K65-D100": {"K65-D110": 221.2560440481578}, "K66-U180": {"K66-U190": 58.60307487691138}, "K65-D170": {"K65-D180": 101.1365658670816}, "K66-U040": {"K66-U050": 139.35256938295817}, "K65-U140": {"K65-U150": 100.72340071283398}, "K66-U010": {"K66-U020": 134.77196692394548}, "K66-U080": {"K66-U090": 172.80809188172185}, "K65-U050": {"K65-U060": 108.75707266744396}, "K68-U070": {"K68-U080": 35.09450375445901}, "K66-U140": {"K66-U150": 50.920695281450506}, "K66-U050": {"K66-U060": 46.52911538885577}, "K68-U100": {"K68-U110": 181.4331682765912}, "K68-D160": {"K68-D170": 81.60501262072228}, "K65A-D020": {"K65A-D030": 78.56858166915323}, "K68-U030": {"K68-U040": 22.048162751009286}, "K66-D110": {"K66-D120": 43.254950018617976}, "K65-D120": {"K65-D130": 63.511792637091084}, "K66-D130": {"K66-D140": 35.12066418668904}, "K65A-D100": {"K65A-D110": 227.62182640401184}, "K65-D090": {"K65-D100": 107.97628997631648}, "K65A-D080": {"K65A-D090": 64.98865772167225}, "K68-D080": {"K68-D090": 92.40736756718633}, "K65A-U070": {"K65A-U080": 37.79115254524113}, "K66-D010": {"K66-D020": 18.648772117386976}, "K65-D020": {"K65-D030": 79.59144136596278}, "K65A-U090": {"K65A-U100": 46.49108086785735}, "K66-U100": {"K66-U110": 73.35108899771959}, "K65A-D060": {"K65A-D070": 77.65201768903036}, "K65-D080": {"K65-D090": 56.184716941678744}, "K65-D110": {"K65-D120": 104.79002908030016}, "K65-U160": {"K65-U170": 51.82638301987258}, "K68-U170": {"K68-D010": 159.3269889126985}, "K66-U160": {"K66-U170": 49.47408533871256}, "K66-D020": {"K66-D030": 69.27561962681847}, "K68-D050": {"K68-D060": 54.792130586324994}, "K66-D190": {"K66-D200": 88.19840602311521}, "K66-U030": {"K66-U040": 159.00300958547533}, "K66-D100": {"K66-D110": 45.5706702131121}, "K66-D140": {"K66-D150": 98.94530717345314}, "K65-U030": {"K65-U040": 101.64289320702804}, "K65-D140": {"K65-D150": 109.29609277450979}, "K65-D010": {"K65-D020": 40.80578580217155}, "K66-U070": {"K66-U080": 191.39006590914232}, "K65-U170": {"K65-U180": 51.74155398855983}, "K66-D150": {"K66-D160": 88.46651614686019}, "K65-U090": {"K65-U100": 54.60897300761165}, "K66-U090": {"K66-U100": 56.704323563538516}, "K66-U150": {"K66-U160": 54.806621618821886}, "K66-D040": {"K66-D050": 45.56426406930497}, "K68-D110": {"K68-D120": 95.30392717823551}, "K65-U180": {"K65-U190": 81.12733927292716}, "K68-U090": {"K68-U100": 137.68604615099986}, "K66-D070": {"K66-D080": 52.383909588500764}, "K65-U110": {"K65-U120": 108.65595586890242}, "K68-U140": {"K68-U150": 42.965263797196386}, "K68-D090": {"K68-D100": 162.55523697079406}, "K68-D140": {"K68-D150": 48.132506839851274}, "K66-D180": {"K66-D190": 79.66717960758191}, "K68-U150": {"K68-U160": 78.81500929148538}, "K66-D080": {"K66-D090": 65.81512762176409}, "K65-U150": {"K65-U160": 54.72980708802479}, "K65-D030": {"K65-D040": 65.82729579477784}, "K68-D100": {"K68-D110": 79.9085533033303}, "K65-U130": {"K65-U140": 29.507798474396406}, "K65-U010": {"K65-U020": 247.56808018268666}, "K66-U210": {"K66-U220": 54.18674272941297}, "K68-U040": {"K68-U050": 47.386470869809756}, "K68-U110": {"K68-U120": 187.6556092086622}, "K68-D020": {"K68-D030": 79.04861831072046}, "K65-U210": {"K65-U220": 80.46814196466681}, "K66-U120": {"K66-U130": 54.71001076976522}, "K68-D130": {"K68-D140": 60.63054482582184}, "K65-U040": {"K65-U050": 88.05492676303346}, "K65-D130": {"K65-D140": 98.17402867840593}, "K68-U050": {"K68-U060": 50.36758877171696}, "K66-D050": {"K66-D060": 37.81898410506589}, "K68-U010": {"K68-U020": 87.19928260979613}, "K68-D060": {"K68-D070": 94.53431222769032}, "K68-U060": {"K68-U070": 62.65077124409119}, "K65-U220": {"K65-U230": 81.78160212507477}, "K66-U110": {"K66-U120": 40.97889116939597}, "K68-D180": {"K68-D190": 36.54639992888569}, "K68-D170": {"K68-D180": 44.15593325281172}, "K66-U200": {"K66-U210": 59.669390169962924}, "K66-D030": {"K66-D040": 81.47872755618826}, "K65-U020": {"K65-U030": 128.78154346189268}, "K65-U190": {"K65-U200": 52.92641052065219}, "K68-U160": {"K68-U170": 71.79752282365062}, "K66-D160": {"K66-D170": 140.4770955757699}, "K65-U120": {"K65-U130": 180.037390243025}, "K68-D200": {"K68-U011": 65.62899201961133}, "K65-D040": {"K65-D050": 67.02344920087333}, "K65A-U040": {"K65A-U050": 83.02528030448221}, "K65A-D040": {"K65A-D050": 72.42107136963509}, "K65A-U020": {"K65A-U030": 179.85905714610521}, "K66-U170": {"K66-U180": 33.26206343215127}, "K65A-U050": {"K65A-U060": 50.8702691956061}, "K65A-D090": {"K65A-D100": 107.15716047928954}, "K65A-U080": {"K65A-U090": 70.7291575645535}, "K65A-D030": {"K65A-D040": 60.996146731427494}, "K65A-D010": {"K65A-D020": 58.358474343344085}, "K66-D060": {"K66-D070": 44.86720227348742}, "K65A-U060": {"K65A-U070": 53.159822903317014}, "K66-D210": {"K66-D220": 154.41139549828793}, "K68-D070": {"K68-D080": 204.1002966995094}, "K65-D160": {"K65-D170": 147.19538729096703}, "K68-U130": {"K68-U140": 156.82420189558678}, "K68-U020": {"K68-U030": 38.633329840165764}, "K66-U060": {"K66-U070": 161.46557402825016}, "K68-D010": {"K68-D020": 49.35390598423649}, "K65A-U010": {"K65A-U020": 49.98704044980076}, "K68-D040": {"K68-D050": 106.16382802352841}, "K66-D220": {"K66-D230": 69.18175057161031}, "K66-D120": {"K66-D130": 63.23263312390749}, "K68-U080": {"K68-U090": 44.108930014146985}, "K68-D120": {"K68-D130": 160.33440332111985}, "K66-D230": {"K66-D240": 95.36205597172109}, "K68-D030": {"K68-D040": 76.80005517965685}}