{"K65A-D050": {"K65A-D060": 57.845449131554496}, "K65A-U100": {"K65A-U110": 56.08651767625374}, "K65A-U110": {"K65A-U120": 76.1534765351155}, "K65A-U120": {"K65A-U130": 79.18311889867057}, "K65-U060": {"K65-U070": 36.44763472675294}, "K66-D090": {"K66-D100": 41.78389638107361}, "K65A-D070": {"K65A-D080": 114.79782440761876}, "K68-D190": {"K68-D200": 36.31406284402901}, "K65A-U030": {"K65A-U040": 37.14390885207186}, "K65-D050": {"K65-D060": 60.10806757955612}, "K65-U070": {"K65-U080": 69.7313576329482}, "K65-U200": {"K65-U210": 67.82979592162893}, "K65-D150": {"K65-D160": 103.13625367895762}, "K66-D170": {"K66-D180": 185.92283778347792}, "K65-D060": {"K65-D070": 85.48386096826786}, "K65-D180": {"K65-D190": 114.76353017907886}, "K66-U190": {"K66-U200": 68.68747057483606}, "K66-U130": {"K66-U140": 56.77260962885712}, "K65-U080": {"K65-U090": 143.77181589451243}, "K66-D200": {"K66-D210": 127.8189446214391}, "K68-U120": {"K68-U130": 154.42587184227972}, "K68-D150": {"K68-D160": 38.605830017917356}, "K65-U100": {"K65-U110": 122.03870238929619}, "K66-U020": {"K66-U030": 187.2432629114879}, "K65-D070": {"K65-D080": 115.88191365885268}, "K65-D100": {"K65-D110": 221.3210608532636}, "K66-U180": {"K66-U190": 60.4796510296268}, "K65-D170": {"K65-D180": 96.92014609065464}, "K66-U040": {"K66-U050": 142.05846764156442}, "K65-U140": {"K65-U150": 101.01398039185203}, "K66-U010": {"K66-U020": 131.8700361735282}, "K66-U080": {"K66-U090": 179.55827870844936}, "K65-U050": {"K65-U060": 99.99491045709432}, "K68-U070": {"K68-U080": 34.11257692837935}, "K66-U140": {"K66-U150": 45.75495965503599}, "K66-U050": {"K66-U060": 44.58846375379618}, "K68-U100": {"K68-U110": 180.93675761748506}, "K68-D160": {"K68-D170": 82.67648264476887}, "K65A-D020": {"K65A-D030": 77.64032823961085}, "K68-U030": {"K68-U040": 20.605287379009354}, "K66-D110": {"K66-D120": 42.50787450058898}, "K65-D120": {"K65-D130": 70.03186566236162}, "K66-D130": {"K66-D140": 38.1646356766417}, "K65A-D100": {"K65A-D110": 229.91367913801324}, "K65-D090": {"K65-D100": 107.00291646082678}, "K65A-D080": {"K65A-D090": 55.32040403410808}, "K68-D080": {"K68-D090": 87.30698490945647}, "K65A-U070": {"K65A-U080": 45.41624847131767}, "K66-D010": {"K66-D020": 13.627238547685602}, "K65-D020": {"K65-D030": 73.2327185666328}, "K65A-U090": {"K65A-U100": 55.96508538708034}, "K66-U100": {"K66-U110": 78.35522349162403}, "K65A-D060": {"K65A-D070": 82.56380567554426}, "K65-D080": {"K65-D090": 63.16634822351498}, "K65-D110": {"K65-D120": 93.958752823191}, "K65-U160": {"K65-U170": 56.72664708941558}, "K68-U170": {"K68-D010": 162.97350761051732}, "K66-U160": {"K66-U170": 46.19249727120805}, "K66-D020": {"K66-D030": 63.67405551276365}, "K68-D050": {"K68-D060": 63.87565281184711}, "K66-D190": {"K66-D200": 86.57277499988676}, "K66-U030": {"K66-U040": 162.2573782362624}, "K66-D100": {"K66-D110": 50.4259360972454}, "K66-D140": {"K66-D150": 94.09862738472292}, "K65-U030": {"K65-U040": 94.39481458921173}, "K65-D140": {"K65-D150": 114.01587195117875}, "K65-D010": {"K65-D020": 40.87908551881242}, "K66-U070": {"K66-U080": 213.26511812252502}, "K65-U170": {"K65-U180": 52.09170155564287}, "K66-D150": {"K66-D160": 86.53829649062274}, "K65-U090": {"K65-U100": 52.686980127846105}, "K66-U090": {"K66-U100": 52.68912795342237}, "K66-U150": {"K66-U160": 53.48505624797728}, "K66-D040": {"K66-D050": 43.62545493980688}, "K68-D110": {"K68-D120": 95.08618113925635}, "K65-U180": {"K65-U190": 72.78750971759527}, "K68-U090": {"K68-U100": 145.59444324084456}, "K66-D070": {"K66-D080": 47.787237674247066}, "K65-U110": {"K65-U120": 113.27947876770759}, "K68-U140": {"K68-U150": 41.54839267431636}, "K68-D090": {"K68-D100": 147.6520852627989}, "K68-D140": {"K68-D150": 43.51317904913877}, "K66-D180": {"K66-D190": 84.65655833175114}, "K68-U150": {"K68-U160": 91.12256250664734}, "K66-D080": {"K66-D090": 58.46275668392612}, "K65-U150": {"K65-U160": 54.42034926770232}, "K65-D030": {"K65-D040": 64.60190432133678}, "K68-D100": {"K68-D110": 91.46553617802432}, "K65-U130": {"K65-U140": 33.891020259210215}, "K65-U010": {"K65-U020": 260.20161792266526}, "K66-U210": {"K66-U220": 53.05875425606094}, "K68-U040": {"K68-U050": 56.24496529780349}, "K68-U110": {"K68-U120": 196.6296112032059}, "K68-D020": {"K68-D030": 92.13057882693413}, "K65-U210": {"K65-U220": 78.21018145648176}, "K66-U120": {"K66-U130": 55.467529300066985}, "K68-D130": {"K68-D140": 60.79130008927841}, "K65-U040": {"K65-U050": 88.53139104912904}, "K65-D130": {"K65-D140": 100.19185478092386}, "K68-U050": {"K68-U060": 49.621743584032444}, "K66-D050": {"K66-D060": 46.68850909591957}, "K68-U010": {"K68-U020": 91.46423005291578}, "K68-D060": {"K68-D070": 88.0893621811613}, "K68-U060": {"K68-U070": 65.8362147195899}, "K65-U220": {"K65-U230": 80.40296292197986}, "K66-U110": {"K66-U120": 41.84979643104898}, "K68-D180": {"K68-D190": 35.02286680105436}, "K68-D170": {"K68-D180": 46.84725261409979}, "K66-U200": {"K66-U210": 57.10391252923538}, "K66-D030": {"K66-D040": 76.68790133755046}, "K65-U020": {"K65-U030": 139.77849096271623}, "K65-U190": {"K65-U200": 51.88085033699124}, "K68-U160": {"K68-U170": 73.11414518269467}, "K66-D160": {"K66-D170": 146.96718922679773}, "K65-U120": {"K65-U130": 167.6246868522275}, "K68-D200": {"K68-U011": 68.62289975900433}, "K65-D040": {"K65-D050": 70.15457695007589}, "K65A-U040": {"K65A-U050": 89.26141485183906}, "K65A-D040": {"K65A-D050": 64.36553600658476}, "K65A-U020": {"K65A-U030": 187.68218244609298}, "K66-U170": {"K66-U180": 29.752502263626138}, "K65A-U050": {"K65A-U060": 46.642073564149555}, "K65A-D090": {"K65A-D100": 115.4884784122822}, "K65A-U080": {"K65A-U090": 67.81866144254865}, "K65A-D030": {"K65A-D040": 64.60542900136932}, "K65A-D010": {"K65A-D020": 108.20810056679295}, "K66-D060": {"K66-D070": 43.69542119793241}, "K65A-U060": {"K65A-U070": 52.199190848337324}, "K66-D210": {"K66-D220": 138.86191425625663}, "K68-D070": {"K68-D080": 220.6531383437046}, "K65-D160": {"K65-D170": 157.3895506434419}, "K68-U130": {"K68-U140": 160.41225792835525}, "K68-U020": {"K68-U030": 46.057339127092355}, "K66-U060": {"K66-U070": 171.86662581759305}, "K68-D010": {"K68-D020": 50.56729373184081}, "K65A-U010": {"K65A-U020": 65.521299689123}, "K68-D040": {"K68-D050": 109.26190172216164}, "K66-D220": {"K66-D230": 87.90221624923615}, "K66-D120": {"K66-D130": 64.44467005977936}, "K68-U080": {"K68-U090": 48.947431009495034}, "K68-D120": {"K68-D130": 174.95831984486372}, "K66-D230": {"K66-D240": 97.72718176125}, "K68-D030": {"K68-D040": 88.4688684453144}}