{"K65A-D050": {"K65A-D060": 70.78245266249003}, "K65A-U100": {"K65A-U110": 61.57571321673966}, "K65A-U110": {"K65A-U120": 77.16103980337286}, "K65A-U120": {"K65A-U130": 85.11700767258408}, "K65-U060": {"K65-U070": 32.749882633055975}, "K66-D090": {"K66-D100": 46.44588640404047}, "K65A-D070": {"K65A-D080": 127.87280020572754}, "K68-D190": {"K68-D200": 43.6650984484261}, "K65A-U030": {"K65A-U040": 33.72929227072514}, "K65-D050": {"K65-D060": 63.61171217580875}, "K65-U070": {"K65-U080": 71.13336746413496}, "K65-U200": {"K65-U210": 63.727685034488005}, "K65-D150": {"K65-D160": 102.88617477680346}, "K66-D170": {"K66-D180": 186.90915730586704}, "K65-D060": {"K65-D070": 82.11644513375253}, "K65-D180": {"K65-D190": 115.17062873099727}, "K66-U190": {"K66-U200": 63.485345944797665}, "K66-U130": {"K66-U140": 54.36348360559517}, "K65-U080": {"K65-U090": 149.5257184345193}, "K66-D200": {"K66-D210": 124.92080050659831}, "K68-U120": {"K68-U130": 156.3096546241537}, "K68-D150": {"K68-D160": 40.92560449235911}, "K65-U100": {"K65-U110": 129.8514093179735}, "K66-U020": {"K66-U030": 200.094491189151}, "K65-D070": {"K65-D080": 116.11521799616457}, "K65-D100": {"K65-D110": 225.92818542158938}, "K66-U180": {"K66-U190": 63.79529082481223}, "K65-D170": {"K65-D180": 98.7208646955174}, "K66-U040": {"K66-U050": 128.59720139299083}, "K65-U140": {"K65-U150": 100.00456336822154}, "K66-U010": {"K66-U020": 127.80476016061729}, "K66-U080": {"K66-U090": 170.33638503525944}, "K65-U050": {"K65-U060": 115.3932817215212}, "K68-U070": {"K68-U080": 35.60905233351182}, "K66-U140": {"K66-U150": 44.81168494266059}, "K66-U050": {"K66-U060": 44.04291623837925}, "K68-U100": {"K68-U110": 191.63848739840554}, "K68-D160": {"K68-D170": 84.35835140659492}, "K65A-D020": {"K65A-D030": 78.91341003814873}, "K68-U030": {"K68-U040": 22.374293658730426}, "K66-D110": {"K66-D120": 42.86626121744388}, "K65-D120": {"K65-D130": 68.32014978591705}, "K66-D130": {"K66-D140": 34.351084766424535}, "K65A-D100": {"K65A-D110": 238.01791160250588}, "K65-D090": {"K65-D100": 96.54613293130014}, "K65A-D080": {"K65A-D090": 56.274500252289066}, "K68-D080": {"K68-D090": 84.82465427222974}, "K65A-U070": {"K65A-U080": 52.86189028258225}, "K66-D010": {"K66-D020": 13.856943567619428}, "K65-D020": {"K65-D030": 73.86295662883474}, "K65A-U090": {"K65A-U100": 56.58031728393952}, "K66-U100": {"K66-U110": 81.60853992972437}, "K65A-D060": {"K65A-D070": 85.56035186780699}, "K65-D080": {"K65-D090": 63.974323891389716}, "K65-D110": {"K65-D120": 101.9573881835988}, "K65-U160": {"K65-U170": 58.36659419074755}, "K68-U170": {"K68-D010": 158.46487981803574}, "K66-U160": {"K66-U170": 46.79228841128487}, "K66-D020": {"K66-D030": 59.39836099988986}, "K68-D050": {"K68-D060": 63.658057718688454}, "K66-D190": {"K66-D200": 83.31348430421431}, "K66-U030": {"K66-U040": 160.79342255630127}, "K66-D100": {"K66-D110": 39.108389853330344}, "K66-D140": {"K66-D150": 93.80072279200081}, "K65-U030": {"K65-U040": 99.55667571020749}, "K65-D140": {"K65-D150": 109.4776434101785}, "K65-D010": {"K65-D020": 38.11183522111983}, "K66-U070": {"K66-U080": 221.66540777778874}, "K65-U170": {"K65-U180": 56.40015976615656}, "K66-D150": {"K66-D160": 85.2715644768562}, "K65-U090": {"K65-U100": 54.45194255087243}, "K66-U090": {"K66-U100": 54.25328739173997}, "K66-U150": {"K66-U160": 55.46437288225208}, "K66-D040": {"K66-D050": 45.87986771928875}, "K68-D110": {"K68-D120": 103.34089407858194}, "K65-U180": {"K65-U190": 76.85888972506193}, "K68-U090": {"K68-U100": 146.16271369990037}, "K66-D070": {"K66-D080": 48.170335079448016}, "K65-U110": {"K65-U120": 114.9553613912417}, "K68-U140": {"K68-U150": 43.342732165407014}, "K68-D090": {"K68-D100": 144.8996959176402}, "K68-D140": {"K68-D150": 41.035350098433995}, "K66-D180": {"K66-D190": 77.66417531349576}, "K68-U150": {"K68-U160": 82.6301374679721}, "K66-D080": {"K66-D090": 68.41785039796217}, "K65-U150": {"K65-U160": 55.83271395606312}, "K65-D030": {"K65-D040": 66.96051773987777}, "K68-D100": {"K68-D110": 92.3214216761595}, "K65-U130": {"K65-U140": 32.408663395316474}, "K65-U010": {"K65-U020": 259.81985574648525}, "K66-U210": {"K66-U220": 51.737971718017945}, "K68-U040": {"K68-U050": 48.95553067999775}, "K68-U110": {"K68-U120": 199.64164939449967}, "K68-D020": {"K68-D030": 82.30595186023157}, "K65-U210": {"K65-U220": 78.99406399148653}, "K66-U120": {"K66-U130": 52.952971706591164}, "K68-D130": {"K68-D140": 63.34022932018767}, "K65-U040": {"K65-U050": 84.45949094651094}, "K65-D130": {"K65-D140": 99.51432751297854}, "K68-U050": {"K68-U060": 54.14289054284543}, "K66-D050": {"K66-D060": 36.96142599284066}, "K68-U010": {"K68-U020": 94.73706072659172}, "K68-D060": {"K68-D070": 99.35143927353931}, "K68-U060": {"K68-U070": 60.50574893385918}, "K65-U220": {"K65-U230": 75.65640529833806}, "K66-U110": {"K66-U120": 37.95581356736362}, "K68-D180": {"K68-D190": 39.72508933999184}, "K68-D170": {"K68-D180": 43.41387807575062}, "K66-U200": {"K66-U210": 52.9908810427126}, "K66-D030": {"K66-D040": 82.00847460265646}, "K65-U020": {"K65-U030": 137.11328318830164}, "K65-U190": {"K65-U200": 56.58584528372511}, "K68-U160": {"K68-U170": 72.11941044531022}, "K66-D160": {"K66-D170": 152.67076253510874}, "K65-U120": {"K65-U130": 174.63112588872534}, "K68-D200": {"K68-U011": 66.30351609517444}, "K65-D040": {"K65-D050": 71.57575528960085}, "K65A-U040": {"K65A-U050": 93.225414384689}, "K65A-D040": {"K65A-D050": 71.42665345079966}, "K65A-U020": {"K65A-U030": 192.48457897123168}, "K66-U170": {"K66-U180": 35.645543147961924}, "K65A-U050": {"K65A-U060": 49.38566388401947}, "K65A-D090": {"K65A-D100": 116.87623280628668}, "K65A-U080": {"K65A-U090": 70.94968274403719}, "K65A-D030": {"K65A-D040": 65.64401400271022}, "K65A-D010": {"K65A-D020": 160.83986355846704}, "K66-D060": {"K66-D070": 48.05720189717516}, "K65A-U060": {"K65A-U070": 49.71367394298754}, "K66-D210": {"K66-D220": 153.05698948923546}, "K68-D070": {"K68-D080": 193.86614635483576}, "K65-D160": {"K65-D170": 150.36165413804622}, "K68-U130": {"K68-U140": 161.64816912801217}, "K68-U020": {"K68-U030": 41.6839986576304}, "K66-U060": {"K66-U070": 165.9420046909873}, "K68-D010": {"K68-D020": 48.66001703712335}, "K65A-U010": {"K65A-U020": 55.688550103476054}, "K68-D040": {"K68-D050": 107.70376430303293}, "K66-D220": {"K66-D230": 91.68530659094141}, "K66-D120": {"K66-D130": 59.26096843202712}, "K68-U080": {"K68-U090": 48.64066217804292}, "K68-D120": {"K68-D130": 178.08790315232704}, "K66-D230": {"K66-D240": 98.48018846702222}, "K68-D030": {"K68-D040": 92.27041348499472}}