{"K65A-D050": {"K65A-D060": 58.37483974794579}, "K65A-U100": {"K65A-U110": 58.55524790564262}, "K65A-U110": {"K65A-U120": 68.88783500039865}, "K65A-U120": {"K65A-U130": 88.3250201901373}, "K65-U060": {"K65-U070": 36.62551774850805}, "K66-D090": {"K66-D100": 44.842672105496455}, "K65A-D070": {"K65A-D080": 114.13969126631994}, "K68-D190": {"K68-D200": 39.79139727127946}, "K65A-U030": {"K65A-U040": 34.63076658008826}, "K65-D050": {"K65-D060": 60.309948492030934}, "K65-U070": {"K65-U080": 67.17385128853411}, "K65-U200": {"K65-U210": 59.97108296657266}, "K65-D150": {"K65-D160": 97.46449933713642}, "K66-D170": {"K66-D180": 178.34830117169162}, "K65-D060": {"K65-D070": 80.16722978042513}, "K65-D180": {"K65-D190": 113.75523836846658}, "K66-U190": {"K66-U200": 64.54000401791158}, "K66-U130": {"K66-U140": 53.285574049690204}, "K65-U080": {"K65-U090": 143.3403144677598}, "K66-D200": {"K66-D210": 122.58297619242039}, "K68-U120": {"K68-U130": 160.45627995755348}, "K68-D150": {"K68-D160": 41.50014715574788}, "K65-U100": {"K65-U110": 125.32660766360917}, "K66-U020": {"K66-U030": 190.60286354717215}, "K65-D070": {"K65-D080": 114.22664119169099}, "K65-D100": {"K65-D110": 219.89131178644288}, "K66-U180": {"K66-U190": 56.54581478118913}, "K65-D170": {"K65-D180": 91.41179330578389}, "K66-U040": {"K66-U050": 133.89127562544869}, "K65-U140": {"K65-U150": 102.89117459822918}, "K66-U010": {"K66-U020": 127.18096388755627}, "K66-U080": {"K66-U090": 170.0049147717485}, "K65-U050": {"K65-U060": 109.71832954492186}, "K68-U070": {"K68-U080": 30.513805069773447}, "K66-U140": {"K66-U150": 49.91492975493359}, "K66-U050": {"K66-U060": 43.8908205113689}, "K68-U100": {"K68-U110": 180.49882170627149}, "K68-D160": {"K68-D170": 79.52301790241032}, "K65A-D020": {"K65A-D030": 73.04061821083646}, "K68-U030": {"K68-U040": 21.10791736055912}, "K66-D110": {"K66-D120": 41.499502683559925}, "K65-D120": {"K65-D130": 65.8748690893178}, "K66-D130": {"K66-D140": 36.23220102643439}, "K65A-D100": {"K65A-D110": 230.34267938724958}, "K65-D090": {"K65-D100": 106.22673983917325}, "K65A-D080": {"K65A-D090": 63.02533147909908}, "K68-D080": {"K68-D090": 88.78008087454577}, "K65A-U070": {"K65A-U080": 36.73695020548079}, "K66-D010": {"K66-D020": 18.093856447595837}, "K65-D020": {"K65-D030": 69.85664807459796}, "K65A-U090": {"K65A-U100": 48.17377550296445}, "K66-U100": {"K66-U110": 72.37713591204492}, "K65A-D060": {"K65A-D070": 73.78172880577281}, "K65-D080": {"K65-D090": 56.81127995620269}, "K65-D110": {"K65-D120": 99.9917537971141}, "K65-U160": {"K65-U170": 52.45137024609679}, "K68-U170": {"K68-D010": 157.03429002142866}, "K66-U160": {"K66-U170": 50.663008570651755}, "K66-D020": {"K66-D030": 68.2239340371556}, "K68-D050": {"K68-D060": 56.03062577492325}, "K66-D190": {"K66-D200": 87.255837990851}, "K66-U030": {"K66-U040": 157.90899398781153}, "K66-D100": {"K66-D110": 44.865967393479266}, "K66-D140": {"K66-D150": 87.13075288956713}, "K65-U030": {"K65-U040": 99.04183760883619}, "K65-D140": {"K65-D150": 107.68677845616041}, "K65-D010": {"K65-D020": 39.29912371249185}, "K66-U070": {"K66-U080": 181.0483120168205}, "K65-U170": {"K65-U180": 47.93932576551971}, "K66-D150": {"K66-D160": 84.54750930760352}, "K65-U090": {"K65-U100": 54.36273719029401}, "K66-U090": {"K66-U100": 52.26049002103387}, "K66-U150": {"K66-U160": 56.48553099969814}, "K66-D040": {"K66-D050": 42.296496721155265}, "K68-D110": {"K68-D120": 91.48563662164034}, "K65-U180": {"K65-U190": 73.27305670378635}, "K68-U090": {"K68-U100": 135.59322487967103}, "K66-D070": {"K66-D080": 52.52896676668563}, "K65-U110": {"K65-U120": 99.84406350176957}, "K68-U140": {"K68-U150": 42.04712905764585}, "K68-D090": {"K68-D100": 159.83379189189617}, "K68-D140": {"K68-D150": 41.89276004965671}, "K66-D180": {"K66-D190": 82.26307393392723}, "K68-U150": {"K68-U160": 80.89979759614357}, "K66-D080": {"K66-D090": 62.46650523263942}, "K65-U150": {"K65-U160": 54.7897887488164}, "K65-D030": {"K65-D040": 56.82142475004307}, "K68-D100": {"K68-D110": 80.27769797299727}, "K65-U130": {"K65-U140": 26.86094352082133}, "K65-U010": {"K65-U020": 255.6445870103305}, "K66-U210": {"K66-U220": 54.24816258857576}, "K68-U040": {"K68-U050": 44.64400223407328}, "K68-U110": {"K68-U120": 188.40004345901636}, "K68-D020": {"K68-D030": 75.6127984736637}, "K65-U210": {"K65-U220": 73.00300839337265}, "K66-U120": {"K66-U130": 52.45434780014533}, "K68-D130": {"K68-D140": 59.26807441419953}, "K65-U040": {"K65-U050": 83.92064470430364}, "K65-D130": {"K65-D140": 94.9049024676534}, "K68-U050": {"K68-U060": 47.15507449381115}, "K66-D050": {"K66-D060": 42.16845186890542}, "K68-U010": {"K68-U020": 85.72117702254138}, "K68-D060": {"K68-D070": 92.39079290442916}, "K68-U060": {"K68-U070": 64.6543959119234}, "K65-U220": {"K65-U230": 75.80209772131057}, "K66-U110": {"K66-U120": 38.24826001175948}, "K68-D180": {"K68-D190": 36.3461629933419}, "K68-D170": {"K68-D180": 41.5787200264528}, "K66-U200": {"K66-U210": 56.27259306318374}, "K66-D030": {"K66-D040": 79.6817693205125}, "K65-U020": {"K65-U030": 130.05645066534777}, "K65-U190": {"K65-U200": 52.194609194825816}, "K68-U160": {"K68-U170": 69.80475732480824}, "K66-D160": {"K66-D170": 137.5666181665364}, "K65-U120": {"K65-U130": 174.13863385863655}, "K68-D200": {"K68-U011": 67.488751664067}, "K65-D040": {"K65-D050": 64.38978550625731}, "K65A-U040": {"K65A-U050": 73.03831779029433}, "K65A-D040": {"K65A-D050": 70.5100849256176}, "K65A-U020": {"K65A-U030": 170.61715265951074}, "K66-U170": {"K66-U180": 34.16894424203827}, "K65A-U050": {"K65A-U060": 48.31324227604549}, "K65A-D090": {"K65A-D100": 105.47016998940208}, "K65A-U080": {"K65A-U090": 67.43135027810355}, "K65A-D030": {"K65A-D040": 59.98279096721065}, "K65A-D010": {"K65A-D020": 69.63161651500126}, "K66-D060": {"K66-D070": 46.84990758570076}, "K65A-U060": {"K65A-U070": 52.24384061298531}, "K66-D210": {"K66-D220": 156.74348892778406}, "K68-D070": {"K68-D080": 202.50026702955847}, "K65-D160": {"K65-D170": 144.81670261729886}, "K68-U130": {"K68-U140": 158.02014318188276}, "K68-U020": {"K68-U030": 35.97791193731949}, "K66-U060": {"K66-U070": 157.97482039443253}, "K68-D010": {"K68-D020": 49.94765771625755}, "K65A-U010": {"K65A-U020": 48.12785723911428}, "K68-D040": {"K68-D050": 100.7359298422081}, "K66-D220": {"K66-D230": 69.2489961667039}, "K66-D120": {"K66-D130": 63.88260153333613}, "K68-U080": {"K68-U090": 42.22836708405366}, "K68-D120": {"K68-D130": 156.91477481708802}, "K66-D230": {"K66-D240": 94.95585037454899}, "K68-D030": {"K68-D040": 73.85004966169116}}