{"K65A-D050": {"K65A-D060": 62.6939298927695}, "K65A-U100": {"K65A-U110": 62.458487566209726}, "K65A-U110": {"K65A-U120": 72.84403910348887}, "K65A-U120": {"K65A-U130": 78.202912156388}, "K65-U060": {"K65-U070": 37.79413498930205}, "K66-D090": {"K66-D100": 47.835464213450926}, "K65A-D070": {"K65A-D080": 111.07109654745886}, "K68-D190": {"K68-D200": 44.8653733596934}, "K65A-U030": {"K65A-U040": 33.72537326300243}, "K65-D050": {"K65-D060": 61.80603539344971}, "K65-U070": {"K65-U080": 69.12095126618455}, "K65-U200": {"K65-U210": 63.39231033427252}, "K65-D150": {"K65-D160": 105.39128970117758}, "K66-D170": {"K66-D180": 196.3838381817683}, "K65-D060": {"K65-D070": 81.22938019497515}, "K65-D180": {"K65-D190": 120.35116203397119}, "K66-U190": {"K66-U200": 67.35239795698999}, "K66-U130": {"K66-U140": 53.537772315642925}, "K65-U080": {"K65-U090": 157.8393739479522}, "K66-D200": {"K66-D210": 133.84672154390248}, "K68-U120": {"K68-U130": 163.68867570616777}, "K68-D150": {"K68-D160": 41.42001604569013}, "K65-U100": {"K65-U110": 134.8936461269022}, "K66-U020": {"K66-U030": 193.3400491208546}, "K65-D070": {"K65-D080": 120.25806461589347}, "K65-D100": {"K65-D110": 232.80336730320374}, "K66-U180": {"K66-U190": 59.484896252292664}, "K65-D170": {"K65-D180": 93.82133281609387}, "K66-U040": {"K66-U050": 138.56660020795198}, "K65-U140": {"K65-U150": 100.32481129738844}, "K66-U010": {"K66-U020": 135.06117906867104}, "K66-U080": {"K66-U090": 168.203010673152}, "K65-U050": {"K65-U060": 110.43725369816634}, "K68-U070": {"K68-U080": 31.08555919573913}, "K66-U140": {"K66-U150": 47.56119193271489}, "K66-U050": {"K66-U060": 45.344844122355674}, "K68-U100": {"K68-U110": 190.9720866899615}, "K68-D160": {"K68-D170": 76.55518524424892}, "K65A-D020": {"K65A-D030": 75.45512298177428}, "K68-U030": {"K68-U040": 21.950024774896033}, "K66-D110": {"K66-D120": 37.32550499293961}, "K65-D120": {"K65-D130": 68.6333764204286}, "K66-D130": {"K66-D140": 41.372877801584345}, "K65A-D100": {"K65A-D110": 230.51850221220093}, "K65-D090": {"K65-D100": 96.61512020621625}, "K65A-D080": {"K65A-D090": 55.873152828061066}, "K68-D080": {"K68-D090": 83.95972186166532}, "K65A-U070": {"K65A-U080": 45.19156823596415}, "K66-D010": {"K66-D020": 36.06972422836449}, "K65-D020": {"K65-D030": 80.20252690924127}, "K65A-U090": {"K65A-U100": 52.57322576133538}, "K66-U100": {"K66-U110": 78.64682473176546}, "K65A-D060": {"K65A-D070": 79.26774891022743}, "K65-D080": {"K65-D090": 60.18597779453944}, "K65-D110": {"K65-D120": 99.19123238996958}, "K65-U160": {"K65-U170": 55.526412033213695}, "K68-U170": {"K68-D010": 159.56285712264386}, "K66-U160": {"K66-U170": 49.725499689503486}, "K66-D020": {"K66-D030": 66.95709780166814}, "K68-D050": {"K68-D060": 62.4037467761339}, "K66-D190": {"K66-D200": 81.50604132759364}, "K66-U030": {"K66-U040": 152.6577209160184}, "K66-D100": {"K66-D110": 46.59070556371385}, "K66-D140": {"K66-D150": 89.51103347607123}, "K65-U030": {"K65-U040": 102.37597815517628}, "K65-D140": {"K65-D150": 102.56154667584556}, "K65-D010": {"K65-D020": 43.16423838068072}, "K66-U070": {"K66-U080": 207.86345594520714}, "K65-U170": {"K65-U180": 49.0119384670464}, "K66-D150": {"K66-D160": 94.5063809340718}, "K65-U090": {"K65-U100": 59.4898245920219}, "K66-U090": {"K66-U100": 55.57153070310701}, "K66-U150": {"K66-U160": 55.37703973022665}, "K66-D040": {"K66-D050": 48.91215730448444}, "K68-D110": {"K68-D120": 97.81359477085887}, "K65-U180": {"K65-U190": 78.32892858751356}, "K68-U090": {"K68-U100": 153.1227590361972}, "K66-D070": {"K66-D080": 52.79007272685029}, "K65-U110": {"K65-U120": 114.31253518215006}, "K68-U140": {"K68-U150": 35.146480467865366}, "K68-D090": {"K68-D100": 152.15271388367327}, "K68-D140": {"K68-D150": 50.20475436866137}, "K66-D180": {"K66-D190": 82.93330759588724}, "K68-U150": {"K68-U160": 89.87977926696853}, "K66-D080": {"K66-D090": 63.35335621733991}, "K65-U150": {"K65-U160": 50.42268387674736}, "K65-D030": {"K65-D040": 66.76409559459941}, "K68-D100": {"K68-D110": 87.49157394862554}, "K65-U130": {"K65-U140": 31.52444534300731}, "K65-U010": {"K65-U020": 259.1780381953289}, "K66-U210": {"K66-U220": 52.146222350602024}, "K68-U040": {"K68-U050": 46.99897479925418}, "K68-U110": {"K68-U120": 197.70514959384155}, "K68-D020": {"K68-D030": 80.55373747450906}, "K65-U210": {"K65-U220": 80.37674743208356}, "K66-U120": {"K66-U130": 53.726458141444105}, "K68-D130": {"K68-D140": 59.64878117082835}, "K65-U040": {"K65-U050": 93.50285647218874}, "K65-D130": {"K65-D140": 109.71772843064198}, "K68-U050": {"K68-U060": 53.444778643640745}, "K66-D050": {"K66-D060": 40.812994644720916}, "K68-U010": {"K68-U020": 92.38938210635396}, "K68-D060": {"K68-D070": 97.64479305444232}, "K68-U060": {"K68-U070": 70.94436926348408}, "K65-U220": {"K65-U230": 81.72541742851199}, "K66-U110": {"K66-U120": 41.62461486117634}, "K68-D180": {"K68-D190": 34.80793758019162}, "K68-D170": {"K68-D180": 45.81350311005104}, "K66-U200": {"K66-U210": 58.02177167555608}, "K66-D030": {"K66-D040": 81.07839115488639}, "K65-U020": {"K65-U030": 138.3994512419095}, "K65-U190": {"K65-U200": 57.2141509830523}, "K68-U160": {"K68-U170": 69.79216631977403}, "K66-D160": {"K66-D170": 146.3575824602701}, "K65-U120": {"K65-U130": 172.33483338520188}, "K68-D200": {"K68-U011": 68.54076048878129}, "K65-D040": {"K65-D050": 69.6253952339068}, "K65A-U040": {"K65A-U050": 89.16014702886305}, "K65A-D040": {"K65A-D050": 69.42198607161433}, "K65A-U020": {"K65A-U030": 199.27071660011273}, "K66-U170": {"K66-U180": 34.503735668554064}, "K65A-U050": {"K65A-U060": 50.83308212499265}, "K65A-D090": {"K65A-D100": 108.95325638796783}, "K65A-U080": {"K65A-U090": 72.49461822246899}, "K65A-D030": {"K65A-D040": 67.2505692706095}, "K65A-D010": {"K65A-D020": 84.95438254693634}, "K66-D060": {"K66-D070": 45.13116322484984}, "K65A-U060": {"K65A-U070": 52.12262495582411}, "K66-D210": {"K66-D220": 171.07186296614248}, "K68-D070": {"K68-D080": 200.5157166286402}, "K65-D160": {"K65-D170": 146.3363873652896}, "K68-U130": {"K68-U140": 167.0291899149317}, "K68-U020": {"K68-U030": 40.425223474937745}, "K66-U060": {"K66-U070": 170.70918868201255}, "K68-D010": {"K68-D020": 48.16846996842018}, "K65A-U010": {"K65A-U020": 57.36753609507152}, "K68-D040": {"K68-D050": 102.53398984779457}, "K66-D220": {"K66-D230": 82.24695791719768}, "K66-D120": {"K66-D130": 66.11822794793417}, "K68-U080": {"K68-U090": 50.79969440760277}, "K68-D120": {"K68-D130": 175.22322530470282}, "K66-D230": {"K66-D240": 103.81507775195226}, "K68-D030": {"K68-D040": 85.73484519830922}}