{"K65A-D050": {"K65A-D060": 63.413175168811016}, "K65A-U100": {"K65A-U110": 63.01224289819694}, "K65A-U110": {"K65A-U120": 79.91683432138107}, "K65A-U120": {"K65A-U130": 76.82616981257141}, "K65-U060": {"K65-U070": 34.54128202522038}, "K66-D090": {"K66-D100": 44.26890814209291}, "K65A-D070": {"K65A-D080": 105.24849731486424}, "K68-D190": {"K68-D200": 43.2243310153946}, "K65A-U030": {"K65A-U040": 39.599620991626594}, "K65-D050": {"K65-D060": 60.99695822424438}, "K65-U070": {"K65-U080": 67.4586148251806}, "K65-U200": {"K65-U210": 63.70705352503323}, "K65-D150": {"K65-D160": 108.17844615331262}, "K66-D170": {"K66-D180": 175.73486768599142}, "K65-D060": {"K65-D070": 79.55370431447649}, "K65-D180": {"K65-D190": 120.23973446061396}, "K66-U190": {"K66-U200": 69.93565171938319}, "K66-U130": {"K66-U140": 56.1474284238994}, "K65-U080": {"K65-U090": 150.4639617589187}, "K66-D200": {"K66-D210": 125.71160939353263}, "K68-U120": {"K68-U130": 159.07328407755557}, "K68-D150": {"K68-D160": 39.93270547876984}, "K65-U100": {"K65-U110": 126.09150217180938}, "K66-U020": {"K66-U030": 186.90177282399395}, "K65-D070": {"K65-D080": 121.94613043965776}, "K65-D100": {"K65-D110": 227.09474926326888}, "K66-U180": {"K66-U190": 60.20191824564447}, "K65-D170": {"K65-D180": 100.6869164314816}, "K66-U040": {"K66-U050": 127.58333554572998}, "K65-U140": {"K65-U150": 100.2781024347277}, "K66-U010": {"K66-U020": 132.19316403065451}, "K66-U080": {"K66-U090": 174.52446255472947}, "K65-U050": {"K65-U060": 108.06950297477616}, "K68-U070": {"K68-U080": 32.28297053521479}, "K66-U140": {"K66-U150": 52.59523380158237}, "K66-U050": {"K66-U060": 48.72211515837684}, "K68-U100": {"K68-U110": 185.768671367826}, "K68-D160": {"K68-D170": 78.87444132342651}, "K65A-D020": {"K65A-D030": 78.01746352191387}, "K68-U030": {"K68-U040": 23.000634520318552}, "K66-D110": {"K66-D120": 42.11254655553624}, "K65-D120": {"K65-D130": 63.723082488159264}, "K66-D130": {"K66-D140": 35.6633649812822}, "K65A-D100": {"K65A-D110": 250.7119451278906}, "K65-D090": {"K65-D100": 109.86395551607526}, "K65A-D080": {"K65A-D090": 58.03634502309903}, "K68-D080": {"K68-D090": 85.56544228487238}, "K65A-U070": {"K65A-U080": 40.913810181659485}, "K66-D010": {"K66-D020": 50.851090167495876}, "K65-D020": {"K65-D030": 73.76451781729939}, "K65A-U090": {"K65A-U100": 51.555600137898445}, "K66-U100": {"K66-U110": 79.40666383854615}, "K65A-D060": {"K65A-D070": 79.11888071454521}, "K65-D080": {"K65-D090": 57.330191164327246}, "K65-D110": {"K65-D120": 106.8134511622007}, "K65-U160": {"K65-U170": 52.91485562904194}, "K68-U170": {"K68-D010": 158.41951427744686}, "K66-U160": {"K66-U170": 50.25645617925882}, "K66-D020": {"K66-D030": 69.87506891727824}, "K68-D050": {"K68-D060": 58.89303225572603}, "K66-D190": {"K66-D200": 80.41644838906709}, "K66-U030": {"K66-U040": 151.93855419283307}, "K66-D100": {"K66-D110": 47.78262070062575}, "K66-D140": {"K66-D150": 79.13871699647541}, "K65-U030": {"K65-U040": 101.23310368217673}, "K65-D140": {"K65-D150": 111.93357473722372}, "K65-D010": {"K65-D020": 40.334985012453444}, "K66-U070": {"K66-U080": 181.36584404220463}, "K65-U170": {"K65-U180": 54.68864684197227}, "K66-D150": {"K66-D160": 94.40939809480723}, "K65-U090": {"K65-U100": 56.095914756316276}, "K66-U090": {"K66-U100": 51.55040955728043}, "K66-U150": {"K66-U160": 56.182819106946}, "K66-D040": {"K66-D050": 40.641788031909265}, "K68-D110": {"K68-D120": 99.49537010111614}, "K65-U180": {"K65-U190": 77.21504229544652}, "K68-U090": {"K68-U100": 131.14946955316412}, "K66-D070": {"K66-D080": 49.26053712715171}, "K65-U110": {"K65-U120": 106.1222171444028}, "K68-U140": {"K68-U150": 41.711579734052926}, "K68-D090": {"K68-D100": 140.5116714601766}, "K68-D140": {"K68-D150": 44.2349403863909}, "K66-D180": {"K66-D190": 88.15935442771396}, "K68-U150": {"K68-U160": 88.84613300271435}, "K66-D080": {"K66-D090": 67.19257287820415}, "K65-U150": {"K65-U160": 55.11298154290548}, "K65-D030": {"K65-D040": 62.694334893931035}, "K68-D100": {"K68-D110": 98.26483321194038}, "K65-U130": {"K65-U140": 33.380576474354015}, "K65-U010": {"K65-U020": 267.21727938636633}, "K66-U210": {"K66-U220": 61.759077638756494}, "K68-U040": {"K68-U050": 51.68680693727504}, "K68-U110": {"K68-U120": 189.74809254045502}, "K68-D020": {"K68-D030": 85.90617805290347}, "K65-U210": {"K65-U220": 77.58719323961195}, "K66-U120": {"K66-U130": 55.234708427965096}, "K68-D130": {"K68-D140": 56.285126078638484}, "K65-U040": {"K65-U050": 87.3607252320769}, "K65-D130": {"K65-D140": 98.31720043090422}, "K68-U050": {"K68-U060": 51.786334384881705}, "K66-D050": {"K66-D060": 44.0661842753586}, "K68-U010": {"K68-U020": 91.36995811034409}, "K68-D060": {"K68-D070": 104.3374182312102}, "K68-U060": {"K68-U070": 70.27367811085199}, "K65-U220": {"K65-U230": 81.01841982726528}, "K66-U110": {"K66-U120": 38.53754004725102}, "K68-D180": {"K68-D190": 40.54945540971765}, "K68-D170": {"K68-D180": 49.09435806518907}, "K66-U200": {"K66-U210": 58.21620755398218}, "K66-D030": {"K66-D040": 78.95419391999206}, "K65-U020": {"K65-U030": 124.27032934748566}, "K65-U190": {"K65-U200": 54.305437162868564}, "K68-U160": {"K68-U170": 70.58803142876081}, "K66-D160": {"K66-D170": 151.856294056273}, "K65-U120": {"K65-U130": 182.431056888931}, "K68-D200": {"K68-U011": 68.43255095783954}, "K65-D040": {"K65-D050": 67.1255334777097}, "K65A-U040": {"K65A-U050": 93.05256416431907}, "K65A-D040": {"K65A-D050": 79.52117567060586}, "K65A-U020": {"K65A-U030": 198.1291916830492}, "K66-U170": {"K66-U180": 31.788547190251045}, "K65A-U050": {"K65A-U060": 51.04375943495057}, "K65A-D090": {"K65A-D100": 116.51225270205582}, "K65A-U080": {"K65A-U090": 68.70935828150921}, "K65A-D030": {"K65A-D040": 64.51136507460451}, "K65A-D010": {"K65A-D020": 86.94543644906437}, "K66-D060": {"K66-D070": 43.12356671936922}, "K65A-U060": {"K65A-U070": 59.42979003229128}, "K66-D210": {"K66-D220": 150.92153886947295}, "K68-D070": {"K68-D080": 210.5413159413685}, "K65-D160": {"K65-D170": 149.2375844862686}, "K68-U130": {"K68-U140": 167.00748833524057}, "K68-U020": {"K68-U030": 41.2358044913948}, "K66-U060": {"K66-U070": 158.54201387870057}, "K68-D010": {"K68-D020": 49.24565302520744}, "K65A-U010": {"K65A-U020": 63.81574365543887}, "K68-D040": {"K68-D050": 97.25072555910666}, "K66-D220": {"K66-D230": 93.37479599443631}, "K66-D120": {"K66-D130": 66.03967632263625}, "K68-U080": {"K68-U090": 51.41672179180002}, "K68-D120": {"K68-D130": 168.07341861367237}, "K66-D230": {"K66-D240": 97.32123818568066}, "K68-D030": {"K68-D040": 83.47963595884748}}