{"K65A-D050": {"K65A-D060": 61.01468691048808}, "K65A-U100": {"K65A-U110": 58.27253827980032}, "K65A-U110": {"K65A-U120": 73.86482782044689}, "K65A-U120": {"K65A-U130": 86.06076315486673}, "K65-U060": {"K65-U070": 36.74204981529218}, "K66-D090": {"K66-D100": 41.4970241775781}, "K65A-D070": {"K65A-D080": 116.08775629584927}, "K68-D190": {"K68-D200": 42.80186776152142}, "K65A-U030": {"K65A-U040": 30.643115953195917}, "K65-D050": {"K65-D060": 63.7290054228324}, "K65-U070": {"K65-U080": 62.36708719437077}, "K65-U200": {"K65-U210": 57.5807480025545}, "K65-D150": {"K65-D160": 106.64499114713358}, "K66-D170": {"K66-D180": 191.8846489836178}, "K65-D060": {"K65-D070": 75.9114939254222}, "K65-D180": {"K65-D190": 116.54758942172289}, "K66-U190": {"K66-U200": 66.17463743497919}, "K66-U130": {"K66-U140": 55.66989099402072}, "K65-U080": {"K65-U090": 147.07471684538558}, "K66-D200": {"K66-D210": 118.80888964427447}, "K68-U120": {"K68-U130": 158.95549546542583}, "K68-D150": {"K68-D160": 44.17630727654021}, "K65-U100": {"K65-U110": 130.86305885124656}, "K66-U020": {"K66-U030": 176.05381300260117}, "K65-D070": {"K65-D080": 132.5093593455824}, "K65-D100": {"K65-D110": 223.5558308944197}, "K66-U180": {"K66-U190": 62.929657032877}, "K65-D170": {"K65-D180": 102.09127675660855}, "K66-U040": {"K66-U050": 130.26393756480851}, "K65-U140": {"K65-U150": 107.41238414292263}, "K66-U010": {"K66-U020": 131.5789822504467}, "K66-U080": {"K66-U090": 174.1812493700915}, "K65-U050": {"K65-U060": 108.52622983767958}, "K68-U070": {"K68-U080": 37.687042006201764}, "K66-U140": {"K66-U150": 46.93134397281991}, "K66-U050": {"K66-U060": 45.81030890102578}, "K68-U100": {"K68-U110": 189.41607690640268}, "K68-D160": {"K68-D170": 78.62545905707485}, "K65A-D020": {"K65A-D030": 77.8435996081298}, "K68-U030": {"K68-U040": 22.5186057100129}, "K66-D110": {"K66-D120": 39.32765139729522}, "K65-D120": {"K65-D130": 65.45647020022734}, "K66-D130": {"K66-D140": 40.42575353006676}, "K65A-D100": {"K65A-D110": 240.64094877623924}, "K65-D090": {"K65-D100": 100.55299948218305}, "K65A-D080": {"K65A-D090": 64.13283802792552}, "K68-D080": {"K68-D090": 87.4472310617895}, "K65A-U070": {"K65A-U080": 42.80020674873583}, "K66-D010": {"K66-D020": 20.483999764366786}, "K65-D020": {"K65-D030": 78.22800154108218}, "K65A-U090": {"K65A-U100": 52.10408204933471}, "K66-U100": {"K66-U110": 78.34400804794754}, "K65A-D060": {"K65A-D070": 88.92265178889059}, "K65-D080": {"K65-D090": 63.22668702588917}, "K65-D110": {"K65-D120": 99.92348341824558}, "K65-U160": {"K65-U170": 51.51389038024122}, "K68-U170": {"K68-D010": 151.4185970232781}, "K66-U160": {"K66-U170": 51.24336114451711}, "K66-D020": {"K66-D030": 69.18509532864}, "K68-D050": {"K68-D060": 57.35297621383444}, "K66-D190": {"K66-D200": 87.60197229536509}, "K66-U030": {"K66-U040": 162.05208656805604}, "K66-D100": {"K66-D110": 43.29321608617557}, "K66-D140": {"K66-D150": 102.30701544261461}, "K65-U030": {"K65-U040": 91.69099965515741}, "K65-D140": {"K65-D150": 115.97162151844645}, "K65-D010": {"K65-D020": 40.080439911608586}, "K66-U070": {"K66-U080": 191.1694781510902}, "K65-U170": {"K65-U180": 45.64879779265747}, "K66-D150": {"K66-D160": 89.09305971909313}, "K65-U090": {"K65-U100": 57.15235951235711}, "K66-U090": {"K66-U100": 47.20225093882415}, "K66-U150": {"K66-U160": 59.85117816439051}, "K66-D040": {"K66-D050": 47.46783030435233}, "K68-D110": {"K68-D120": 91.74662618745822}, "K65-U180": {"K65-U190": 75.22882955864051}, "K68-U090": {"K68-U100": 141.85489484355216}, "K66-D070": {"K66-D080": 50.17041648799343}, "K65-U110": {"K65-U120": 108.24907827530262}, "K68-U140": {"K68-U150": 45.74560033555926}, "K68-D090": {"K68-D100": 161.75227999682122}, "K68-D140": {"K68-D150": 41.69679139354961}, "K66-D180": {"K66-D190": 85.154363711304}, "K68-U150": {"K68-U160": 81.68896778777665}, "K66-D080": {"K66-D090": 58.529787677347585}, "K65-U150": {"K65-U160": 56.16826682252746}, "K65-D030": {"K65-D040": 64.84644179273809}, "K68-D100": {"K68-D110": 78.95054182231502}, "K65-U130": {"K65-U140": 30.394649201564192}, "K65-U010": {"K65-U020": 277.0107946954453}, "K66-U210": {"K66-U220": 55.1365541742353}, "K68-U040": {"K68-U050": 48.42294187919793}, "K68-U110": {"K68-U120": 186.3520352018033}, "K68-D020": {"K68-D030": 77.4493667636676}, "K65-U210": {"K65-U220": 75.27008009130957}, "K66-U120": {"K66-U130": 55.134272105904685}, "K68-D130": {"K68-D140": 59.978920260840674}, "K65-U040": {"K65-U050": 89.29323001873661}, "K65-D130": {"K65-D140": 103.19788901721434}, "K68-U050": {"K68-U060": 49.57217393785055}, "K66-D050": {"K66-D060": 44.96709786675397}, "K68-U010": {"K68-U020": 86.74733007423276}, "K68-D060": {"K68-D070": 94.88296260525742}, "K68-U060": {"K68-U070": 68.45211626244108}, "K65-U220": {"K65-U230": 81.41001389101163}, "K66-U110": {"K66-U120": 37.111669620555006}, "K68-D180": {"K68-D190": 35.41515282214625}, "K68-D170": {"K68-D180": 48.3396291495781}, "K66-U200": {"K66-U210": 57.47884935960299}, "K66-D030": {"K66-D040": 80.08284640275318}, "K65-U020": {"K65-U030": 139.2084493034149}, "K65-U190": {"K65-U200": 53.5346220137233}, "K68-U160": {"K68-U170": 67.63401128080667}, "K66-D160": {"K66-D170": 136.70149211072246}, "K65-U120": {"K65-U130": 173.78475312482095}, "K68-D200": {"K68-U011": 66.0860483083924}, "K65-D040": {"K65-D050": 70.1285811593078}, "K65A-U040": {"K65A-U050": 88.94504857582791}, "K65A-D040": {"K65A-D050": 76.22729324865966}, "K65A-U020": {"K65A-U030": 198.6725422391151}, "K66-U170": {"K66-U180": 32.790743731564206}, "K65A-U050": {"K65A-U060": 44.50304027606242}, "K65A-D090": {"K65A-D100": 111.69828057772656}, "K65A-U080": {"K65A-U090": 69.50419926083106}, "K65A-D030": {"K65A-D040": 63.46241823822821}, "K65A-D010": {"K65A-D020": 57.763273447002504}, "K66-D060": {"K66-D070": 46.91252665991036}, "K65A-U060": {"K65A-U070": 52.492351210920845}, "K66-D210": {"K66-D220": 158.77956093336823}, "K68-D070": {"K68-D080": 204.43662665846907}, "K65-D160": {"K65-D170": 144.3707441949008}, "K68-U130": {"K68-U140": 167.6351389014507}, "K68-U020": {"K68-U030": 39.98964101345526}, "K66-U060": {"K66-U070": 167.4993096947085}, "K68-D010": {"K68-D020": 50.98989176438564}, "K65A-U010": {"K65A-U020": 50.058603421124594}, "K68-D040": {"K68-D050": 109.15673985214562}, "K66-D220": {"K66-D230": 71.19465049381154}, "K66-D120": {"K66-D130": 65.53290129384352}, "K68-U080": {"K68-U090": 49.060267398364914}, "K68-D120": {"K68-D130": 159.57554779629012}, "K66-D230": {"K66-D240": 99.62530163866184}, "K68-D030": {"K68-D040": 87.22470956710667}}