{"K65A-D050": {"K65A-D060": 62.72220752540636}, "K65A-U100": {"K65A-U110": 54.83978980761733}, "K65A-U110": {"K65A-U120": 74.24604994685686}, "K65A-U120": {"K65A-U130": 80.60072728707317}, "K65-U060": {"K65-U070": 29.41976295347506}, "K66-D090": {"K66-D100": 44.94473255669182}, "K65A-D070": {"K65A-D080": 128.43977988288108}, "K68-D190": {"K68-D200": 42.661515006077025}, "K65A-U030": {"K65A-U040": 34.55115508228179}, "K65-D050": {"K65-D060": 59.43626982547907}, "K65-U070": {"K65-U080": 64.88284262815561}, "K65-U200": {"K65-U210": 63.4330890245548}, "K65-D150": {"K65-D160": 99.05060930047179}, "K66-D170": {"K66-D180": 195.39303694990775}, "K65-D060": {"K65-D070": 85.67427325474515}, "K65-D180": {"K65-D190": 117.6720215260004}, "K66-U190": {"K66-U200": 67.69454308971034}, "K66-U130": {"K66-U140": 51.024694114430396}, "K65-U080": {"K65-U090": 137.55296860427777}, "K66-D200": {"K66-D210": 132.50020442053778}, "K68-U120": {"K68-U130": 147.82733195901653}, "K68-D150": {"K68-D160": 37.41197932932143}, "K65-U100": {"K65-U110": 125.57241394453763}, "K66-U020": {"K66-U030": 194.4571798934864}, "K65-D070": {"K65-D080": 112.10869638917256}, "K65-D100": {"K65-D110": 221.12503566679}, "K66-U180": {"K66-U190": 58.92407573610613}, "K65-D170": {"K65-D180": 105.08548209976725}, "K66-U040": {"K66-U050": 132.92291260370024}, "K65-U140": {"K65-U150": 99.6462641315479}, "K66-U010": {"K66-U020": 128.19562844451858}, "K66-U080": {"K66-U090": 173.34689343984724}, "K65-U050": {"K65-U060": 107.92031632586789}, "K68-U070": {"K68-U080": 34.12264299807574}, "K66-U140": {"K66-U150": 47.53979163732956}, "K66-U050": {"K66-U060": 46.76016338377646}, "K68-U100": {"K68-U110": 185.88391688149602}, "K68-D160": {"K68-D170": 83.75623292987221}, "K65A-D020": {"K65A-D030": 77.1256679857079}, "K68-U030": {"K68-U040": 22.557505849192907}, "K66-D110": {"K66-D120": 39.07347348903041}, "K65-D120": {"K65-D130": 66.16539038809644}, "K66-D130": {"K66-D140": 40.07826969279979}, "K65A-D100": {"K65A-D110": 236.35825165994737}, "K65-D090": {"K65-D100": 109.6371939945357}, "K65A-D080": {"K65A-D090": 47.445473153747166}, "K68-D080": {"K68-D090": 89.27198010120894}, "K65A-U070": {"K65A-U080": 44.54604630061813}, "K66-D010": {"K66-D020": 13.402256443449431}, "K65-D020": {"K65-D030": 77.54089720655153}, "K65A-U090": {"K65A-U100": 52.03465840213221}, "K66-U100": {"K66-U110": 78.52243769418988}, "K65A-D060": {"K65A-D070": 82.63510335697922}, "K65-D080": {"K65-D090": 66.63991491189202}, "K65-D110": {"K65-D120": 102.13300891031193}, "K65-U160": {"K65-U170": 51.04359364344397}, "K68-U170": {"K68-D010": 160.90975764861327}, "K66-U160": {"K66-U170": 48.42885263122903}, "K66-D020": {"K66-D030": 69.60315521215514}, "K68-D050": {"K68-D060": 59.88467550230835}, "K66-D190": {"K66-D200": 83.23122302723253}, "K66-U030": {"K66-U040": 160.2868533741621}, "K66-D100": {"K66-D110": 45.868770496141906}, "K66-D140": {"K66-D150": 96.10580317704304}, "K65-U030": {"K65-U040": 96.75411571170669}, "K65-D140": {"K65-D150": 110.28711758709979}, "K65-D010": {"K65-D020": 36.792765985870126}, "K66-U070": {"K66-U080": 201.99369412605535}, "K65-U170": {"K65-U180": 48.37710275359355}, "K66-D150": {"K66-D160": 95.77485194608963}, "K65-U090": {"K65-U100": 54.16048522288954}, "K66-U090": {"K66-U100": 52.92344050855341}, "K66-U150": {"K66-U160": 54.8870010450227}, "K66-D040": {"K66-D050": 36.70039212783052}, "K68-D110": {"K68-D120": 97.18501385291272}, "K65-U180": {"K65-U190": 74.84414100464504}, "K68-U090": {"K68-U100": 147.7542182872274}, "K66-D070": {"K66-D080": 53.18889892425625}, "K65-U110": {"K65-U120": 115.74414260879368}, "K68-U140": {"K68-U150": 44.61223464224446}, "K68-D090": {"K68-D100": 144.63564890458719}, "K68-D140": {"K68-D150": 39.807309382495674}, "K66-D180": {"K66-D190": 79.74263535415137}, "K68-U150": {"K68-U160": 78.40384319273649}, "K66-D080": {"K66-D090": 66.21332813334341}, "K65-U150": {"K65-U160": 56.63666017898272}, "K65-D030": {"K65-D040": 67.93262388427395}, "K68-D100": {"K68-D110": 92.1535164019203}, "K65-U130": {"K65-U140": 32.603002134119926}, "K65-U010": {"K65-U020": 248.3963844519911}, "K66-U210": {"K66-U220": 52.64355226501566}, "K68-U040": {"K68-U050": 48.251746638290385}, "K68-U110": {"K68-U120": 193.70776616773125}, "K68-D020": {"K68-D030": 79.42153890610881}, "K65-U210": {"K65-U220": 75.7124129114411}, "K66-U120": {"K66-U130": 53.13231137195455}, "K68-D130": {"K68-D140": 61.01634763913488}, "K65-U040": {"K65-U050": 87.17305736858833}, "K65-D130": {"K65-D140": 91.63951300294207}, "K68-U050": {"K68-U060": 51.23603577368228}, "K66-D050": {"K66-D060": 46.99955478077975}, "K68-U010": {"K68-U020": 90.81706740557651}, "K68-D060": {"K68-D070": 100.96629534618538}, "K68-U060": {"K68-U070": 66.34899592724317}, "K65-U220": {"K65-U230": 76.1125740366935}, "K66-U110": {"K66-U120": 39.571071626247964}, "K68-D180": {"K68-D190": 40.28916111596864}, "K68-D170": {"K68-D180": 44.00598287845499}, "K66-U200": {"K66-U210": 51.18083781796692}, "K66-D030": {"K66-D040": 83.71506361960525}, "K65-U020": {"K65-U030": 134.06516756102295}, "K65-U190": {"K65-U200": 52.104814656649864}, "K68-U160": {"K68-U170": 72.43378555291379}, "K66-D160": {"K66-D170": 156.10501360117865}, "K65-U120": {"K65-U130": 176.15778160955958}, "K68-D200": {"K68-U011": 69.68558423767983}, "K65-D040": {"K65-D050": 62.13684439477869}, "K65A-U040": {"K65A-U050": 96.30282437779445}, "K65A-D040": {"K65A-D050": 58.097986287027766}, "K65A-U020": {"K65A-U030": 176.38159306877787}, "K66-U170": {"K66-U180": 35.7823997578378}, "K65A-U050": {"K65A-U060": 44.891715000168475}, "K65A-D090": {"K65A-D100": 105.31345423880582}, "K65A-U080": {"K65A-U090": 66.37179560245647}, "K65A-D030": {"K65A-D040": 62.92902354526633}, "K65A-D010": {"K65A-D020": 180.05319842937524}, "K66-D060": {"K66-D070": 44.81394629064779}, "K65A-U060": {"K65A-U070": 50.51281540162233}, "K66-D210": {"K66-D220": 136.02551709988745}, "K68-D070": {"K68-D080": 194.75057854741698}, "K65-D160": {"K65-D170": 156.57414434343232}, "K68-U130": {"K68-U140": 161.71900424514354}, "K68-U020": {"K68-U030": 36.328696507548784}, "K66-U060": {"K66-U070": 169.04690975912263}, "K68-D010": {"K68-D020": 51.31509717805663}, "K65A-U010": {"K65A-U020": 53.97843474574739}, "K68-D040": {"K68-D050": 105.28134676447132}, "K66-D220": {"K66-D230": 91.6018408408997}, "K66-D120": {"K66-D130": 65.08325567144952}, "K68-U080": {"K68-U090": 46.21844660951256}, "K68-D120": {"K68-D130": 170.5227564946592}, "K66-D230": {"K66-D240": 96.76147705767323}, "K68-D030": {"K68-D040": 87.30273143056115}}