{"K65A-D050": {"K65A-D060": 69.62568412374472}, "K65A-U100": {"K65A-U110": 53.337904899805764}, "K65A-U110": {"K65A-U120": 68.79023753010188}, "K65A-U120": {"K65A-U130": 73.40398299917578}, "K65-U060": {"K65-U070": 33.41148311996057}, "K66-D090": {"K66-D100": 40.407955697641974}, "K65A-D070": {"K65A-D080": 104.45444532230343}, "K68-D190": {"K68-D200": 36.22285884928564}, "K65A-U030": {"K65A-U040": 28.093012605667116}, "K65-D050": {"K65-D060": 55.456193868772154}, "K65-U070": {"K65-U080": 60.938888010623394}, "K65-U200": {"K65-U210": 59.25569719008479}, "K65-D150": {"K65-D160": 101.58993270209768}, "K66-D170": {"K66-D180": 178.27924913438258}, "K65-D060": {"K65-D070": 77.4267998109686}, "K65-D180": {"K65-D190": 113.45387745000717}, "K66-U190": {"K66-U200": 65.0224167381665}, "K66-U130": {"K66-U140": 47.28358358158015}, "K65-U080": {"K65-U090": 133.40993376905942}, "K66-D200": {"K66-D210": 122.00164726651629}, "K68-U120": {"K68-U130": 147.9406221352797}, "K68-D150": {"K68-D160": 62.217255282402036}, "K65-U100": {"K65-U110": 126.9966207856182}, "K66-U020": {"K66-U030": 169.6613982295912}, "K65-D070": {"K65-D080": 116.41671452277679}, "K65-D100": {"K65-D110": 199.02115328419762}, "K66-U180": {"K66-U190": 59.86284193373456}, "K65-D170": {"K65-D180": 96.4415479386391}, "K66-U040": {"K66-U050": 83.41897739244591}, "K65-U140": {"K65-U150": 98.56354345895558}, "K66-U010": {"K66-U020": 137.48955222726005}, "K66-U080": {"K66-U090": 165.11083537326508}, "K65-U050": {"K65-U060": 95.94718024037124}, "K68-U070": {"K68-U080": 32.98255938757815}, "K66-U140": {"K66-U150": 46.467977845325706}, "K66-U050": {"K66-U060": 45.297819379976985}, "K68-U100": {"K68-U110": 172.97148558020592}, "K68-D160": {"K68-D170": 48.099926280044016}, "K65A-D020": {"K65A-D030": 71.73081821665167}, "K68-U030": {"K68-U040": 18.60820617675781}, "K66-D110": {"K66-D120": 35.2360349869147}, "K65-D120": {"K65-D130": 58.60839288499577}, "K66-D130": {"K66-D140": 34.77488381210715}, "K65A-D100": {"K65A-D110": 231.03124070692064}, "K65-D090": {"K65-D100": 103.49035066172829}, "K65A-D080": {"K65A-D090": 56.12490021214821}, "K68-D080": {"K68-D090": 79.56091699108482}, "K65A-U070": {"K65A-U080": 45.85915189597205}, "K66-D010": {"K66-D020": 15.516504823493074}, "K65-D020": {"K65-D030": 71.67819756705661}, "K65A-U090": {"K65A-U100": 41.58769145650416}, "K66-U100": {"K66-U110": 71.18476886358991}, "K65A-D060": {"K65A-D070": 65.03567728757858}, "K65-D080": {"K65-D090": 49.076205813471645}, "K65-D110": {"K65-D120": 88.13703831927555}, "K65-U160": {"K65-U170": 49.873346856536635}, "K68-U170": {"K68-D010": 144.01538890600204}, "K66-U160": {"K66-U170": 44.911594190912204}, "K66-D020": {"K66-D030": 58.48758601348337}, "K68-D050": {"K68-D060": 52.75378133912373}, "K66-D190": {"K66-D200": 74.0743194228242}, "K66-U030": {"K66-U040": 163.79086875994025}, "K66-D100": {"K66-D110": 38.19428897817485}, "K66-D140": {"K66-D150": 81.38475068222922}, "K65-U030": {"K65-U040": 97.00640027802508}, "K65-D140": {"K65-D150": 96.25862353816258}, "K65-D010": {"K65-D020": 37.7940905601005}, "K66-U070": {"K66-U080": 199.1499865167997}, "K65-U170": {"K65-U180": 46.0008097303032}, "K66-D150": {"K66-D160": 97.14928396379955}, "K65-U090": {"K65-U100": 51.27517233493744}, "K66-U090": {"K66-U100": 57.06726480637724}, "K66-U150": {"K66-U160": 50.220202515254144}, "K66-D040": {"K66-D050": 34.10925562582767}, "K68-D110": {"K68-D120": 87.00021122187971}, "K65-U180": {"K65-U190": 71.32915328543979}, "K68-U090": {"K68-U100": 113.93598068164661}, "K66-D070": {"K66-D080": 41.506453932451336}, "K65-U110": {"K65-U120": 98.69022280853908}, "K68-U140": {"K68-U150": 37.45719222426415}, "K68-D090": {"K68-D100": 132.66105705201625}, "K68-D140": {"K68-D150": 41.86823355745946}, "K66-D180": {"K66-D190": 69.21457909890941}, "K68-U150": {"K68-U160": 86.05097206633538}, "K66-D080": {"K66-D090": 46.93237475126105}, "K65-U150": {"K65-U160": 51.14851685584492}, "K65-D030": {"K65-D040": 58.054069132104246}, "K68-D100": {"K68-D110": 84.30268463335372}, "K65-U130": {"K65-U140": 33.79634995033124}, "K65-U010": {"K65-U020": 250.41970461003189}, "K66-U210": {"K66-U220": 47.7883114171852}, "K68-U040": {"K68-U050": 38.22497906532288}, "K68-U110": {"K68-U120": 191.5512140274048}, "K68-D020": {"K68-D030": 67.61843597888947}, "K65-U210": {"K65-U220": 70.6408272577945}, "K66-U120": {"K66-U130": 54.85207179330011}, "K68-D130": {"K68-D140": 55.82032119755422}, "K65-U040": {"K65-U050": 78.81208284168642}, "K65-D130": {"K65-D140": 96.44904967759547}, "K68-U050": {"K68-U060": 54.56173657232523}, "K66-D050": {"K66-D060": 46.08967191430073}, "K68-U010": {"K68-U020": 85.16196469941735}, "K68-D060": {"K68-D070": 78.13567504882812}, "K68-U060": {"K68-U070": 73.06004930496216}, "K65-U220": {"K65-U230": 71.91772913960106}, "K66-U110": {"K66-U120": 39.417101404952994}, "K68-D180": {"K68-D190": 30.363755947455765}, "K68-D170": {"K68-D180": 51.30313257664443}, "K66-U200": {"K66-U210": 51.18773057326193}, "K66-D030": {"K66-D040": 72.22651440648995}, "K65-U020": {"K65-U030": 135.14508141685604}, "K65-U190": {"K65-U200": 50.02820570872681}, "K68-U160": {"K68-U170": 66.49650011370994}, "K66-D160": {"K66-D170": 160.26751987282333}, "K65-U120": {"K65-U130": 176.0992024868827}, "K68-D200": {"K68-U011": 55.98570730173399}, "K65-D040": {"K65-D050": 59.325774223506734}, "K65A-U040": {"K65A-U050": 94.02913364828564}, "K65A-D040": {"K65A-D050": 62.30422477200627}, "K65A-U020": {"K65A-U030": 185.89240521602332}, "K66-U170": {"K66-U180": 31.318480270407964}, "K65A-U050": {"K65A-U060": 46.88642374919355}, "K65A-D090": {"K65A-D100": 107.89965607246923}, "K65A-U080": {"K65A-U090": 62.66990090212728}, "K65A-D030": {"K65A-D040": 57.357240161719844}, "K65A-D010": {"K65A-D020": 44.410788960158825}, "K66-D060": {"K66-D070": 30.219317235412525}, "K65A-U060": {"K65A-U070": 46.665403569558364}, "K66-D210": {"K66-D220": 145.75960539987693}, "K68-D070": {"K68-D080": 180.20263915061952}, "K65-D160": {"K65-D170": 138.97249389323554}, "K68-U130": {"K68-U140": 142.4389389038086}, "K68-U020": {"K68-U030": 36.71061159590273}, "K66-U060": {"K66-U070": 172.8241892502307}, "K68-D010": {"K68-D020": 44.037251968383785}, "K65A-U010": {"K65A-U020": 61.99040392019509}, "K68-D040": {"K68-D050": 93.8746063798666}, "K66-D220": {"K66-D230": 80.11049375568005}, "K66-D120": {"K66-D130": 54.81782808146585}, "K68-U080": {"K68-U090": 46.47041906366155}, "K68-D120": {"K68-D130": 152.51786193847656}, "K66-D230": {"K66-D240": 98.97934646862359}, "K68-D030": {"K68-D040": 78.74270782470703}}