{"K65A-D050": {"K65A-D060": 54.75383178683679}, "K65A-U100": {"K65A-U110": 55.73936127022588}, "K65A-U110": {"K65A-U120": 76.70330718419545}, "K65A-U120": {"K65A-U130": 84.3983638383174}, "K65-U060": {"K65-U070": 35.50244653666165}, "K66-D090": {"K66-D100": 43.03204041401484}, "K65A-D070": {"K65A-D080": 109.27901480239707}, "K68-D190": {"K68-D200": 44.83274292503164}, "K65A-U030": {"K65A-U040": 31.57764235570492}, "K65-D050": {"K65-D060": 65.76975370846716}, "K65-U070": {"K65-U080": 64.7703007806168}, "K65-U200": {"K65-U210": 61.67469418842709}, "K65-D150": {"K65-D160": 104.35215530817636}, "K66-D170": {"K66-D180": 188.22746566154942}, "K65-D060": {"K65-D070": 81.16498177908768}, "K65-D180": {"K65-D190": 118.78856381976834}, "K66-U190": {"K66-U200": 67.96348651072698}, "K66-U130": {"K66-U140": 51.3348445340589}, "K65-U080": {"K65-U090": 146.218489900546}, "K66-D200": {"K66-D210": 123.47289896248815}, "K68-U120": {"K68-U130": 160.8178550787692}, "K68-D150": {"K68-D160": 42.66597481208889}, "K65-U100": {"K65-U110": 135.85839940850042}, "K66-U020": {"K66-U030": 195.85588479147833}, "K65-D070": {"K65-D080": 111.73084289794897}, "K65-D100": {"K65-D110": 218.54587545843847}, "K66-U180": {"K66-U190": 64.65245903106741}, "K65-D170": {"K65-D180": 86.59085588818618}, "K66-U040": {"K66-U050": 133.13676329262609}, "K65-U140": {"K65-U150": 100.25412786625581}, "K66-U010": {"K66-U020": 137.3204173940425}, "K66-U080": {"K66-U090": 171.75859244991148}, "K65-U050": {"K65-U060": 110.23886616142309}, "K68-U070": {"K68-U080": 37.43770006207871}, "K66-U140": {"K66-U150": 48.19445030343861}, "K66-U050": {"K66-U060": 47.513466133466636}, "K68-U100": {"K68-U110": 192.52119947494927}, "K68-D160": {"K68-D170": 79.70031181735456}, "K65A-D020": {"K65A-D030": 67.33129061287043}, "K68-U030": {"K68-U040": 23.500867871149055}, "K66-D110": {"K66-D120": 42.07107924825107}, "K65-D120": {"K65-D130": 65.50257327989516}, "K66-D130": {"K66-D140": 40.43638839388365}, "K65A-D100": {"K65A-D110": 232.04110015782044}, "K65-D090": {"K65-D100": 99.72044030179556}, "K65A-D080": {"K65A-D090": 62.37638213779316}, "K68-D080": {"K68-D090": 89.6279979172945}, "K65A-U070": {"K65A-U080": 44.035104576322354}, "K66-D010": {"K66-D020": 18.042269290017884}, "K65-D020": {"K65-D030": 78.18590129298642}, "K65A-U090": {"K65A-U100": 50.33818769263869}, "K66-U100": {"K66-U110": 80.20854406397358}, "K65A-D060": {"K65A-D070": 83.37010458418732}, "K65-D080": {"K65-D090": 64.92770111905973}, "K65-D110": {"K65-D120": 104.77601675657161}, "K65-U160": {"K65-U170": 58.318293612097115}, "K68-U170": {"K68-D010": 156.72656968167627}, "K66-U160": {"K66-U170": 51.11411124813771}, "K66-D020": {"K66-D030": 66.6403816147251}, "K68-D050": {"K68-D060": 58.94653150342566}, "K66-D190": {"K66-D200": 87.08190000378357}, "K66-U030": {"K66-U040": 166.41659694092053}, "K66-D100": {"K66-D110": 45.029915575683276}, "K66-D140": {"K66-D150": 101.26660537121913}, "K65-U030": {"K65-U040": 103.49778333419492}, "K65-D140": {"K65-D150": 111.69857321727639}, "K65-D010": {"K65-D020": 40.107183550646}, "K66-U070": {"K66-U080": 201.11441628125232}, "K65-U170": {"K65-U180": 53.790727610098735}, "K66-D150": {"K66-D160": 88.73208144980308}, "K65-U090": {"K65-U100": 57.020870187264826}, "K66-U090": {"K66-U100": 52.122782303971164}, "K66-U150": {"K66-U160": 59.77572067566837}, "K66-D040": {"K66-D050": 42.27067391910454}, "K68-D110": {"K68-D120": 95.54060847846645}, "K65-U180": {"K65-U190": 69.12122390618605}, "K68-U090": {"K68-U100": 138.32567202489153}, "K66-D070": {"K66-D080": 47.11433869436324}, "K65-U110": {"K65-U120": 107.34300205893051}, "K68-U140": {"K68-U150": 45.41419660886835}, "K68-D090": {"K68-D100": 144.27684647677845}, "K68-D140": {"K68-D150": 43.82802868227037}, "K66-D180": {"K66-D190": 86.9644532260503}, "K68-U150": {"K68-U160": 83.32114978398928}, "K66-D080": {"K66-D090": 58.61136901448306}, "K65-U150": {"K65-U160": 57.83501608104508}, "K65-D030": {"K65-D040": 66.84954828495782}, "K68-D100": {"K68-D110": 83.5244518453014}, "K65-U130": {"K65-U140": 29.91761704862615}, "K65-U010": {"K65-U020": 267.72365539434213}, "K66-U210": {"K66-U220": 50.30518811899618}, "K68-U040": {"K68-U050": 45.78915337165414}, "K68-U110": {"K68-U120": 192.31777520223392}, "K68-D020": {"K68-D030": 75.08020131669466}, "K65-U210": {"K65-U220": 81.12173601304275}, "K66-U120": {"K66-U130": 56.34023390784313}, "K68-D130": {"K68-D140": 60.29171451243034}, "K65-U040": {"K65-U050": 88.55478948591795}, "K65-D130": {"K65-D140": 100.0412702377809}, "K68-U050": {"K68-U060": 48.61093256403133}, "K66-D050": {"K66-D060": 43.072890735484044}, "K68-U010": {"K68-U020": 89.41193594696203}, "K68-D060": {"K68-D070": 100.60537981599197}, "K68-U060": {"K68-U070": 56.61038770430122}, "K65-U220": {"K65-U230": 75.12031044698755}, "K66-U110": {"K66-U120": 39.17254452243854}, "K68-D180": {"K68-D190": 38.157685115720064}, "K68-D170": {"K68-D180": 48.4612574364228}, "K66-U200": {"K66-U210": 60.1171685599934}, "K66-D030": {"K66-D040": 79.69224834699389}, "K65-U020": {"K65-U030": 138.37392234762336}, "K65-U190": {"K65-U200": 54.7728423044565}, "K68-U160": {"K68-U170": 67.97972244673265}, "K66-D160": {"K66-D170": 143.8700755441007}, "K65-U120": {"K65-U130": 170.87556504362266}, "K68-D200": {"K68-U011": 66.56058196799947}, "K65-D040": {"K65-D050": 70.29827644084087}, "K65A-U040": {"K65A-U050": 91.9502031903751}, "K65A-D040": {"K65A-D050": 71.57736546211434}, "K65A-U020": {"K65A-U030": 178.7736118964445}, "K66-U170": {"K66-U180": 31.529062059369}, "K65A-U050": {"K65A-U060": 50.564165323688755}, "K65A-D090": {"K65A-D100": 113.71434220324275}, "K65A-U080": {"K65A-U090": 71.8853227522371}, "K65A-D030": {"K65A-D040": 71.25495313525268}, "K65A-D010": {"K65A-D020": 51.55375957078962}, "K66-D060": {"K66-D070": 37.3456813769931}, "K65A-U060": {"K65A-U070": 55.710521685214225}, "K66-D210": {"K66-D220": 169.858864904144}, "K68-D070": {"K68-D080": 199.67583118478996}, "K65-D160": {"K65-D170": 146.3084708675364}, "K68-U130": {"K68-U140": 159.83484995860584}, "K68-U020": {"K68-U030": 38.53664969936075}, "K66-U060": {"K66-U070": 165.0185174071956}, "K68-D010": {"K68-D020": 50.529471639774094}, "K65A-U010": {"K65A-U020": 48.42066878217531}, "K68-D040": {"K68-D050": 102.62158656768005}, "K66-D220": {"K66-D230": 77.02326216276518}, "K66-D120": {"K66-D130": 68.37490650680496}, "K68-U080": {"K68-U090": 49.89367865377062}, "K68-D120": {"K68-D130": 173.63248470499053}, "K66-D230": {"K66-D240": 98.73205027866246}, "K68-D030": {"K68-D040": 87.22295244932847}}