{"K65A-D050": {"K65A-D060": 59.422885707482166}, "K65A-U100": {"K65A-U110": 63.50018256550701}, "K65A-U110": {"K65A-U120": 80.33054537035716}, "K65A-U120": {"K65A-U130": 82.13463328148347}, "K65-U060": {"K65-U070": 35.95996286721978}, "K66-D090": {"K66-D100": 41.825101067673025}, "K65A-D070": {"K65A-D080": 103.30595191183991}, "K68-D190": {"K68-D200": 46.902456099152324}, "K65A-U030": {"K65A-U040": 34.760340866489415}, "K65-D050": {"K65-D060": 63.3816941475503}, "K65-U070": {"K65-U080": 69.02755838020663}, "K65-U200": {"K65-U210": 66.50760679913985}, "K65-D150": {"K65-D160": 105.54604232138006}, "K66-D170": {"K66-D180": 193.83271071795707}, "K65-D060": {"K65-D070": 85.21436640423723}, "K65-D180": {"K65-D190": 113.63054775913513}, "K66-U190": {"K66-U200": 69.14692647178484}, "K66-U130": {"K66-U140": 52.79182129688661}, "K65-U080": {"K65-U090": 159.0328077828176}, "K66-D200": {"K66-D210": 128.0174026469375}, "K68-U120": {"K68-U130": 162.38580051495583}, "K68-D150": {"K68-D160": 40.15609173797718}, "K65-U100": {"K65-U110": 130.36045169585228}, "K66-U020": {"K66-U030": 197.0616177837445}, "K65-D070": {"K65-D080": 119.16265511060871}, "K65-D100": {"K65-D110": 220.55234053900895}, "K66-U180": {"K66-U190": 62.36970288335666}, "K65-D170": {"K65-D180": 106.53943869260922}, "K66-U040": {"K66-U050": 138.32613763917385}, "K65-U140": {"K65-U150": 99.56739016255428}, "K66-U010": {"K66-U020": 137.6918540356899}, "K66-U080": {"K66-U090": 182.53415887768386}, "K65-U050": {"K65-U060": 112.25763901755724}, "K68-U070": {"K68-U080": 35.33564983880611}, "K66-U140": {"K66-U150": 51.66172605456819}, "K66-U050": {"K66-U060": 44.69982983882255}, "K68-U100": {"K68-U110": 184.02076197234993}, "K68-D160": {"K68-D170": 82.07990817002371}, "K65A-D020": {"K65A-D030": 75.86624840451663}, "K68-U030": {"K68-U040": 23.20194991011261}, "K66-D110": {"K66-D120": 38.58718599868113}, "K65-D120": {"K65-D130": 73.34809170884638}, "K66-D130": {"K66-D140": 37.34359820083769}, "K65A-D100": {"K65A-D110": 244.7301530298762}, "K65-D090": {"K65-D100": 107.19841806456903}, "K65A-D080": {"K65A-D090": 52.57085541848353}, "K68-D080": {"K68-D090": 91.97375040514588}, "K65A-U070": {"K65A-U080": 49.874682828126325}, "K66-D010": {"K66-D020": 23.889847727772526}, "K65-D020": {"K65-D030": 76.16245944002735}, "K65A-U090": {"K65A-U100": 44.22404776522619}, "K66-U100": {"K66-U110": 86.10979719459651}, "K65A-D060": {"K65A-D070": 76.7845555221156}, "K65-D080": {"K65-D090": 63.511687202374574}, "K65-D110": {"K65-D120": 99.22625852435746}, "K65-U160": {"K65-U170": 55.63914598793387}, "K68-U170": {"K68-D010": 147.09726324662688}, "K66-U160": {"K66-U170": 51.89906509177356}, "K66-D020": {"K66-D030": 69.13792922250585}, "K68-D050": {"K68-D060": 66.6592681615624}, "K66-D190": {"K66-D200": 86.00874673863562}, "K66-U030": {"K66-U040": 170.1229852219707}, "K66-D100": {"K66-D110": 48.26633402540287}, "K66-D140": {"K66-D150": 75.66075778950857}, "K65-U030": {"K65-U040": 109.30434465914811}, "K65-D140": {"K65-D150": 112.26157135825463}, "K65-D010": {"K65-D020": 41.94788549890348}, "K66-U070": {"K66-U080": 217.74622629011031}, "K65-U170": {"K65-U180": 49.14993591257965}, "K66-D150": {"K66-D160": 97.4405545347673}, "K65-U090": {"K65-U100": 62.88447127343543}, "K66-U090": {"K66-U100": 53.48741708312393}, "K66-U150": {"K66-U160": 55.100176472290926}, "K66-D040": {"K66-D050": 43.114524884853495}, "K68-D110": {"K68-D120": 98.48956351371655}, "K65-U180": {"K65-U190": 77.80193161845757}, "K68-U090": {"K68-U100": 130.1335172764479}, "K66-D070": {"K66-D080": 50.820212030629854}, "K65-U110": {"K65-U120": 110.68686513881389}, "K68-U140": {"K68-U150": 44.38490431090033}, "K68-D090": {"K68-D100": 146.9718797202658}, "K68-D140": {"K68-D150": 40.888831853883964}, "K66-D180": {"K66-D190": 80.54546621247833}, "K68-U150": {"K68-U160": 85.77121325218596}, "K66-D080": {"K66-D090": 65.0197564285178}, "K65-U150": {"K65-U160": 54.40539246445665}, "K65-D030": {"K65-D040": 61.967169862394144}, "K68-D100": {"K68-D110": 95.53411732385932}, "K65-U130": {"K65-U140": 30.73089535537732}, "K65-U010": {"K65-U020": 268.519980526933}, "K66-U210": {"K66-U220": 57.50206475490933}, "K68-U040": {"K68-U050": 53.9174594930877}, "K68-U110": {"K68-U120": 190.72881548301277}, "K68-D020": {"K68-D030": 86.29853005725464}, "K65-U210": {"K65-U220": 75.89082153620735}, "K66-U120": {"K66-U130": 60.40510276619362}, "K68-D130": {"K68-D140": 61.03642136071336}, "K65-U040": {"K65-U050": 90.14727861755156}, "K65-D130": {"K65-D140": 102.87209406835125}, "K68-U050": {"K68-U060": 50.40580683078709}, "K66-D050": {"K66-D060": 40.513525380410066}, "K68-U010": {"K68-U020": 93.76337242257668}, "K68-D060": {"K68-D070": 98.61044616399133}, "K68-U060": {"K68-U070": 64.53946340000924}, "K65-U220": {"K65-U230": 80.16949359177798}, "K66-U110": {"K66-U120": 40.849486062403415}, "K68-D180": {"K68-D190": 39.93820192488418}, "K68-D170": {"K68-D180": 53.37343003280315}, "K66-U200": {"K66-U210": 56.485125627130074}, "K66-D030": {"K66-D040": 81.11982147516015}, "K65-U020": {"K65-U030": 138.80689978564283}, "K65-U190": {"K65-U200": 55.14070252010983}, "K68-U160": {"K68-U170": 73.7249099721064}, "K66-D160": {"K66-D170": 147.1785159181091}, "K65-U120": {"K65-U130": 182.3945860055271}, "K68-D200": {"K68-U011": 67.51283234884164}, "K65-D040": {"K65-D050": 71.78382999680991}, "K65A-U040": {"K65A-U050": 92.94037879992996}, "K65A-D040": {"K65A-D050": 74.6737663630433}, "K65A-U020": {"K65A-U030": 164.98629468051243}, "K66-U170": {"K66-U180": 33.01465084362387}, "K65A-U050": {"K65A-U060": 48.51594405786956}, "K65A-D090": {"K65A-D100": 117.36362488741642}, "K65A-U080": {"K65A-U090": 68.16025351026703}, "K65A-D030": {"K65A-D040": 60.04374175267964}, "K65A-D010": {"K65A-D020": 76.35594379771491}, "K66-D060": {"K66-D070": 45.176056323073944}, "K65A-U060": {"K65A-U070": 57.35103738622947}, "K66-D210": {"K66-D220": 151.87854990899044}, "K68-D070": {"K68-D080": 214.36527218519683}, "K65-D160": {"K65-D170": 159.6109795476786}, "K68-U130": {"K68-U140": 162.6212697870762}, "K68-U020": {"K68-U030": 41.51048343206457}, "K66-U060": {"K66-U070": 175.96089686363098}, "K68-D010": {"K68-D020": 49.57949065485474}, "K65A-U010": {"K65A-U020": 60.8664597269299}, "K68-D040": {"K68-D050": 104.34220383428251}, "K66-D220": {"K66-D230": 93.04435975733978}, "K66-D120": {"K66-D130": 64.49025177286235}, "K68-U080": {"K68-U090": 52.22254116759999}, "K68-D120": {"K68-D130": 166.2285824614687}, "K66-D230": {"K66-D240": 96.96438577553542}, "K68-D030": {"K68-D040": 86.36923137602076}}