{"K65A-D050": {"K65A-D060": 56.7000228067655}, "K65A-U100": {"K65A-U110": 55.606282436455686}, "K65A-U110": {"K65A-U120": 71.30325685919557}, "K65A-U120": {"K65A-U130": 82.95832387659922}, "K65-U060": {"K65-U070": 35.641583525226345}, "K66-D090": {"K66-D100": 45.15107458966446}, "K65A-D070": {"K65A-D080": 115.06689160253659}, "K68-D190": {"K68-D200": 46.405858369801926}, "K65A-U030": {"K65A-U040": 34.245852744814314}, "K65-D050": {"K65-D060": 64.60846540812531}, "K65-U070": {"K65-U080": 65.54791611715176}, "K65-U200": {"K65-U210": 62.97445206336336}, "K65-D150": {"K65-D160": 105.05124579962285}, "K66-D170": {"K66-D180": 197.56471909539445}, "K65-D060": {"K65-D070": 80.68875658166017}, "K65-D180": {"K65-D190": 121.962864049935}, "K66-U190": {"K66-U200": 70.01404349968797}, "K66-U130": {"K66-U140": 51.58022407258771}, "K65-U080": {"K65-U090": 146.00749122374822}, "K66-D200": {"K66-D210": 128.60611866899416}, "K68-U120": {"K68-U130": 158.0460695708923}, "K68-D150": {"K68-D160": 44.093395638012794}, "K65-U100": {"K65-U110": 128.2809731687968}, "K66-U020": {"K66-U030": 195.85588479147833}, "K65-D070": {"K65-D080": 118.18188447260479}, "K65-D100": {"K65-D110": 217.37128791259465}, "K66-U180": {"K66-U190": 64.87244263364815}, "K65-D170": {"K65-D180": 78.8285932694308}, "K66-U040": {"K66-U050": 131.0512669209965}, "K65-U140": {"K65-U150": 99.9989592145005}, "K66-U010": {"K66-U020": 136.19953808917444}, "K66-U080": {"K66-U090": 172.7404598844283}, "K65-U050": {"K65-U060": 104.18996607169285}, "K68-U070": {"K68-U080": 36.663930055870836}, "K66-U140": {"K66-U150": 48.74955427120675}, "K66-U050": {"K66-U060": 47.16191681129718}, "K68-U100": {"K68-U110": 188.92017157470892}, "K68-D160": {"K68-D170": 75.97212731485148}, "K65A-D020": {"K65A-D030": 67.57370279399387}, "K68-U030": {"K68-U040": 24.582909410260896}, "K66-D110": {"K66-D120": 40.03503509477753}, "K65-D120": {"K65-D130": 66.12031449604531}, "K66-D130": {"K66-D140": 41.342749554495285}, "K65A-D100": {"K65A-D110": 213.74916514276669}, "K65-D090": {"K65-D100": 100.24800379380729}, "K65A-D080": {"K65A-D090": 62.945775299690936}, "K68-D080": {"K68-D090": 87.70519812556503}, "K65A-U070": {"K65A-U080": 44.78995211252509}, "K66-D010": {"K66-D020": 16.45123812491449}, "K65-D020": {"K65-D030": 80.3565929121414}, "K65A-U090": {"K65A-U100": 52.124368923374824}, "K66-U100": {"K66-U110": 76.91768965757622}, "K65A-D060": {"K65A-D070": 80.68130624187256}, "K65-D080": {"K65-D090": 64.92459411579456}, "K65-D110": {"K65-D120": 105.72841782112917}, "K65-U160": {"K65-U170": 56.048752438896905}, "K68-U170": {"K68-D010": 155.830369297942}, "K66-U160": {"K66-U170": 51.112287099892384}, "K66-D020": {"K66-D030": 67.77270910792734}, "K68-D050": {"K68-D060": 58.8604214659973}, "K66-D190": {"K66-D200": 84.86371000340522}, "K66-U030": {"K66-U040": 165.69644352214564}, "K66-D100": {"K66-D110": 44.8729084546731}, "K66-D140": {"K66-D150": 103.23845531561876}, "K65-U030": {"K65-U040": 106.12800500077542}, "K65-D140": {"K65-D150": 110.09871589554875}, "K65-D010": {"K65-D020": 40.51411312757885}, "K66-U070": {"K66-U080": 192.1516771878144}, "K65-U170": {"K65-U180": 52.60148936417996}, "K66-D150": {"K66-D160": 97.4875672977648}, "K65-U090": {"K65-U100": 57.2639048516845}, "K66-U090": {"K66-U100": 52.06980829959498}, "K66-U150": {"K66-U160": 57.162710335306016}, "K66-D040": {"K66-D050": 41.78360652719408}, "K68-D110": {"K68-D120": 95.54060847846645}, "K65-U180": {"K65-U190": 70.01910151556744}, "K68-U090": {"K68-U100": 139.34310482240238}, "K66-D070": {"K66-D080": 47.39161434243423}, "K65-U110": {"K65-U120": 108.25417828577785}, "K68-U140": {"K68-U150": 41.746544395078516}, "K68-D090": {"K68-D100": 144.1491618291006}, "K68-D140": {"K68-D150": 45.00179961843759}, "K66-D180": {"K66-D190": 86.69920711310075}, "K68-U150": {"K68-U160": 83.49513132503134}, "K66-D080": {"K66-D090": 59.284299210402345}, "K65-U150": {"K65-U160": 56.531026723081865}, "K65-D030": {"K65-D040": 61.69411019010626}, "K68-D100": {"K68-D110": 84.30200666077126}, "K65-U130": {"K65-U140": 30.39892769104325}, "K65-U010": {"K65-U020": 279.1841447824754}, "K66-U210": {"K66-U220": 50.44466930709656}, "K68-U040": {"K68-U050": 44.18421423103985}, "K68-U110": {"K68-U120": 192.31777520223392}, "K68-D020": {"K68-D030": 76.26218118502518}, "K65-U210": {"K65-U220": 81.40560617056465}, "K66-U120": {"K66-U130": 57.86218746693587}, "K68-D130": {"K68-D140": 60.29171451243034}, "K65-U040": {"K65-U050": 86.65637948359354}, "K65-D130": {"K65-D140": 98.90206740300805}, "K68-U050": {"K68-U060": 49.029839307628194}, "K66-D050": {"K66-D060": 45.35004149574208}, "K68-U010": {"K68-U020": 89.71566811703924}, "K68-D060": {"K68-D070": 105.01935765095348}, "K68-U060": {"K68-U070": 57.329348933871096}, "K65-U220": {"K65-U230": 76.90837611584169}, "K66-U110": {"K66-U120": 39.275761815054736}, "K68-D180": {"K68-D190": 41.25200720442393}, "K68-D170": {"K68-D180": 50.21513169278052}, "K66-U200": {"K66-U210": 60.80278429221166}, "K66-D030": {"K66-D040": 80.30272116106505}, "K65-U020": {"K65-U030": 136.22787710157493}, "K65-U190": {"K65-U200": 57.10555807401086}, "K68-U160": {"K68-U170": 67.8917502020594}, "K66-D160": {"K66-D170": 144.6617611907216}, "K65-U120": {"K65-U130": 170.2182869168009}, "K68-D200": {"K68-U011": 66.56058196799947}, "K65-D040": {"K65-D050": 67.82114352537299}, "K65A-U040": {"K65A-U050": 98.87308748188461}, "K65A-D040": {"K65A-D050": 65.88975077855152}, "K65A-U020": {"K65A-U030": 185.78162563612005}, "K66-U170": {"K66-U180": 30.786986241280005}, "K65A-U050": {"K65A-U060": 47.83484886887219}, "K65A-D090": {"K65A-D100": 109.49579991954757}, "K65A-U080": {"K65A-U090": 72.91610028638087}, "K65A-D030": {"K65A-D040": 65.79791527683535}, "K65A-D010": {"K65A-D020": 101.40438748895558}, "K66-D060": {"K66-D070": 40.45492155144517}, "K65A-U060": {"K65A-U070": 55.16852256502352}, "K66-D210": {"K66-D220": 166.48181251512102}, "K68-D070": {"K68-D080": 199.41242325967988}, "K65-D160": {"K65-D170": 145.09762378078278}, "K68-U130": {"K68-U140": 156.72136496274527}, "K68-U020": {"K68-U030": 41.26241763083398}, "K66-U060": {"K66-U070": 172.3988991898456}, "K68-D010": {"K68-D020": 50.035314708570205}, "K65A-U010": {"K65A-U020": 47.635741713562005}, "K68-D040": {"K68-D050": 101.48942791091206}, "K66-D220": {"K66-D230": 78.2508423518398}, "K66-D120": {"K66-D130": 67.17567427051202}, "K68-U080": {"K68-U090": 49.070879709554205}, "K68-D120": {"K68-D130": 172.5118813499381}, "K66-D230": {"K66-D240": 95.77422818783046}, "K68-D030": {"K68-D040": 91.33303233556046}}