{"K65A-D050": {"K65A-D060": 56.26834406781215}, "K65A-U100": {"K65A-U110": 61.88824160841172}, "K65A-U110": {"K65A-U120": 74.96546609712833}, "K65A-U120": {"K65A-U130": 72.3032917467576}, "K65-U060": {"K65-U070": 31.706602130022134}, "K66-D090": {"K66-D100": 46.210792905960886}, "K65A-D070": {"K65A-D080": 106.40034825113746}, "K68-D190": {"K68-D200": 36.982421166426356}, "K65A-U030": {"K65A-U040": 32.50834923418917}, "K65-D050": {"K65-D060": 58.38365260740596}, "K65-U070": {"K65-U080": 59.60769402716719}, "K65-U200": {"K65-U210": 59.6892529367304}, "K65-D150": {"K65-D160": 103.57064811685491}, "K66-D170": {"K66-D180": 185.366479004866}, "K65-D060": {"K65-D070": 84.67129745163751}, "K65-D180": {"K65-D190": 116.95353491738902}, "K66-U190": {"K66-U200": 64.73255891000409}, "K66-U130": {"K66-U140": 55.34992910830489}, "K65-U080": {"K65-U090": 141.78747873669772}, "K66-D200": {"K66-D210": 119.78252188859801}, "K68-U120": {"K68-U130": 141.0655248744074}, "K68-D150": {"K68-D160": 40.973648269136504}, "K65-U100": {"K65-U110": 132.96327999440922}, "K66-U020": {"K66-U030": 195.39534993498188}, "K65-D070": {"K65-D080": 117.05954341462538}, "K65-D100": {"K65-D110": 218.5502344180013}, "K66-U180": {"K66-U190": 55.59537156917264}, "K65-D170": {"K65-D180": 102.6399422234256}, "K66-U040": {"K66-U050": 130.02313019971623}, "K65-U140": {"K65-U150": 92.4041842789039}, "K66-U010": {"K66-U020": 133.01132846649958}, "K66-U080": {"K66-U090": 171.58860325110348}, "K65-U050": {"K65-U060": 104.62959648426708}, "K68-U070": {"K68-U080": 31.680256587555455}, "K66-U140": {"K66-U150": 44.314304372468435}, "K66-U050": {"K66-U060": 47.459511911674085}, "K68-U100": {"K68-U110": 178.82672103004347}, "K68-D160": {"K68-D170": 76.24407120535989}, "K65A-D020": {"K65A-D030": 72.88608241341609}, "K68-U030": {"K68-U040": 21.842930784083002}, "K66-D110": {"K66-D120": 41.074163436181216}, "K65-D120": {"K65-D130": 66.36229396014417}, "K66-D130": {"K66-D140": 38.51314500055021}, "K65A-D100": {"K65A-D110": 217.2678124413686}, "K65-D090": {"K65-D100": 102.33334966064858}, "K65A-D080": {"K65A-D090": 57.2415281279219}, "K68-D080": {"K68-D090": 92.81816190649945}, "K65A-U070": {"K65A-U080": 47.41052033736151}, "K66-D010": {"K66-D020": 50.36429902925047}, "K65-D020": {"K65-D030": 75.31246634805363}, "K65A-U090": {"K65A-U100": 43.926528350445736}, "K66-U100": {"K66-U110": 85.05322269473456}, "K65A-D060": {"K65A-D070": 76.30960164895842}, "K65-D080": {"K65-D090": 55.307884008162794}, "K65-D110": {"K65-D120": 101.63452824039251}, "K65-U160": {"K65-U170": 52.60612337697343}, "K68-U170": {"K68-D010": 154.28649805450397}, "K66-U160": {"K66-U170": 45.00040995214088}, "K66-D020": {"K66-D030": 67.33594829369234}, "K68-D050": {"K68-D060": 62.36984958314995}, "K66-D190": {"K66-D200": 84.49341535848205}, "K66-U030": {"K66-U040": 161.63896049716215}, "K66-D100": {"K66-D110": 44.723940444296495}, "K66-D140": {"K66-D150": 91.24742417090853}, "K65-U030": {"K65-U040": 101.81541110567692}, "K65-D140": {"K65-D150": 112.99233429020785}, "K65-D010": {"K65-D020": 38.593840104460014}, "K66-U070": {"K66-U080": 207.8495847246159}, "K65-U170": {"K65-U180": 47.3603340839673}, "K66-D150": {"K66-D160": 92.44846205186079}, "K65-U090": {"K65-U100": 50.797755767841146}, "K66-U090": {"K66-U100": 48.462798327858955}, "K66-U150": {"K66-U160": 51.17489234563627}, "K66-D040": {"K66-D050": 39.30967743767472}, "K68-D110": {"K68-D120": 90.31876902892881}, "K65-U180": {"K65-U190": 74.45084879488954}, "K68-U090": {"K68-U100": 135.92794763848684}, "K66-D070": {"K66-D080": 43.67030200542619}, "K65-U110": {"K65-U120": 107.75309886537732}, "K68-U140": {"K68-U150": 45.121183436577375}, "K68-D090": {"K68-D100": 136.09387336640015}, "K68-D140": {"K68-D150": 38.08848889550427}, "K66-D180": {"K66-D190": 80.60526490746832}, "K68-U150": {"K68-U160": 84.2540526295096}, "K66-D080": {"K66-D090": 69.55021619918554}, "K65-U150": {"K65-U160": 51.4323600780333}, "K65-D030": {"K65-D040": 64.82061941946029}, "K68-D100": {"K68-D110": 84.8407198557499}, "K65-U130": {"K65-U140": 31.350228653707156}, "K65-U010": {"K65-U020": 265.00186372969904}, "K66-U210": {"K66-U220": 51.18188953578925}, "K68-U040": {"K68-U050": 48.08405196920497}, "K68-U110": {"K68-U120": 192.01513342928894}, "K68-D020": {"K68-D030": 73.32611154074837}, "K65-U210": {"K65-U220": 76.8570588382668}, "K66-U120": {"K66-U130": 50.48604699929871}, "K68-D130": {"K68-D140": 56.014846683954}, "K65-U040": {"K65-U050": 83.18044369583379}, "K65-D130": {"K65-D140": 92.5312222747158}, "K68-U050": {"K68-U060": 48.833798979257196}, "K66-D050": {"K66-D060": 45.981576888465085}, "K68-U010": {"K68-U020": 88.63385718771676}, "K68-D060": {"K68-D070": 94.94430632337716}, "K68-U060": {"K68-U070": 60.75823135237583}, "K65-U220": {"K65-U230": 77.39337452165759}, "K66-U110": {"K66-U120": 37.95477296031011}, "K68-D180": {"K68-D190": 36.43637283731437}, "K68-D170": {"K68-D180": 48.70588196690702}, "K66-U200": {"K66-U210": 53.946434498545315}, "K66-D030": {"K66-D040": 80.61964445651303}, "K65-U020": {"K65-U030": 133.62358531048085}, "K65-U190": {"K65-U200": 51.104317188463696}, "K68-U160": {"K68-U170": 68.15546675374813}, "K66-D160": {"K66-D170": 152.0411749759774}, "K65-U120": {"K65-U130": 176.92506557343353}, "K68-D200": {"K68-U011": 63.136739055998945}, "K65-D040": {"K65-D050": 67.11009353613638}, "K65A-U040": {"K65A-U050": 82.1476091092048}, "K65A-D040": {"K65A-D050": 73.24584420831377}, "K65A-U020": {"K65A-U030": 195.9243342262755}, "K66-U170": {"K66-U180": 28.99634690892099}, "K65A-U050": {"K65A-U060": 45.687230628172024}, "K65A-D090": {"K65A-D100": 119.94583972638}, "K65A-U080": {"K65A-U090": 68.13834325773443}, "K65A-D030": {"K65A-D040": 63.860289536953495}, "K65A-D010": {"K65A-D020": 49.95131122825145}, "K66-D060": {"K66-D070": 45.744072806338025}, "K65A-U060": {"K65A-U070": 52.28072970029425}, "K66-D210": {"K66-D220": 146.02852430835455}, "K68-D070": {"K68-D080": 187.40136189495053}, "K65-D160": {"K65-D170": 142.83491386301256}, "K68-U130": {"K68-U140": 151.90196007267213}, "K68-U020": {"K68-U030": 37.46053004508128}, "K66-U060": {"K66-U070": 160.32331317326256}, "K68-D010": {"K68-D020": 44.85914554930925}, "K65A-U010": {"K65A-U020": 53.1927832165401}, "K68-D040": {"K68-D050": 107.62891598035806}, "K66-D220": {"K66-D230": 81.8335695043094}, "K66-D120": {"K66-D130": 62.679513133807085}, "K68-U080": {"K68-U090": 49.53037770637591}, "K68-D120": {"K68-D130": 160.99499731844918}, "K66-D230": {"K66-D240": 94.06888179368573}, "K68-D030": {"K68-D040": 78.36352686967732}}