{"K65A-D050": {"K65A-D060": 59.1708136252095}, "K65A-U100": {"K65A-U110": 60.2948591721612}, "K65A-U110": {"K65A-U120": 79.22048870595117}, "K65A-U120": {"K65A-U130": 81.55865103442372}, "K65-U060": {"K65-U070": 35.756022632943576}, "K66-D090": {"K66-D100": 44.95406778834848}, "K65A-D070": {"K65A-D080": 113.24936540098213}, "K68-D190": {"K68-D200": 48.77564300365574}, "K65A-U030": {"K65A-U040": 35.07911226323737}, "K65-D050": {"K65-D060": 63.24267396050427}, "K65-U070": {"K65-U080": 67.83315644066745}, "K65-U200": {"K65-U210": 64.06090823882937}, "K65-D150": {"K65-D160": 113.10654944372891}, "K66-D170": {"K66-D180": 185.75316089195317}, "K65-D060": {"K65-D070": 82.76905986038555}, "K65-D180": {"K65-D190": 113.8035505798722}, "K66-U190": {"K66-U200": 65.31726693056903}, "K66-U130": {"K66-U140": 55.36848877209961}, "K65-U080": {"K65-U090": 147.6201493307577}, "K66-D200": {"K66-D210": 125.9113000326191}, "K68-U120": {"K68-U130": 170.24930906086064}, "K68-D150": {"K68-D160": 40.57418324439009}, "K65-U100": {"K65-U110": 134.50216624952552}, "K66-U020": {"K66-U030": 189.7868052747949}, "K65-D070": {"K65-D080": 125.39546824036572}, "K65-D100": {"K65-D110": 215.57387009336375}, "K66-U180": {"K66-U190": 62.7178814163146}, "K65-D170": {"K65-D180": 103.5151480858165}, "K66-U040": {"K66-U050": 129.42324297346417}, "K65-U140": {"K65-U150": 102.48263302538976}, "K66-U010": {"K66-U020": 131.8848783789377}, "K66-U080": {"K66-U090": 167.39907293268996}, "K65-U050": {"K65-U060": 105.59373668561543}, "K68-U070": {"K68-U080": 31.025980916183034}, "K66-U140": {"K66-U150": 44.27078103031458}, "K66-U050": {"K66-U060": 44.61407646210348}, "K68-U100": {"K68-U110": 176.98879308625254}, "K68-D160": {"K68-D170": 82.90804672156511}, "K65A-D020": {"K65A-D030": 79.15189902038301}, "K68-U030": {"K68-U040": 21.522239396276106}, "K66-D110": {"K66-D120": 43.18845624159546}, "K65-D120": {"K65-D130": 68.04484105974883}, "K66-D130": {"K66-D140": 42.23309609449222}, "K65A-D100": {"K65A-D110": 240.61455755635043}, "K65-D090": {"K65-D100": 104.77680638072025}, "K65A-D080": {"K65A-D090": 60.061547860080296}, "K68-D080": {"K68-D090": 85.86089838722557}, "K65A-U070": {"K65A-U080": 49.187388307794}, "K66-D010": {"K66-D020": 15.150922955111247}, "K65-D020": {"K65-D030": 79.5177495807275}, "K65A-U090": {"K65A-U100": 47.815375751559614}, "K66-U100": {"K66-U110": 78.36764052311011}, "K65A-D060": {"K65A-D070": 77.47466296582566}, "K65-D080": {"K65-D090": 66.52536995246687}, "K65-D110": {"K65-D120": 103.3529946195199}, "K65-U160": {"K65-U170": 61.484878634476345}, "K68-U170": {"K68-D010": 151.90800749286993}, "K66-U160": {"K66-U170": 48.26585856310804}, "K66-D020": {"K66-D030": 71.10150310387742}, "K68-D050": {"K68-D060": 66.3507782313412}, "K66-D190": {"K66-D200": 81.37013577981281}, "K66-U030": {"K66-U040": 162.85452446413024}, "K66-D100": {"K66-D110": 43.98403081833661}, "K66-D140": {"K66-D150": 92.03573525126116}, "K65-U030": {"K65-U040": 98.25076925609027}, "K65-D140": {"K65-D150": 114.55393263718015}, "K65-D010": {"K65-D020": 43.24009300771202}, "K66-U070": {"K66-U080": 212.4332746366469}, "K65-U170": {"K65-U180": 47.9957906499165}, "K66-D150": {"K66-D160": 92.50972127423965}, "K65-U090": {"K65-U100": 55.92043498962819}, "K66-U090": {"K66-U100": 51.271196358079784}, "K66-U150": {"K66-U160": 46.92035688157243}, "K66-D040": {"K66-D050": 39.13914424544912}, "K68-D110": {"K68-D120": 91.94204225096374}, "K65-U180": {"K65-U190": 71.02802004829542}, "K68-U090": {"K68-U100": 142.1725201701482}, "K66-D070": {"K66-D080": 49.36266534152789}, "K65-U110": {"K65-U120": 109.93478542915497}, "K68-U140": {"K68-U150": 53.00288885393625}, "K68-D090": {"K68-D100": 163.0414828539671}, "K68-D140": {"K68-D150": 47.18473781877051}, "K66-D180": {"K66-D190": 79.95498190138952}, "K68-U150": {"K68-U160": 81.26334981276665}, "K66-D080": {"K66-D090": 70.3562232472016}, "K65-U150": {"K65-U160": 60.423813057627854}, "K65-D030": {"K65-D040": 64.52318754644492}, "K68-D100": {"K68-D110": 91.20339212138497}, "K65-U130": {"K65-U140": 28.60673442798871}, "K65-U010": {"K65-U020": 258.6243202751149}, "K66-U210": {"K66-U220": 52.48014298025904}, "K68-U040": {"K68-U050": 52.7517383990393}, "K68-U110": {"K68-U120": 197.62282689930575}, "K68-D020": {"K68-D030": 84.60386858989317}, "K65-U210": {"K65-U220": 73.93845968967835}, "K66-U120": {"K66-U130": 51.1415390870091}, "K68-D130": {"K68-D140": 63.88682569027761}, "K65-U040": {"K65-U050": 93.2464811362236}, "K65-D130": {"K65-D140": 107.31348158427781}, "K68-U050": {"K68-U060": 55.39042293782309}, "K66-D050": {"K66-D060": 51.367520215359924}, "K68-U010": {"K68-U020": 95.8494895435894}, "K68-D060": {"K68-D070": 100.66654808056553}, "K68-U060": {"K68-U070": 64.3009679096991}, "K65-U220": {"K65-U230": 81.11170635510368}, "K66-U110": {"K66-U120": 35.31133869668592}, "K68-D180": {"K68-D190": 37.47093013981937}, "K68-D170": {"K68-D180": 51.45012150987689}, "K66-U200": {"K66-U210": 58.10983143990835}, "K66-D030": {"K66-D040": 78.20316876414819}, "K65-U020": {"K65-U030": 138.7834731120384}, "K65-U190": {"K65-U200": 49.18876110556097}, "K68-U160": {"K68-U170": 75.98629367713326}, "K66-D160": {"K66-D170": 159.00838226947144}, "K65-U120": {"K65-U130": 180.28272328883594}, "K68-D200": {"K68-U011": 71.51286648394691}, "K65-D040": {"K65-D050": 70.46558181119272}, "K65A-U040": {"K65A-U050": 86.69643730944787}, "K65A-D040": {"K65A-D050": 69.077406573942}, "K65A-U020": {"K65A-U030": 176.96026122322226}, "K66-U170": {"K66-U180": 37.62715616998956}, "K65A-U050": {"K65A-U060": 52.22022861979203}, "K65A-D090": {"K65A-D100": 111.20864428863392}, "K65A-U080": {"K65A-U090": 67.77700229749044}, "K65A-D030": {"K65A-D040": 61.94329884350227}, "K65A-D010": {"K65A-D020": 80.37168302853418}, "K66-D060": {"K66-D070": 47.20960883888766}, "K65A-U060": {"K65A-U070": 50.680234535532755}, "K66-D210": {"K66-D220": 142.12456403980372}, "K68-D070": {"K68-D080": 213.2080762138071}, "K65-D160": {"K65-D170": 138.00835378082425}, "K68-U130": {"K68-U140": 166.23003450877906}, "K68-U020": {"K68-U030": 43.37133752705917}, "K66-U060": {"K66-U070": 174.77761621881427}, "K68-D010": {"K68-D020": 50.784444543796}, "K65A-U010": {"K65A-U020": 60.71612050622889}, "K68-D040": {"K68-D050": 123.86811416341743}, "K66-D220": {"K66-D230": 88.60829380899754}, "K66-D120": {"K66-D130": 62.14917802490278}, "K68-U080": {"K68-U090": 51.06981432669586}, "K68-D120": {"K68-D130": 168.22228657271486}, "K66-D230": {"K66-D240": 97.31448735823908}, "K68-D030": {"K68-D040": 98.96841850380083}}