{"K65A-D050": {"K65A-D060": 52.223390098661184}, "K65A-U100": {"K65A-U110": 60.43478298187256}, "K65A-U110": {"K65A-U120": 72.76400107028894}, "K65A-U120": {"K65A-U130": 66.17212438583374}, "K65-U060": {"K65-U070": 30.244503455238007}, "K66-D090": {"K66-D100": 45.33419013610185}, "K65A-D070": {"K65A-D080": 108.38012689352036}, "K68-D190": {"K68-D200": 39.47670388221741}, "K65A-U030": {"K65A-U040": 52.029083251953125}, "K65-D050": {"K65-D060": 56.32422134231106}, "K65-U070": {"K65-U080": 59.81337367888625}, "K65-U200": {"K65-U210": 60.72375880031086}, "K65-D150": {"K65-D160": 105.7798296840599}, "K66-D170": {"K66-D180": 163.20848580263555}, "K65-D060": {"K65-D070": 71.8829480271488}, "K65-D180": {"K65-D190": 113.54545057768996}, "K66-U190": {"K66-U200": 55.193929798265444}, "K66-U130": {"K66-U140": 49.139634799780225}, "K65-U080": {"K65-U090": 122.82706559301914}, "K66-D200": {"K66-D210": 115.47123484959047}, "K68-U120": {"K68-U130": 132.04915636777878}, "K68-D150": {"K68-D160": 53.9311580657959}, "K65-U100": {"K65-U110": 123.85190731054172}, "K66-U020": {"K66-U030": 179.5706082135439}, "K65-D070": {"K65-D080": 119.47226115863876}, "K65-D100": {"K65-D110": 193.5448920076558}, "K66-U180": {"K66-U190": 51.17615268489083}, "K65-D170": {"K65-D180": 78.88041381168063}, "K66-U040": {"K66-U050": 99.45161909307353}, "K65-U140": {"K65-U150": 75.22012015252085}, "K66-U010": {"K66-U020": 112.3570975709008}, "K66-U080": {"K66-U090": 155.00127267205244}, "K65-U050": {"K65-U060": 101.11938594898675}, "K68-U070": {"K68-U080": 40.34415730834007}, "K66-U140": {"K66-U150": 38.81796098413327}, "K66-U050": {"K66-U060": 47.6839224856958}, "K68-U100": {"K68-U110": 170.5371322631836}, "K68-D160": {"K68-D170": 43.66404551267624}, "K65A-D020": {"K65A-D030": 77.53849744796753}, "K68-U030": {"K68-U040": 20.497314453125}, "K66-D110": {"K66-D120": 44.90922722022515}, "K65-D120": {"K65-D130": 69.70094387968136}, "K66-D130": {"K66-D140": 33.77364665269852}, "K65A-D100": {"K65A-D110": 254.30438232421875}, "K65-D090": {"K65-D100": 95.87720646381786}, "K65A-D080": {"K65A-D090": 53.75259364023805}, "K68-D080": {"K68-D090": 73.96873068809509}, "K65A-U070": {"K65A-U080": 45.89700770378113}, "K66-D010": {"K66-D020": 13.040251034227822}, "K65-D020": {"K65-D030": 64.6448598348176}, "K65A-U090": {"K65A-U100": 56.84808397293091}, "K66-U100": {"K66-U110": 78.84566421272953}, "K65A-D060": {"K65A-D070": 77.16255950927734}, "K65-D080": {"K65-D090": 63.058286283560165}, "K65-D110": {"K65-D120": 105.66917948219479}, "K65-U160": {"K65-U170": 51.46837192248745}, "K68-U170": {"K68-D010": 152.0307778120041}, "K66-U160": {"K66-U170": 44.95992539947474}, "K66-D020": {"K66-D030": 53.90112191763541}, "K68-D050": {"K68-D060": 45.091529846191406}, "K66-D190": {"K66-D200": 75.72359634500754}, "K66-U030": {"K66-U040": 157.77668212942876}, "K66-D100": {"K66-D110": 37.481704295984}, "K66-D140": {"K66-D150": 90.51715297916962}, "K65-U030": {"K65-U040": 94.58594716787889}, "K65-D140": {"K65-D150": 99.90209296244285}, "K65-D010": {"K65-D020": 25.85756184332321}, "K66-U070": {"K66-U080": 193.60636652214453}, "K65-U170": {"K65-U180": 48.95502355985627}, "K66-D150": {"K66-D160": 81.3428768980666}, "K65-U090": {"K65-U100": 36.91736263237192}, "K66-U090": {"K66-U100": 43.05549087425061}, "K66-U150": {"K66-U160": 48.17026257500402}, "K66-D040": {"K66-D050": 33.7189791667505}, "K68-D110": {"K68-D120": 79.27050685882568}, "K65-U180": {"K65-U190": 66.22118116952515}, "K68-U090": {"K68-U100": 145.6516610532999}, "K66-D070": {"K66-D080": 60.301744956890616}, "K65-U110": {"K65-U120": 92.56052599065879}, "K68-U140": {"K68-U150": 33.13428258895874}, "K68-D090": {"K68-D100": 137.10821151733398}, "K68-D140": {"K68-D150": 44.29660853045061}, "K66-D180": {"K66-D190": 61.66202415216685}, "K68-U150": {"K68-U160": 88.1330574452877}, "K66-D080": {"K66-D090": 48.68793632282885}, "K65-U150": {"K65-U160": 47.40497834434791}, "K65-D030": {"K65-D040": 56.822216237833345}, "K68-D100": {"K68-D110": 81.00679579377174}, "K65-U130": {"K65-U140": 30.585271251332202}, "K65-U010": {"K65-U020": 219.73543429374695}, "K66-U210": {"K66-U220": 49.64572687045438}, "K68-U040": {"K68-U050": 32.53125762939453}, "K68-U110": {"K68-U120": 191.1219024658203}, "K68-D020": {"K68-D030": 70.43886184692383}, "K65-U210": {"K65-U220": 78.4580857323017}, "K66-U120": {"K66-U130": 54.24057487631217}, "K68-D130": {"K68-D140": 54.60532005724963}, "K65-U040": {"K65-U050": 82.58106331263434}, "K65-D130": {"K65-D140": 83.89653009342618}, "K68-U050": {"K68-U060": 53.41960573196411}, "K66-D050": {"K66-D060": 32.49931757921412}, "K68-U010": {"K68-U020": 79.26087951660156}, "K68-D060": {"K68-D070": 88.42822265625}, "K68-U060": {"K68-U070": 76.8766040802002}, "K65-U220": {"K65-U230": 72.36109824478626}, "K66-U110": {"K66-U120": 37.42019761295041}, "K68-D180": {"K68-D190": 34.40080976486206}, "K68-D170": {"K68-D180": 50.76929947733879}, "K66-U200": {"K66-U210": 53.77062039608427}, "K66-D030": {"K66-D040": 75.76933337546407}, "K65-U020": {"K65-U030": 135.8335660260583}, "K65-U190": {"K65-U200": 41.638086911543496}, "K68-U160": {"K68-U170": 62.58893900271505}, "K66-D160": {"K66-D170": 118.69030206743628}, "K65-U120": {"K65-U130": 144.70111686829478}, "K68-D200": {"K68-U011": 53.786285161972046}, "K65-D040": {"K65-D050": 58.01673692417171}, "K65A-U040": {"K65A-U050": 86.59746706485748}, "K65A-D040": {"K65A-D050": 48.370886862277985}, "K65A-U020": {"K65A-U030": 184.84107434749603}, "K66-U170": {"K66-U180": 27.33927282083721}, "K65A-U050": {"K65A-U060": 48.95078182220459}, "K65A-D090": {"K65A-D100": 108.6411719918251}, "K65A-U080": {"K65A-U090": 60.16632962669246}, "K65A-D030": {"K65A-D040": 62.450582802295685}, "K65A-D010": {"K65A-D020": 43.06820583343506}, "K66-D060": {"K66-D070": 47.369530654512346}, "K65A-U060": {"K65A-U070": 41.20030303299427}, "K66-D210": {"K66-D220": 126.74553703605807}, "K68-D070": {"K68-D080": 183.35679244995117}, "K65-D160": {"K65-D170": 144.41150437962312}, "K68-U130": {"K68-U140": 135.81219482421875}, "K68-U020": {"K68-U030": 32.79429489374161}, "K66-U060": {"K66-U070": 146.62655281333718}, "K68-D010": {"K68-D020": 43.50372314453125}, "K65A-U010": {"K65A-U020": 56.474151611328125}, "K68-D040": {"K68-D050": 103.07360076904297}, "K66-D220": {"K66-D230": 81.25294514506822}, "K66-D120": {"K66-D130": 53.08640446537174}, "K68-U080": {"K68-U090": 37.874119855463505}, "K68-D120": {"K68-D130": 139.70635986328125}, "K66-D230": {"K66-D240": 86.35634798381943}, "K68-D030": {"K68-D040": 93.96759033203125}}