{"K65A-D050": {"K65A-D060": 65.34941130899446}, "K65A-U100": {"K65A-U110": 56.601316092777736}, "K65A-U110": {"K65A-U120": 77.89546062980756}, "K65A-U120": {"K65A-U130": 79.2929113291525}, "K65-U060": {"K65-U070": 34.051604462739604}, "K66-D090": {"K66-D100": 44.748016631668975}, "K65A-D070": {"K65A-D080": 126.59948003466441}, "K68-D190": {"K68-D200": 44.30126104203911}, "K65A-U030": {"K65A-U040": 31.585437564536573}, "K65-D050": {"K65-D060": 62.47076050296448}, "K65-U070": {"K65-U080": 65.16696536914966}, "K65-U200": {"K65-U210": 62.619376323814876}, "K65-D150": {"K65-D160": 102.04951294612259}, "K66-D170": {"K66-D180": 186.77048010157927}, "K65-D060": {"K65-D070": 83.76191006874777}, "K65-D180": {"K65-D190": 122.92169602271592}, "K66-U190": {"K66-U200": 66.61368654388743}, "K66-U130": {"K66-U140": 56.62096679701925}, "K65-U080": {"K65-U090": 145.05367897596722}, "K66-D200": {"K66-D210": 134.5729174942343}, "K68-U120": {"K68-U130": 156.20886832363172}, "K68-D150": {"K68-D160": 39.590595119681225}, "K65-U100": {"K65-U110": 129.09100259959285}, "K66-U020": {"K66-U030": 191.68388414235162}, "K65-D070": {"K65-D080": 117.23359257739708}, "K65-D100": {"K65-D110": 229.86521468347314}, "K66-U180": {"K66-U190": 58.3391405081098}, "K65-D170": {"K65-D180": 99.47296935007333}, "K66-U040": {"K66-U050": 136.01851262592217}, "K65-U140": {"K65-U150": 102.33112655189844}, "K66-U010": {"K66-U020": 129.9257198007377}, "K66-U080": {"K66-U090": 175.80960035713687}, "K65-U050": {"K65-U060": 106.52617449046814}, "K68-U070": {"K68-U080": 36.67153431754038}, "K66-U140": {"K66-U150": 47.75042524066678}, "K66-U050": {"K66-U060": 46.804395524816314}, "K68-U100": {"K68-U110": 187.28864786594957}, "K68-D160": {"K68-D170": 79.97116218448424}, "K65A-D020": {"K65A-D030": 74.79701196158106}, "K68-U030": {"K68-U040": 21.41554162888992}, "K66-D110": {"K66-D120": 33.44746233983189}, "K65-D120": {"K65-D130": 67.87863100973556}, "K66-D130": {"K66-D140": 36.14006282381122}, "K65A-D100": {"K65A-D110": 245.7161390226823}, "K65-D090": {"K65-D100": 109.91981518385089}, "K65A-D080": {"K65A-D090": 57.01453532986111}, "K68-D080": {"K68-D090": 99.16944679064503}, "K65A-U070": {"K65A-U080": 48.49032619284212}, "K66-D010": {"K66-D020": 14.397177425257686}, "K65-D020": {"K65-D030": 80.57523950864018}, "K65A-U090": {"K65A-U100": 54.58258331936463}, "K66-U100": {"K66-U110": 79.43284609327958}, "K65A-D060": {"K65A-D070": 87.83783559682274}, "K65-D080": {"K65-D090": 66.66696690546823}, "K65-D110": {"K65-D120": 100.9100742955271}, "K65-U160": {"K65-U170": 53.408816991834314}, "K68-U170": {"K68-D010": 166.26462199325516}, "K66-U160": {"K66-U170": 49.75793152044175}, "K66-D020": {"K66-D030": 70.17746898737337}, "K68-D050": {"K68-D060": 57.29357503735806}, "K66-D190": {"K66-D200": 85.80496166713394}, "K66-U030": {"K66-U040": 169.10664988872526}, "K66-D100": {"K66-D110": 48.610216075116135}, "K66-D140": {"K66-D150": 93.70036033158985}, "K65-U030": {"K65-U040": 91.017292984492}, "K65-D140": {"K65-D150": 114.02591502162173}, "K65-D010": {"K65-D020": 45.13068868814322}, "K66-U070": {"K66-U080": 221.26006324775955}, "K65-U170": {"K65-U180": 52.24942564040673}, "K66-D150": {"K66-D160": 87.22197296839629}, "K65-U090": {"K65-U100": 55.65020284779463}, "K66-U090": {"K66-U100": 51.43021526443333}, "K66-U150": {"K66-U160": 56.76866466429102}, "K66-D040": {"K66-D050": 38.75161854756264}, "K68-D110": {"K68-D120": 97.22587509877337}, "K65-U180": {"K65-U190": 66.7335050151114}, "K68-U090": {"K68-U100": 144.5364526182499}, "K66-D070": {"K66-D080": 47.60069818124767}, "K65-U110": {"K65-U120": 110.54615344290615}, "K68-U140": {"K68-U150": 43.04307349050904}, "K68-D090": {"K68-D100": 148.84231032166971}, "K68-D140": {"K68-D150": 43.9819520849886}, "K66-D180": {"K66-D190": 86.00638117317635}, "K68-U150": {"K68-U160": 81.43655151875441}, "K66-D080": {"K66-D090": 63.545374808395536}, "K65-U150": {"K65-U160": 56.59811961355693}, "K65-D030": {"K65-D040": 66.92366288822379}, "K68-D100": {"K68-D110": 94.15834828555545}, "K65-U130": {"K65-U140": 34.34155819839172}, "K65-U010": {"K65-U020": 257.06635120794243}, "K66-U210": {"K66-U220": 48.17628605927219}, "K68-U040": {"K68-U050": 48.57050687244409}, "K68-U110": {"K68-U120": 197.35625538264847}, "K68-D020": {"K68-D030": 81.99283167629798}, "K65-U210": {"K65-U220": 78.15815023706224}, "K66-U120": {"K66-U130": 54.75429240713655}, "K68-D130": {"K68-D140": 62.17370391874763}, "K65-U040": {"K65-U050": 86.97736788291796}, "K65-D130": {"K65-D140": 93.51829604357853}, "K68-U050": {"K68-U060": 52.94835307111295}, "K66-D050": {"K66-D060": 46.390750354317106}, "K68-U010": {"K68-U020": 90.96554213866527}, "K68-D060": {"K68-D070": 91.19647766170839}, "K68-U060": {"K68-U070": 70.206401860113}, "K65-U220": {"K65-U230": 80.8442599318698}, "K66-U110": {"K66-U120": 36.6648289741771}, "K68-D180": {"K68-D190": 38.8289209958315}, "K68-D170": {"K68-D180": 49.16886151839368}, "K66-U200": {"K66-U210": 53.056741561055034}, "K66-D030": {"K66-D040": 84.290833240823}, "K65-U020": {"K65-U030": 134.32585822572292}, "K65-U190": {"K65-U200": 51.49450700660518}, "K68-U160": {"K68-U170": 72.89950203114007}, "K66-D160": {"K66-D170": 150.10490048135995}, "K65-U120": {"K65-U130": 168.65980801123075}, "K68-D200": {"K68-U011": 70.91588181834172}, "K65-D040": {"K65-D050": 63.86882396500009}, "K65A-U040": {"K65A-U050": 94.30285056602919}, "K65A-D040": {"K65A-D050": 75.45637121378205}, "K65A-U020": {"K65A-U030": 186.72066766272022}, "K66-U170": {"K66-U180": 33.17734022796036}, "K65A-U050": {"K65A-U060": 49.52122301140454}, "K65A-D090": {"K65A-D100": 112.68764059347245}, "K65A-U080": {"K65A-U090": 73.50223672392498}, "K65A-D030": {"K65A-D040": 64.3449923117279}, "K65A-D010": {"K65A-D020": 105.40200244646955}, "K66-D060": {"K66-D070": 45.65519761276168}, "K65A-U060": {"K65A-U070": 51.66336818500442}, "K66-D210": {"K66-D220": 139.4166960132163}, "K68-D070": {"K68-D080": 192.5088794979732}, "K65-D160": {"K65-D170": 149.34965539072937}, "K68-U130": {"K68-U140": 166.846289431539}, "K68-U020": {"K68-U030": 44.7773427938536}, "K66-U060": {"K66-U070": 170.07221878321036}, "K68-D010": {"K68-D020": 53.404087732670654}, "K65A-U010": {"K65A-U020": 58.10698275281815}, "K68-D040": {"K68-D050": 108.40564380548308}, "K66-D220": {"K66-D230": 89.31871823429971}, "K66-D120": {"K66-D130": 66.45660982477752}, "K68-U080": {"K68-U090": 48.58457153845107}, "K68-D120": {"K68-D130": 177.88148793085037}, "K66-D230": {"K66-D240": 97.5594507794956}, "K68-D030": {"K68-D040": 102.02568743629298}}