{"K65A-D050": {"K65A-D060": 60.697042356229176}, "K65A-U100": {"K65A-U110": 65.93107338392385}, "K65A-U110": {"K65A-U120": 73.45422822977837}, "K65A-U120": {"K65A-U130": 79.5804751089552}, "K65-U060": {"K65-U070": 37.38439451790454}, "K66-D090": {"K66-D100": 40.11636811596859}, "K65A-D070": {"K65A-D080": 120.43817812731304}, "K68-D190": {"K68-D200": 43.342505805560606}, "K65A-U030": {"K65A-U040": 30.034163195754267}, "K65-D050": {"K65-D060": 66.10446687040586}, "K65-U070": {"K65-U080": 60.58428468648185}, "K65-U200": {"K65-U210": 62.32383984221087}, "K65-D150": {"K65-D160": 111.96022418888928}, "K66-D170": {"K66-D180": 192.8775544469333}, "K65-D060": {"K65-D070": 84.5030410538707}, "K65-D180": {"K65-D190": 120.4049712607438}, "K66-U190": {"K66-U200": 70.13326723371146}, "K66-U130": {"K66-U140": 53.888088831811594}, "K65-U080": {"K65-U090": 148.55002197158288}, "K66-D200": {"K66-D210": 119.04711013944241}, "K68-U120": {"K68-U130": 159.55288762519785}, "K68-D150": {"K68-D160": 42.611330949023504}, "K65-U100": {"K65-U110": 141.86432678925866}, "K66-U020": {"K66-U030": 191.2633834360163}, "K65-D070": {"K65-D080": 110.72009479096366}, "K65-D100": {"K65-D110": 225.56443033278788}, "K66-U180": {"K66-U190": 60.750081972718434}, "K65-D170": {"K65-D180": 97.03372253355845}, "K66-U040": {"K66-U050": 139.66563432025774}, "K65-U140": {"K65-U150": 102.68549314506495}, "K66-U010": {"K66-U020": 128.47250630475142}, "K66-U080": {"K66-U090": 159.40272350711209}, "K65-U050": {"K65-U060": 110.29201696320396}, "K68-U070": {"K68-U080": 33.69965449653519}, "K66-U140": {"K66-U150": 47.456064122065754}, "K66-U050": {"K66-U060": 52.098348487363126}, "K68-U100": {"K68-U110": 187.05874269194373}, "K68-D160": {"K68-D170": 79.18314378237935}, "K65A-D020": {"K65A-D030": 68.74662635510346}, "K68-U030": {"K68-U040": 24.30173919224836}, "K66-D110": {"K66-D120": 42.39958710586177}, "K65-D120": {"K65-D130": 64.56145327459731}, "K66-D130": {"K66-D140": 37.237643408641844}, "K65A-D100": {"K65A-D110": 223.69819498690987}, "K65-D090": {"K65-D100": 99.53182662300448}, "K65A-D080": {"K65A-D090": 60.62931348643684}, "K68-D080": {"K68-D090": 89.39993925439413}, "K65A-U070": {"K65A-U080": 46.24663096528328}, "K66-D010": {"K66-D020": 18.04574297056095}, "K65-D020": {"K65-D030": 78.6595903137024}, "K65A-U090": {"K65A-U100": 50.87803993395615}, "K66-U100": {"K66-U110": 83.10399948784264}, "K65A-D060": {"K65A-D070": 83.67246211228327}, "K65-D080": {"K65-D090": 67.03202193562805}, "K65-D110": {"K65-D120": 100.05705640860342}, "K65-U160": {"K65-U170": 54.87123358120444}, "K68-U170": {"K68-D010": 156.82019712757625}, "K66-U160": {"K66-U170": 50.95907419287879}, "K66-D020": {"K66-D030": 68.04300254350926}, "K68-D050": {"K68-D060": 58.809101514137566}, "K66-D190": {"K66-D200": 84.83621544771594}, "K66-U030": {"K66-U040": 170.9896254651569}, "K66-D100": {"K66-D110": 47.55712200542165}, "K66-D140": {"K66-D150": 99.38927834175215}, "K65-U030": {"K65-U040": 100.90102640068608}, "K65-D140": {"K65-D150": 113.32273248472605}, "K65-D010": {"K65-D020": 42.30965438129745}, "K66-U070": {"K66-U080": 196.35409628021236}, "K65-U170": {"K65-U180": 49.789323540559025}, "K66-D150": {"K66-D160": 84.89763141950996}, "K65-U090": {"K65-U100": 51.73015028659522}, "K66-U090": {"K66-U100": 53.62677046172962}, "K66-U150": {"K66-U160": 59.56147880275739}, "K66-D040": {"K66-D050": 40.91923844844597}, "K68-D110": {"K68-D120": 96.67112157835362}, "K65-U180": {"K65-U190": 74.02247253105502}, "K68-U090": {"K68-U100": 141.77803842109688}, "K66-D070": {"K66-D080": 45.854100883463914}, "K65-U110": {"K65-U120": 106.51609173885856}, "K68-U140": {"K68-U150": 43.936345997360704}, "K68-D090": {"K68-D100": 150.97028142183348}, "K68-D140": {"K68-D150": 44.8744378635427}, "K66-D180": {"K66-D190": 85.04223310479482}, "K68-U150": {"K68-U160": 81.84183268808835}, "K66-D080": {"K66-D090": 57.198268817784765}, "K65-U150": {"K65-U160": 59.10434212084706}, "K65-D030": {"K65-D040": 65.25097698851303}, "K68-D100": {"K68-D110": 84.13133949901142}, "K65-U130": {"K65-U140": 29.182141603579833}, "K65-U010": {"K65-U020": 270.5670406863925}, "K66-U210": {"K66-U220": 47.83597779335871}, "K68-U040": {"K68-U050": 49.76235223569263}, "K68-U110": {"K68-U120": 189.82928700233788}, "K68-D020": {"K68-D030": 74.63104910332976}, "K65-U210": {"K65-U220": 79.5183411973301}, "K66-U120": {"K66-U130": 57.934727901442535}, "K68-D130": {"K68-D140": 59.215383418971655}, "K65-U040": {"K65-U050": 85.61532018275247}, "K65-D130": {"K65-D140": 98.76240261779961}, "K68-U050": {"K68-U060": 49.79387182994696}, "K66-D050": {"K66-D060": 45.32680453287961}, "K68-U010": {"K68-U020": 90.45832334546871}, "K68-D060": {"K68-D070": 91.29650281065013}, "K68-U060": {"K68-U070": 61.69147826214889}, "K65-U220": {"K65-U230": 73.70013285066227}, "K66-U110": {"K66-U120": 40.41648954905348}, "K68-D180": {"K68-D190": 39.81544751672012}, "K68-D170": {"K68-D180": 48.97547994306573}, "K66-U200": {"K66-U210": 59.62871477865828}, "K66-D030": {"K66-D040": 77.78740934985163}, "K65-U020": {"K65-U030": 138.9914370919472}, "K65-U190": {"K65-U200": 53.96743038858309}, "K68-U160": {"K68-U170": 66.69921116709747}, "K66-D160": {"K66-D170": 152.49491599859775}, "K65-U120": {"K65-U130": 177.24288649024146}, "K68-D200": {"K68-U011": 66.34610425056655}, "K65-D040": {"K65-D050": 70.54231524477579}, "K65A-U040": {"K65A-U050": 80.34075251367281}, "K65A-D040": {"K65A-D050": 68.57446219263161}, "K65A-U020": {"K65A-U030": 176.00522893888134}, "K66-U170": {"K66-U180": 31.090739650922547}, "K65A-U050": {"K65A-U060": 50.17551274529476}, "K65A-D090": {"K65A-D100": 112.52887075562997}, "K65A-U080": {"K65A-U090": 72.12664300718396}, "K65A-D030": {"K65A-D040": 70.87095187471927}, "K65A-D010": {"K65A-D020": 52.08989417892032}, "K66-D060": {"K66-D070": 37.157264711161545}, "K65A-U060": {"K65A-U070": 52.93334126778478}, "K66-D210": {"K66-D220": 173.627579620162}, "K68-D070": {"K68-D080": 197.7487396224828}, "K65-D160": {"K65-D170": 144.18690415501177}, "K68-U130": {"K68-U140": 162.64960674845787}, "K68-U020": {"K68-U030": 38.746821672551064}, "K66-U060": {"K66-U070": 162.82030702518782}, "K68-D010": {"K68-D020": 50.85699875908479}, "K65A-U010": {"K65A-U020": 47.696527821913996}, "K68-D040": {"K68-D050": 101.22678820975015}, "K66-D220": {"K66-D230": 70.90605478984378}, "K66-D120": {"K66-D130": 66.51945080662662}, "K68-U080": {"K68-U090": 48.965917549443034}, "K68-D120": {"K68-D130": 163.29309254392712}, "K66-D230": {"K66-D240": 99.52114003448123}, "K68-D030": {"K68-D040": 82.1932487414325}}