{"K65A-D050": {"K65A-D060": 64.9545771918597}, "K65A-U100": {"K65A-U110": 57.871345441502875}, "K65A-U110": {"K65A-U120": 74.06227771872985}, "K65A-U120": {"K65A-U130": 85.6994887339824}, "K65-U060": {"K65-U070": 32.74466827639391}, "K66-D090": {"K66-D100": 45.72477146272187}, "K65A-D070": {"K65A-D080": 119.82473349740226}, "K68-D190": {"K68-D200": 44.19072974322514}, "K65A-U030": {"K65A-U040": 33.32613865882276}, "K65-D050": {"K65-D060": 63.14582435854811}, "K65-U070": {"K65-U080": 67.38195239321894}, "K65-U200": {"K65-U210": 64.88407273601482}, "K65-D150": {"K65-D160": 105.42545927106076}, "K66-D170": {"K66-D180": 189.2536756759771}, "K65-D060": {"K65-D070": 82.01006468702954}, "K65-D180": {"K65-D190": 118.52220927210779}, "K66-U190": {"K66-U200": 65.4230171937575}, "K66-U130": {"K66-U140": 55.33142172053209}, "K65-U080": {"K65-U090": 157.2922938648881}, "K66-D200": {"K66-D210": 128.07033721237914}, "K68-U120": {"K68-U130": 156.0468202455645}, "K68-D150": {"K68-D160": 37.532619107436815}, "K65-U100": {"K65-U110": 129.77586965352242}, "K66-U020": {"K66-U030": 198.00338407689108}, "K65-D070": {"K65-D080": 108.4495930670997}, "K65-D100": {"K65-D110": 212.44704937479423}, "K66-U180": {"K66-U190": 58.37787127914338}, "K65-D170": {"K65-D180": 101.08738780918543}, "K66-U040": {"K66-U050": 131.43335981549032}, "K65-U140": {"K65-U150": 103.36452669543351}, "K66-U010": {"K66-U020": 128.85139314138098}, "K66-U080": {"K66-U090": 166.7640655995233}, "K65-U050": {"K65-U060": 116.12177213749005}, "K68-U070": {"K68-U080": 36.8290792360171}, "K66-U140": {"K66-U150": 46.217416490879614}, "K66-U050": {"K66-U060": 45.98307734400063}, "K68-U100": {"K68-U110": 190.11195731343764}, "K68-D160": {"K68-D170": 83.5819381754077}, "K65A-D020": {"K65A-D030": 78.96799449342646}, "K68-U030": {"K68-U040": 24.851490662543732}, "K66-D110": {"K66-D120": 37.056421482404275}, "K65-D120": {"K65-D130": 67.89871412237757}, "K66-D130": {"K66-D140": 37.621402043726036}, "K65A-D100": {"K65A-D110": 230.17935755822685}, "K65-D090": {"K65-D100": 99.25627781622603}, "K65A-D080": {"K65A-D090": 55.65645961552686}, "K68-D080": {"K68-D090": 90.75775566800993}, "K65A-U070": {"K65A-U080": 49.400552592962}, "K66-D010": {"K66-D020": 15.149643607243595}, "K65-D020": {"K65-D030": 77.77692584417848}, "K65A-U090": {"K65A-U100": 56.06263155299344}, "K66-U100": {"K66-U110": 82.85163976879265}, "K65A-D060": {"K65A-D070": 84.67709651163129}, "K65-D080": {"K65-D090": 60.21128151462672}, "K65-D110": {"K65-D120": 102.60334323367992}, "K65-U160": {"K65-U170": 55.75804716505496}, "K68-U170": {"K68-D010": 157.46839183623217}, "K66-U160": {"K66-U170": 48.120570426644015}, "K66-D020": {"K66-D030": 62.744127384195394}, "K68-D050": {"K68-D060": 62.46402675213765}, "K66-D190": {"K66-D200": 82.28319705199502}, "K66-U030": {"K66-U040": 159.72267227060402}, "K66-D100": {"K66-D110": 42.27541620307783}, "K66-D140": {"K66-D150": 87.52872422383173}, "K65-U030": {"K65-U040": 105.53390732526807}, "K65-D140": {"K65-D150": 108.4988911622446}, "K65-D010": {"K65-D020": 36.88144857971905}, "K66-U070": {"K66-U080": 205.18987063870645}, "K65-U170": {"K65-U180": 54.79291690628601}, "K66-D150": {"K66-D160": 95.66283345326535}, "K65-U090": {"K65-U100": 54.941852901178194}, "K66-U090": {"K66-U100": 51.73698320475368}, "K66-U150": {"K66-U160": 56.000535048045585}, "K66-D040": {"K66-D050": 41.386223567361505}, "K68-D110": {"K68-D120": 104.37696060495765}, "K65-U180": {"K65-U190": 74.15703060957013}, "K68-U090": {"K68-U100": 147.9157980969193}, "K66-D070": {"K66-D080": 52.159816845625855}, "K65-U110": {"K65-U120": 115.1601584542152}, "K68-U140": {"K68-U150": 42.86465657372354}, "K68-D090": {"K68-D100": 142.93504650835}, "K68-D140": {"K68-D150": 39.57463357973154}, "K66-D180": {"K66-D190": 81.2767288808661}, "K68-U150": {"K68-U160": 80.47141134905739}, "K66-D080": {"K66-D090": 67.84606535816596}, "K65-U150": {"K65-U160": 58.578273626573015}, "K65-D030": {"K65-D040": 62.054954120220415}, "K68-D100": {"K68-D110": 91.00927950854356}, "K65-U130": {"K65-U140": 31.703063879611015}, "K65-U010": {"K65-U020": 266.0150831546531}, "K66-U210": {"K66-U220": 52.11310324419158}, "K68-U040": {"K68-U050": 46.23712931123187}, "K68-U110": {"K68-U120": 193.8419624085903}, "K68-D020": {"K68-D030": 82.30595186023157}, "K65-U210": {"K65-U220": 75.54653538481432}, "K66-U120": {"K66-U130": 50.37129233672251}, "K68-D130": {"K68-D140": 63.622127174416825}, "K65-U040": {"K65-U050": 85.37661403529424}, "K65-D130": {"K65-D140": 100.0954602812652}, "K68-U050": {"K68-U060": 53.89874133970479}, "K66-D050": {"K66-D060": 40.593091593902756}, "K68-U010": {"K68-U020": 95.05335465393254}, "K68-D060": {"K68-D070": 99.35143927353931}, "K68-U060": {"K68-U070": 58.93264187550502}, "K65-U220": {"K65-U230": 75.57076476850425}, "K66-U110": {"K66-U120": 38.378208989564534}, "K68-D180": {"K68-D190": 39.82258040599265}, "K68-D170": {"K68-D180": 42.30985540549999}, "K66-U200": {"K66-U210": 54.39401991222023}, "K66-D030": {"K66-D040": 81.3575701868029}, "K65-U020": {"K65-U030": 134.76675938252436}, "K65-U190": {"K65-U200": 54.206553090652065}, "K68-U160": {"K68-U170": 73.48746940077919}, "K66-D160": {"K66-D170": 157.2753272992848}, "K65-U120": {"K65-U130": 175.2264907728808}, "K68-D200": {"K68-U011": 68.36516323338216}, "K65-D040": {"K65-D050": 65.07336674095642}, "K65A-U040": {"K65A-U050": 95.39202708643829}, "K65A-D040": {"K65A-D050": 67.61412328460258}, "K65A-U020": {"K65A-U030": 183.28246383305034}, "K66-U170": {"K66-U180": 35.38098883316573}, "K65A-U050": {"K65A-U060": 49.00907407430518}, "K65A-D090": {"K65A-D100": 113.18457371578299}, "K65A-U080": {"K65A-U090": 68.7250968483628}, "K65A-D030": {"K65A-D040": 62.25152254105291}, "K65A-D010": {"K65A-D020": 194.92577603263916}, "K66-D060": {"K66-D070": 43.49910016473662}, "K65A-U060": {"K65A-U070": 50.11373854817878}, "K66-D210": {"K66-D220": 154.43516148628072}, "K68-D070": {"K68-D080": 194.75057854741698}, "K65-D160": {"K65-D170": 153.6505298030997}, "K68-U130": {"K68-U140": 165.17997838839992}, "K68-U020": {"K68-U030": 41.202601519271305}, "K66-U060": {"K66-U070": 176.51343927775673}, "K68-D010": {"K68-D020": 49.16061380006992}, "K65A-U010": {"K65A-U020": 54.886838508988546}, "K68-D040": {"K68-D050": 107.72204908545669}, "K66-D220": {"K66-D230": 87.44220965431667}, "K66-D120": {"K66-D130": 62.86814598694777}, "K68-U080": {"K68-U090": 48.92524272779329}, "K68-D120": {"K68-D130": 172.0344332582418}, "K66-D230": {"K66-D240": 97.236952658288}, "K68-D030": {"K68-D040": 91.40337213649525}}