{"K65A-D050": {"K65A-D060": 64.51796991658723}, "K65A-U100": {"K65A-U110": 56.47572083455318}, "K65A-U110": {"K65A-U120": 75.47133661238021}, "K65A-U120": {"K65A-U130": 78.34685651068891}, "K65-U060": {"K65-U070": 30.936685246729958}, "K66-D090": {"K66-D100": 47.02141079069166}, "K65A-D070": {"K65A-D080": 111.12230955787372}, "K68-D190": {"K68-D200": 44.807242832113346}, "K65A-U030": {"K65A-U040": 33.53312813163045}, "K65-D050": {"K65-D060": 62.84785938788481}, "K65-U070": {"K65-U080": 68.39690037060672}, "K65-U200": {"K65-U210": 62.31926889221919}, "K65-D150": {"K65-D160": 101.54918987580642}, "K66-D170": {"K66-D180": 190.03132427572154}, "K65-D060": {"K65-D070": 85.06678335068791}, "K65-D180": {"K65-D190": 117.77047178840147}, "K66-U190": {"K66-U200": 68.9936192560149}, "K66-U130": {"K66-U140": 53.95362923597564}, "K65-U080": {"K65-U090": 138.4019131452954}, "K66-D200": {"K66-D210": 123.6867904614501}, "K68-U120": {"K68-U130": 155.87732381645066}, "K68-D150": {"K68-D160": 38.989601976456775}, "K65-U100": {"K65-U110": 123.9523660650586}, "K66-U020": {"K66-U030": 200.8864427334208}, "K65-D070": {"K65-D080": 114.6732967702851}, "K65-D100": {"K65-D110": 204.83337066975645}, "K66-U180": {"K66-U190": 64.3468663431091}, "K65-D170": {"K65-D180": 96.66568878915696}, "K66-U040": {"K66-U050": 137.20942790467694}, "K65-U140": {"K65-U150": 102.96278795943024}, "K66-U010": {"K66-U020": 133.6756846592889}, "K66-U080": {"K66-U090": 164.11246670678977}, "K65-U050": {"K65-U060": 105.42656841092068}, "K68-U070": {"K68-U080": 36.09514394924706}, "K66-U140": {"K66-U150": 49.11404955677133}, "K66-U050": {"K66-U060": 41.254454656767635}, "K68-U100": {"K68-U110": 188.40623201812193}, "K68-D160": {"K68-D170": 82.3209624620459}, "K65A-D020": {"K65A-D030": 76.28402493046983}, "K68-U030": {"K68-U040": 22.480896840224236}, "K66-D110": {"K66-D120": 35.65174103487125}, "K65-D120": {"K65-D130": 71.42614828692156}, "K66-D130": {"K66-D140": 38.42417707768379}, "K65A-D100": {"K65A-D110": 224.06714159559579}, "K65-D090": {"K65-D100": 110.87262191153172}, "K65A-D080": {"K65A-D090": 59.91467637348292}, "K68-D080": {"K68-D090": 86.9637617642526}, "K65A-U070": {"K65A-U080": 43.97673298375342}, "K66-D010": {"K66-D020": 42.98235275453426}, "K65-D020": {"K65-D030": 77.21683500561434}, "K65A-U090": {"K65A-U100": 46.5965032004198}, "K66-U100": {"K66-U110": 85.70582275703839}, "K65A-D060": {"K65A-D070": 80.29036650927972}, "K65-D080": {"K65-D090": 62.06154490306462}, "K65-D110": {"K65-D120": 102.62955537328025}, "K65-U160": {"K65-U170": 55.74870799097344}, "K68-U170": {"K68-D010": 158.10572922532828}, "K66-U160": {"K66-U170": 47.9129006049727}, "K66-D020": {"K66-D030": 63.14692665785988}, "K68-D050": {"K68-D060": 63.6149145033343}, "K66-D190": {"K66-D200": 75.69163649680749}, "K66-U030": {"K66-U040": 172.48708846264975}, "K66-D100": {"K66-D110": 46.367561171825685}, "K66-D140": {"K66-D150": 96.54525028114233}, "K65-U030": {"K65-U040": 102.66641626696278}, "K65-D140": {"K65-D150": 110.46758007565502}, "K65-D010": {"K65-D020": 40.78950804730988}, "K66-U070": {"K66-U080": 198.3765985203087}, "K65-U170": {"K65-U180": 46.99162306177425}, "K66-D150": {"K66-D160": 86.2900105329441}, "K65-U090": {"K65-U100": 50.833929399056004}, "K66-U090": {"K66-U100": 54.94757762982662}, "K66-U150": {"K66-U160": 54.89743485425631}, "K66-D040": {"K66-D050": 44.72688997033367}, "K68-D110": {"K68-D120": 95.87926244170265}, "K65-U180": {"K65-U190": 75.584136887809}, "K68-U090": {"K68-U100": 135.7958921035808}, "K66-D070": {"K66-D080": 44.68880885221871}, "K65-U110": {"K65-U120": 110.48139041451766}, "K68-U140": {"K68-U150": 43.67906197211958}, "K68-D090": {"K68-D100": 156.04715902224547}, "K68-D140": {"K68-D150": 43.55312790862344}, "K66-D180": {"K66-D190": 84.41526837674455}, "K68-U150": {"K68-U160": 81.52825538372184}, "K66-D080": {"K66-D090": 63.13575573568047}, "K65-U150": {"K65-U160": 56.66010156854516}, "K65-D030": {"K65-D040": 62.230921811963086}, "K68-D100": {"K68-D110": 77.42362365691233}, "K65-U130": {"K65-U140": 32.65044713618971}, "K65-U010": {"K65-U020": 265.7440991106998}, "K66-U210": {"K66-U220": 53.47012658485484}, "K68-U040": {"K68-U050": 51.24893400852727}, "K68-U110": {"K68-U120": 194.4872125043728}, "K68-D020": {"K68-D030": 73.67370744905207}, "K65-U210": {"K65-U220": 77.57111756513419}, "K66-U120": {"K66-U130": 52.548557767320915}, "K68-D130": {"K68-D140": 60.38092768337143}, "K65-U040": {"K65-U050": 88.90541564786525}, "K65-D130": {"K65-D140": 110.38764017475441}, "K68-U050": {"K68-U060": 52.892057625898}, "K66-D050": {"K66-D060": 43.553116927607356}, "K68-U010": {"K68-U020": 88.39618160835066}, "K68-D060": {"K68-D070": 90.91638495102451}, "K68-U060": {"K68-U070": 63.957434605220534}, "K65-U220": {"K65-U230": 82.0207497154212}, "K66-U110": {"K66-U120": 37.635015017718885}, "K68-D180": {"K68-D190": 37.8763475162178}, "K68-D170": {"K68-D180": 45.156472827432864}, "K66-U200": {"K66-U210": 54.25621647007965}, "K66-D030": {"K66-D040": 77.92425028246289}, "K65-U020": {"K65-U030": 142.01828018885567}, "K65-U190": {"K65-U200": 57.57489012861562}, "K68-U160": {"K68-U170": 63.03515361246231}, "K66-D160": {"K66-D170": 144.07650227806272}, "K65-U120": {"K65-U130": 178.3598317949642}, "K68-D200": {"K68-U011": 62.269145704821426}, "K65-D040": {"K65-D050": 71.23252286591044}, "K65A-U040": {"K65A-U050": 93.11222475800113}, "K65A-D040": {"K65A-D050": 74.29977899744142}, "K65A-U020": {"K65A-U030": 195.22453228612784}, "K66-U170": {"K66-U180": 34.037202231034875}, "K65A-U050": {"K65A-U060": 48.14444372734413}, "K65A-D090": {"K65A-D100": 113.5064541557958}, "K65A-U080": {"K65A-U090": 70.98577452764842}, "K65A-D030": {"K65A-D040": 67.54704866530106}, "K65A-D010": {"K65A-D020": 82.49450958939242}, "K66-D060": {"K66-D070": 44.14661276556147}, "K65A-U060": {"K65A-U070": 47.077760587689106}, "K66-D210": {"K66-D220": 146.03738926932493}, "K68-D070": {"K68-D080": 191.7563516713775}, "K65-D160": {"K65-D170": 142.97618456263257}, "K68-U130": {"K68-U140": 152.44607346090464}, "K68-U020": {"K68-U030": 35.9396318555364}, "K66-U060": {"K66-U070": 148.83615002243016}, "K68-D010": {"K68-D020": 46.692107179465296}, "K65A-U010": {"K65A-U020": 68.26627623007911}, "K68-D040": {"K68-D050": 103.04263609990525}, "K66-D220": {"K66-D230": 76.36306645040287}, "K66-D120": {"K66-D130": 64.00345136504248}, "K68-U080": {"K68-U090": 47.16494389902473}, "K68-D120": {"K68-D130": 167.85134405838346}, "K66-D230": {"K66-D240": 100.3778574393603}, "K68-D030": {"K68-D040": 82.71112937513844}}