{"K65A-D050": {"K65A-D060": 62.55414576628449}, "K65A-U100": {"K65A-U110": 59.033161351175735}, "K65A-U110": {"K65A-U120": 77.54928802614265}, "K65A-U120": {"K65A-U130": 84.76014612972375}, "K65-U060": {"K65-U070": 33.404688144448656}, "K66-D090": {"K66-D100": 43.649901128244224}, "K65A-D070": {"K65A-D080": 118.12529468090868}, "K68-D190": {"K68-D200": 38.83963482103029}, "K65A-U030": {"K65A-U040": 32.557734247824875}, "K65-D050": {"K65-D060": 66.13075921539057}, "K65-U070": {"K65-U080": 61.66077520634718}, "K65-U200": {"K65-U210": 62.55738026535253}, "K65-D150": {"K65-D160": 101.91382819356984}, "K66-D170": {"K66-D180": 191.2894555073959}, "K65-D060": {"K65-D070": 86.25460941103536}, "K65-D180": {"K65-D190": 113.47433349782469}, "K66-U190": {"K66-U200": 68.44997602204549}, "K66-U130": {"K66-U140": 53.205289556333994}, "K65-U080": {"K65-U090": 154.4147574840917}, "K66-D200": {"K66-D210": 130.40194724782364}, "K68-U120": {"K68-U130": 167.4424046271816}, "K68-D150": {"K68-D160": 43.23688001270315}, "K65-U100": {"K65-U110": 140.78809076721524}, "K66-U020": {"K66-U030": 196.88179712847568}, "K65-D070": {"K65-D080": 125.14678333866031}, "K65-D100": {"K65-D110": 201.23441204075766}, "K66-U180": {"K66-U190": 59.17364419347308}, "K65-D170": {"K65-D180": 97.02863344888789}, "K66-U040": {"K66-U050": 130.85139076339826}, "K65-U140": {"K65-U150": 103.01702719652106}, "K66-U010": {"K66-U020": 139.98407724386885}, "K66-U080": {"K66-U090": 173.1069462789588}, "K65-U050": {"K65-U060": 110.30037104592391}, "K68-U070": {"K68-U080": 37.31413409390811}, "K66-U140": {"K66-U150": 47.34400316093729}, "K66-U050": {"K66-U060": 46.96537568789547}, "K68-U100": {"K68-U110": 182.54821019942233}, "K68-D160": {"K68-D170": 80.14860070641993}, "K65A-D020": {"K65A-D030": 79.41481608840286}, "K68-U030": {"K68-U040": 20.53379746202807}, "K66-D110": {"K66-D120": 40.7018201089845}, "K65-D120": {"K65-D130": 71.2337561984475}, "K66-D130": {"K66-D140": 40.562546520323664}, "K65A-D100": {"K65A-D110": 234.00551891720428}, "K65-D090": {"K65-D100": 110.25484791016916}, "K65A-D080": {"K65A-D090": 65.40358256452225}, "K68-D080": {"K68-D090": 88.02112070854086}, "K65A-U070": {"K65A-U080": 45.41745709140886}, "K66-D010": {"K66-D020": 17.950569931725457}, "K65-D020": {"K65-D030": 80.00267173961201}, "K65A-U090": {"K65A-U100": 46.886541748376196}, "K66-U100": {"K66-U110": 75.84185548965885}, "K65A-D060": {"K65A-D070": 78.39076757922926}, "K65-D080": {"K65-D090": 59.10508831380188}, "K65-D110": {"K65-D120": 98.13949379131724}, "K65-U160": {"K65-U170": 51.267185018809094}, "K68-U170": {"K68-D010": 158.27761794841118}, "K66-U160": {"K66-U170": 47.332607987864144}, "K66-D020": {"K66-D030": 70.02247040676215}, "K68-D050": {"K68-D060": 61.94722323518615}, "K66-D190": {"K66-D200": 84.95649340506694}, "K66-U030": {"K66-U040": 167.76947494915606}, "K66-D100": {"K66-D110": 48.25263648109943}, "K66-D140": {"K66-D150": 88.86752564730179}, "K65-U030": {"K65-U040": 103.40296585506121}, "K65-D140": {"K65-D150": 110.60225811850489}, "K65-D010": {"K65-D020": 40.545885520113856}, "K66-U070": {"K66-U080": 200.99649606360137}, "K65-U170": {"K65-U180": 45.80871053442326}, "K66-D150": {"K66-D160": 86.41719049438584}, "K65-U090": {"K65-U100": 53.39687023242708}, "K66-U090": {"K66-U100": 51.705485163946356}, "K66-U150": {"K66-U160": 54.45583167663758}, "K66-D040": {"K66-D050": 42.73843655844139}, "K68-D110": {"K68-D120": 95.56252467957026}, "K65-U180": {"K65-U190": 69.70832813391803}, "K68-U090": {"K68-U100": 137.06262422636055}, "K66-D070": {"K66-D080": 50.40021337645524}, "K65-U110": {"K65-U120": 109.71848178350322}, "K68-U140": {"K68-U150": 41.29005924394739}, "K68-D090": {"K68-D100": 156.01692831097176}, "K68-D140": {"K68-D150": 48.67010798070142}, "K66-D180": {"K66-D190": 78.69651425198711}, "K68-U150": {"K68-U160": 79.5869975998942}, "K66-D080": {"K66-D090": 64.92602089354865}, "K65-U150": {"K65-U160": 55.58810231567878}, "K65-D030": {"K65-D040": 65.84089149391896}, "K68-D100": {"K68-D110": 80.2817737120965}, "K65-U130": {"K65-U140": 30.712144586757923}, "K65-U010": {"K65-U020": 262.9108513475053}, "K66-U210": {"K66-U220": 48.59118964765855}, "K68-U040": {"K68-U050": 48.059979513444816}, "K68-U110": {"K68-U120": 189.4365635626369}, "K68-D020": {"K68-D030": 78.78713074172904}, "K65-U210": {"K65-U220": 75.45164928306782}, "K66-U120": {"K66-U130": 51.323093808023394}, "K68-D130": {"K68-D140": 61.58696459448699}, "K65-U040": {"K65-U050": 88.53917002031567}, "K65-D130": {"K65-D140": 99.98916485687661}, "K68-U050": {"K68-U060": 52.06171299275301}, "K66-D050": {"K66-D060": 40.16044127881981}, "K68-U010": {"K68-U020": 85.48354690138042}, "K68-D060": {"K68-D070": 91.95232773615353}, "K68-U060": {"K68-U070": 63.576078256186044}, "K65-U220": {"K65-U230": 80.33374655978601}, "K66-U110": {"K66-U120": 38.185015478964445}, "K68-D180": {"K68-D190": 38.602627028787275}, "K68-D170": {"K68-D180": 45.59693955267228}, "K66-U200": {"K66-U210": 57.4301805077359}, "K66-D030": {"K66-D040": 79.08208485771726}, "K65-U020": {"K65-U030": 131.18201403378296}, "K65-U190": {"K65-U200": 54.58568499945022}, "K68-U160": {"K68-U170": 68.87740682335723}, "K66-D160": {"K66-D170": 138.38422216908933}, "K65-U120": {"K65-U130": 180.00979377867895}, "K68-D200": {"K68-U011": 63.06797277517414}, "K65-D040": {"K65-D050": 68.62625219682286}, "K65A-U040": {"K65A-U050": 90.26204458848045}, "K65A-D040": {"K65A-D050": 73.94865110546995}, "K65A-U020": {"K65A-U030": 201.7099732259448}, "K66-U170": {"K66-U180": 33.527450098172935}, "K65A-U050": {"K65A-U060": 46.34922538609057}, "K65A-D090": {"K65A-D100": 118.20341773293708}, "K65A-U080": {"K65A-U090": 65.88103428405512}, "K65A-D030": {"K65A-D040": 67.01535368811192}, "K65A-D010": {"K65A-D020": 68.29965685588165}, "K66-D060": {"K66-D070": 42.69032690572138}, "K65A-U060": {"K65A-U070": 52.609064589288735}, "K66-D210": {"K66-D220": 157.07274531737545}, "K68-D070": {"K68-D080": 204.54354016081297}, "K65-D160": {"K65-D170": 142.6074644146673}, "K68-U130": {"K68-U140": 160.31807366144147}, "K68-U020": {"K68-U030": 37.464303951236715}, "K66-U060": {"K66-U070": 164.43540735716007}, "K68-D010": {"K68-D020": 48.89534810151157}, "K65A-U010": {"K65A-U020": 53.92898765244736}, "K68-D040": {"K68-D050": 100.4625877640612}, "K66-D220": {"K66-D230": 72.11513575919876}, "K66-D120": {"K66-D130": 66.37906975060969}, "K68-U080": {"K68-U090": 46.90946448269325}, "K68-D120": {"K68-D130": 169.011709707523}, "K66-D230": {"K66-D240": 95.81798325003163}, "K68-D030": {"K68-D040": 73.00172178279404}}