{"K65A-D050": {"K65A-D060": 55.83054293800619}, "K65A-U100": {"K65A-U110": 61.89623222185948}, "K65A-U110": {"K65A-U120": 77.4529871129841}, "K65A-U120": {"K65A-U130": 84.17519501958074}, "K65-U060": {"K65-U070": 36.891670465311805}, "K66-D090": {"K66-D100": 40.99007742272389}, "K65A-D070": {"K65A-D080": 118.57392655923316}, "K68-D190": {"K68-D200": 34.82890135749458}, "K65A-U030": {"K65A-U040": 31.726474761004546}, "K65-D050": {"K65-D060": 61.788779158208584}, "K65-U070": {"K65-U080": 69.19030718010198}, "K65-U200": {"K65-U210": 55.94878623198614}, "K65-D150": {"K65-D160": 107.26673262193644}, "K66-D170": {"K66-D180": 195.35936587802402}, "K65-D060": {"K65-D070": 79.13761768564906}, "K65-D180": {"K65-D190": 116.78538428700742}, "K66-U190": {"K66-U200": 65.76838909588739}, "K66-U130": {"K66-U140": 50.7111808598789}, "K65-U080": {"K65-U090": 136.1485642993917}, "K66-D200": {"K66-D210": 129.7523144952417}, "K68-U120": {"K68-U130": 157.55934101771183}, "K68-D150": {"K68-D160": 39.66001069106652}, "K65-U100": {"K65-U110": 128.4196652889922}, "K66-U020": {"K66-U030": 188.29519961966494}, "K65-D070": {"K65-D080": 121.08596378531266}, "K65-D100": {"K65-D110": 218.83169801362706}, "K66-U180": {"K66-U190": 64.21666784644201}, "K65-D170": {"K65-D180": 101.69494217926776}, "K66-U040": {"K66-U050": 136.85024074804352}, "K65-U140": {"K65-U150": 99.80627260524055}, "K66-U010": {"K66-U020": 122.02083561320994}, "K66-U080": {"K66-U090": 176.58739780100524}, "K65-U050": {"K65-U060": 103.9663766162505}, "K68-U070": {"K68-U080": 27.667477567521836}, "K66-U140": {"K66-U150": 49.56723239464975}, "K66-U050": {"K66-U060": 46.309370098369634}, "K68-U100": {"K68-U110": 199.72437150593402}, "K68-D160": {"K68-D170": 82.11645646248284}, "K65A-D020": {"K65A-D030": 77.90096405654468}, "K68-U030": {"K68-U040": 21.897230678350848}, "K66-D110": {"K66-D120": 44.78823026868967}, "K65-D120": {"K65-D130": 70.95194840023431}, "K66-D130": {"K66-D140": 33.43969402168126}, "K65A-D100": {"K65A-D110": 262.4335944360916}, "K65-D090": {"K65-D100": 106.07363677940425}, "K65A-D080": {"K65A-D090": 55.58039610826232}, "K68-D080": {"K68-D090": 92.18569576079322}, "K65A-U070": {"K65A-U080": 45.1831185194722}, "K66-D010": {"K66-D020": 15.443395304072357}, "K65-D020": {"K65-D030": 71.35052740671252}, "K65A-U090": {"K65A-U100": 50.943247860694406}, "K66-U100": {"K66-U110": 83.81400966897282}, "K65A-D060": {"K65A-D070": 83.45858264067571}, "K65-D080": {"K65-D090": 58.63860532725862}, "K65-D110": {"K65-D120": 99.568039978327}, "K65-U160": {"K65-U170": 55.52559105818837}, "K68-U170": {"K68-D010": 165.08508805454127}, "K66-U160": {"K66-U170": 41.0501553667027}, "K66-D020": {"K66-D030": 63.71108061678029}, "K68-D050": {"K68-D060": 62.2220475335742}, "K66-D190": {"K66-D200": 88.60485219512555}, "K66-U030": {"K66-U040": 148.52214346533225}, "K66-D100": {"K66-D110": 44.77091510605089}, "K66-D140": {"K66-D150": 95.59132911235528}, "K65-U030": {"K65-U040": 106.5809729568198}, "K65-D140": {"K65-D150": 109.47176530790261}, "K65-D010": {"K65-D020": 41.13439037985909}, "K66-U070": {"K66-U080": 195.15097253838417}, "K65-U170": {"K65-U180": 49.69167189754341}, "K66-D150": {"K66-D160": 91.27133576487299}, "K65-U090": {"K65-U100": 50.886386462955635}, "K66-U090": {"K66-U100": 51.466137683625206}, "K66-U150": {"K66-U160": 56.39260422370287}, "K66-D040": {"K66-D050": 37.84410244204666}, "K68-D110": {"K68-D120": 102.16561872401111}, "K65-U180": {"K65-U190": 79.78782882073548}, "K68-U090": {"K68-U100": 143.07607938766958}, "K66-D070": {"K66-D080": 51.6918348422062}, "K65-U110": {"K65-U120": 114.54952478748066}, "K68-U140": {"K68-U150": 40.697636454467656}, "K68-D090": {"K68-D100": 145.30804958973607}, "K68-D140": {"K68-D150": 40.460320724121786}, "K66-D180": {"K66-D190": 79.29437390034984}, "K68-U150": {"K68-U160": 84.84322434004181}, "K66-D080": {"K66-D090": 59.88540467114707}, "K65-U150": {"K65-U160": 57.323706817944824}, "K65-D030": {"K65-D040": 61.246747568637446}, "K68-D100": {"K68-D110": 92.49927010231255}, "K65-U130": {"K65-U140": 37.34933662193827}, "K65-U010": {"K65-U020": 289.4423210796605}, "K66-U210": {"K66-U220": 52.86087481982456}, "K68-U040": {"K68-U050": 52.14220002282125}, "K68-U110": {"K68-U120": 201.49671823527606}, "K68-D020": {"K68-D030": 84.77024178200897}, "K65-U210": {"K65-U220": 78.07601423872799}, "K66-U120": {"K66-U130": 53.31749744092821}, "K68-D130": {"K68-D140": 68.08627808561144}, "K65-U040": {"K65-U050": 88.73707288024653}, "K65-D130": {"K65-D140": 117.05594726275974}, "K68-U050": {"K68-U060": 51.785236177820934}, "K66-D050": {"K66-D060": 44.4965796724117}, "K68-U010": {"K68-U020": 95.61297770959159}, "K68-D060": {"K68-D070": 94.95589258984468}, "K68-U060": {"K68-U070": 73.40649214995905}, "K65-U220": {"K65-U230": 79.50954997263865}, "K66-U110": {"K66-U120": 40.41294033362054}, "K68-D180": {"K68-D190": 41.81611692875231}, "K68-D170": {"K68-D180": 40.635801249762494}, "K66-U200": {"K66-U210": 56.02014952410734}, "K66-D030": {"K66-D040": 78.2762161267668}, "K65-U020": {"K65-U030": 134.59579057166823}, "K65-U190": {"K65-U200": 54.462163242801196}, "K68-U160": {"K68-U170": 75.70784079826244}, "K66-D160": {"K66-D170": 153.96208485970124}, "K65-U120": {"K65-U130": 174.6176137396256}, "K68-D200": {"K68-U011": 67.88953414811768}, "K65-D040": {"K65-D050": 67.01438958451659}, "K65A-U040": {"K65A-U050": 88.75000800836617}, "K65A-D040": {"K65A-D050": 68.87580012451346}, "K65A-U020": {"K65A-U030": 195.75766740023187}, "K66-U170": {"K66-U180": 32.58932510613261}, "K65A-U050": {"K65A-U060": 50.08098373709973}, "K65A-D090": {"K65A-D100": 123.79423735480168}, "K65A-U080": {"K65A-U090": 71.65383977911932}, "K65A-D030": {"K65A-D040": 60.33766377362017}, "K65A-D010": {"K65A-D020": 65.68971595104914}, "K66-D060": {"K66-D070": 40.606877314898725}, "K65A-U060": {"K65A-U070": 51.0763120722861}, "K66-D210": {"K66-D220": 149.03326719389776}, "K68-D070": {"K68-D080": 224.6939058018394}, "K65-D160": {"K65-D170": 152.7754875614973}, "K68-U130": {"K68-U140": 168.52318963973894}, "K68-U020": {"K68-U030": 40.18495178052397}, "K66-U060": {"K66-U070": 168.8095276214488}, "K68-D010": {"K68-D020": 49.844878174708654}, "K65A-U010": {"K65A-U020": 67.87994412425283}, "K68-D040": {"K68-D050": 103.63018612949743}, "K66-D220": {"K66-D230": 90.00720505606111}, "K66-D120": {"K66-D130": 62.04686630587388}, "K68-U080": {"K68-U090": 50.2352953211426}, "K68-D120": {"K68-D130": 163.72265512066937}, "K66-D230": {"K66-D240": 96.48854067848012}, "K68-D030": {"K68-D040": 98.23925403877024}}