{"K65A-D050": {"K65A-D060": 56.16388083255579}, "K65A-U100": {"K65A-U110": 52.08142221061415}, "K65A-U110": {"K65A-U120": 64.03002504272834}, "K65A-U120": {"K65A-U130": 72.77036278391537}, "K65-U060": {"K65-U070": 33.11872961368582}, "K66-D090": {"K66-D100": 39.58421842678412}, "K65A-D070": {"K65A-D080": 107.46339896740592}, "K68-D190": {"K68-D200": 36.21756724221818}, "K65A-U030": {"K65A-U040": 28.009936189003177}, "K65-D050": {"K65-D060": 56.26812288594765}, "K65-U070": {"K65-U080": 65.34796373035573}, "K65-U200": {"K65-U210": 58.68274094174808}, "K65-D150": {"K65-D160": 98.389480147295}, "K66-D170": {"K66-D180": 181.60879175980014}, "K65-D060": {"K65-D070": 76.76502608633652}, "K65-D180": {"K65-D190": 108.1915563288348}, "K66-U190": {"K66-U200": 61.57613964537772}, "K66-U130": {"K66-U140": 47.490224665941625}, "K65-U080": {"K65-U090": 134.52326720507813}, "K66-D200": {"K66-D210": 113.4533911909426}, "K68-U120": {"K68-U130": 146.4121875060328}, "K68-D150": {"K68-D160": 57.39416788922879}, "K65-U100": {"K65-U110": 114.6331923064301}, "K66-U020": {"K66-U030": 167.81732556637715}, "K65-D070": {"K65-D080": 102.90823186216753}, "K65-D100": {"K65-D110": 206.6398767546263}, "K66-U180": {"K66-U190": 58.0943625456505}, "K65-D170": {"K65-D180": 97.3193191894112}, "K66-U040": {"K66-U050": 119.91499193335498}, "K65-U140": {"K65-U150": 92.95997062096289}, "K66-U010": {"K66-U020": 117.15584507641054}, "K66-U080": {"K66-U090": 163.5976447215272}, "K65-U050": {"K65-U060": 95.31271818607215}, "K68-U070": {"K68-U080": 36.58439664398441}, "K66-U140": {"K66-U150": 47.41320331803678}, "K66-U050": {"K66-U060": 39.05892524503601}, "K68-U100": {"K68-U110": 182.7843104552817}, "K68-D160": {"K68-D170": 50.042160077089434}, "K65A-D020": {"K65A-D030": 68.76986820019232}, "K68-U030": {"K68-U040": 19.00437325327668}, "K66-D110": {"K66-D120": 38.714280331219385}, "K65-D120": {"K65-D130": 55.589935608703954}, "K66-D130": {"K66-D140": 32.1698559770009}, "K65A-D100": {"K65A-D110": 226.6750573525997}, "K65-D090": {"K65-D100": 91.33518129841393}, "K65A-D080": {"K65A-D090": 55.460368884279816}, "K68-D080": {"K68-D090": 88.51892752303745}, "K65A-U070": {"K65A-U080": 41.175822203171435}, "K66-D010": {"K66-D020": 14.862890677957083}, "K65-D020": {"K65-D030": 68.89318450582685}, "K65A-U090": {"K65A-U100": 41.5748021821102}, "K66-U100": {"K66-U110": 75.95871289813468}, "K65A-D060": {"K65A-D070": 69.5146696003764}, "K65-D080": {"K65-D090": 55.86472328086895}, "K65-D110": {"K65-D120": 97.13986198462828}, "K65-U160": {"K65-U170": 50.175110974769865}, "K68-U170": {"K68-D010": 141.16158540695565}, "K66-U160": {"K66-U170": 43.64954040273175}, "K66-D020": {"K66-D030": 61.65642612593621}, "K68-D050": {"K68-D060": 49.85300170620005}, "K66-D190": {"K66-D200": 77.71261762851938}, "K66-U030": {"K66-U040": 156.80680676457024}, "K66-D100": {"K66-D110": 41.05323121731437}, "K66-D140": {"K66-D150": 92.1962050984386}, "K65-U030": {"K65-U040": 103.46523076976644}, "K65-D140": {"K65-D150": 99.78311963760112}, "K65-D010": {"K65-D020": 35.31841384806056}, "K66-U070": {"K66-U080": 182.20944370354124}, "K65-U170": {"K65-U180": 49.73964030309694}, "K66-D150": {"K66-D160": 84.06571089804777}, "K65-U090": {"K65-U100": 47.88542452579371}, "K66-U090": {"K66-U100": 52.15509748936296}, "K66-U150": {"K66-U160": 51.12435517675167}, "K66-D040": {"K66-D050": 34.84782048532135}, "K68-D110": {"K68-D120": 90.69635474631909}, "K65-U180": {"K65-U190": 70.1246404830186}, "K68-U090": {"K68-U100": 121.74314481247673}, "K66-D070": {"K66-D080": 43.26718900281712}, "K65-U110": {"K65-U120": 99.24449282095435}, "K68-U140": {"K68-U150": 35.604470230229694}, "K68-D090": {"K68-D100": 125.38716113281035}, "K68-D140": {"K68-D150": 43.24563216026681}, "K66-D180": {"K66-D190": 65.25951681797109}, "K68-U150": {"K68-U160": 82.8552384813148}, "K66-D080": {"K66-D090": 53.91845455104524}, "K65-U150": {"K65-U160": 50.884187371709096}, "K65-D030": {"K65-D040": 57.829881382821476}, "K68-D100": {"K68-D110": 82.01872434930786}, "K65-U130": {"K65-U140": 27.929519866931116}, "K65-U010": {"K65-U020": 229.36948892647206}, "K66-U210": {"K66-U220": 45.29680099613604}, "K68-U040": {"K68-U050": 42.65661433745107}, "K68-U110": {"K68-U120": 180.1973974250316}, "K68-D020": {"K68-D030": 66.34855229835742}, "K65-U210": {"K65-U220": 72.43797167610239}, "K66-U120": {"K66-U130": 49.96408111144165}, "K68-D130": {"K68-D140": 53.77571829595452}, "K65-U040": {"K65-U050": 81.33337451442473}, "K65-D130": {"K65-D140": 87.84189390116396}, "K68-U050": {"K68-U060": 49.628125491036926}, "K66-D050": {"K66-D060": 39.371957228128984}, "K68-U010": {"K68-U020": 82.58609039583436}, "K68-D060": {"K68-D070": 82.56312419929206}, "K68-U060": {"K68-U070": 56.0593382002624}, "K65-U220": {"K65-U230": 72.34889207177626}, "K66-U110": {"K66-U120": 34.54949240613259}, "K68-D180": {"K68-D190": 27.969738061298166}, "K68-D170": {"K68-D180": 44.830301197410066}, "K66-U200": {"K66-U210": 51.22124793585846}, "K66-D030": {"K66-D040": 75.08830354196229}, "K65-U020": {"K65-U030": 132.93911751674028}, "K65-U190": {"K65-U200": 43.995371340506615}, "K68-U160": {"K68-U170": 63.96380814768222}, "K66-D160": {"K66-D170": 137.3779468968461}, "K65-U120": {"K65-U130": 166.70221751869684}, "K68-D200": {"K68-U011": 55.74131193821472}, "K65-D040": {"K65-D050": 57.66529205961971}, "K65A-U040": {"K65A-U050": 78.89514257528043}, "K65A-D040": {"K65A-D050": 65.45708007578972}, "K65A-U020": {"K65A-U030": 176.59822667128046}, "K66-U170": {"K66-U180": 33.53944952651858}, "K65A-U050": {"K65A-U060": 48.61723937742235}, "K65A-D090": {"K65A-D100": 104.25278061418217}, "K65A-U080": {"K65A-U090": 60.060203517726244}, "K65A-D030": {"K65A-D040": 58.41623041841679}, "K65A-D010": {"K65A-D020": 56.9483098011684}, "K66-D060": {"K66-D070": 41.35375366678974}, "K65A-U060": {"K65A-U070": 46.9187584741244}, "K66-D210": {"K66-D220": 130.43210324559158}, "K68-D070": {"K68-D080": 185.10539789648493}, "K65-D160": {"K65-D170": 131.19691629183149}, "K68-U130": {"K68-U140": 141.2933141423868}, "K68-U020": {"K68-U030": 32.119423339583506}, "K66-U060": {"K66-U070": 158.71888671982276}, "K68-D010": {"K68-D020": 44.078489346823076}, "K65A-U010": {"K65A-U020": 54.60017986304032}, "K68-D040": {"K68-D050": 93.03007914512003}, "K66-D220": {"K66-D230": 79.57180121930745}, "K66-D120": {"K66-D130": 58.15288791015113}, "K68-U080": {"K68-U090": 43.92730871505278}, "K68-D120": {"K68-D130": 244.35616172695558}, "K66-D230": {"K66-D240": 88.32138900984508}, "K68-D030": {"K68-D040": 69.30198110190861}}