{"K65A-D050": {"K65A-D060": 55.66129351839227}, "K65A-U100": {"K65A-U110": 52.61984649691224}, "K65A-U110": {"K65A-U120": 63.82048916410666}, "K65A-U120": {"K65A-U130": 77.05274854683068}, "K65-U060": {"K65-U070": 32.368640581846606}, "K66-D090": {"K66-D100": 38.105070773572706}, "K65A-D070": {"K65A-D080": 95.94570504251351}, "K68-D190": {"K68-D200": 35.08105038952739}, "K65A-U030": {"K65A-U040": 26.788734568500047}, "K65-D050": {"K65-D060": 52.81982227033639}, "K65-U070": {"K65-U080": 53.073519674389885}, "K65-U200": {"K65-U210": 52.520359378197476}, "K65-D150": {"K65-D160": 96.77292696292231}, "K66-D170": {"K66-D180": 158.6578197285725}, "K65-D060": {"K65-D070": 72.99824329604114}, "K65-D180": {"K65-D190": 106.84257061114518}, "K66-U190": {"K66-U200": 60.58657207804432}, "K66-U130": {"K66-U140": 47.07673913672185}, "K65-U080": {"K65-U090": 119.62046661904678}, "K66-D200": {"K66-D210": 114.0029912779557}, "K68-U120": {"K68-U130": 143.88704942787794}, "K68-D150": {"K68-D160": 37.0465052354446}, "K65-U100": {"K65-U110": 112.01687246828251}, "K66-U020": {"K66-U030": 179.3911965273735}, "K65-D070": {"K65-D080": 96.99024622563209}, "K65-D100": {"K65-D110": 195.75185183921545}, "K66-U180": {"K66-U190": 50.71791457374211}, "K65-D170": {"K65-D180": 83.66230828965062}, "K66-U040": {"K66-U050": 121.93712495515396}, "K65-U140": {"K65-U150": 92.08657678546527}, "K66-U010": {"K66-U020": 117.198703105039}, "K66-U080": {"K66-U090": 151.97219740469686}, "K65-U050": {"K65-U060": 91.6835574868172}, "K68-U070": {"K68-U080": 34.57645997971579}, "K66-U140": {"K66-U150": 43.132415969884576}, "K66-U050": {"K66-U060": 37.479577042513135}, "K68-U100": {"K68-U110": 161.00195346556512}, "K68-D160": {"K68-D170": 63.08933538611241}, "K65A-D020": {"K65A-D030": 63.30321096794368}, "K68-U030": {"K68-U040": 18.209597846292812}, "K66-D110": {"K66-D120": 36.00498806872017}, "K65-D120": {"K65-D130": 61.13647143627994}, "K66-D130": {"K66-D140": 33.4894050311845}, "K65A-D100": {"K65A-D110": 209.36064696603898}, "K65-D090": {"K65-D100": 89.69447388147623}, "K65A-D080": {"K65A-D090": 57.00714621068967}, "K68-D080": {"K68-D090": 80.81673882900893}, "K65A-U070": {"K65A-U080": 39.60159983772097}, "K66-D010": {"K66-D020": 14.570092018492096}, "K65-D020": {"K65-D030": 67.31053096116385}, "K65A-U090": {"K65A-U100": 39.78358727234859}, "K66-U100": {"K66-U110": 75.43782843350823}, "K65A-D060": {"K65A-D070": 70.86472813596848}, "K65-D080": {"K65-D090": 53.82388720284011}, "K65-D110": {"K65-D120": 91.71235320806645}, "K65-U160": {"K65-U170": 49.25601682204057}, "K68-U170": {"K68-D010": 133.92355147262606}, "K66-U160": {"K66-U170": 43.63427949698947}, "K66-D020": {"K66-D030": 56.99335540243163}, "K68-D050": {"K68-D060": 51.43102629428056}, "K66-D190": {"K66-D200": 72.73793733809332}, "K66-U030": {"K66-U040": 150.84454740161348}, "K66-D100": {"K66-D110": 42.29006811967777}, "K66-D140": {"K66-D150": 86.5430864641984}, "K65-U030": {"K65-U040": 78.4009594473461}, "K65-D140": {"K65-D150": 99.95634511437287}, "K65-D010": {"K65-D020": 36.477404219399915}, "K66-U070": {"K66-U080": 163.71693929996573}, "K65-U170": {"K65-U180": 37.98627113521138}, "K66-D150": {"K66-D160": 83.43551725400526}, "K65-U090": {"K65-U100": 45.26511508800091}, "K66-U090": {"K66-U100": 44.914755123866705}, "K66-U150": {"K66-U160": 47.4018773372632}, "K66-D040": {"K66-D050": 35.2694220663739}, "K68-D110": {"K68-D120": 87.09856768886151}, "K65-U180": {"K65-U190": 66.3206590122256}, "K68-U090": {"K68-U100": 116.72020162824882}, "K66-D070": {"K66-D080": 50.31271738754573}, "K65-U110": {"K65-U120": 94.38941555777407}, "K68-U140": {"K68-U150": 36.64711720539684}, "K68-D090": {"K68-D100": 123.9709456973203}, "K68-D140": {"K68-D150": 33.07262576371696}, "K66-D180": {"K66-D190": 74.31024011875816}, "K68-U150": {"K68-U160": 73.83257348154999}, "K66-D080": {"K66-D090": 59.611405307060906}, "K65-U150": {"K65-U160": 50.09953720461939}, "K65-D030": {"K65-D040": 57.63397564670404}, "K68-D100": {"K68-D110": 85.37846494593799}, "K65-U130": {"K65-U140": 26.966449913185}, "K65-U010": {"K65-U020": 220.23740852848178}, "K66-U210": {"K66-U220": 47.89530847195151}, "K68-U040": {"K68-U050": 43.551279628911786}, "K68-U110": {"K68-U120": 176.72805157428402}, "K68-D020": {"K68-D030": 67.1600883740712}, "K65-U210": {"K65-U220": 69.02731013734454}, "K66-U120": {"K66-U130": 44.416027492042154}, "K68-D130": {"K68-D140": 55.07821244295578}, "K65-U040": {"K65-U050": 79.97474607175977}, "K65-D130": {"K65-D140": 82.14075041512885}, "K68-U050": {"K68-U060": 45.23762444541489}, "K66-D050": {"K66-D060": 38.07425036284602}, "K68-U010": {"K68-U020": 80.44265278268801}, "K68-D060": {"K68-D070": 82.61581079378041}, "K68-U060": {"K68-U070": 59.60667245854264}, "K65-U220": {"K65-U230": 67.46029291690009}, "K66-U110": {"K66-U120": 32.393136803435446}, "K68-D180": {"K68-D190": 28.962344770268267}, "K68-D170": {"K68-D180": 41.15421393655719}, "K66-U200": {"K66-U210": 52.82005974801043}, "K66-D030": {"K66-D040": 73.21772341624943}, "K65-U020": {"K65-U030": 107.8878318608902}, "K65-U190": {"K65-U200": 42.4780613163294}, "K68-U160": {"K68-U170": 61.911918817276614}, "K66-D160": {"K66-D170": 129.55449241487298}, "K65-U120": {"K65-U130": 162.42166930140928}, "K68-D200": {"K68-U011": 57.025818415266556}, "K65-D040": {"K65-D050": 53.50701595215965}, "K65A-U040": {"K65A-U050": 76.39309865983954}, "K65A-D040": {"K65A-D050": 61.68917621065134}, "K65A-U020": {"K65A-U030": 162.9662670318873}, "K66-U170": {"K66-U180": 31.522697993647068}, "K65A-U050": {"K65A-U060": 43.4943535164427}, "K65A-D090": {"K65A-D100": 106.76674017310066}, "K65A-U080": {"K65A-U090": 60.26813534325034}, "K65A-D030": {"K65A-D040": 55.639483190534136}, "K65A-D010": {"K65A-D020": 66.69309486411348}, "K66-D060": {"K66-D070": 37.782673774569005}, "K65A-U060": {"K65A-U070": 46.10516728223796}, "K66-D210": {"K66-D220": 128.72304424136473}, "K68-D070": {"K68-D080": 185.25214667156985}, "K65-D160": {"K65-D170": 131.12023832607582}, "K68-U130": {"K68-U140": 138.91216168051324}, "K68-U020": {"K68-U030": 32.84967742523512}, "K66-U060": {"K66-U070": 151.84545983061003}, "K68-D010": {"K68-D020": 43.03800474792695}, "K65A-U010": {"K65A-U020": 55.494818407267736}, "K68-D040": {"K68-D050": 91.23178096721361}, "K66-D220": {"K66-D230": 81.62107655479394}, "K66-D120": {"K66-D130": 56.70906544468647}, "K68-U080": {"K68-U090": 39.54507699215791}, "K68-D120": {"K68-D130": 147.03770168829521}, "K66-D230": {"K66-D240": 82.35293560148268}, "K68-D030": {"K68-D040": 65.95290696656483}}