{"K65A-D050": {"K65A-D060": 62.21574461167393}, "K65A-U100": {"K65A-U110": 71.67656240889835}, "K65A-U110": {"K65A-U120": 80.98999537597712}, "K65A-U120": {"K65A-U130": 82.6733239198368}, "K65-U060": {"K65-U070": 36.904822889174014}, "K66-D090": {"K66-D100": 44.05226322100125}, "K65A-D070": {"K65A-D080": 116.39695395648816}, "K68-D190": {"K68-D200": 44.6715815935058}, "K65A-U030": {"K65A-U040": 32.72443500031903}, "K65-D050": {"K65-D060": 67.05843912248673}, "K65-U070": {"K65-U080": 63.73969926444121}, "K65-U200": {"K65-U210": 60.22201670594635}, "K65-D150": {"K65-D160": 101.76726153191437}, "K66-D170": {"K66-D180": 180.0449638775805}, "K65-D060": {"K65-D070": 80.12389055856019}, "K65-D180": {"K65-D190": 116.27128341716127}, "K66-U190": {"K66-U200": 68.38686949314567}, "K66-U130": {"K66-U140": 54.79305514153339}, "K65-U080": {"K65-U090": 151.84255755147518}, "K66-D200": {"K66-D210": 129.592757467563}, "K68-U120": {"K68-U130": 158.0628332009516}, "K68-D150": {"K68-D160": 47.61568946397991}, "K65-U100": {"K65-U110": 125.64823781697062}, "K66-U020": {"K66-U030": 184.6980536231931}, "K65-D070": {"K65-D080": 121.53748257946484}, "K65-D100": {"K65-D110": 215.23097005680216}, "K66-U180": {"K66-U190": 60.66294925325262}, "K65-D170": {"K65-D180": 109.53698960591073}, "K66-U040": {"K66-U050": 121.99882523828076}, "K65-U140": {"K65-U150": 102.34393397069364}, "K66-U010": {"K66-U020": 129.69966163207803}, "K66-U080": {"K66-U090": 175.9893578802302}, "K65-U050": {"K65-U060": 106.7323751195784}, "K68-U070": {"K68-U080": 32.987927144502564}, "K66-U140": {"K66-U150": 51.11990629129466}, "K66-U050": {"K66-U060": 46.59640986662359}, "K68-U100": {"K68-U110": 197.2331651878958}, "K68-D160": {"K68-D170": 80.14175156197977}, "K65A-D020": {"K65A-D030": 79.28223309056224}, "K68-U030": {"K68-U040": 22.059812519885288}, "K66-D110": {"K66-D120": 45.694862925232876}, "K65-D120": {"K65-D130": 70.46244342338011}, "K66-D130": {"K66-D140": 40.47104844445796}, "K65A-D100": {"K65A-D110": 252.04162121272148}, "K65-D090": {"K65-D100": 108.26807748351249}, "K65A-D080": {"K65A-D090": 61.62963157561023}, "K68-D080": {"K68-D090": 78.63721112982498}, "K65A-U070": {"K65A-U080": 50.91079715679708}, "K66-D010": {"K66-D020": 17.0055342335421}, "K65-D020": {"K65-D030": 74.20906884386861}, "K65A-U090": {"K65A-U100": 50.12685573161918}, "K66-U100": {"K66-U110": 85.07069139003659}, "K65A-D060": {"K65A-D070": 78.93880788112781}, "K65-D080": {"K65-D090": 61.857080917549524}, "K65-D110": {"K65-D120": 107.1689448671254}, "K65-U160": {"K65-U170": 59.01587401905531}, "K68-U170": {"K68-D010": 165.2766053444647}, "K66-U160": {"K66-U170": 48.727296950524156}, "K66-D020": {"K66-D030": 64.5490057856953}, "K68-D050": {"K68-D060": 66.27001733064773}, "K66-D190": {"K66-D200": 83.06739695901409}, "K66-U030": {"K66-U040": 150.23571496148026}, "K66-D100": {"K66-D110": 45.07697528336915}, "K66-D140": {"K66-D150": 90.77016876590905}, "K65-U030": {"K65-U040": 101.32646578772066}, "K65-D140": {"K65-D150": 111.28394315198423}, "K65-D010": {"K65-D020": 38.87017715749822}, "K66-U070": {"K66-U080": 193.593611489104}, "K65-U170": {"K65-U180": 46.609467036727146}, "K66-D150": {"K66-D160": 92.76899519751966}, "K65-U090": {"K65-U100": 55.545504385111585}, "K66-U090": {"K66-U100": 50.9343713793201}, "K66-U150": {"K66-U160": 47.21582529172198}, "K66-D040": {"K66-D050": 44.67468591794253}, "K68-D110": {"K68-D120": 93.82205422328062}, "K65-U180": {"K65-U190": 71.74082158938907}, "K68-U090": {"K68-U100": 149.50416817256934}, "K66-D070": {"K66-D080": 48.73783722782484}, "K65-U110": {"K65-U120": 112.82934680549218}, "K68-U140": {"K68-U150": 44.617554092894025}, "K68-D090": {"K68-D100": 153.48762897045566}, "K68-D140": {"K68-D150": 38.86527029470639}, "K66-D180": {"K66-D190": 88.49318720769165}, "K68-U150": {"K68-U160": 83.78446381215619}, "K66-D080": {"K66-D090": 67.35655343484446}, "K65-U150": {"K65-U160": 57.48895230434107}, "K65-D030": {"K65-D040": 63.63153457138238}, "K68-D100": {"K68-D110": 93.20848923114285}, "K65-U130": {"K65-U140": 28.13759853242724}, "K65-U010": {"K65-U020": 256.0401265325029}, "K66-U210": {"K66-U220": 51.97287793901465}, "K68-U040": {"K68-U050": 53.496346706523845}, "K68-U110": {"K68-U120": 195.36103283517457}, "K68-D020": {"K68-D030": 81.28650821384142}, "K65-U210": {"K65-U220": 72.78729374731331}, "K66-U120": {"K66-U130": 54.52972805775937}, "K68-D130": {"K68-D140": 65.35891870185203}, "K65-U040": {"K65-U050": 94.83777231120737}, "K65-D130": {"K65-D140": 101.56358971546203}, "K68-U050": {"K68-U060": 53.92674742411847}, "K66-D050": {"K66-D060": 45.527543981196914}, "K68-U010": {"K68-U020": 93.22276008954898}, "K68-D060": {"K68-D070": 94.90638587063548}, "K68-U060": {"K68-U070": 64.39543504555358}, "K65-U220": {"K65-U230": 82.89290484729915}, "K66-U110": {"K66-U120": 36.0828131280199}, "K68-D180": {"K68-D190": 36.776699630853656}, "K68-D170": {"K68-D180": 52.42741940051768}, "K66-U200": {"K66-U210": 56.50864381024907}, "K66-D030": {"K66-D040": 75.79616707194023}, "K65-U020": {"K65-U030": 137.39786952030755}, "K65-U190": {"K65-U200": 50.802787016215035}, "K68-U160": {"K68-U170": 75.98629367713326}, "K66-D160": {"K66-D170": 147.22415550401382}, "K65-U120": {"K65-U130": 179.0906099325125}, "K68-D200": {"K68-U011": 72.80643958544714}, "K65-D040": {"K65-D050": 71.87138334815646}, "K65A-U040": {"K65A-U050": 87.55265972255575}, "K65A-D040": {"K65A-D050": 71.60580772706231}, "K65A-U020": {"K65A-U030": 195.86607307263165}, "K66-U170": {"K66-U180": 40.01931067359105}, "K65A-U050": {"K65A-U060": 49.51322580161586}, "K65A-D090": {"K65A-D100": 115.23538648081072}, "K65A-U080": {"K65A-U090": 68.34424164691309}, "K65A-D030": {"K65A-D040": 61.84366485691315}, "K65A-D010": {"K65A-D020": 73.73987476677584}, "K66-D060": {"K66-D070": 48.5367929653205}, "K65A-U060": {"K65A-U070": 45.7269532237949}, "K66-D210": {"K66-D220": 144.24845972558163}, "K68-D070": {"K68-D080": 208.82949363114182}, "K65-D160": {"K65-D170": 144.24758663067252}, "K68-U130": {"K68-U140": 163.09245137013022}, "K68-U020": {"K68-U030": 43.58063868671785}, "K66-U060": {"K66-U070": 161.18130498363175}, "K68-D010": {"K68-D020": 50.07556007242728}, "K65A-U010": {"K65A-U020": 57.9170460538255}, "K68-D040": {"K68-D050": 110.26112548862008}, "K66-D220": {"K66-D230": 89.46709835181949}, "K66-D120": {"K66-D130": 65.79344145295175}, "K68-U080": {"K68-U090": 48.346387442873876}, "K68-D120": {"K68-D130": 170.72164691150914}, "K66-D230": {"K66-D240": 95.3271697293133}, "K68-D030": {"K68-D040": 84.47122816655774}}