{"K65A-D050": {"K65A-D060": 53.69322838359435}, "K65A-U100": {"K65A-U110": 52.630730980511565}, "K65A-U110": {"K65A-U120": 66.41057519285513}, "K65A-U120": {"K65A-U130": 73.38586542032547}, "K65-U060": {"K65-U070": 31.576984035746257}, "K66-D090": {"K66-D100": 41.105159161333084}, "K65A-D070": {"K65A-D080": 104.8697752573265}, "K68-D190": {"K68-D200": 39.17612557287573}, "K65A-U030": {"K65A-U040": 25.730298788522532}, "K65-D050": {"K65-D060": 54.29935777948295}, "K65-U070": {"K65-U080": 60.60488764745482}, "K65-U200": {"K65-U210": 55.62978216970011}, "K65-D150": {"K65-D160": 90.88804433128061}, "K66-D170": {"K66-D180": 166.31861984612047}, "K65-D060": {"K65-D070": 70.6996833972679}, "K65-D180": {"K65-D190": 108.07894571599502}, "K66-U190": {"K66-U200": 59.43959784543016}, "K66-U130": {"K66-U140": 46.7600663601309}, "K65-U080": {"K65-U090": 129.78917036828287}, "K66-D200": {"K66-D210": 115.10628732431364}, "K68-U120": {"K68-U130": 132.94582403197438}, "K68-D150": {"K68-D160": 45.38094673143423}, "K65-U100": {"K65-U110": 114.0906181216858}, "K66-U020": {"K66-U030": 169.43986050797315}, "K65-D070": {"K65-D080": 101.81025621703174}, "K65-D100": {"K65-D110": 198.73887437296585}, "K66-U180": {"K66-U190": 52.45345507678064}, "K65-D170": {"K65-D180": 82.74235838249781}, "K66-U040": {"K66-U050": 118.3354881343507}, "K65-U140": {"K65-U150": 88.01633210646852}, "K66-U010": {"K66-U020": 117.95346933668873}, "K66-U080": {"K66-U090": 153.09293733099906}, "K65-U050": {"K65-U060": 92.99015532482905}, "K68-U070": {"K68-U080": 30.366542201885363}, "K66-U140": {"K66-U150": 45.4538044713791}, "K66-U050": {"K66-U060": 37.22607910719411}, "K68-U100": {"K68-U110": 172.30217425481868}, "K68-D160": {"K68-D170": 60.925065698093206}, "K65A-D020": {"K65A-D030": 62.27178572126157}, "K68-U030": {"K68-U040": 18.298488129345422}, "K66-D110": {"K66-D120": 31.443662058342063}, "K65-D120": {"K65-D130": 60.0021636622168}, "K66-D130": {"K66-D140": 34.00865577397096}, "K65A-D100": {"K65A-D110": 219.6371061296687}, "K65-D090": {"K65-D100": 96.77333752098866}, "K65A-D080": {"K65A-D090": 62.554143526037116}, "K68-D080": {"K68-D090": 82.8514243538039}, "K65A-U070": {"K65A-U080": 43.11926232085936}, "K66-D010": {"K66-D020": 12.637136883936362}, "K65-D020": {"K65-D030": 67.18495681268232}, "K65A-U090": {"K65A-U100": 43.98024220217972}, "K66-U100": {"K66-U110": 76.4230875181137}, "K65A-D060": {"K65A-D070": 71.88149364373564}, "K65-D080": {"K65-D090": 56.931159763663004}, "K65-D110": {"K65-D120": 94.66167374767937}, "K65-U160": {"K65-U170": 47.831642144427995}, "K68-U170": {"K68-D010": 136.3646073933535}, "K66-U160": {"K66-U170": 44.34179743067659}, "K66-D020": {"K66-D030": 60.312824401553556}, "K68-D050": {"K68-D060": 51.46217979847351}, "K66-D190": {"K66-D200": 71.50983376624283}, "K66-U030": {"K66-U040": 151.47977234407125}, "K66-D100": {"K66-D110": 45.31783825836791}, "K66-D140": {"K66-D150": 89.98975873357529}, "K65-U030": {"K65-U040": 94.2656895669941}, "K65-D140": {"K65-D150": 99.60276689006812}, "K65-D010": {"K65-D020": 36.88119755506396}, "K66-U070": {"K66-U080": 160.35258117563905}, "K65-U170": {"K65-U180": 48.72420426663531}, "K66-D150": {"K66-D160": 80.9437820688021}, "K65-U090": {"K65-U100": 49.789516648294736}, "K66-U090": {"K66-U100": 46.62491546441366}, "K66-U150": {"K66-U160": 47.43518436918564}, "K66-D040": {"K66-D050": 39.900765079370075}, "K68-D110": {"K68-D120": 90.0860656742288}, "K65-U180": {"K65-U190": 65.70235811558582}, "K68-U090": {"K68-U100": 128.53991112078387}, "K66-D070": {"K66-D080": 46.420559760033775}, "K65-U110": {"K65-U120": 93.79448518649608}, "K68-U140": {"K68-U150": 37.5886381418338}, "K68-D090": {"K68-D100": 132.7727919568793}, "K68-D140": {"K68-D150": 41.42095452447006}, "K66-D180": {"K66-D190": 63.85824010492503}, "K68-U150": {"K68-U160": 75.24591719786393}, "K66-D080": {"K66-D090": 51.80771386063371}, "K65-U150": {"K65-U160": 50.20383464501789}, "K65-D030": {"K65-D040": 58.59239066538959}, "K68-D100": {"K68-D110": 86.38464402673065}, "K65-U130": {"K65-U140": 30.143798253166345}, "K65-U010": {"K65-U020": 231.13503011874408}, "K66-U210": {"K66-U220": 47.804772004668344}, "K68-U040": {"K68-U050": 41.49969770769792}, "K68-U110": {"K68-U120": 169.5848362686106}, "K68-D020": {"K68-D030": 70.63123565999936}, "K65-U210": {"K65-U220": 69.94499101244108}, "K66-U120": {"K66-U130": 45.164711967968294}, "K68-D130": {"K68-D140": 56.834238312354124}, "K65-U040": {"K65-U050": 80.65752388606066}, "K65-D130": {"K65-D140": 83.07633167491082}, "K68-U050": {"K68-U060": 47.12556436266865}, "K66-D050": {"K66-D060": 34.585296779188475}, "K68-U010": {"K68-U020": 82.0865744325084}, "K68-D060": {"K68-D070": 91.42420414368021}, "K68-U060": {"K68-U070": 59.35497001662073}, "K65-U220": {"K65-U230": 68.81191192082572}, "K66-U110": {"K66-U120": 33.43978035047972}, "K68-D180": {"K68-D190": 30.48516725331366}, "K68-D170": {"K68-D180": 45.13058235701964}, "K66-U200": {"K66-U210": 52.04364714288056}, "K66-D030": {"K66-D040": 73.48582896006087}, "K65-U020": {"K65-U030": 115.40225597340051}, "K65-U190": {"K65-U200": 45.819937251318535}, "K68-U160": {"K68-U170": 61.381862720791844}, "K66-D160": {"K66-D170": 125.78823081656415}, "K65-U120": {"K65-U130": 155.79396672171166}, "K68-D200": {"K68-U011": 58.911144257342904}, "K65-D040": {"K65-D050": 62.73681712729668}, "K65A-U040": {"K65A-U050": 74.3392749934183}, "K65A-D040": {"K65A-D050": 64.2360843665967}, "K65A-U020": {"K65A-U030": 176.40388864897463}, "K66-U170": {"K66-U180": 27.882623575249376}, "K65A-U050": {"K65A-U060": 44.261951763523236}, "K65A-D090": {"K65A-D100": 102.71127915316333}, "K65A-U080": {"K65A-U090": 64.24172355713111}, "K65A-D030": {"K65A-D040": 57.19187490392095}, "K65A-D010": {"K65A-D020": 59.03006517019479}, "K66-D060": {"K66-D070": 32.02483756829504}, "K65A-U060": {"K65A-U070": 47.954425837943106}, "K66-D210": {"K66-D220": 129.2981351472527}, "K68-D070": {"K68-D080": 183.7378730741754}, "K65-D160": {"K65-D170": 132.7862019982665}, "K68-U130": {"K68-U140": 137.09761547395505}, "K68-U020": {"K68-U030": 30.712381486764734}, "K66-U060": {"K66-U070": 149.36878208521614}, "K68-D010": {"K68-D020": 43.777927903856515}, "K65A-U010": {"K65A-U020": 59.854975492002794}, "K68-D040": {"K68-D050": 92.59715587735766}, "K66-D220": {"K66-D230": 82.66157213822969}, "K66-D120": {"K66-D130": 52.80851752840007}, "K68-U080": {"K68-U090": 40.98886234249504}, "K68-D120": {"K68-D130": 151.98419742146166}, "K66-D230": {"K66-D240": 86.87794430893115}, "K68-D030": {"K68-D040": 59.82188823758455}}