{"K65A-D050": {"K65A-D060": 50.770570579444694}, "K65A-U100": {"K65A-U110": 56.45051690785171}, "K65A-U110": {"K65A-U120": 68.37749393832725}, "K65A-U120": {"K65A-U130": 71.41316336070155}, "K65-U060": {"K65-U070": 33.0391358468862}, "K66-D090": {"K66-D100": 41.68994788233717}, "K65A-D070": {"K65A-D080": 94.54728123100512}, "K68-D190": {"K68-D200": 37.229051141642884}, "K65A-U030": {"K65A-U040": 27.669262860211678}, "K65-D050": {"K65-D060": 49.29514140469904}, "K65-U070": {"K65-U080": 59.978716097533606}, "K65-U200": {"K65-U210": 54.95155238249434}, "K65-D150": {"K65-D160": 92.47300284887258}, "K66-D170": {"K66-D180": 179.52438304333697}, "K65-D060": {"K65-D070": 70.25845480674917}, "K65-D180": {"K65-D190": 113.02031985738226}, "K66-U190": {"K66-U200": 57.08621430624255}, "K66-U130": {"K66-U140": 50.50930775589933}, "K65-U080": {"K65-U090": 121.3513966710573}, "K66-D200": {"K66-D210": 111.58922911510449}, "K68-U120": {"K68-U130": 138.6082749298708}, "K68-D150": {"K68-D160": 50.49347300438721}, "K65-U100": {"K65-U110": 107.24134341936733}, "K66-U020": {"K66-U030": 169.19656611880777}, "K65-D070": {"K65-D080": 99.48463506717954}, "K65-D100": {"K65-D110": 198.61211505094704}, "K66-U180": {"K66-U190": 52.37976206014414}, "K65-D170": {"K65-D180": 82.9150835533944}, "K66-U040": {"K66-U050": 115.3454852918434}, "K65-U140": {"K65-U150": 92.43540472889728}, "K66-U010": {"K66-U020": 122.92315214271639}, "K66-U080": {"K66-U090": 156.58219043625067}, "K65-U050": {"K65-U060": 95.63469729695676}, "K68-U070": {"K68-U080": 30.182476229039498}, "K66-U140": {"K66-U150": 43.540048448132225}, "K66-U050": {"K66-U060": 40.0026256773077}, "K68-U100": {"K68-U110": 165.05303554857196}, "K68-D160": {"K68-D170": 55.27412800403037}, "K65A-D020": {"K65A-D030": 69.31197776204202}, "K68-U030": {"K68-U040": 20.775894729221022}, "K66-D110": {"K66-D120": 38.54088687822603}, "K65-D120": {"K65-D130": 55.002773473345044}, "K66-D130": {"K66-D140": 33.83806285655902}, "K65A-D100": {"K65A-D110": 211.85635039640957}, "K65-D090": {"K65-D100": 88.41676792152481}, "K65A-D080": {"K65A-D090": 52.84861647088728}, "K68-D080": {"K68-D090": 83.86955930360169}, "K65A-U070": {"K65A-U080": 38.05997948303837}, "K66-D010": {"K66-D020": 13.614055664248497}, "K65-D020": {"K65-D030": 66.05471401496291}, "K65A-U090": {"K65A-U100": 39.78710639845481}, "K66-U100": {"K66-U110": 74.53634544262634}, "K65A-D060": {"K65A-D070": 70.0909357175303}, "K65-D080": {"K65-D090": 58.018449877401814}, "K65-D110": {"K65-D120": 91.00785991408499}, "K65-U160": {"K65-U170": 52.944016818008336}, "K68-U170": {"K68-D010": 137.11037964598128}, "K66-U160": {"K66-U170": 43.18776532540896}, "K66-D020": {"K66-D030": 56.9585002415774}, "K68-D050": {"K68-D060": 52.50149007324599}, "K66-D190": {"K66-D200": 75.70450734998047}, "K66-U030": {"K66-U040": 198.83724072827175}, "K66-D100": {"K66-D110": 45.029929062924815}, "K66-D140": {"K66-D150": 83.96964464702819}, "K65-U030": {"K65-U040": 91.63823176110905}, "K65-D140": {"K65-D150": 100.89354011220219}, "K65-D010": {"K65-D020": 34.92542332560794}, "K66-U070": {"K66-U080": 179.5209620520416}, "K65-U170": {"K65-U180": 52.49627520632116}, "K66-D150": {"K66-D160": 77.41223335609266}, "K65-U090": {"K65-U100": 52.277349480509585}, "K66-U090": {"K66-U100": 45.10245603745651}, "K66-U150": {"K66-U160": 50.848453500467976}, "K66-D040": {"K66-D050": 40.56305129093916}, "K68-D110": {"K68-D120": 88.47822586680276}, "K65-U180": {"K65-U190": 67.2056034399576}, "K68-U090": {"K68-U100": 122.36806709479208}, "K66-D070": {"K66-D080": 47.25604615451052}, "K65-U110": {"K65-U120": 91.89677010347212}, "K68-U140": {"K68-U150": 37.26643939885707}, "K68-D090": {"K68-D100": 127.09323613321358}, "K68-D140": {"K68-D150": 41.65979242758219}, "K66-D180": {"K66-D190": 76.6911101859522}, "K68-U150": {"K68-U160": 79.3052075988341}, "K66-D080": {"K66-D090": 53.84974317973786}, "K65-U150": {"K65-U160": 48.110877991845}, "K65-D030": {"K65-D040": 59.76487603493663}, "K68-D100": {"K68-D110": 82.14380863300707}, "K65-U130": {"K65-U140": 25.156462074216087}, "K65-U010": {"K65-U020": 243.51369802125186}, "K66-U210": {"K66-U220": 47.169244296950446}, "K68-U040": {"K68-U050": 40.81125883117845}, "K68-U110": {"K68-U120": 176.59081930881453}, "K68-D020": {"K68-D030": 64.99316464695826}, "K65-U210": {"K65-U220": 72.00777372109094}, "K66-U120": {"K66-U130": 48.79772088124007}, "K68-D130": {"K68-D140": 56.22213895798522}, "K65-U040": {"K65-U050": 73.37003284811162}, "K65-D130": {"K65-D140": 84.20743632035894}, "K68-U050": {"K68-U060": 43.66469233055641}, "K66-D050": {"K66-D060": 40.0265826059367}, "K68-U010": {"K68-U020": 80.79122732444446}, "K68-D060": {"K68-D070": 89.79798096688235}, "K68-U060": {"K68-U070": 56.36300766085062}, "K65-U220": {"K65-U230": 68.82705527035193}, "K66-U110": {"K66-U120": 36.393622297394025}, "K68-D180": {"K68-D190": 35.26012645728459}, "K68-D170": {"K68-D180": 39.87767917615486}, "K66-U200": {"K66-U210": 50.8126361115543}, "K66-D030": {"K66-D040": 71.61399207189959}, "K65-U020": {"K65-U030": 124.76294818823843}, "K65-U190": {"K65-U200": 45.275669480745364}, "K68-U160": {"K68-U170": 62.09468750860704}, "K66-D160": {"K66-D170": 141.11314302022484}, "K65-U120": {"K65-U130": 157.90302374275595}, "K68-D200": {"K68-U011": 58.1110851393898}, "K65-D040": {"K65-D050": 69.65339579260436}, "K65A-U040": {"K65A-U050": 73.99898747788352}, "K65A-D040": {"K65A-D050": 62.939837731702255}, "K65A-U020": {"K65A-U030": 180.67062286270635}, "K66-U170": {"K66-U180": 29.738107427620474}, "K65A-U050": {"K65A-U060": 46.320422199047094}, "K65A-D090": {"K65A-D100": 98.88600016674317}, "K65A-U080": {"K65A-U090": 55.380839437300985}, "K65A-D030": {"K65A-D040": 59.0561931242514}, "K65A-D010": {"K65A-D020": 93.38435477019593}, "K66-D060": {"K66-D070": 36.684813227833025}, "K65A-U060": {"K65A-U070": 43.74764345497566}, "K66-D210": {"K66-D220": 127.76393224538428}, "K68-D070": {"K68-D080": 179.29067682877795}, "K65-D160": {"K65-D170": 126.77649838625507}, "K68-U130": {"K68-U140": 142.992906543289}, "K68-U020": {"K68-U030": 35.82430591863117}, "K66-U060": {"K66-U070": 165.2398332859056}, "K68-D010": {"K68-D020": 42.85796479331627}, "K65A-U010": {"K65A-U020": 56.54826940728431}, "K68-D040": {"K68-D050": 91.06061822824559}, "K66-D220": {"K66-D230": 83.30255572362998}, "K66-D120": {"K66-D130": 54.19547937397702}, "K68-U080": {"K68-U090": 39.33668939870754}, "K68-D120": {"K68-D130": 166.33719760442972}, "K66-D230": {"K66-D240": 83.56068778510964}, "K68-D030": {"K68-D040": 64.57114360901384}}