{"K65A-D050": {"K65A-D060": 69.62568412374472}, "K65A-U100": {"K65A-U110": 53.337904899805764}, "K65A-U110": {"K65A-U120": 68.79023753010188}, "K65A-U120": {"K65A-U130": 73.40398299917578}, "K65-U060": {"K65-U070": 33.29330132716807}, "K66-D090": {"K66-D100": 40.407955697641974}, "K65A-D070": {"K65A-D080": 104.45444532230343}, "K68-D190": {"K68-D200": 36.22285884928564}, "K65A-U030": {"K65A-U040": 28.093012605667116}, "K65-D050": {"K65-D060": 55.539517033705444}, "K65-U070": {"K65-U080": 62.44499920956106}, "K65-U200": {"K65-U210": 59.25569719008479}, "K65-D150": {"K65-D160": 93.09806093982921}, "K66-D170": {"K66-D180": 178.27924913438258}, "K65-D060": {"K65-D070": 77.4267998109686}, "K65-D180": {"K65-D190": 113.60848970500646}, "K66-U190": {"K66-U200": 65.0224167381665}, "K66-U130": {"K66-U140": 47.79970270107993}, "K65-U080": {"K65-U090": 130.96894039215348}, "K66-D200": {"K66-D210": 122.00164726651629}, "K68-U120": {"K68-U130": 145.94655992175174}, "K68-D150": {"K68-D160": 62.217255282402036}, "K65-U100": {"K65-U110": 125.4969587070564}, "K66-U020": {"K66-U030": 164.8357325659689}, "K65-D070": {"K65-D080": 116.41671452277679}, "K65-D100": {"K65-D110": 191.45142074418007}, "K66-U180": {"K66-U190": 59.86284193373456}, "K65-D170": {"K65-D180": 96.4415479386391}, "K66-U040": {"K66-U050": 85.97707965320132}, "K65-U140": {"K65-U150": 98.56354345895558}, "K66-U010": {"K66-U020": 136.14059700453404}, "K66-U080": {"K66-U090": 165.11083537326508}, "K65-U050": {"K65-U060": 95.55246221633412}, "K68-U070": {"K68-U080": 33.584303448820336}, "K66-U140": {"K66-U150": 46.82118006079314}, "K66-U050": {"K66-U060": 45.297819379976985}, "K68-U100": {"K68-U110": 172.97148558020592}, "K68-D160": {"K68-D170": 48.099926280044016}, "K65A-D020": {"K65A-D030": 71.73081821665167}, "K68-U030": {"K68-U040": 18.60820617675781}, "K66-D110": {"K66-D120": 34.11243148822324}, "K65-D120": {"K65-D130": 58.60839288499577}, "K66-D130": {"K66-D140": 34.77488381210715}, "K65A-D100": {"K65A-D110": 231.03124070692064}, "K65-D090": {"K65-D100": 94.46246563239991}, "K65A-D080": {"K65A-D090": 56.12490021214821}, "K68-D080": {"K68-D090": 79.20482529197633}, "K65A-U070": {"K65A-U080": 45.85915189597205}, "K66-D010": {"K66-D020": 15.164854341143766}, "K65-D020": {"K65-D030": 66.56240602638427}, "K65A-U090": {"K65A-U100": 41.58769145650416}, "K66-U100": {"K66-U110": 70.83712685140134}, "K65A-D060": {"K65A-D070": 65.03567728757858}, "K65-D080": {"K65-D090": 48.76858523212448}, "K65-D110": {"K65-D120": 88.61100103861318}, "K65-U160": {"K65-U170": 49.873346856536635}, "K68-U170": {"K68-D010": 144.01538890600204}, "K66-U160": {"K66-U170": 44.911594190912204}, "K66-D020": {"K66-D030": 57.181405183446444}, "K68-D050": {"K68-D060": 50.17840320521135}, "K66-D190": {"K66-D200": 74.06688748054178}, "K66-U030": {"K66-U040": 163.79086875994025}, "K66-D100": {"K66-D110": 37.17737407232163}, "K66-D140": {"K66-D150": 80.7462756140063}, "K65-U030": {"K65-U040": 97.03566580268028}, "K65-D140": {"K65-D150": 95.03276118434633}, "K65-D010": {"K65-D020": 37.7940905601005}, "K66-U070": {"K66-U080": 195.63498786511974}, "K65-U170": {"K65-U180": 46.260655881545595}, "K66-D150": {"K66-D160": 97.14928396379955}, "K65-U090": {"K65-U100": 51.27517233493744}, "K66-U090": {"K66-U100": 56.160538325739516}, "K66-U150": {"K66-U160": 50.79818226372873}, "K66-D040": {"K66-D050": 32.99833006324491}, "K68-D110": {"K68-D120": 87.00021122187971}, "K65-U180": {"K65-U190": 71.26661416120622}, "K68-U090": {"K68-U100": 112.44238261348195}, "K66-D070": {"K66-D080": 41.506453932451336}, "K65-U110": {"K65-U120": 97.77908047491664}, "K68-U140": {"K68-U150": 37.45719222426415}, "K68-D090": {"K68-D100": 132.66105705201625}, "K68-D140": {"K68-D150": 41.86823355745946}, "K66-D180": {"K66-D190": 68.99312118901847}, "K68-U150": {"K68-U160": 85.74587485970184}, "K66-D080": {"K66-D090": 46.139137276134946}, "K65-U150": {"K65-U160": 51.14851685584492}, "K65-D030": {"K65-D040": 56.74866221889382}, "K68-D100": {"K68-D110": 84.30268463335372}, "K65-U130": {"K65-U140": 32.81671495529812}, "K65-U010": {"K65-U020": 239.03996073412583}, "K66-U210": {"K66-U220": 47.00948027546668}, "K68-U040": {"K68-U050": 38.22497906532288}, "K68-U110": {"K68-U120": 188.97648336219788}, "K68-D020": {"K68-D030": 67.85659238100052}, "K65-U210": {"K65-U220": 71.87674453201505}, "K66-U120": {"K66-U130": 54.85207179330011}, "K68-D130": {"K68-D140": 55.82032119755422}, "K65-U040": {"K65-U050": 80.25778710176601}, "K65-D130": {"K65-D140": 94.50414470983591}, "K68-U050": {"K68-U060": 54.56173657232523}, "K66-D050": {"K66-D060": 43.68070472287066}, "K68-U010": {"K68-U020": 85.16196469941735}, "K68-D060": {"K68-D070": 78.13567504882812}, "K68-U060": {"K68-U070": 73.06004930496216}, "K65-U220": {"K65-U230": 71.91772913960106}, "K66-U110": {"K66-U120": 39.47539126445769}, "K68-D180": {"K68-D190": 30.11464231743917}, "K68-D170": {"K68-D180": 51.30313257664443}, "K66-U200": {"K66-U210": 51.16895751593574}, "K66-D030": {"K66-D040": 72.22651440648995}, "K65-U020": {"K65-U030": 135.14508141685604}, "K65-U190": {"K65-U200": 47.32538513785413}, "K68-U160": {"K68-U170": 65.74685010233895}, "K66-D160": {"K66-D170": 148.5366910969869}, "K65-U120": {"K65-U130": 176.0992024868827}, "K68-D200": {"K68-U011": 55.98570730173399}, "K65-D040": {"K65-D050": 58.52387712104045}, "K65A-U040": {"K65A-U050": 94.02913364828564}, "K65A-D040": {"K65A-D050": 62.30422477200627}, "K65A-U020": {"K65A-U030": 185.89240521602332}, "K66-U170": {"K66-U180": 32.30796901903045}, "K65A-U050": {"K65A-U060": 46.88642374919355}, "K65A-D090": {"K65A-D100": 107.89965607246923}, "K65A-U080": {"K65A-U090": 62.66990090212728}, "K65A-D030": {"K65A-D040": 57.357240161719844}, "K65A-D010": {"K65A-D020": 44.410788960158825}, "K66-D060": {"K66-D070": 28.997385511871272}, "K65A-U060": {"K65A-U070": 46.665403569558364}, "K66-D210": {"K66-D220": 145.75960539987693}, "K68-D070": {"K68-D080": 179.38237523555756}, "K65-D160": {"K65-D170": 134.1319480481687}, "K68-U130": {"K68-U140": 142.4389389038086}, "K68-U020": {"K68-U030": 36.71061159590273}, "K66-U060": {"K66-U070": 172.8241892502307}, "K68-D010": {"K68-D020": 44.037251968383785}, "K65A-U010": {"K65A-U020": 61.99040392019509}, "K68-D040": {"K68-D050": 93.8746063798666}, "K66-D220": {"K66-D230": 80.29944438011205}, "K66-D120": {"K66-D130": 54.13604527331927}, "K68-U080": {"K68-U090": 46.47041906366155}, "K68-D120": {"K68-D130": 151.56946817016598}, "K66-D230": {"K66-D240": 97.78141182176122}, "K68-D030": {"K68-D040": 78.74270782470703}}