{"K65A-D050": {"K65A-D060": 56.79554054289157}, "K65A-U100": {"K65A-U110": 59.78563401997892}, "K65A-U110": {"K65A-U120": 76.02596370718042}, "K65A-U120": {"K65A-U130": 84.28923093393853}, "K65-U060": {"K65-U070": 30.704213315018272}, "K66-D090": {"K66-D100": 44.911281537309144}, "K65A-D070": {"K65A-D080": 115.03251923992597}, "K68-D190": {"K68-D200": 39.207625816675694}, "K65A-U030": {"K65A-U040": 32.509337549002666}, "K65-D050": {"K65-D060": 61.916754075934364}, "K65-U070": {"K65-U080": 60.19582091710318}, "K65-U200": {"K65-U210": 64.17184486231329}, "K65-D150": {"K65-D160": 105.49250927096912}, "K66-D170": {"K66-D180": 189.29484490391337}, "K65-D060": {"K65-D070": 82.6229708952659}, "K65-D180": {"K65-D190": 114.78002982510506}, "K66-U190": {"K66-U200": 67.88279083019954}, "K66-U130": {"K66-U140": 54.11184537900995}, "K65-U080": {"K65-U090": 145.02733843654607}, "K66-D200": {"K66-D210": 127.88837328991949}, "K68-U120": {"K68-U130": 152.7444141759846}, "K68-D150": {"K68-D160": 38.59388132036845}, "K65-U100": {"K65-U110": 125.85645394931922}, "K66-U020": {"K66-U030": 187.94622028495775}, "K65-D070": {"K65-D080": 119.72344791949669}, "K65-D100": {"K65-D110": 224.14534624853053}, "K66-U180": {"K66-U190": 55.73990031323916}, "K65-D170": {"K65-D180": 98.76074285667883}, "K66-U040": {"K66-U050": 123.41690233234665}, "K65-U140": {"K65-U150": 98.71618614140252}, "K66-U010": {"K66-U020": 132.36820838334856}, "K66-U080": {"K66-U090": 165.69373314645358}, "K65-U050": {"K65-U060": 107.66663607585004}, "K68-U070": {"K68-U080": 37.716144982453045}, "K66-U140": {"K66-U150": 46.49412092765384}, "K66-U050": {"K66-U060": 45.715036871083996}, "K68-U100": {"K68-U110": 187.20980768642605}, "K68-D160": {"K68-D170": 79.36832471444234}, "K65A-D020": {"K65A-D030": 73.65391439775999}, "K68-U030": {"K68-U040": 21.891110270806337}, "K66-D110": {"K66-D120": 38.97506256380042}, "K65-D120": {"K65-D130": 60.8548153106427}, "K66-D130": {"K66-D140": 39.04885224336723}, "K65A-D100": {"K65A-D110": 229.28543526975773}, "K65-D090": {"K65-D100": 96.8254606260001}, "K65A-D080": {"K65A-D090": 62.7047788530763}, "K68-D080": {"K68-D090": 90.23979555106362}, "K65A-U070": {"K65A-U080": 48.55729598604505}, "K66-D010": {"K66-D020": 24.872613155970775}, "K65-D020": {"K65-D030": 74.68726160136092}, "K65A-U090": {"K65A-U100": 48.51393156300226}, "K66-U100": {"K66-U110": 77.91514966837103}, "K65A-D060": {"K65A-D070": 80.45019892391528}, "K65-D080": {"K65-D090": 57.76157886606319}, "K65-D110": {"K65-D120": 104.68888605213428}, "K65-U160": {"K65-U170": 48.74837662417883}, "K68-U170": {"K68-D010": 159.80785228337348}, "K66-U160": {"K66-U170": 46.804372765036746}, "K66-D020": {"K66-D030": 64.61144100569769}, "K68-D050": {"K68-D060": 59.79900431733436}, "K66-D190": {"K66-D200": 83.72422776595948}, "K66-U030": {"K66-U040": 160.09497973905127}, "K66-D100": {"K66-D110": 46.75231808571712}, "K66-D140": {"K66-D150": 100.3974199719567}, "K65-U030": {"K65-U040": 103.45971639315228}, "K65-D140": {"K65-D150": 116.40860626326484}, "K65-D010": {"K65-D020": 40.34009734123221}, "K66-U070": {"K66-U080": 199.55303834542002}, "K65-U170": {"K65-U180": 46.87349119960076}, "K66-D150": {"K66-D160": 89.8966684769191}, "K65-U090": {"K65-U100": 48.405027410320606}, "K66-U090": {"K66-U100": 53.6686127153117}, "K66-U150": {"K66-U160": 52.64779919321425}, "K66-D040": {"K66-D050": 39.572609052502585}, "K68-D110": {"K68-D120": 95.50967967017118}, "K65-U180": {"K65-U190": 68.16260724488889}, "K68-U090": {"K68-U100": 139.48917944449437}, "K66-D070": {"K66-D080": 42.074942422379934}, "K65-U110": {"K65-U120": 106.54036886426351}, "K68-U140": {"K68-U150": 46.40995966908644}, "K68-D090": {"K68-D100": 146.1667172161276}, "K68-D140": {"K68-D150": 38.703092886767344}, "K66-D180": {"K66-D190": 83.78568515083944}, "K68-U150": {"K68-U160": 80.05022720846164}, "K66-D080": {"K66-D090": 61.73180379154674}, "K65-U150": {"K65-U160": 56.32004150149423}, "K65-D030": {"K65-D040": 68.06897257808832}, "K68-D100": {"K68-D110": 81.98068790012049}, "K65-U130": {"K65-U140": 26.42019599215116}, "K65-U010": {"K65-U020": 261.89251895610994}, "K66-U210": {"K66-U220": 48.282811782705664}, "K68-U040": {"K68-U050": 51.80711579725174}, "K68-U110": {"K68-U120": 188.32307864861653}, "K68-D020": {"K68-D030": 76.71780339750862}, "K65-U210": {"K65-U220": 73.01004447527974}, "K66-U120": {"K66-U130": 54.83534176927269}, "K68-D130": {"K68-D140": 59.96024901588398}, "K65-U040": {"K65-U050": 81.64130397560193}, "K65-D130": {"K65-D140": 96.13507843263315}, "K68-U050": {"K68-U060": 50.17523332397153}, "K66-D050": {"K66-D060": 42.11043003671901}, "K68-U010": {"K68-U020": 91.09028180352831}, "K68-D060": {"K68-D070": 89.55014360628904}, "K68-U060": {"K68-U070": 62.51405125750794}, "K65-U220": {"K65-U230": 79.93536845171391}, "K66-U110": {"K66-U120": 33.72088048685801}, "K68-D180": {"K68-D190": 34.01172575185562}, "K68-D170": {"K68-D180": 43.78987886243614}, "K66-U200": {"K66-U210": 53.333649536387966}, "K66-D030": {"K66-D040": 74.1625923644893}, "K65-U020": {"K65-U030": 123.70039342255197}, "K65-U190": {"K65-U200": 51.60090098568387}, "K68-U160": {"K68-U170": 72.17631650776036}, "K66-D160": {"K66-D170": 146.02361685455142}, "K65-U120": {"K65-U130": 177.48922014070686}, "K68-D200": {"K68-U011": 62.11024959969804}, "K65-D040": {"K65-D050": 69.51589472504068}, "K65A-U040": {"K65A-U050": 88.69497458646899}, "K65A-D040": {"K65A-D050": 63.89062530449246}, "K65A-U020": {"K65A-U030": 208.01481708744626}, "K66-U170": {"K66-U180": 31.289041063467273}, "K65A-U050": {"K65A-U060": 45.53569949972219}, "K65A-D090": {"K65A-D100": 112.44473480585096}, "K65A-U080": {"K65A-U090": 69.23290016122519}, "K65A-D030": {"K65A-D040": 63.53177938342928}, "K65A-D010": {"K65A-D020": 67.20692918242268}, "K66-D060": {"K66-D070": 42.94789365022041}, "K65A-U060": {"K65A-U070": 53.02167552176485}, "K66-D210": {"K66-D220": 150.94504990541665}, "K68-D070": {"K68-D080": 192.85634263732163}, "K65-D160": {"K65-D170": 143.95843913265972}, "K68-U130": {"K68-U140": 155.9829315720146}, "K68-U020": {"K68-U030": 41.38901162930212}, "K66-U060": {"K66-U070": 167.61100575131343}, "K68-D010": {"K68-D020": 45.829787371819805}, "K65A-U010": {"K65A-U020": 51.99969008572295}, "K68-D040": {"K68-D050": 110.44232341758523}, "K66-D220": {"K66-D230": 79.31557176380393}, "K66-D120": {"K66-D130": 64.52517763206086}, "K68-U080": {"K68-U090": 46.272843613446916}, "K68-D120": {"K68-D130": 163.49533608363035}, "K66-D230": {"K66-D240": 99.342071307147}, "K68-D030": {"K68-D040": 79.05302216686438}}