{"K65A-D050": {"K65A-D060": 56.12574898540579}, "K65A-U100": {"K65A-U110": 51.327760336682275}, "K65A-U110": {"K65A-U120": 67.46286054562903}, "K65A-U120": {"K65A-U130": 72.68046630227555}, "K65-U060": {"K65-U070": 32.73537330326781}, "K66-D090": {"K66-D100": 37.63084660087221}, "K65A-D070": {"K65A-D080": 101.95695954633189}, "K68-D190": {"K68-D200": 38.658513015588156}, "K65A-U030": {"K65A-U040": 26.166643146624075}, "K65-D050": {"K65-D060": 54.6779177752069}, "K65-U070": {"K65-U080": 61.66901431807291}, "K65-U200": {"K65-U210": 51.596134066047604}, "K65-D150": {"K65-D160": 89.20678487907841}, "K66-D170": {"K66-D180": 160.16436176758913}, "K65-D060": {"K65-D070": 69.91501700312322}, "K65-D180": {"K65-D190": 107.16880999025412}, "K66-U190": {"K66-U200": 61.25846682931858}, "K66-U130": {"K66-U140": 51.68863978384489}, "K65-U080": {"K65-U090": 133.2108368522174}, "K66-D200": {"K66-D210": 115.39565859188228}, "K68-U120": {"K68-U130": 134.76835514737843}, "K68-D150": {"K68-D160": 40.35371016721555}, "K65-U100": {"K65-U110": 115.53206099901581}, "K66-U020": {"K66-U030": 185.943143617396}, "K65-D070": {"K65-D080": 95.3140469831308}, "K65-D100": {"K65-D110": 196.653070905884}, "K66-U180": {"K66-U190": 53.131440688288194}, "K65-D170": {"K65-D180": 88.66326520128112}, "K66-U040": {"K66-U050": 127.02857493464671}, "K65-U140": {"K65-U150": 89.24294237630492}, "K66-U010": {"K66-U020": 121.41472544466644}, "K66-U080": {"K66-U090": 155.74573170812351}, "K65-U050": {"K65-U060": 92.69338597913122}, "K68-U070": {"K68-U080": 38.1252895047913}, "K66-U140": {"K66-U150": 43.63381818468009}, "K66-U050": {"K66-U060": 37.583124076827225}, "K68-U100": {"K68-U110": 173.96476114640313}, "K68-D160": {"K68-D170": 63.51760683966036}, "K65A-D020": {"K65A-D030": 65.04513179079969}, "K68-U030": {"K68-U040": 18.46863931641088}, "K66-D110": {"K66-D120": 33.69123620843736}, "K65-D120": {"K65-D130": 58.08432295786}, "K66-D130": {"K66-D140": 34.133981147972115}, "K65A-D100": {"K65A-D110": 215.64866479850807}, "K65-D090": {"K65-D100": 94.73538674752066}, "K65A-D080": {"K65A-D090": 61.7987291734334}, "K68-D080": {"K68-D090": 85.77741951853075}, "K65A-U070": {"K65A-U080": 41.00493804899995}, "K66-D010": {"K66-D020": 14.938207662736028}, "K65-D020": {"K65-D030": 66.49081030963194}, "K65A-U090": {"K65A-U100": 42.25843690885011}, "K66-U100": {"K66-U110": 76.77479894857096}, "K65A-D060": {"K65A-D070": 75.81359786352053}, "K65-D080": {"K65-D090": 55.46537147596083}, "K65-D110": {"K65-D120": 94.87938455814046}, "K65-U160": {"K65-U170": 49.751892732876954}, "K68-U170": {"K68-D010": 133.78547701970132}, "K66-U160": {"K66-U170": 43.467932464731675}, "K66-D020": {"K66-D030": 52.8770307303589}, "K68-D050": {"K68-D060": 51.42436563676354}, "K66-D190": {"K66-D200": 73.44724174062873}, "K66-U030": {"K66-U040": 153.12399077145065}, "K66-D100": {"K66-D110": 41.93907031318366}, "K66-D140": {"K66-D150": 84.94165263458889}, "K65-U030": {"K65-U040": 85.53260182663004}, "K65-D140": {"K65-D150": 100.50541706285965}, "K65-D010": {"K65-D020": 36.100679509860754}, "K66-U070": {"K66-U080": 176.10460483847825}, "K65-U170": {"K65-U180": 43.45550915569844}, "K66-D150": {"K66-D160": 84.73520648642626}, "K65-U090": {"K65-U100": 43.27268046537775}, "K66-U090": {"K66-U100": 44.1433445638068}, "K66-U150": {"K66-U160": 46.76153201816043}, "K66-D040": {"K66-D050": 33.04797911033191}, "K68-D110": {"K68-D120": 87.97745910680592}, "K65-U180": {"K65-U190": 65.67262614477063}, "K68-U090": {"K68-U100": 120.66691559043065}, "K66-D070": {"K66-D080": 47.152377495886}, "K65-U110": {"K65-U120": 94.51503666784647}, "K68-U140": {"K68-U150": 37.49679689488538}, "K68-D090": {"K68-D100": 124.95596148507222}, "K68-D140": {"K68-D150": 39.160588263504806}, "K66-D180": {"K66-D190": 72.56159303924252}, "K68-U150": {"K68-U160": 76.22919293026978}, "K66-D080": {"K66-D090": 55.19735126180903}, "K65-U150": {"K65-U160": 52.28563939206318}, "K65-D030": {"K65-D040": 58.84633147696029}, "K68-D100": {"K68-D110": 87.12156166165184}, "K65-U130": {"K65-U140": 27.573357287460976}, "K65-U010": {"K65-U020": 218.88568954133552}, "K66-U210": {"K66-U220": 48.73899383893294}, "K68-U040": {"K68-U050": 43.83475514323531}, "K68-U110": {"K68-U120": 174.09635996825187}, "K68-D020": {"K68-D030": 66.27859834487302}, "K65-U210": {"K65-U220": 71.79067264460059}, "K66-U120": {"K66-U130": 45.40470163517442}, "K68-D130": {"K68-D140": 57.42415972970615}, "K65-U040": {"K65-U050": 84.03766315153197}, "K65-D130": {"K65-D140": 82.77392309071807}, "K68-U050": {"K68-U060": 47.725536420385446}, "K66-D050": {"K66-D060": 36.79161321682555}, "K68-U010": {"K68-U020": 81.1201252903318}, "K68-D060": {"K68-D070": 89.14145830480172}, "K68-U060": {"K68-U070": 59.14752571346279}, "K65-U220": {"K65-U230": 68.12923779439122}, "K66-U110": {"K66-U120": 32.93253589915477}, "K68-D180": {"K68-D190": 28.436686927665654}, "K68-D170": {"K68-D180": 42.54487508444059}, "K66-U200": {"K66-U210": 52.73849320139955}, "K66-D030": {"K66-D040": 70.19714714262635}, "K65-U020": {"K65-U030": 116.14247912657557}, "K65-U190": {"K65-U200": 42.141604272777975}, "K68-U160": {"K68-U170": 62.468021506200344}, "K66-D160": {"K66-D170": 129.07962026527528}, "K65-U120": {"K65-U130": 168.54756946855315}, "K68-D200": {"K68-U011": 55.52570174724267}, "K65-D040": {"K65-D050": 62.65849730306761}, "K65A-U040": {"K65A-U050": 74.55733147020194}, "K65A-D040": {"K65A-D050": 66.23956791186853}, "K65A-U020": {"K65A-U030": 174.58714980566944}, "K66-U170": {"K66-U180": 31.1363311040523}, "K65A-U050": {"K65A-U060": 43.19055989684284}, "K65A-D090": {"K65A-D100": 105.59352250265606}, "K65A-U080": {"K65A-U090": 64.24172355713111}, "K65A-D030": {"K65A-D040": 58.31391419081466}, "K65A-D010": {"K65A-D020": 55.194917509072}, "K66-D060": {"K66-D070": 35.46629592855838}, "K65A-U060": {"K65A-U070": 47.82708790761127}, "K66-D210": {"K66-D220": 127.68718224079109}, "K68-D070": {"K68-D080": 185.26190947107386}, "K65-D160": {"K65-D170": 128.2754944179564}, "K68-U130": {"K68-U140": 137.5690685339036}, "K68-U020": {"K68-U030": 34.45131572970773}, "K66-U060": {"K66-U070": 151.8689221334993}, "K68-D010": {"K68-D020": 43.71886864794823}, "K65A-U010": {"K65A-U020": 53.60612103044546}, "K68-D040": {"K68-D050": 90.84687457402092}, "K66-D220": {"K66-D230": 80.02203200284163}, "K66-D120": {"K66-D130": 57.273409278203644}, "K68-U080": {"K68-U090": 40.389976108245534}, "K68-D120": {"K68-D130": 150.031140861859}, "K66-D230": {"K66-D240": 88.31113489023423}, "K68-D030": {"K68-D040": 58.625386785411294}}