{"K65A-D050": {"K65A-D060": 54.08067168865698}, "K65A-U100": {"K65A-U110": 54.34376503490266}, "K65A-U110": {"K65A-U120": 67.4259142358521}, "K65A-U120": {"K65A-U130": 66.9178213261421}, "K65-U060": {"K65-U070": 33.44294862879341}, "K66-D090": {"K66-D100": 43.53879617754092}, "K65A-D070": {"K65A-D080": 98.4592811099914}, "K68-D190": {"K68-D200": 34.290461606542436}, "K65A-U030": {"K65A-U040": 36.0593317135332}, "K65-D050": {"K65-D060": 52.892215125587555}, "K65-U070": {"K65-U080": 61.19123721889834}, "K65-U200": {"K65-U210": 54.1271984989083}, "K65-D150": {"K65-D160": 96.11012656926513}, "K66-D170": {"K66-D180": 166.98977695584995}, "K65-D060": {"K65-D070": 84.58265853029198}, "K65-D180": {"K65-D190": 116.83506176507535}, "K66-U190": {"K66-U200": 62.81913213323933}, "K66-U130": {"K66-U140": 47.94864481099266}, "K65-U080": {"K65-U090": 139.35821316824644}, "K66-D200": {"K66-D210": 123.58817823591023}, "K68-U120": {"K68-U130": 141.7511020474912}, "K68-D150": {"K68-D160": 40.12900884320972}, "K65-U100": {"K65-U110": 120.14802571323624}, "K66-U020": {"K66-U030": 184.57136030026254}, "K65-D070": {"K65-D080": 112.44894318966843}, "K65-D100": {"K65-D110": 200.2340123625801}, "K66-U180": {"K66-U190": 52.6739289511922}, "K65-D170": {"K65-D180": 89.38023325866708}, "K66-U040": {"K66-U050": 126.88257069151686}, "K65-U140": {"K65-U150": 92.19932642904564}, "K66-U010": {"K66-U020": 123.81340661038357}, "K66-U080": {"K66-U090": 164.94115971765598}, "K65-U050": {"K65-U060": 103.33452731842533}, "K68-U070": {"K68-U080": 30.724011959818693}, "K66-U140": {"K66-U150": 45.286830050929524}, "K66-U050": {"K66-U060": 44.41723736731909}, "K68-U100": {"K68-U110": 179.6680050263824}, "K68-D160": {"K68-D170": 70.61321055923257}, "K65A-D020": {"K65A-D030": 67.18411660069553}, "K68-U030": {"K68-U040": 20.322305790741794}, "K66-D110": {"K66-D120": 41.67548995417091}, "K65-D120": {"K65-D130": 63.933073302271715}, "K66-D130": {"K66-D140": 31.801561193255104}, "K65A-D100": {"K65A-D110": 216.222051925297}, "K65-D090": {"K65-D100": 102.88898087535081}, "K65A-D080": {"K65A-D090": 57.007810515037235}, "K68-D080": {"K68-D090": 84.72857141812462}, "K65A-U070": {"K65A-U080": 44.9857175477439}, "K66-D010": {"K66-D020": 15.390911133042607}, "K65-D020": {"K65-D030": 67.08176869868507}, "K65A-U090": {"K65A-U100": 43.65126956845152}, "K66-U100": {"K66-U110": 83.87769137074154}, "K65A-D060": {"K65A-D070": 74.75131441507634}, "K65-D080": {"K65-D090": 56.39025143077778}, "K65-D110": {"K65-D120": 104.77210231566269}, "K65-U160": {"K65-U170": 51.65269933558555}, "K68-U170": {"K68-D010": 148.6514035193713}, "K66-U160": {"K66-U170": 44.43935720043077}, "K66-D020": {"K66-D030": 67.03538471955046}, "K68-D050": {"K68-D060": 60.77668687874758}, "K66-D190": {"K66-D200": 80.85014356203104}, "K66-U030": {"K66-U040": 168.27067769759404}, "K66-D100": {"K66-D110": 49.47953785563559}, "K66-D140": {"K66-D150": 94.11834390231095}, "K65-U030": {"K65-U040": 92.93865100503592}, "K65-D140": {"K65-D150": 106.43027446335842}, "K65-D010": {"K65-D020": 36.557028304893045}, "K66-U070": {"K66-U080": 176.6523609612197}, "K65-U170": {"K65-U180": 46.44054142471106}, "K66-D150": {"K66-D160": 85.26313280277807}, "K65-U090": {"K65-U100": 47.81520896359884}, "K66-U090": {"K66-U100": 44.94666280149231}, "K66-U150": {"K66-U160": 43.55034254822613}, "K66-D040": {"K66-D050": 38.98883689725953}, "K68-D110": {"K68-D120": 85.94606137578032}, "K65-U180": {"K65-U190": 69.76922238272941}, "K68-U090": {"K68-U100": 126.42826539895546}, "K66-D070": {"K66-D080": 46.95193405105255}, "K65-U110": {"K65-U120": 102.39913060779466}, "K68-U140": {"K68-U150": 40.299329516039606}, "K68-D090": {"K68-D100": 130.84657007741333}, "K68-D140": {"K68-D150": 37.36554930452879}, "K66-D180": {"K66-D190": 86.87128306307427}, "K68-U150": {"K68-U160": 78.65883586977506}, "K66-D080": {"K66-D090": 58.73635100684029}, "K65-U150": {"K65-U160": 49.742339176698195}, "K65-D030": {"K65-D040": 64.08233830231339}, "K68-D100": {"K68-D110": 81.97365427042432}, "K65-U130": {"K65-U140": 30.45792093300154}, "K65-U010": {"K65-U020": 233.42719601711434}, "K66-U210": {"K66-U220": 47.60022318046466}, "K68-U040": {"K68-U050": 45.858464733794634}, "K68-U110": {"K68-U120": 182.4875369460191}, "K68-D020": {"K68-D030": 68.84108792485114}, "K65-U210": {"K65-U220": 73.08248232445801}, "K66-U120": {"K66-U130": 52.329561256019204}, "K68-D130": {"K68-D140": 56.79799697589709}, "K65-U040": {"K65-U050": 80.20183406272305}, "K65-D130": {"K65-D140": 107.93226915911343}, "K68-U050": {"K68-U060": 44.820356174591495}, "K66-D050": {"K66-D060": 41.467085739290134}, "K68-U010": {"K68-U020": 81.05766964281527}, "K68-D060": {"K68-D070": 90.74362896516536}, "K68-U060": {"K68-U070": 60.26480188758264}, "K65-U220": {"K65-U230": 72.57429486142219}, "K66-U110": {"K66-U120": 36.902180447215414}, "K68-D180": {"K68-D190": 33.426473043343464}, "K68-D170": {"K68-D180": 40.35408921037149}, "K66-U200": {"K66-U210": 54.77021558940207}, "K66-D030": {"K66-D040": 73.71416509296625}, "K65-U020": {"K65-U030": 126.32119592447694}, "K65-U190": {"K65-U200": 52.51003263382016}, "K68-U160": {"K68-U170": 65.17821264103559}, "K66-D160": {"K66-D170": 137.92451226283703}, "K65-U120": {"K65-U130": 155.86148741621287}, "K68-D200": {"K68-U011": 61.272192673374754}, "K65-D040": {"K65-D050": 67.36163134521146}, "K65A-U040": {"K65A-U050": 79.4452310880643}, "K65A-D040": {"K65A-D050": 61.93148227346834}, "K65A-U020": {"K65A-U030": 191.98781199744639}, "K66-U170": {"K66-U180": 32.433761873513006}, "K65A-U050": {"K65A-U060": 45.4639510842634}, "K65A-D090": {"K65A-D100": 119.27463486328679}, "K65A-U080": {"K65A-U090": 58.80023287426201}, "K65A-D030": {"K65A-D040": 60.02273287770072}, "K65A-D010": {"K65A-D020": 54.17849944773134}, "K66-D060": {"K66-D070": 40.827738271817715}, "K65A-U060": {"K65A-U070": 47.39504197844536}, "K66-D210": {"K66-D220": 134.64844535573624}, "K68-D070": {"K68-D080": 193.175134943518}, "K65-D160": {"K65-D170": 145.12223272425774}, "K68-U130": {"K68-U140": 141.73448962702918}, "K68-U020": {"K68-U030": 31.908309413251743}, "K66-U060": {"K66-U070": 159.18461072047768}, "K68-D010": {"K68-D020": 43.398267798891965}, "K65A-U010": {"K65A-U020": 51.61338452840605}, "K68-D040": {"K68-D050": 104.45098726631764}, "K66-D220": {"K66-D230": 82.8326326926697}, "K66-D120": {"K66-D130": 59.675528794638105}, "K68-U080": {"K68-U090": 45.840014572592494}, "K68-D120": {"K68-D130": 156.48752834815312}, "K66-D230": {"K66-D240": 79.46511547764547}, "K68-D030": {"K68-D040": 72.8169657370951}}