{"K65A-D050": {"K65A-D060": 62.6939298927695}, "K65A-U100": {"K65A-U110": 62.458487566209726}, "K65A-U110": {"K65A-U120": 72.84403910348887}, "K65A-U120": {"K65A-U130": 80.29212461820889}, "K65-U060": {"K65-U070": 36.98237221033561}, "K66-D090": {"K66-D100": 47.835464213450926}, "K65A-D070": {"K65A-D080": 111.07109654745886}, "K68-D190": {"K68-D200": 47.039303732992664}, "K65A-U030": {"K65A-U040": 34.417081403336034}, "K65-D050": {"K65-D060": 61.80603539344971}, "K65-U070": {"K65-U080": 67.82956946442535}, "K65-U200": {"K65-U210": 63.39231033427252}, "K65-D150": {"K65-D160": 105.39128970117758}, "K66-D170": {"K66-D180": 193.47881257008433}, "K65-D060": {"K65-D070": 80.72153354997238}, "K65-D180": {"K65-D190": 120.35116203397119}, "K66-U190": {"K66-U200": 66.09431846541973}, "K66-U130": {"K66-U140": 52.86885471067029}, "K65-U080": {"K65-U090": 157.8393739479522}, "K66-D200": {"K66-D210": 133.84672154390248}, "K68-U120": {"K68-U130": 163.68867570616777}, "K68-D150": {"K68-D160": 41.42001604569013}, "K65-U100": {"K65-U110": 137.17071791878024}, "K66-U020": {"K66-U030": 193.3400491208546}, "K65-D070": {"K65-D080": 120.25806461589347}, "K65-D100": {"K65-D110": 232.80336730320374}, "K66-U180": {"K66-U190": 58.27210694699185}, "K65-D170": {"K65-D180": 93.82133281609387}, "K66-U040": {"K66-U050": 138.56660020795198}, "K65-U140": {"K65-U150": 99.2497903304316}, "K66-U010": {"K66-U020": 135.06117906867104}, "K66-U080": {"K66-U090": 168.203010673152}, "K65-U050": {"K65-U060": 110.43725369816634}, "K68-U070": {"K68-U080": 31.08555919573913}, "K66-U140": {"K66-U150": 47.56119193271489}, "K66-U050": {"K66-U060": 45.344844122355674}, "K68-U100": {"K68-U110": 190.9720866899615}, "K68-D160": {"K68-D170": 71.08664844969002}, "K65A-D020": {"K65A-D030": 75.45512298177428}, "K68-U030": {"K68-U040": 21.950024774896033}, "K66-D110": {"K66-D120": 38.78389443659957}, "K65-D120": {"K65-D130": 68.6333764204286}, "K66-D130": {"K66-D140": 41.372877801584345}, "K65A-D100": {"K65A-D110": 230.51850221220093}, "K65-D090": {"K65-D100": 95.12791134024027}, "K65A-D080": {"K65A-D090": 55.873152828061066}, "K68-D080": {"K68-D090": 83.95972186166532}, "K65A-U070": {"K65A-U080": 48.868409151071276}, "K66-D010": {"K66-D020": 36.06972422836449}, "K65-D020": {"K65-D030": 80.92502989915697}, "K65A-U090": {"K65A-U100": 52.57322576133538}, "K66-U100": {"K66-U110": 78.64682473176546}, "K65A-D060": {"K65A-D070": 79.26774891022743}, "K65-D080": {"K65-D090": 62.35108643837715}, "K65-D110": {"K65-D120": 99.19123238996958}, "K65-U160": {"K65-U170": 55.526412033213695}, "K68-U170": {"K68-D010": 159.56285712264386}, "K66-U160": {"K66-U170": 49.725499689503486}, "K66-D020": {"K66-D030": 66.95709780166814}, "K68-D050": {"K68-D060": 62.4037467761339}, "K66-D190": {"K66-D200": 81.50604132759364}, "K66-U030": {"K66-U040": 152.6577209160184}, "K66-D100": {"K66-D110": 46.59070556371385}, "K66-D140": {"K66-D150": 89.06781497341248}, "K65-U030": {"K65-U040": 101.65108683908477}, "K65-D140": {"K65-D150": 102.56154667584556}, "K65-D010": {"K65-D020": 43.13115849466756}, "K66-U070": {"K66-U080": 207.86345594520714}, "K65-U170": {"K65-U180": 49.0119384670464}, "K66-D150": {"K66-D160": 94.5063809340718}, "K65-U090": {"K65-U100": 59.13313843557988}, "K66-U090": {"K66-U100": 55.57153070310701}, "K66-U150": {"K66-U160": 55.37703973022665}, "K66-D040": {"K66-D050": 48.91215730448444}, "K68-D110": {"K68-D120": 97.81359477085887}, "K65-U180": {"K65-U190": 78.32892858751356}, "K68-U090": {"K68-U100": 153.1227590361972}, "K66-D070": {"K66-D080": 55.233414140944774}, "K65-U110": {"K65-U120": 112.83615020238896}, "K68-U140": {"K68-U150": 34.407200519850406}, "K68-D090": {"K68-D100": 152.15271388367327}, "K68-D140": {"K68-D150": 51.74972707629041}, "K66-D180": {"K66-D190": 82.93330759588724}, "K68-U150": {"K68-U160": 89.87977926696853}, "K66-D080": {"K66-D090": 63.35335621733991}, "K65-U150": {"K65-U160": 50.42268387674736}, "K65-D030": {"K65-D040": 66.76409559459941}, "K68-D100": {"K68-D110": 87.49157394862554}, "K65-U130": {"K65-U140": 31.849383714452568}, "K65-U010": {"K65-U020": 259.1780381953289}, "K66-U210": {"K66-U220": 53.418024834002246}, "K68-U040": {"K68-U050": 46.99897479925418}, "K68-U110": {"K68-U120": 197.70514959384155}, "K68-D020": {"K68-D030": 79.4819305272323}, "K65-U210": {"K65-U220": 79.16305270231506}, "K66-U120": {"K66-U130": 53.726458141444105}, "K68-D130": {"K68-D140": 60.1653124120315}, "K65-U040": {"K65-U050": 93.50285647218874}, "K65-D130": {"K65-D140": 111.39747603404665}, "K68-U050": {"K68-U060": 52.783087381823044}, "K66-D050": {"K66-D060": 42.04777182746769}, "K68-U010": {"K68-U020": 92.38938210635396}, "K68-D060": {"K68-D070": 97.64479305444232}, "K68-U060": {"K68-U070": 70.94436926348408}, "K65-U220": {"K65-U230": 81.51713047612444}, "K66-U110": {"K66-U120": 41.62461486117634}, "K68-D180": {"K68-D190": 31.953263977990694}, "K68-D170": {"K68-D180": 47.39321371611239}, "K66-U200": {"K66-U210": 58.02177167555608}, "K66-D030": {"K66-D040": 81.07839115488639}, "K65-U020": {"K65-U030": 138.3994512419095}, "K65-U190": {"K65-U200": 58.98290244821271}, "K68-U160": {"K68-U170": 69.79216631977403}, "K66-D160": {"K66-D170": 146.3575824602701}, "K65-U120": {"K65-U130": 173.0275926502243}, "K68-D200": {"K68-U011": 68.3341783208681}, "K65-D040": {"K65-D050": 68.54740152334173}, "K65A-U040": {"K65A-U050": 85.74460780984784}, "K65A-D040": {"K65A-D050": 69.42198607161433}, "K65A-U020": {"K65A-U030": 196.6007962223475}, "K66-U170": {"K66-U180": 33.204150742837854}, "K65A-U050": {"K65A-U060": 51.53960756171932}, "K65A-D090": {"K65A-D100": 108.95325638796783}, "K65A-U080": {"K65A-U090": 72.60513135829888}, "K65A-D030": {"K65A-D040": 67.2505692706095}, "K65A-D010": {"K65A-D020": 84.95438254693634}, "K66-D060": {"K66-D070": 45.13116322484984}, "K65A-U060": {"K65A-U070": 53.308178957807534}, "K66-D210": {"K66-D220": 171.07186296614248}, "K68-D070": {"K68-D080": 198.83968514293355}, "K65-D160": {"K65-D170": 146.95154151698844}, "K68-U130": {"K68-U140": 167.0291899149317}, "K68-U020": {"K68-U030": 40.425223474937745}, "K66-U060": {"K66-U070": 168.16576520223617}, "K68-D010": {"K68-D020": 48.16846996842018}, "K65A-U010": {"K65A-U020": 57.36753609507152}, "K68-D040": {"K68-D050": 102.53398984779457}, "K66-D220": {"K66-D230": 82.24695791719768}, "K66-D120": {"K66-D130": 66.11822794793417}, "K68-U080": {"K68-U090": 50.79969440760277}, "K68-D120": {"K68-D130": 175.22322530470282}, "K66-D230": {"K66-D240": 103.81507775195226}, "K68-D030": {"K68-D040": 84.9942724425658}}