{"K65A-D050": {"K65A-D060": 62.35185765192991}, "K65A-U100": {"K65A-U110": 63.01224289819694}, "K65A-U110": {"K65A-U120": 80.88063580031869}, "K65A-U120": {"K65A-U130": 76.82616981257141}, "K65-U060": {"K65-U070": 34.54128202522038}, "K66-D090": {"K66-D100": 46.25303403558574}, "K65A-D070": {"K65A-D080": 103.08364758337783}, "K68-D190": {"K68-D200": 43.96189791385514}, "K65A-U030": {"K65A-U040": 39.929658892463934}, "K65-D050": {"K65-D060": 62.45294186183408}, "K65-U070": {"K65-U080": 66.97643020755666}, "K65-U200": {"K65-U210": 67.05292603599688}, "K65-D150": {"K65-D160": 108.17844615331262}, "K66-D170": {"K66-D180": 175.73486768599142}, "K65-D060": {"K65-D070": 84.21552540072801}, "K65-D180": {"K65-D190": 116.24576101455257}, "K66-U190": {"K66-U200": 65.5498110930873}, "K66-U130": {"K66-U140": 54.69809950902553}, "K65-U080": {"K65-U090": 154.63752812225175}, "K66-D200": {"K66-D210": 125.71160939353263}, "K68-U120": {"K68-U130": 156.82236010282003}, "K68-D150": {"K68-D160": 41.82749143780357}, "K65-U100": {"K65-U110": 125.59255457492411}, "K66-U020": {"K66-U030": 190.38240314982244}, "K65-D070": {"K65-D080": 132.02543618145947}, "K65-D100": {"K65-D110": 224.40527433694197}, "K66-U180": {"K66-U190": 55.06172642108002}, "K65-D170": {"K65-D180": 100.6744023095001}, "K66-U040": {"K66-U050": 127.58333554572998}, "K65-U140": {"K65-U150": 100.00226297212944}, "K66-U010": {"K66-U020": 132.19316403065451}, "K66-U080": {"K66-U090": 178.52201629925653}, "K65-U050": {"K65-U060": 108.51236766861182}, "K68-U070": {"K68-U080": 31.451206133523975}, "K66-U140": {"K66-U150": 50.79713937928172}, "K66-U050": {"K66-U060": 49.023913278285235}, "K68-U100": {"K68-U110": 186.3318042310434}, "K68-D160": {"K68-D170": 78.87444132342651}, "K65A-D020": {"K65A-D030": 79.96914545275024}, "K68-U030": {"K68-U040": 23.000634520318552}, "K66-D110": {"K66-D120": 42.41129189998262}, "K65-D120": {"K65-D130": 66.00369681540901}, "K66-D130": {"K66-D140": 39.90702848315398}, "K65A-D100": {"K65A-D110": 250.7119451278906}, "K65-D090": {"K65-D100": 108.28380396802098}, "K65A-D080": {"K65A-D090": 59.28543946871021}, "K68-D080": {"K68-D090": 87.01889805638514}, "K65A-U070": {"K65A-U080": 39.90242916349354}, "K66-D010": {"K66-D020": 44.41238303567165}, "K65-D020": {"K65-D030": 74.52806603556945}, "K65A-U090": {"K65A-U100": 54.43004012410861}, "K66-U100": {"K66-U110": 78.61599745469154}, "K65A-D060": {"K65A-D070": 79.27729337878162}, "K65-D080": {"K65-D090": 60.56145484310507}, "K65-D110": {"K65-D120": 107.35210604598065}, "K65-U160": {"K65-U170": 51.24303305952397}, "K68-U170": {"K68-D010": 165.51080656473198}, "K66-U160": {"K66-U170": 50.14715655467968}, "K66-D020": {"K66-D030": 69.87506891727824}, "K68-D050": {"K68-D060": 60.661356127138085}, "K66-D190": {"K66-D200": 82.06632319514435}, "K66-U030": {"K66-U040": 157.5552288961948}, "K66-D100": {"K66-D110": 48.724358630563174}, "K66-D140": {"K66-D150": 82.22484529682787}, "K65-U030": {"K65-U040": 100.76481398256315}, "K65-D140": {"K65-D150": 113.21619553715121}, "K65-D010": {"K65-D020": 41.00933786008729}, "K66-U070": {"K66-U080": 188.72049027609046}, "K65-U170": {"K65-U180": 54.68864684197227}, "K66-D150": {"K66-D160": 96.13855121111447}, "K65-U090": {"K65-U100": 56.58432185735457}, "K66-U090": {"K66-U100": 52.33536860155239}, "K66-U150": {"K66-U160": 50.63630906901448}, "K66-D040": {"K66-D050": 42.90784830584651}, "K68-D110": {"K68-D120": 98.09158232334231}, "K65-U180": {"K65-U190": 77.26218425931168}, "K68-U090": {"K68-U100": 135.30452259784772}, "K66-D070": {"K66-D080": 52.40891840912424}, "K65-U110": {"K65-U120": 106.1222171444028}, "K68-U140": {"K68-U150": 41.711579734052926}, "K68-D090": {"K68-D100": 148.36626764502185}, "K68-D140": {"K68-D150": 45.42144634775182}, "K66-D180": {"K66-D190": 85.94341898494257}, "K68-U150": {"K68-U160": 88.84613300271435}, "K66-D080": {"K66-D090": 67.73331559038374}, "K65-U150": {"K65-U160": 52.31686719030027}, "K65-D030": {"K65-D040": 67.91204059323653}, "K68-D100": {"K68-D110": 96.42451490167171}, "K65-U130": {"K65-U140": 33.30329960234131}, "K65-U010": {"K65-U020": 272.0655514477297}, "K66-U210": {"K66-U220": 61.759077638756494}, "K68-U040": {"K68-U050": 50.60031361919278}, "K68-U110": {"K68-U120": 187.85275946199172}, "K68-D020": {"K68-D030": 87.49000380056661}, "K65-U210": {"K65-U220": 79.04836387167713}, "K66-U120": {"K66-U130": 53.77111382665173}, "K68-D130": {"K68-D140": 56.285126078638484}, "K65-U040": {"K65-U050": 86.85556182476566}, "K65-D130": {"K65-D140": 101.79525520271626}, "K68-U050": {"K68-U060": 49.597037766578765}, "K66-D050": {"K66-D060": 45.72560926304047}, "K68-U010": {"K68-U020": 91.36995811034409}, "K68-D060": {"K68-D070": 104.17467789055225}, "K68-U060": {"K68-U070": 70.27367811085199}, "K65-U220": {"K65-U230": 79.7292280540764}, "K66-U110": {"K66-U120": 36.913407438273325}, "K68-D180": {"K68-D190": 40.23450986874589}, "K68-D170": {"K68-D180": 49.09435806518907}, "K66-U200": {"K66-U210": 58.33458679858396}, "K66-D030": {"K66-D040": 80.3298073676742}, "K65-U020": {"K65-U030": 130.28196677146337}, "K65-U190": {"K65-U200": 55.6948934465817}, "K68-U160": {"K68-U170": 71.66017491156664}, "K66-D160": {"K66-D170": 146.256338367023}, "K65-U120": {"K65-U130": 177.21615608003412}, "K68-D200": {"K68-U011": 69.98805668343853}, "K65-D040": {"K65-D050": 68.55298012993873}, "K65A-U040": {"K65A-U050": 98.67057697309846}, "K65A-D040": {"K65A-D050": 78.27905810354528}, "K65A-U020": {"K65A-U030": 198.1291916830492}, "K66-U170": {"K66-U180": 30.097868686600787}, "K65A-U050": {"K65A-U060": 46.02044514230996}, "K65A-D090": {"K65A-D100": 119.02592468866524}, "K65A-U080": {"K65A-U090": 71.63372218722023}, "K65A-D030": {"K65A-D040": 65.10220571042967}, "K65A-D010": {"K65A-D020": 93.65917085423114}, "K66-D060": {"K66-D070": 48.14018482090831}, "K65A-U060": {"K65A-U070": 58.401129926155946}, "K66-D210": {"K66-D220": 144.9557604870351}, "K68-D070": {"K68-D080": 210.5413159413685}, "K65-D160": {"K65-D170": 154.96803918144084}, "K68-U130": {"K68-U140": 166.58673950171652}, "K68-U020": {"K68-U030": 40.69400163802979}, "K66-U060": {"K66-U070": 157.75781249083053}, "K68-D010": {"K68-D020": 49.271087722686694}, "K65A-U010": {"K65A-U020": 63.81574365543887}, "K68-D040": {"K68-D050": 99.16708770287639}, "K66-D220": {"K66-D230": 93.37479599443631}, "K66-D120": {"K66-D130": 66.69570869037264}, "K68-U080": {"K68-U090": 51.41672179180002}, "K68-D120": {"K68-D130": 169.22746907707463}, "K66-D230": {"K66-D240": 97.32123818568066}, "K68-D030": {"K68-D040": 84.59150512666646}}