{"K65A-D050": {"K65A-D060": 60.5574044338572}, "K65A-U100": {"K65A-U110": 59.005841926347365}, "K65A-U110": {"K65A-U120": 76.3563710490144}, "K65A-U120": {"K65A-U130": 80.0804232133913}, "K65-U060": {"K65-U070": 36.43097442157855}, "K66-D090": {"K66-D100": 43.91593021419345}, "K65A-D070": {"K65A-D080": 120.86142999090842}, "K68-D190": {"K68-D200": 43.31206475685953}, "K65A-U030": {"K65A-U040": 32.842046651318306}, "K65-D050": {"K65-D060": 60.51758877056152}, "K65-U070": {"K65-U080": 68.30614621309813}, "K65-U200": {"K65-U210": 64.06630608741213}, "K65-D150": {"K65-D160": 117.49621243836131}, "K66-D170": {"K66-D180": 186.12265532314103}, "K65-D060": {"K65-D070": 92.1592803903346}, "K65-D180": {"K65-D190": 117.30522331760744}, "K66-U190": {"K66-U200": 72.46880467489858}, "K66-U130": {"K66-U140": 54.59468733639549}, "K65-U080": {"K65-U090": 164.93748793893803}, "K66-D200": {"K66-D210": 135.1434295548038}, "K68-U120": {"K68-U130": 163.44477894135852}, "K68-D150": {"K68-D160": 43.85443597286174}, "K65-U100": {"K65-U110": 120.5620576007124}, "K66-U020": {"K66-U030": 186.75817287780364}, "K65-D070": {"K65-D080": 117.96180055668756}, "K65-D100": {"K65-D110": 222.08021183385716}, "K66-U180": {"K66-U190": 59.82598572988873}, "K65-D170": {"K65-D180": 101.51085061046749}, "K66-U040": {"K66-U050": 131.8591583328235}, "K65-U140": {"K65-U150": 95.88329477714237}, "K66-U010": {"K66-U020": 133.14902170160673}, "K66-U080": {"K66-U090": 172.21004581241763}, "K65-U050": {"K65-U060": 109.37104654015384}, "K68-U070": {"K68-U080": 33.64978147694857}, "K66-U140": {"K66-U150": 46.74192463063291}, "K66-U050": {"K66-U060": 47.6134286143281}, "K68-U100": {"K68-U110": 189.12602287110647}, "K68-D160": {"K68-D170": 82.86098423690957}, "K65A-D020": {"K65A-D030": 80.95415057081541}, "K68-U030": {"K68-U040": 21.67400595516665}, "K66-D110": {"K66-D120": 38.99515696492362}, "K65-D120": {"K65-D130": 68.36727381261001}, "K66-D130": {"K66-D140": 42.74820672027268}, "K65A-D100": {"K65A-D110": 235.4906572693065}, "K65-D090": {"K65-D100": 105.45695279597172}, "K65A-D080": {"K65A-D090": 57.827578969817104}, "K68-D080": {"K68-D090": 94.71423532295526}, "K65A-U070": {"K65A-U080": 49.2250926240029}, "K66-D010": {"K66-D020": 42.648572055660466}, "K65-D020": {"K65-D030": 79.40210354723823}, "K65A-U090": {"K65A-U100": 55.1278961091633}, "K66-U100": {"K66-U110": 82.03322503587543}, "K65A-D060": {"K65A-D070": 82.17841995991357}, "K65-D080": {"K65-D090": 64.61189737290752}, "K65-D110": {"K65-D120": 106.78195499218252}, "K65-U160": {"K65-U170": 57.863360820411756}, "K68-U170": {"K68-D010": 167.32989615804095}, "K66-U160": {"K66-U170": 44.331194803344005}, "K66-D020": {"K66-D030": 63.595072759001184}, "K68-D050": {"K68-D060": 69.99769308667364}, "K66-D190": {"K66-D200": 87.6720668362999}, "K66-U030": {"K66-U040": 162.38967003533472}, "K66-D100": {"K66-D110": 45.99709116713085}, "K66-D140": {"K66-D150": 88.55396476896782}, "K65-U030": {"K65-U040": 102.08703102181433}, "K65-D140": {"K65-D150": 108.75437089437011}, "K65-D010": {"K65-D020": 41.63882412699631}, "K66-U070": {"K66-U080": 194.85564014444168}, "K65-U170": {"K65-U180": 56.73855412861451}, "K66-D150": {"K66-D160": 87.45914994253249}, "K65-U090": {"K65-U100": 56.70923721598282}, "K66-U090": {"K66-U100": 53.542549858751805}, "K66-U150": {"K66-U160": 59.55608723496827}, "K66-D040": {"K66-D050": 45.317197206686934}, "K68-D110": {"K68-D120": 97.93386344546609}, "K65-U180": {"K65-U190": 75.86624339616789}, "K68-U090": {"K68-U100": 148.69367995668568}, "K66-D070": {"K66-D080": 52.40697272384066}, "K65-U110": {"K65-U120": 109.64839452187603}, "K68-U140": {"K68-U150": 46.68256105610823}, "K68-D090": {"K68-D100": 139.8665467580445}, "K68-D140": {"K68-D150": 44.97193224744878}, "K66-D180": {"K66-D190": 85.59991697608503}, "K68-U150": {"K68-U160": 83.9891667852871}, "K66-D080": {"K66-D090": 62.825255196777256}, "K65-U150": {"K65-U160": 55.89960125468373}, "K65-D030": {"K65-D040": 62.23021085692549}, "K68-D100": {"K68-D110": 92.75523766970821}, "K65-U130": {"K65-U140": 34.85904374198503}, "K65-U010": {"K65-U020": 249.14538177784942}, "K66-U210": {"K66-U220": 50.769002704389614}, "K68-U040": {"K68-U050": 52.54036144575868}, "K68-U110": {"K68-U120": 193.80912183232698}, "K68-D020": {"K68-D030": 87.80950542878386}, "K65-U210": {"K65-U220": 82.14984517748957}, "K66-U120": {"K66-U130": 54.81777986020656}, "K68-D130": {"K68-D140": 62.9231090940606}, "K65-U040": {"K65-U050": 84.06324660097195}, "K65-D130": {"K65-D140": 110.57077201758906}, "K68-U050": {"K68-U060": 53.327574545225026}, "K66-D050": {"K66-D060": 43.49169185658359}, "K68-U010": {"K68-U020": 94.63994820577241}, "K68-D060": {"K68-D070": 90.78870916422669}, "K68-U060": {"K68-U070": 62.771541069106036}, "K65-U220": {"K65-U230": 81.39620311619657}, "K66-U110": {"K66-U120": 42.76114299247834}, "K68-D180": {"K68-D190": 35.90972680859172}, "K68-D170": {"K68-D180": 45.243591906881015}, "K66-U200": {"K66-U210": 57.73101338848733}, "K66-D030": {"K66-D040": 79.72203201769426}, "K65-U020": {"K65-U030": 138.46397590205297}, "K65-U190": {"K65-U200": 60.02662111974055}, "K68-U160": {"K68-U170": 72.8374350585369}, "K66-D160": {"K66-D170": 152.62057385351227}, "K65-U120": {"K65-U130": 184.4220089942467}, "K68-D200": {"K68-U011": 68.098532420434}, "K65-D040": {"K65-D050": 72.68909387182279}, "K65A-U040": {"K65A-U050": 89.16729920618677}, "K65A-D040": {"K65A-D050": 72.33202044442382}, "K65A-U020": {"K65A-U030": 193.74754846688734}, "K66-U170": {"K66-U180": 32.57806546613716}, "K65A-U050": {"K65A-U060": 43.40860224530467}, "K65A-D090": {"K65A-D100": 122.84772299493713}, "K65A-U080": {"K65A-U090": 64.10240855479961}, "K65A-D030": {"K65A-D040": 64.38337339391673}, "K65A-D010": {"K65A-D020": 73.16338275294811}, "K66-D060": {"K66-D070": 44.967825127691135}, "K65A-U060": {"K65A-U070": 48.10269935611295}, "K66-D210": {"K66-D220": 134.46615935416148}, "K68-D070": {"K68-D080": 223.52266911597235}, "K65-D160": {"K65-D170": 149.60950346229288}, "K68-U130": {"K68-U140": 155.0861554691328}, "K68-U020": {"K68-U030": 41.477929891781265}, "K66-U060": {"K66-U070": 166.91512407708572}, "K68-D010": {"K68-D020": 47.36506623799509}, "K65A-U010": {"K65A-U020": 62.43776364726669}, "K68-D040": {"K68-D050": 123.02311765527956}, "K66-D220": {"K66-D230": 90.7043203749761}, "K66-D120": {"K66-D130": 63.70430121624402}, "K68-U080": {"K68-U090": 52.2096587719431}, "K68-D120": {"K68-D130": 173.526741787694}, "K66-D230": {"K66-D240": 100.70230020118183}, "K68-D030": {"K68-D040": 97.27805256725055}}