{"K65A-D050": {"K65A-D060": 54.08949215334021}, "K65A-U100": {"K65A-U110": 59.606924690954976}, "K65A-U110": {"K65A-U120": 77.01040559820775}, "K65A-U120": {"K65A-U130": 84.17519501958074}, "K65-U060": {"K65-U070": 35.27860551273062}, "K66-D090": {"K66-D100": 41.00379928731345}, "K65A-D070": {"K65A-D080": 120.25991839914795}, "K68-D190": {"K68-D200": 40.02346649485941}, "K65A-U030": {"K65A-U040": 31.951638623338386}, "K65-D050": {"K65-D060": 61.57001853102967}, "K65-U070": {"K65-U080": 68.15963849395307}, "K65-U200": {"K65-U210": 59.418162219152784}, "K65-D150": {"K65-D160": 108.78715037302668}, "K66-D170": {"K66-D180": 204.12231258988203}, "K65-D060": {"K65-D070": 85.26778832050626}, "K65-D180": {"K65-D190": 117.96787968039432}, "K66-U190": {"K66-U200": 66.72043232876375}, "K66-U130": {"K66-U140": 49.74575651097656}, "K65-U080": {"K65-U090": 144.467564733343}, "K66-D200": {"K66-D210": 132.78606080664792}, "K68-U120": {"K68-U130": 157.55934101771183}, "K68-D150": {"K68-D160": 39.544456323407246}, "K65-U100": {"K65-U110": 129.73296143221356}, "K66-U020": {"K66-U030": 188.65333286378387}, "K65-D070": {"K65-D080": 125.97361287422859}, "K65-D100": {"K65-D110": 218.83169801362706}, "K66-U180": {"K66-U190": 59.31022683947572}, "K65-D170": {"K65-D180": 101.38326908807528}, "K66-U040": {"K66-U050": 132.01137860893724}, "K65-U140": {"K65-U150": 96.84030289471173}, "K66-U010": {"K66-U020": 122.37870623689994}, "K66-U080": {"K66-U090": 178.34451730072436}, "K65-U050": {"K65-U060": 100.33896360014647}, "K68-U070": {"K68-U080": 28.908308408357595}, "K66-U140": {"K66-U150": 45.13314094167514}, "K66-U050": {"K66-U060": 45.2486050597156}, "K68-U100": {"K68-U110": 194.5892613250124}, "K68-D160": {"K68-D170": 82.11645646248284}, "K65A-D020": {"K65A-D030": 78.73440450727188}, "K68-U030": {"K68-U040": 21.897230678350848}, "K66-D110": {"K66-D120": 44.850901566283525}, "K65-D120": {"K65-D130": 72.74149300443663}, "K66-D130": {"K66-D140": 38.4592958720946}, "K65A-D100": {"K65A-D110": 262.4335944360916}, "K65-D090": {"K65-D100": 108.75903536269443}, "K65A-D080": {"K65A-D090": 55.400440120291464}, "K68-D080": {"K68-D090": 93.01743973421469}, "K65A-U070": {"K65A-U080": 41.930615253048295}, "K66-D010": {"K66-D020": 15.57043922674706}, "K65-D020": {"K65-D030": 77.07568020916956}, "K65A-U090": {"K65A-U100": 49.77438007493136}, "K66-U100": {"K66-U110": 85.18223296552534}, "K65A-D060": {"K65A-D070": 81.19954677743594}, "K65-D080": {"K65-D090": 57.39753898378084}, "K65-D110": {"K65-D120": 100.85337775369666}, "K65-U160": {"K65-U170": 55.21732339798707}, "K68-U170": {"K68-D010": 163.38343117171252}, "K66-U160": {"K66-U170": 42.04216711938604}, "K66-D020": {"K66-D030": 63.71108061678029}, "K68-D050": {"K68-D060": 64.73560837063799}, "K66-D190": {"K66-D200": 86.91201370999167}, "K66-U030": {"K66-U040": 148.52214346533225}, "K66-D100": {"K66-D110": 45.89494527578998}, "K66-D140": {"K66-D150": 94.41151742266084}, "K65-U030": {"K65-U040": 104.84194192199975}, "K65-D140": {"K65-D150": 114.20163893903766}, "K65-D010": {"K65-D020": 44.60945182422371}, "K66-U070": {"K66-U080": 193.48996948709353}, "K65-U170": {"K65-U180": 47.75391592289309}, "K66-D150": {"K66-D160": 94.56461205539874}, "K65-U090": {"K65-U100": 49.030226528739924}, "K66-U090": {"K66-U100": 51.44785802236315}, "K66-U150": {"K66-U160": 52.81509495706839}, "K66-D040": {"K66-D050": 38.8988919037613}, "K68-D110": {"K68-D120": 97.9951319155679}, "K65-U180": {"K65-U190": 76.34571854696226}, "K68-U090": {"K68-U100": 143.07607938766958}, "K66-D070": {"K66-D080": 52.79092760245133}, "K65-U110": {"K65-U120": 111.8772497638674}, "K68-U140": {"K68-U150": 41.552929393852956}, "K68-D090": {"K68-D100": 149.76904372768792}, "K68-D140": {"K68-D150": 42.8781341379131}, "K66-D180": {"K66-D190": 81.71354444492434}, "K68-U150": {"K68-U160": 84.03484486424917}, "K66-D080": {"K66-D090": 63.641692838206154}, "K65-U150": {"K65-U160": 56.61939113326521}, "K65-D030": {"K65-D040": 61.842898232885716}, "K68-D100": {"K68-D110": 90.322592732939}, "K65-U130": {"K65-U140": 37.34933662193827}, "K65-U010": {"K65-U020": 289.4423210796605}, "K66-U210": {"K66-U220": 53.26676930017086}, "K68-U040": {"K68-U050": 53.41382718866821}, "K68-U110": {"K68-U120": 198.70746470586226}, "K68-D020": {"K68-D030": 83.19782936050488}, "K65-U210": {"K65-U220": 76.26421510954076}, "K66-U120": {"K66-U130": 50.98086103818297}, "K68-D130": {"K68-D140": 68.43541851182967}, "K65-U040": {"K65-U050": 83.9340845606562}, "K65-D130": {"K65-D140": 115.91351513920954}, "K68-U050": {"K68-U060": 51.785236177820934}, "K66-D050": {"K66-D060": 44.185088524901886}, "K68-U010": {"K68-U020": 93.17528112295258}, "K68-D060": {"K68-D070": 96.82876954427186}, "K68-U060": {"K68-U070": 73.40649214995905}, "K65-U220": {"K65-U230": 79.05505552515405}, "K66-U110": {"K66-U120": 39.54437078224758}, "K68-D180": {"K68-D190": 41.69568547639145}, "K68-D170": {"K68-D180": 45.515913922856654}, "K66-U200": {"K66-U210": 53.66561669642882}, "K66-D030": {"K66-D040": 78.05135125196311}, "K65-U020": {"K65-U030": 135.8205922445789}, "K65-U190": {"K65-U200": 54.462163242801196}, "K68-U160": {"K68-U170": 75.70784079826244}, "K66-D160": {"K66-D170": 156.89339486927463}, "K65-U120": {"K65-U130": 174.6176137396256}, "K68-D200": {"K68-U011": 69.75868413347862}, "K65-D040": {"K65-D050": 67.30665380804518}, "K65A-U040": {"K65A-U050": 88.22223112040685}, "K65A-D040": {"K65A-D050": 66.99533347168162}, "K65A-U020": {"K65A-U030": 192.33074155581318}, "K66-U170": {"K66-U180": 32.04484581004026}, "K65A-U050": {"K65A-U060": 48.923315263444145}, "K65A-D090": {"K65A-D100": 123.78880295583224}, "K65A-U080": {"K65A-U090": 67.11788721415545}, "K65A-D030": {"K65A-D040": 63.864070859577964}, "K65A-D010": {"K65A-D020": 68.58857327894349}, "K66-D060": {"K66-D070": 44.406416069819926}, "K65A-U060": {"K65A-U070": 46.08081217048847}, "K66-D210": {"K66-D220": 147.01474132655306}, "K68-D070": {"K68-D080": 223.38211755759934}, "K65-D160": {"K65-D170": 152.7754875614973}, "K68-U130": {"K68-U140": 162.68132182193213}, "K68-U020": {"K68-U030": 40.494390867248846}, "K66-U060": {"K66-U070": 168.58954027339354}, "K68-D010": {"K68-D020": 50.24986463856517}, "K65A-U010": {"K65A-U020": 77.86785063972772}, "K68-D040": {"K68-D050": 102.14961250555238}, "K66-D220": {"K66-D230": 90.96356117340125}, "K66-D120": {"K66-D130": 62.04686630587388}, "K68-U080": {"K68-U090": 50.2352953211426}, "K68-D120": {"K68-D130": 163.72265512066937}, "K66-D230": {"K66-D240": 96.48854067848012}, "K68-D030": {"K68-D040": 92.28806004307805}}