{"K65A-D050": {"K65A-D060": 72.45146188116632}, "K65A-U100": {"K65A-U110": 56.01358696818352}, "K65A-U110": {"K65A-U120": 70.21137503344653}, "K65A-U120": {"K65A-U130": 72.89331444352865}, "K65-U060": {"K65-U070": 32.97459961585812}, "K66-D090": {"K66-D100": 37.94653329725617}, "K65A-D070": {"K65A-D080": 95.97171974135563}, "K68-D190": {"K68-D200": 34.99795587453991}, "K65A-U030": {"K65A-U040": 29.18931770324707}, "K65-D050": {"K65-D060": 55.5491447474046}, "K65-U070": {"K65-U080": 60.1220839637326}, "K65-U200": {"K65-U210": 59.58943373125486}, "K65-D150": {"K65-D160": 109.18061967762688}, "K66-D170": {"K66-D180": 165.76303036266472}, "K65-D060": {"K65-D070": 75.5762960629242}, "K65-D180": {"K65-D190": 112.6647726652764}, "K66-U190": {"K66-U200": 64.13106030619579}, "K66-U130": {"K66-U140": 50.90066334921832}, "K65-U080": {"K65-U090": 134.45548196562157}, "K66-D200": {"K66-D210": 128.8907191850181}, "K68-U120": {"K68-U130": 155.00076806824654}, "K68-D150": {"K68-D160": 61.24139475822449}, "K65-U100": {"K65-U110": 127.69028506573295}, "K66-U020": {"K66-U030": 166.5903953766683}, "K65-D070": {"K65-D080": 121.16914117254335}, "K65-D100": {"K65-D110": 204.56811150095697}, "K66-U180": {"K66-U190": 59.41028964713128}, "K65-D170": {"K65-D180": 102.7310968117065}, "K66-U040": {"K66-U050": 61.38911309665855}, "K65-U140": {"K65-U150": 96.47562875476628}, "K66-U010": {"K66-U020": 127.75557964954533}, "K66-U080": {"K66-U090": 163.9531349427504}, "K65-U050": {"K65-U060": 100.9333641828551}, "K68-U070": {"K68-U080": 35.91023235607427}, "K66-U140": {"K66-U150": 46.607952820188544}, "K66-U050": {"K66-U060": 46.232463618315776}, "K68-U100": {"K68-U110": 174.07942842245103}, "K68-D160": {"K68-D170": 48.33325142227113}, "K65A-D020": {"K65A-D030": 72.23557804524899}, "K68-U030": {"K68-U040": 18.87432861328125}, "K66-D110": {"K66-D120": 35.997163350632036}, "K65-D120": {"K65-D130": 61.00547612406001}, "K66-D130": {"K66-D140": 34.30542645789683}, "K65A-D100": {"K65A-D110": 255.70788097381592}, "K65-D090": {"K65-D100": 104.70006949482617}, "K65A-D080": {"K65A-D090": 57.43814841005951}, "K68-D080": {"K68-D090": 79.24804566800594}, "K65A-U070": {"K65A-U080": 47.84053149074316}, "K66-D010": {"K66-D020": 16.42250392240981}, "K65-D020": {"K65-D030": 79.69083126460811}, "K65A-U090": {"K65A-U100": 41.294501312077045}, "K66-U100": {"K66-U110": 67.79565930598301}, "K65A-D060": {"K65A-D070": 68.66132998466492}, "K65-D080": {"K65-D090": 59.051008930795156}, "K65-D110": {"K65-D120": 82.85432371763717}, "K65-U160": {"K65-U170": 49.96044331128887}, "K68-U170": {"K68-D010": 144.01538890600204}, "K66-U160": {"K66-U170": 45.37249533746717}, "K66-D020": {"K66-D030": 58.31954001498153}, "K68-D050": {"K68-D060": 48.910297107696536}, "K66-D190": {"K66-D200": 70.17022477156297}, "K66-U030": {"K66-U040": 176.76388032913616}, "K66-D100": {"K66-D110": 35.80266290740619}, "K66-D140": {"K66-D150": 86.74451396739262}, "K65-U030": {"K65-U040": 108.39567567806226}, "K65-D140": {"K65-D150": 94.74571130063454}, "K65-D010": {"K65-D020": 38.13951220190096}, "K66-U070": {"K66-U080": 210.2125994769085}, "K65-U170": {"K65-U180": 47.24982431078069}, "K66-D150": {"K66-D160": 98.63571490306458}, "K65-U090": {"K65-U100": 52.432335164523245}, "K66-U090": {"K66-U100": 59.157117044910166}, "K66-U150": {"K66-U160": 48.63564141093775}, "K66-D040": {"K66-D050": 33.51654664063349}, "K68-D110": {"K68-D120": 87.2044066786766}, "K65-U180": {"K65-U190": 75.96180148894345}, "K68-U090": {"K68-U100": 111.08145763166249}, "K66-D070": {"K66-D080": 43.78574559561893}, "K65-U110": {"K65-U120": 102.69969160930202}, "K68-U140": {"K68-U150": 36.73021358251572}, "K68-D090": {"K68-D100": 132.47044080495834}, "K68-D140": {"K68-D150": 43.52025950828829}, "K66-D180": {"K66-D190": 74.4661367659222}, "K68-U150": {"K68-U160": 85.76663218066096}, "K66-D080": {"K66-D090": 46.93237475126105}, "K65-U150": {"K65-U160": 50.31275187699185}, "K65-D030": {"K65-D040": 60.33754339108952}, "K68-D100": {"K68-D110": 84.37542473711073}, "K65-U130": {"K65-U140": 36.00914486330207}, "K65-U010": {"K65-U020": 248.93385857343674}, "K66-U210": {"K66-U220": 47.520669741175425}, "K68-U040": {"K68-U050": 37.53906593322754}, "K68-U110": {"K68-U120": 190.39023780822754}, "K68-D020": {"K68-D030": 67.46492886543274}, "K65-U210": {"K65-U220": 72.99153258956721}, "K66-U120": {"K66-U130": 54.606408495610594}, "K68-D130": {"K68-D140": 56.80016625178905}, "K65-U040": {"K65-U050": 75.08720411425992}, "K65-D130": {"K65-D140": 96.57772082067744}, "K68-U050": {"K68-U060": 54.39720564484596}, "K66-D050": {"K66-D060": 46.36717683717522}, "K68-U010": {"K68-U020": 84.21195656061172}, "K68-D060": {"K68-D070": 77.92852783203125}, "K68-U060": {"K68-U070": 74.28894367218018}, "K65-U220": {"K65-U230": 72.09027456119657}, "K66-U110": {"K66-U120": 41.90977223145692}, "K68-D180": {"K68-D190": 31.63752530515194}, "K68-D170": {"K68-D180": 50.76929947733879}, "K66-U200": {"K66-U210": 57.24677917823792}, "K66-D030": {"K66-D040": 69.95132291699582}, "K65-U020": {"K65-U030": 143.14688808896577}, "K65-U190": {"K65-U200": 53.44747010799287}, "K68-U160": {"K68-U170": 65.28937781890272}, "K66-D160": {"K66-D170": 160.9639109698037}, "K65-U120": {"K65-U130": 182.1282461139901}, "K68-D200": {"K68-U011": 56.493321411311626}, "K65-D040": {"K65-D050": 59.289127878610046}, "K65A-U040": {"K65A-U050": 100.4624604228884}, "K65A-D040": {"K65A-D050": 62.67136085778475}, "K65A-U020": {"K65A-U030": 192.21378357335925}, "K66-U170": {"K66-U180": 32.0042375711141}, "K65A-U050": {"K65A-U060": 46.35860596597195}, "K65A-D090": {"K65A-D100": 102.27844665618613}, "K65A-U080": {"K65A-U090": 63.91144780083414}, "K65A-D030": {"K65A-D040": 56.60783071257174}, "K65A-D010": {"K65A-D020": 46.408381432294846}, "K66-D060": {"K66-D070": 33.0550483697798}, "K65A-U060": {"K65A-U070": 48.069140698982665}, "K66-D210": {"K66-D220": 158.20446559425588}, "K68-D070": {"K68-D080": 173.6695990562439}, "K65-D160": {"K65-D170": 144.10630163681142}, "K68-U130": {"K68-U140": 141.26548767089844}, "K68-U020": {"K68-U030": 35.397147446870804}, "K66-U060": {"K66-U070": 176.1566382033343}, "K68-D010": {"K68-D020": 43.687965393066406}, "K65A-U010": {"K65A-U020": 72.4099543094635}, "K68-D040": {"K68-D050": 94.28963750600815}, "K66-D220": {"K66-D230": 81.89080907156676}, "K66-D120": {"K66-D130": 54.11361876744286}, "K68-U080": {"K68-U090": 43.996066245483235}, "K68-D120": {"K68-D130": 152.51786193847656}, "K66-D230": {"K66-D240": 98.97934646862359}, "K68-D030": {"K68-D040": 79.49189758300781}}