{"K65A-D050": {"K65A-D060": 54.0467529296875}, "K65A-U100": {"K65A-U110": 69.87109375}, "K65A-U110": {"K65A-U120": 72.34838390350342}, "K65A-U120": {"K65A-U130": 77.0859375}, "K65-U060": {"K65-U070": 32.281274382025}, "K66-D090": {"K66-D100": 47.09845018386841}, "K65A-D070": {"K65A-D080": 104.9990234375}, "K68-D190": {"K68-D200": 30.144775390625}, "K65A-U030": {"K65A-U040": 26.78125}, "K65-D050": {"K65-D060": 46.339779395610094}, "K65-U070": {"K65-U080": 57.05935591459274}, "K65-U200": {"K65-U210": 55.513474345207214}, "K65-D150": {"K65-D160": 97.67269819841022}, "K66-D170": {"K66-D180": 189.30224609375}, "K65-D060": {"K65-D070": 75.88412465772126}, "K65-D180": {"K65-D190": 118.07961463928223}, "K66-U190": {"K66-U200": 61.26429197192192}, "K66-U130": {"K66-U140": 52.699814346502535}, "K65-U080": {"K65-U090": 111.2828164100647}, "K66-D200": {"K66-D210": 98.69420552253723}, "K68-U120": {"K68-U130": 139.6722412109375}, "K68-D150": {"K68-D160": 71.188232421875}, "K65-U100": {"K65-U110": 119.64937591552734}, "K66-U020": {"K66-U030": 166.3798828125}, "K65-D070": {"K65-D080": 89.4333615899086}, "K65-D100": {"K65-D110": 193.72727870941162}, "K66-U180": {"K66-U190": 53.955424170257174}, "K65-D170": {"K65-D180": 79.6879492439839}, "K66-U040": {"K66-U050": 117.66361045837402}, "K65-U140": {"K65-U150": 85.41809940338135}, "K66-U010": {"K66-U020": 91.68660163879395}, "K66-U080": {"K66-U090": 160.24668502807617}, "K65-U050": {"K65-U060": 96.00969409942627}, "K68-U070": {"K68-U080": 58.6683349609375}, "K66-U140": {"K66-U150": 49.51379705523141}, "K66-U050": {"K66-U060": 30.176090240478516}, "K68-U100": {"K68-U110": 164.046875}, "K68-D160": {"K68-D170": 44.86083984375}, "K65A-D020": {"K65A-D030": 73.8427734375}, "K68-U030": {"K68-U040": 18.625}, "K66-D110": {"K66-D120": 29.778776168823242}, "K65-D120": {"K65-D130": 59.46479038381949}, "K66-D130": {"K66-D140": 41.856689453125}, "K65A-D100": {"K65A-D110": 236.48046875}, "K65-D090": {"K65-D100": 96.3014063835144}, "K65A-D080": {"K65A-D090": 54.32794380187988}, "K68-D080": {"K68-D090": 84.99752807617188}, "K65A-U070": {"K65A-U080": 45.1484375}, "K66-D010": {"K66-D020": 13.567116618156433}, "K65-D020": {"K65-D030": 70.95383680798113}, "K65A-U090": {"K65A-U100": 35.55474853515625}, "K66-U100": {"K66-U110": 82.89969088416547}, "K65A-D060": {"K65A-D070": 77.615234375}, "K65-D080": {"K65-D090": 52.13825232349336}, "K65-D110": {"K65-D120": 94.44679797627032}, "K65-U160": {"K65-U170": 56.45595359802246}, "K68-U170": {"K68-D010": 125.96977996826172}, "K66-U160": {"K66-U170": 39.835489988327026}, "K66-D020": {"K66-D030": 66.10900688171387}, "K68-D050": {"K68-D060": 38.453125}, "K66-D190": {"K66-D200": 70.44026565551758}, "K66-U030": {"K66-U040": 203.24054789543152}, "K66-D100": {"K66-D110": 71.89096643030643}, "K66-D140": {"K66-D150": 70.1293013393879}, "K65-U030": {"K65-U040": 103.5343764424324}, "K65-D140": {"K65-D150": 113.48298356495798}, "K65-D010": {"K65-D020": 38.27879169117659}, "K66-U070": {"K66-U080": 166.70909881591797}, "K65-U170": {"K65-U180": 37.568599700927734}, "K66-D150": {"K66-D160": 91.12156677246094}, "K65-U090": {"K65-U100": 51.43960201740265}, "K66-U090": {"K66-U100": 47.797916412353516}, "K66-U150": {"K66-U160": 56.62492370605469}, "K66-D040": {"K66-D050": 37.780073165893555}, "K68-D110": {"K68-D120": 80.65621948242188}, "K65-U180": {"K65-U190": 72.32912600040436}, "K68-U090": {"K68-U100": 129.4073486328125}, "K66-D070": {"K66-D080": 45.039833068847656}, "K65-U110": {"K65-U120": 95.63132381439209}, "K68-U140": {"K68-U150": 34.50537109375}, "K68-D090": {"K68-D100": 134.6171875}, "K68-D140": {"K68-D150": 61.63416290283203}, "K66-D180": {"K66-D190": 73.63738250732422}, "K68-U150": {"K68-U160": 70.10546875}, "K66-D080": {"K66-D090": 59.75882329232991}, "K65-U150": {"K65-U160": 58.144805908203125}, "K65-D030": {"K65-D040": 55.42083740234375}, "K68-D100": {"K68-D110": 78.95889282226562}, "K65-U130": {"K65-U140": 32.086395263671875}, "K65-U010": {"K65-U020": 197.7109375}, "K66-U210": {"K66-U220": 46.3978271484375}, "K68-U040": {"K68-U050": 43.001953125}, "K68-U110": {"K68-U120": 173.20703125}, "K68-D020": {"K68-D030": 67.3486328125}, "K65-U210": {"K65-U220": 67.40966796875}, "K66-U120": {"K66-U130": 51.15754699707031}, "K68-D130": {"K68-D140": 57.56381797790527}, "K65-U040": {"K65-U050": 78.13051360845566}, "K65-D130": {"K65-D140": 89.2232905626297}, "K68-U050": {"K68-U060": 49.8203125}, "K66-D050": {"K66-D060": 22.42994202952832}, "K68-U010": {"K68-U020": 80.140625}, "K68-D060": {"K68-D070": 88.8125}, "K68-U060": {"K68-U070": 73.642578125}, "K65-U220": {"K65-U230": 77.1168212890625}, "K66-U110": {"K66-U120": 38.115153431892395}, "K68-D180": {"K68-D190": 36.8583984375}, "K68-D170": {"K68-D180": 39.0506591796875}, "K66-U200": {"K66-U210": 60.51311111450195}, "K66-D030": {"K66-D040": 68.10808491706848}, "K65-U020": {"K65-U030": 132.15553361177444}, "K65-U190": {"K65-U200": 34.663834914856125}, "K68-U160": {"K68-U170": 66.29415512084961}, "K66-D160": {"K66-D170": 110.81814575195312}, "K65-U120": {"K65-U130": 169.19754028320312}, "K68-D200": {"K68-U011": 53.248046875}, "K65-D040": {"K65-D050": 59.87106251716614}, "K65A-U040": {"K65A-U050": 77.612548828125}, "K65A-D040": {"K65A-D050": 67.78814697265625}, "K65A-U020": {"K65A-U030": 202.2601318359375}, "K66-U170": {"K66-U180": 24.349528789520264}, "K65A-U050": {"K65A-U060": 51.80029296875}, "K65A-D090": {"K65A-D100": 104.48095703125}, "K65A-U080": {"K65A-U090": 68.14460372924805}, "K65A-D030": {"K65A-D040": 53.7935791015625}, "K65A-D010": {"K65A-D020": 48.7421875}, "K66-D060": {"K66-D070": 51.243896484375}, "K65A-U060": {"K65A-U070": 52.220611572265625}, "K66-D210": {"K66-D220": 123.97248649597168}, "K68-D070": {"K68-D080": 177.7109375}, "K65-D160": {"K65-D170": 142.93094158172607}, "K68-U130": {"K68-U140": 131.921875}, "K68-U020": {"K68-U030": 36.35797119140625}, "K66-U060": {"K66-U070": 161.88258743286133}, "K68-D010": {"K68-D020": 45.625}, "K65A-U010": {"K65A-U020": 45.69140625}, "K68-D040": {"K68-D050": 92.841796875}, "K66-D220": {"K66-D230": 83.05210876464844}, "K66-D120": {"K66-D130": 71.8243408203125}, "K68-U080": {"K68-U090": 38.6376953125}, "K68-D120": {"K68-D130": 139.828125}, "K66-D230": {"K66-D240": 85.24293518066406}, "K68-D030": {"K68-D040": 63.92578125}}