{"K65A-D050": {"K65A-D060": 55.08279717588756}, "K65A-U100": {"K65A-U110": 53.30969569444726}, "K65A-U110": {"K65A-U120": 62.966104494112265}, "K65A-U120": {"K65A-U130": 72.58503537347582}, "K65-U060": {"K65-U070": 32.165334940986625}, "K66-D090": {"K66-D100": 42.511059965607856}, "K65A-D070": {"K65A-D080": 110.81770914099366}, "K68-D190": {"K68-D200": 36.0195191580202}, "K65A-U030": {"K65A-U040": 27.734261174046623}, "K65-D050": {"K65-D060": 54.40854707612236}, "K65-U070": {"K65-U080": 55.73776529938884}, "K65-U200": {"K65-U210": 59.60469584171326}, "K65-D150": {"K65-D160": 94.19770321610717}, "K66-D170": {"K66-D180": 168.907807626612}, "K65-D060": {"K65-D070": 72.04621686213666}, "K65-D180": {"K65-D190": 107.35127622369032}, "K66-U190": {"K66-U200": 61.00824831893688}, "K66-U130": {"K66-U140": 46.918403539604}, "K65-U080": {"K65-U090": 133.07417650522504}, "K66-D200": {"K66-D210": 115.98244033081441}, "K68-U120": {"K68-U130": 155.71161028201922}, "K68-D150": {"K68-D160": 57.30667601907686}, "K65-U100": {"K65-U110": 109.83166913314376}, "K66-U020": {"K66-U030": 166.85824580666417}, "K65-D070": {"K65-D080": 114.5642251153121}, "K65-D100": {"K65-D110": 207.39674913043285}, "K66-U180": {"K66-U190": 54.54653941156285}, "K65-D170": {"K65-D180": 79.03716513627779}, "K66-U040": {"K66-U050": 121.51948709267724}, "K65-U140": {"K65-U150": 90.79830913117343}, "K66-U010": {"K66-U020": 118.65972424388133}, "K66-U080": {"K66-U090": 163.0711663228731}, "K65-U050": {"K65-U060": 97.11169423223814}, "K68-U070": {"K68-U080": 35.42794398547717}, "K66-U140": {"K66-U150": 45.91928796994733}, "K66-U050": {"K66-U060": 37.6174685176137}, "K68-U100": {"K68-U110": 181.17816105590333}, "K68-D160": {"K68-D170": 47.954266033618296}, "K65A-D020": {"K65A-D030": 67.65020271332676}, "K68-U030": {"K68-U040": 18.82653249048659}, "K66-D110": {"K66-D120": 39.11317767524603}, "K65-D120": {"K65-D130": 59.86799200816095}, "K66-D130": {"K66-D140": 31.38447794086405}, "K65A-D100": {"K65A-D110": 228.68443431275674}, "K65-D090": {"K65-D100": 97.00308274749958}, "K65A-D080": {"K65A-D090": 53.62263209364424}, "K68-D080": {"K68-D090": 81.21027879055946}, "K65A-U070": {"K65A-U080": 42.86320317604282}, "K66-D010": {"K66-D020": 13.737678216669838}, "K65-D020": {"K65-D030": 71.84012908266666}, "K65A-U090": {"K65A-U100": 42.6444474377369}, "K66-U100": {"K66-U110": 74.26407264415741}, "K65A-D060": {"K65A-D070": 70.09353181319989}, "K65-D080": {"K65-D090": 55.278180675986505}, "K65-D110": {"K65-D120": 95.75362598379625}, "K65-U160": {"K65-U170": 51.54807040306944}, "K68-U170": {"K68-D010": 144.39174952943162}, "K66-U160": {"K66-U170": 41.30919129442254}, "K66-D020": {"K66-D030": 59.84152739816524}, "K68-D050": {"K68-D060": 54.13633034632262}, "K66-D190": {"K66-D200": 74.01012138803193}, "K66-U030": {"K66-U040": 157.55171013830977}, "K66-D100": {"K66-D110": 42.86000201913265}, "K66-D140": {"K66-D150": 88.07504454530438}, "K65-U030": {"K65-U040": 100.02363736314885}, "K65-D140": {"K65-D150": 97.25897701859785}, "K65-D010": {"K65-D020": 34.802152475354774}, "K66-U070": {"K66-U080": 196.08154143146945}, "K65-U170": {"K65-U180": 48.294009741408495}, "K66-D150": {"K66-D160": 83.45153252768938}, "K65-U090": {"K65-U100": 46.54637267982415}, "K66-U090": {"K66-U100": 51.601700929617024}, "K66-U150": {"K66-U160": 44.970319311316814}, "K66-D040": {"K66-D050": 37.94790399203211}, "K68-D110": {"K68-D120": 88.47927868666223}, "K65-U180": {"K65-U190": 67.58589755237507}, "K68-U090": {"K68-U100": 123.06878575099688}, "K66-D070": {"K66-D080": 40.842943009704925}, "K65-U110": {"K65-U120": 94.08484414094391}, "K68-U140": {"K68-U150": 35.37291606497439}, "K68-D090": {"K68-D100": 126.33766959233245}, "K68-D140": {"K68-D150": 43.88848065884287}, "K66-D180": {"K66-D190": 66.56789901037195}, "K68-U150": {"K68-U160": 82.8552384813148}, "K66-D080": {"K66-D090": 53.302430145713586}, "K65-U150": {"K65-U160": 50.501931690774256}, "K65-D030": {"K65-D040": 57.97147450577104}, "K68-D100": {"K68-D110": 81.2399395660842}, "K65-U130": {"K65-U140": 28.128951425215426}, "K65-U010": {"K65-U020": 223.16070067598312}, "K66-U210": {"K66-U220": 44.09160340822442}, "K68-U040": {"K68-U050": 40.06119936550215}, "K68-U110": {"K68-U120": 182.52592239373328}, "K68-D020": {"K68-D030": 66.34855229835742}, "K65-U210": {"K65-U220": 71.92543764687356}, "K66-U120": {"K66-U130": 43.562514230623165}, "K68-D130": {"K68-D140": 53.49533149749279}, "K65-U040": {"K65-U050": 78.38292741141595}, "K65-D130": {"K65-D140": 88.88708101843011}, "K68-U050": {"K68-U060": 49.703875845043804}, "K66-D050": {"K66-D060": 36.556765902760574}, "K68-U010": {"K68-U020": 82.1029795422767}, "K68-D060": {"K68-D070": 85.74274723355322}, "K68-U060": {"K68-U070": 61.59767709191173}, "K65-U220": {"K65-U230": 70.16136158611542}, "K66-U110": {"K66-U120": 33.061909965970486}, "K68-D180": {"K68-D190": 27.987295008639457}, "K68-D170": {"K68-D180": 44.041916167367866}, "K66-U200": {"K66-U210": 52.433007899190784}, "K66-D030": {"K66-D040": 74.57630958462423}, "K65-U020": {"K65-U030": 128.76444894847168}, "K65-U190": {"K65-U200": 47.12996421334716}, "K68-U160": {"K68-U170": 63.143769749907015}, "K66-D160": {"K66-D170": 129.5925704022864}, "K65-U120": {"K65-U130": 164.94840728431762}, "K68-D200": {"K68-U011": 56.87763258426564}, "K65-D040": {"K65-D050": 55.15266400496531}, "K65A-U040": {"K65A-U050": 81.83833000724341}, "K65A-D040": {"K65A-D050": 67.81120997011075}, "K65A-U020": {"K65A-U030": 178.82604215948805}, "K66-U170": {"K66-U180": 33.10118634781043}, "K65A-U050": {"K65A-U060": 46.05714897466898}, "K65A-D090": {"K65A-D100": 107.32517822712244}, "K65A-U080": {"K65A-U090": 59.714606131617415}, "K65A-D030": {"K65A-D040": 59.23160496946059}, "K65A-D010": {"K65A-D020": 66.33358886719016}, "K66-D060": {"K66-D070": 41.725313671865216}, "K65A-U060": {"K65A-U070": 46.074240840868434}, "K66-D210": {"K66-D220": 131.6817396173623}, "K68-D070": {"K68-D080": 182.9325899956604}, "K65-D160": {"K65-D170": 131.20112541529812}, "K68-U130": {"K68-U140": 146.39454641698103}, "K68-U020": {"K68-U030": 32.119423339583506}, "K66-U060": {"K66-U070": 144.82978866858736}, "K68-D010": {"K68-D020": 42.97435917089719}, "K65A-U010": {"K65A-U020": 57.775186477400666}, "K68-D040": {"K68-D050": 97.22231993224693}, "K66-D220": {"K66-D230": 80.80164138140769}, "K66-D120": {"K66-D130": 60.14381926822256}, "K68-U080": {"K68-U090": 42.625937880730845}, "K68-D120": {"K68-D130": 264.131063860439}, "K66-D230": {"K66-D240": 90.72920796446847}, "K68-D030": {"K68-D040": 77.1530442546167}}