{"K65A-D050": {"K65A-D060": 61.63116884751562}, "K65A-U100": {"K65A-U110": 58.91789914634553}, "K65A-U110": {"K65A-U120": 70.11541156988216}, "K65A-U120": {"K65A-U130": 81.22448666589307}, "K65-U060": {"K65-U070": 38.059520061405706}, "K66-D090": {"K66-D100": 44.73427189998444}, "K65A-D070": {"K65A-D080": 112.83040680251636}, "K68-D190": {"K68-D200": 48.147612308784346}, "K65A-U030": {"K65A-U040": 32.46960208816412}, "K65-D050": {"K65-D060": 60.820383449961284}, "K65-U070": {"K65-U080": 70.37359390408871}, "K65-U200": {"K65-U210": 64.19392147257122}, "K65-D150": {"K65-D160": 112.71324811237625}, "K66-D170": {"K66-D180": 175.52321163649663}, "K65-D060": {"K65-D070": 87.20921198381015}, "K65-D180": {"K65-D190": 117.14927335574802}, "K66-U190": {"K66-U200": 64.73250283541402}, "K66-U130": {"K66-U140": 54.19586446046666}, "K65-U080": {"K65-U090": 146.0158351192731}, "K66-D200": {"K66-D210": 131.62161196090227}, "K68-U120": {"K68-U130": 156.5243952235448}, "K68-D150": {"K68-D160": 42.822139987334445}, "K65-U100": {"K65-U110": 129.7596971507453}, "K66-U020": {"K66-U030": 190.79047866246069}, "K65-D070": {"K65-D080": 112.42506549985629}, "K65-D100": {"K65-D110": 228.08837310874432}, "K66-U180": {"K66-U190": 63.332184210519586}, "K65-D170": {"K65-D180": 106.97925806295495}, "K66-U040": {"K66-U050": 134.9463960393632}, "K65-U140": {"K65-U150": 101.07580687980263}, "K66-U010": {"K66-U020": 135.34106059184614}, "K66-U080": {"K66-U090": 167.5180726988546}, "K65-U050": {"K65-U060": 109.16311385521404}, "K68-U070": {"K68-U080": 30.62839910637681}, "K66-U140": {"K66-U150": 47.97980426229942}, "K66-U050": {"K66-U060": 44.32945056018583}, "K68-U100": {"K68-U110": 188.1420222018349}, "K68-D160": {"K68-D170": 73.9740538329889}, "K65A-D020": {"K65A-D030": 76.02131523255622}, "K68-U030": {"K68-U040": 22.61373994039938}, "K66-D110": {"K66-D120": 42.1523040990731}, "K65-D120": {"K65-D130": 69.43215622786015}, "K66-D130": {"K66-D140": 44.58966285868671}, "K65A-D100": {"K65A-D110": 214.80326473155242}, "K65-D090": {"K65-D100": 101.21650779358308}, "K65A-D080": {"K65A-D090": 60.59203513702357}, "K68-D080": {"K68-D090": 80.74085789704841}, "K65A-U070": {"K65A-U080": 44.32536810496606}, "K66-D010": {"K66-D020": 103.13775465541221}, "K65-D020": {"K65-D030": 79.99650626408382}, "K65A-U090": {"K65A-U100": 57.12622662061028}, "K66-U100": {"K66-U110": 81.94670458576861}, "K65A-D060": {"K65A-D070": 82.51706983508501}, "K65-D080": {"K65-D090": 60.50764639234726}, "K65-D110": {"K65-D120": 100.86835429944638}, "K65-U160": {"K65-U170": 53.13591557980116}, "K68-U170": {"K68-D010": 154.35841790050375}, "K66-U160": {"K66-U170": 49.14690243306449}, "K66-D020": {"K66-D030": 65.98705109598492}, "K68-D050": {"K68-D060": 64.1317585370125}, "K66-D190": {"K66-D200": 85.38464941753315}, "K66-U030": {"K66-U040": 151.73708147474207}, "K66-D100": {"K66-D110": 42.73907014824299}, "K66-D140": {"K66-D150": 100.34560289563049}, "K65-U030": {"K65-U040": 99.29025113740117}, "K65-D140": {"K65-D150": 109.83216279265507}, "K65-D010": {"K65-D020": 40.92291615639088}, "K66-U070": {"K66-U080": 203.2947652715662}, "K65-U170": {"K65-U180": 51.618413030301}, "K66-D150": {"K66-D160": 100.46358257131774}, "K65-U090": {"K65-U100": 57.190734789527994}, "K66-U090": {"K66-U100": 55.82073679153474}, "K66-U150": {"K66-U160": 52.57292235681221}, "K66-D040": {"K66-D050": 45.205732111097575}, "K68-D110": {"K68-D120": 97.87480835908501}, "K65-U180": {"K65-U190": 71.9701610362228}, "K68-U090": {"K68-U100": 140.628784401946}, "K66-D070": {"K66-D080": 54.560235393875395}, "K65-U110": {"K65-U120": 110.4882646577174}, "K68-U140": {"K68-U150": 37.945131028601374}, "K68-D090": {"K68-D100": 149.47121246045717}, "K68-D140": {"K68-D150": 51.667467087203285}, "K66-D180": {"K66-D190": 81.94097668061478}, "K68-U150": {"K68-U160": 87.05761700785538}, "K66-D080": {"K66-D090": 63.256735152036114}, "K65-U150": {"K65-U160": 55.08913211321091}, "K65-D030": {"K65-D040": 64.5581018507761}, "K68-D100": {"K68-D110": 86.21848417533752}, "K65-U130": {"K65-U140": 28.247836058955375}, "K65-U010": {"K65-U020": 271.26666460837725}, "K66-U210": {"K66-U220": 52.479797123951826}, "K68-U040": {"K68-U050": 44.04577558260188}, "K68-U110": {"K68-U120": 190.0611790791671}, "K68-D020": {"K68-D030": 76.89991423115096}, "K65-U210": {"K65-U220": 77.50484832588067}, "K66-U120": {"K66-U130": 51.43327591418946}, "K68-D130": {"K68-D140": 57.865532040938376}, "K65-U040": {"K65-U050": 92.57273203041345}, "K65-D130": {"K65-D140": 100.42695358568568}, "K68-U050": {"K68-U060": 50.238802992898556}, "K66-D050": {"K66-D060": 47.273472914977454}, "K68-U010": {"K68-U020": 90.3156039326525}, "K68-D060": {"K68-D070": 98.45406549931151}, "K68-U060": {"K68-U070": 63.50865112681198}, "K65-U220": {"K65-U230": 80.93568913210476}, "K66-U110": {"K66-U120": 40.462390167131055}, "K68-D180": {"K68-D190": 35.61238910432333}, "K68-D170": {"K68-D180": 46.142057180479206}, "K66-U200": {"K66-U210": 55.04266767356246}, "K66-D030": {"K66-D040": 81.49515968855638}, "K65-U020": {"K65-U030": 128.710976543646}, "K65-U190": {"K65-U200": 57.605822666987116}, "K68-U160": {"K68-U170": 69.48662508614078}, "K66-D160": {"K66-D170": 151.4661719720511}, "K65-U120": {"K65-U130": 183.63364003344978}, "K68-D200": {"K68-U011": 68.67644920114023}, "K65-D040": {"K65-D050": 67.73853878519972}, "K65A-U040": {"K65A-U050": 92.37661406741715}, "K65A-D040": {"K65A-D050": 71.63220049723841}, "K65A-U020": {"K65A-U030": 203.9073124708606}, "K66-U170": {"K66-U180": 34.624397037956875}, "K65A-U050": {"K65A-U060": 50.25779235134785}, "K65A-D090": {"K65A-D100": 105.94902310504426}, "K65A-U080": {"K65A-U090": 72.05147323369617}, "K65A-D030": {"K65A-D040": 70.28171056344644}, "K65A-D010": {"K65A-D020": 78.75063576835339}, "K66-D060": {"K66-D070": 49.35079692032224}, "K65A-U060": {"K65A-U070": 55.066536939768504}, "K66-D210": {"K66-D220": 180.63991679759215}, "K68-D070": {"K68-D080": 192.28632090067597}, "K65-D160": {"K65-D170": 149.060498320207}, "K68-U130": {"K68-U140": 161.94032015105554}, "K68-U020": {"K68-U030": 34.04464648933323}, "K66-U060": {"K66-U070": 160.51407710760628}, "K68-D010": {"K68-D020": 47.13119946413685}, "K65A-U010": {"K65A-U020": 51.252364113811176}, "K68-D040": {"K68-D050": 107.80656888857581}, "K66-D220": {"K66-D230": 77.90622894582405}, "K66-D120": {"K66-D130": 66.82610143749542}, "K68-U080": {"K68-U090": 50.409273597931374}, "K68-D120": {"K68-D130": 176.40730880155894}, "K66-D230": {"K66-D240": 100.00026522483648}, "K68-D030": {"K68-D040": 90.46940552679565}}