{"K65A-D050": {"K65A-D060": 49.801555731388206}, "K65A-U100": {"K65A-U110": 55.78778117809227}, "K65A-U110": {"K65A-U120": 68.97306556763075}, "K65A-U120": {"K65A-U130": 70.62573849204604}, "K65-U060": {"K65-U070": 32.137320607445204}, "K66-D090": {"K66-D100": 38.49405244888114}, "K65A-D070": {"K65A-D080": 102.52552573726726}, "K68-D190": {"K68-D200": 33.586398380333605}, "K65A-U030": {"K65A-U040": 27.739830691619357}, "K65-D050": {"K65-D060": 54.69948727691749}, "K65-U070": {"K65-U080": 55.38107549952183}, "K65-U200": {"K65-U210": 57.426054993236086}, "K65-D150": {"K65-D160": 93.82984803622111}, "K66-D170": {"K66-D180": 174.57828439046995}, "K65-D060": {"K65-D070": 76.89807214612266}, "K65-D180": {"K65-D190": 116.01960303661608}, "K66-U190": {"K66-U200": 62.29406213220815}, "K66-U130": {"K66-U140": 46.54005476026692}, "K65-U080": {"K65-U090": 128.87455616700925}, "K66-D200": {"K66-D210": 102.77643840726257}, "K68-U120": {"K68-U130": 135.3454495102745}, "K68-D150": {"K68-D160": 50.667997263202565}, "K65-U100": {"K65-U110": 112.41008812115402}, "K66-U020": {"K66-U030": 166.70913329405704}, "K65-D070": {"K65-D080": 103.60591293826337}, "K65-D100": {"K65-D110": 200.19166918022455}, "K66-U180": {"K66-U190": 49.42899490803404}, "K65-D170": {"K65-D180": 89.71545616523758}, "K66-U040": {"K66-U050": 117.88771239452555}, "K65-U140": {"K65-U150": 89.93419093641896}, "K66-U010": {"K66-U020": 120.38895595694798}, "K66-U080": {"K66-U090": 153.9973612708198}, "K65-U050": {"K65-U060": 96.07504763372687}, "K68-U070": {"K68-U080": 31.867254603752464}, "K66-U140": {"K66-U150": 44.01156679179202}, "K66-U050": {"K66-U060": 38.59893782895433}, "K68-U100": {"K68-U110": 167.60234613345898}, "K68-D160": {"K68-D170": 52.65941728892638}, "K65A-D020": {"K65A-D030": 67.87102573668315}, "K68-U030": {"K68-U040": 19.868761078461993}, "K66-D110": {"K66-D120": 40.533347964885486}, "K65-D120": {"K65-D130": 60.72653340062518}, "K66-D130": {"K66-D140": 33.726003526616076}, "K65A-D100": {"K65A-D110": 218.3504553784308}, "K65-D090": {"K65-D100": 89.21394287688587}, "K65A-D080": {"K65A-D090": 49.08410625357319}, "K68-D080": {"K68-D090": 84.30071517485763}, "K65A-U070": {"K65A-U080": 36.088318538209975}, "K66-D010": {"K66-D020": 14.061168803655216}, "K65-D020": {"K65-D030": 65.83037962989201}, "K65A-U090": {"K65A-U100": 38.19071685965014}, "K66-U100": {"K66-U110": 72.21003699297724}, "K65A-D060": {"K65A-D070": 71.68927374870267}, "K65-D080": {"K65-D090": 60.21366887926424}, "K65-D110": {"K65-D120": 93.06432504163453}, "K65-U160": {"K65-U170": 50.677373782387484}, "K68-U170": {"K68-D010": 134.19155217866737}, "K66-U160": {"K66-U170": 42.34555248797918}, "K66-D020": {"K66-D030": 63.52120316881449}, "K68-D050": {"K68-D060": 52.626530632603405}, "K66-D190": {"K66-D200": 73.00760181009016}, "K66-U030": {"K66-U040": 154.534945042388}, "K66-D100": {"K66-D110": 44.61843888821859}, "K66-D140": {"K66-D150": 83.20638809406223}, "K65-U030": {"K65-U040": 96.05718015341766}, "K65-D140": {"K65-D150": 95.78284667742834}, "K65-D010": {"K65-D020": 33.909067747821496}, "K66-U070": {"K66-U080": 171.78659401732733}, "K65-U170": {"K65-U180": 45.22343012767495}, "K66-D150": {"K66-D160": 77.09557038407536}, "K65-U090": {"K65-U100": 47.099716401501}, "K66-U090": {"K66-U100": 46.990686465995694}, "K66-U150": {"K66-U160": 51.77539453102869}, "K66-D040": {"K66-D050": 38.65940618288073}, "K68-D110": {"K68-D120": 87.6424731853364}, "K65-U180": {"K65-U190": 68.99077728506153}, "K68-U090": {"K68-U100": 122.48920453405283}, "K66-D070": {"K66-D080": 44.95259053919197}, "K65-U110": {"K65-U120": 102.74212049728021}, "K68-U140": {"K68-U150": 38.2255684483636}, "K68-D090": {"K68-D100": 124.1644890533501}, "K68-D140": {"K68-D150": 44.290430033780225}, "K66-D180": {"K66-D190": 73.34958208768607}, "K68-U150": {"K68-U160": 76.3257241256426}, "K66-D080": {"K66-D090": 54.32911749948168}, "K65-U150": {"K65-U160": 48.07637303313867}, "K65-D030": {"K65-D040": 59.014616928194506}, "K68-D100": {"K68-D110": 83.9806563527009}, "K65-U130": {"K65-U140": 24.746637664001234}, "K65-U010": {"K65-U020": 234.97095182348986}, "K66-U210": {"K66-U220": 47.539755994307775}, "K68-U040": {"K68-U050": 41.39404503591008}, "K68-U110": {"K68-U120": 177.5936040849562}, "K68-D020": {"K68-D030": 65.86509630788417}, "K65-U210": {"K65-U220": 72.04513026611689}, "K66-U120": {"K66-U130": 46.51167248662948}, "K68-D130": {"K68-D140": 55.08794560383343}, "K65-U040": {"K65-U050": 75.24370908091144}, "K65-D130": {"K65-D140": 96.89458207780983}, "K68-U050": {"K68-U060": 43.03048435871162}, "K66-D050": {"K66-D060": 38.246680902194285}, "K68-U010": {"K68-U020": 80.91509546227712}, "K68-D060": {"K68-D070": 89.38829327598425}, "K68-U060": {"K68-U070": 54.1106655400863}, "K65-U220": {"K65-U230": 69.46947685400278}, "K66-U110": {"K66-U120": 35.135332044581574}, "K68-D180": {"K68-D190": 30.842125111830164}, "K68-D170": {"K68-D180": 39.783585117707084}, "K66-U200": {"K66-U210": 51.56328684712524}, "K66-D030": {"K66-D040": 77.34748932035652}, "K65-U020": {"K65-U030": 119.05023350234501}, "K65-U190": {"K65-U200": 41.303296092333795}, "K68-U160": {"K68-U170": 64.39915791587723}, "K66-D160": {"K66-D170": 146.18618944338365}, "K65-U120": {"K65-U130": 153.02198502327815}, "K68-D200": {"K68-U011": 54.803107286396425}, "K65-D040": {"K65-D050": 58.68315295735889}, "K65A-U040": {"K65A-U050": 72.7271450344241}, "K65A-D040": {"K65A-D050": 61.495277425897896}, "K65A-U020": {"K65A-U030": 169.2436918918683}, "K66-U170": {"K66-U180": 34.466300920742796}, "K65A-U050": {"K65A-U060": 48.128460815729056}, "K65A-D090": {"K65A-D100": 96.11316053911693}, "K65A-U080": {"K65A-U090": 57.86839647970497}, "K65A-D030": {"K65A-D040": 56.10581571957425}, "K65A-D010": {"K65A-D020": 49.10346452979041}, "K66-D060": {"K66-D070": 35.042979293621016}, "K65A-U060": {"K65A-U070": 46.506728790168}, "K66-D210": {"K66-D220": 126.3065627620862}, "K68-D070": {"K68-D080": 181.80507239076385}, "K65-D160": {"K65-D170": 132.78367408665005}, "K68-U130": {"K68-U140": 145.2838224187778}, "K68-U020": {"K68-U030": 31.668180268514323}, "K66-U060": {"K66-U070": 147.3675510985043}, "K68-D010": {"K68-D020": 43.78532738826193}, "K65A-U010": {"K65A-U020": 55.68366273449794}, "K68-D040": {"K68-D050": 91.01310892375999}, "K66-D220": {"K66-D230": 76.67195553905324}, "K66-D120": {"K66-D130": 56.650035232466145}, "K68-U080": {"K68-U090": 39.33668939870754}, "K68-D120": {"K68-D130": 182.80449728942023}, "K66-D230": {"K66-D240": 85.49399276043565}, "K68-D030": {"K68-D040": 71.35166321023871}}