{"K65A-D050": {"K65A-D060": 55.83054293800619}, "K65A-U100": {"K65A-U110": 61.89623222185948}, "K65A-U110": {"K65A-U120": 77.4529871129841}, "K65A-U120": {"K65A-U130": 84.17519501958074}, "K65-U060": {"K65-U070": 36.59074496145756}, "K66-D090": {"K66-D100": 40.99007742272389}, "K65A-D070": {"K65A-D080": 118.57392655923316}, "K68-D190": {"K68-D200": 38.74802636727726}, "K65A-U030": {"K65A-U040": 31.726474761004546}, "K65-D050": {"K65-D060": 63.72071501013404}, "K65-U070": {"K65-U080": 69.19030718010198}, "K65-U200": {"K65-U210": 59.418162219152784}, "K65-D150": {"K65-D160": 107.26673262193644}, "K66-D170": {"K66-D180": 203.73008133089382}, "K65-D060": {"K65-D070": 83.65290853961007}, "K65-D180": {"K65-D190": 118.05109171235488}, "K66-U190": {"K66-U200": 66.72043232876375}, "K66-U130": {"K66-U140": 49.74575651097656}, "K65-U080": {"K65-U090": 144.5408082600087}, "K66-D200": {"K66-D210": 133.05470925338483}, "K68-U120": {"K68-U130": 157.55934101771183}, "K68-D150": {"K68-D160": 39.544456323407246}, "K65-U100": {"K65-U110": 129.73296143221356}, "K66-U020": {"K66-U030": 188.65333286378387}, "K65-D070": {"K65-D080": 125.00662642812517}, "K65-D100": {"K65-D110": 218.83169801362706}, "K66-U180": {"K66-U190": 62.6983553659778}, "K65-D170": {"K65-D180": 101.69494217926776}, "K66-U040": {"K66-U050": 136.85024074804352}, "K65-U140": {"K65-U150": 99.80627260524055}, "K66-U010": {"K66-U020": 122.37870623689994}, "K66-U080": {"K66-U090": 179.34155311222807}, "K65-U050": {"K65-U060": 103.69256051611865}, "K68-U070": {"K68-U080": 28.908308408357595}, "K66-U140": {"K66-U150": 50.185813771833054}, "K66-U050": {"K66-U060": 47.54374455374404}, "K68-U100": {"K68-U110": 196.91033519251113}, "K68-D160": {"K68-D170": 82.11645646248284}, "K65A-D020": {"K65A-D030": 77.90096405654468}, "K68-U030": {"K68-U040": 21.897230678350848}, "K66-D110": {"K66-D120": 44.78823026868967}, "K65-D120": {"K65-D130": 71.74660933359368}, "K66-D130": {"K66-D140": 38.4592958720946}, "K65A-D100": {"K65A-D110": 262.4335944360916}, "K65-D090": {"K65-D100": 111.38181864378251}, "K65A-D080": {"K65A-D090": 55.58039610826232}, "K68-D080": {"K68-D090": 93.01743973421469}, "K65A-U070": {"K65A-U080": 45.1831185194722}, "K66-D010": {"K66-D020": 15.57043922674706}, "K65-D020": {"K65-D030": 71.5870708724846}, "K65A-U090": {"K65A-U100": 50.943247860694406}, "K66-U100": {"K66-U110": 85.18223296552534}, "K65A-D060": {"K65A-D070": 83.45858264067571}, "K65-D080": {"K65-D090": 58.4600065768625}, "K65-D110": {"K65-D120": 100.85337775369666}, "K65-U160": {"K65-U170": 55.21732339798707}, "K68-U170": {"K68-D010": 163.38343117171252}, "K66-U160": {"K66-U170": 41.0501553667027}, "K66-D020": {"K66-D030": 63.71108061678029}, "K68-D050": {"K68-D060": 64.73560837063799}, "K66-D190": {"K66-D200": 88.67205799458394}, "K66-U030": {"K66-U040": 148.52214346533225}, "K66-D100": {"K66-D110": 46.68990567338988}, "K66-D140": {"K66-D150": 95.59132911235528}, "K65-U030": {"K65-U040": 106.56774772979978}, "K65-D140": {"K65-D150": 113.15032754062051}, "K65-D010": {"K65-D020": 43.558506641801344}, "K66-U070": {"K66-U080": 195.15097253838417}, "K65-U170": {"K65-U180": 48.36852433060378}, "K66-D150": {"K66-D160": 92.36815084985886}, "K65-U090": {"K65-U100": 49.030226528739924}, "K66-U090": {"K66-U100": 53.420764998114144}, "K66-U150": {"K66-U160": 55.936226915225404}, "K66-D040": {"K66-D050": 39.849002713385175}, "K68-D110": {"K68-D120": 102.16561872401111}, "K65-U180": {"K65-U190": 79.24203202303943}, "K68-U090": {"K68-U100": 143.07607938766958}, "K66-D070": {"K66-D080": 51.6918348422062}, "K65-U110": {"K65-U120": 114.54952478748066}, "K68-U140": {"K68-U150": 41.552929393852956}, "K68-D090": {"K68-D100": 150.33092541942722}, "K68-D140": {"K68-D150": 42.8781341379131}, "K66-D180": {"K66-D190": 81.01597100038872}, "K68-U150": {"K68-U160": 84.03484486424917}, "K66-D080": {"K66-D090": 62.53877119894698}, "K65-U150": {"K65-U160": 57.323706817944824}, "K65-D030": {"K65-D040": 61.842898232885716}, "K68-D100": {"K68-D110": 93.61030011368061}, "K65-U130": {"K65-U140": 37.34933662193827}, "K65-U010": {"K65-U020": 289.4423210796605}, "K66-U210": {"K66-U220": 53.880092370153776}, "K68-U040": {"K68-U050": 51.70244446980139}, "K68-U110": {"K68-U120": 201.49671823527606}, "K68-D020": {"K68-D030": 88.0780464244544}, "K65-U210": {"K65-U220": 77.21779359858667}, "K66-U120": {"K66-U130": 53.31749744092821}, "K68-D130": {"K68-D140": 69.51268899458202}, "K65-U040": {"K65-U050": 86.49674764471837}, "K65-D130": {"K65-D140": 117.05594726275974}, "K68-U050": {"K68-U060": 51.785236177820934}, "K66-D050": {"K66-D060": 44.4965796724117}, "K68-U010": {"K68-U020": 94.74775301065732}, "K68-D060": {"K68-D070": 96.82876954427186}, "K68-U060": {"K68-U070": 73.40649214995905}, "K65-U220": {"K65-U230": 79.05505552515405}, "K66-U110": {"K66-U120": 40.41294033362054}, "K68-D180": {"K68-D190": 41.69568547639145}, "K68-D170": {"K68-D180": 44.050890277513886}, "K66-U200": {"K66-U210": 54.78905502678593}, "K66-D030": {"K66-D040": 78.05135125196311}, "K65-U020": {"K65-U030": 140.7046797181089}, "K65-U190": {"K65-U200": 54.462163242801196}, "K68-U160": {"K68-U170": 75.70784079826244}, "K66-D160": {"K66-D170": 156.38405538234719}, "K65-U120": {"K65-U130": 174.6176137396256}, "K68-D200": {"K68-U011": 69.75868413347862}, "K65-D040": {"K65-D050": 67.61598842724067}, "K65A-U040": {"K65A-U050": 88.75000800836617}, "K65A-D040": {"K65A-D050": 68.87580012451346}, "K65A-U020": {"K65A-U030": 195.75766740023187}, "K66-U170": {"K66-U180": 32.58932510613261}, "K65A-U050": {"K65A-U060": 50.08098373709973}, "K65A-D090": {"K65A-D100": 123.79423735480168}, "K65A-U080": {"K65A-U090": 71.65383977911932}, "K65A-D030": {"K65A-D040": 60.33766377362017}, "K65A-D010": {"K65A-D020": 65.68971595104914}, "K66-D060": {"K66-D070": 42.06319701655414}, "K65A-U060": {"K65A-U070": 51.0763120722861}, "K66-D210": {"K66-D220": 149.03326719389776}, "K68-D070": {"K68-D080": 224.6939058018394}, "K65-D160": {"K65-D170": 152.7754875614973}, "K68-U130": {"K68-U140": 168.52318963973894}, "K68-U020": {"K68-U030": 40.494390867248846}, "K66-U060": {"K66-U070": 168.58954027339354}, "K68-D010": {"K68-D020": 49.844878174708654}, "K65A-U010": {"K65A-U020": 67.87994412425283}, "K68-D040": {"K68-D050": 105.24465125499714}, "K66-D220": {"K66-D230": 90.96356117340125}, "K66-D120": {"K66-D130": 62.04686630587388}, "K68-U080": {"K68-U090": 50.2352953211426}, "K68-D120": {"K68-D130": 163.72265512066937}, "K66-D230": {"K66-D240": 96.48854067848012}, "K68-D030": {"K68-D040": 98.23925403877024}}