{"K65A-D050": {"K65A-D060": 64.97447017809502}, "K65A-U100": {"K65A-U110": 51.435066035149966}, "K65A-U110": {"K65A-U120": 80.2259145668268}, "K65A-U120": {"K65A-U130": 80.60362019623724}, "K65-U060": {"K65-U070": 32.171997919203115}, "K66-D090": {"K66-D100": 44.85790334083421}, "K65A-D070": {"K65A-D080": 115.77272094527036}, "K68-D190": {"K68-D200": 43.441021444051685}, "K65A-U030": {"K65A-U040": 31.271204427274633}, "K65-D050": {"K65-D060": 63.45358440666111}, "K65-U070": {"K65-U080": 63.6195177541101}, "K65-U200": {"K65-U210": 60.51475280605496}, "K65-D150": {"K65-D160": 101.37709493772337}, "K66-D170": {"K66-D180": 195.43755199464618}, "K65-D060": {"K65-D070": 81.18693244011712}, "K65-D180": {"K65-D190": 122.06952642044435}, "K66-U190": {"K66-U200": 62.493872734225604}, "K66-U130": {"K66-U140": 56.56887011731733}, "K65-U080": {"K65-U090": 145.1486587761321}, "K66-D200": {"K66-D210": 135.19562574481088}, "K68-U120": {"K68-U130": 153.01798149126856}, "K68-D150": {"K68-D160": 40.4715356077131}, "K65-U100": {"K65-U110": 128.1719023396336}, "K66-U020": {"K66-U030": 188.09894615530482}, "K65-D070": {"K65-D080": 113.4464080810272}, "K65-D100": {"K65-D110": 229.86521468347314}, "K66-U180": {"K66-U190": 53.825226457298825}, "K65-D170": {"K65-D180": 91.14776519058312}, "K66-U040": {"K66-U050": 133.84699522699697}, "K65-U140": {"K65-U150": 102.00230213070058}, "K66-U010": {"K66-U020": 129.51984973473776}, "K66-U080": {"K66-U090": 176.2686403214232}, "K65-U050": {"K65-U060": 101.15896009738887}, "K68-U070": {"K68-U080": 37.17294279720771}, "K66-U140": {"K66-U150": 46.53643760036133}, "K66-U050": {"K66-U060": 53.51554390383198}, "K68-U100": {"K68-U110": 187.64080477141914}, "K68-D160": {"K68-D170": 78.91164136943225}, "K65A-D020": {"K65A-D030": 76.44731076542296}, "K68-U030": {"K68-U040": 21.41554162888992}, "K66-D110": {"K66-D120": 36.58444003704733}, "K65-D120": {"K65-D130": 70.71572200609722}, "K66-D130": {"K66-D140": 34.806450887287085}, "K65A-D100": {"K65A-D110": 247.54452512041408}, "K65-D090": {"K65-D100": 113.33405029891921}, "K65A-D080": {"K65A-D090": 60.833773617187504}, "K68-D080": {"K68-D090": 95.96250211158052}, "K65A-U070": {"K65A-U080": 49.14129357355791}, "K66-D010": {"K66-D020": 13.611842343012857}, "K65-D020": {"K65-D030": 78.97714960179869}, "K65A-U090": {"K65A-U100": 57.29089248868536}, "K66-U100": {"K66-U110": 81.89660533555644}, "K65A-D060": {"K65A-D070": 81.27248393507541}, "K65-D080": {"K65-D090": 64.2181269866777}, "K65-D110": {"K65-D120": 103.51870413432032}, "K65-U160": {"K65-U170": 51.876997459861684}, "K68-U170": {"K68-D010": 165.80815979392963}, "K66-U160": {"K66-U170": 51.11726887056184}, "K66-D020": {"K66-D030": 68.34164740261565}, "K68-D050": {"K68-D060": 57.086746123809554}, "K66-D190": {"K66-D200": 81.32701895037849}, "K66-U030": {"K66-U040": 165.71657299199268}, "K66-D100": {"K66-D110": 48.508114490195325}, "K66-D140": {"K66-D150": 91.85829186858777}, "K65-U030": {"K65-U040": 90.58020658569467}, "K65-D140": {"K65-D150": 109.0226874050057}, "K65-D010": {"K65-D020": 44.03585783739601}, "K66-U070": {"K66-U080": 203.9784868724526}, "K65-U170": {"K65-U180": 51.25712868058705}, "K66-D150": {"K66-D160": 91.19041829396089}, "K65-U090": {"K65-U100": 55.12794808843806}, "K66-U090": {"K66-U100": 49.886474364190995}, "K66-U150": {"K66-U160": 60.179270886241326}, "K66-D040": {"K66-D050": 39.93645669280638}, "K68-D110": {"K68-D120": 98.9680716883672}, "K65-U180": {"K65-U190": 69.32277264041458}, "K68-U090": {"K68-U100": 144.5364526182499}, "K66-D070": {"K66-D080": 48.401565526810614}, "K65-U110": {"K65-U120": 109.63618127389073}, "K68-U140": {"K68-U150": 45.89788952731232}, "K68-D090": {"K68-D100": 149.45927136055246}, "K68-D140": {"K68-D150": 42.15938118884077}, "K66-D180": {"K66-D190": 84.22574305585871}, "K68-U150": {"K68-U160": 81.76289636687898}, "K66-D080": {"K66-D090": 64.27424893354853}, "K65-U150": {"K65-U160": 54.309329198283}, "K65-D030": {"K65-D040": 65.57116693946128}, "K68-D100": {"K68-D110": 95.47426211129991}, "K65-U130": {"K65-U140": 34.34155819839172}, "K65-U010": {"K65-U020": 257.06635120794243}, "K66-U210": {"K66-U220": 48.47179170801047}, "K68-U040": {"K68-U050": 49.428411603109495}, "K68-U110": {"K68-U120": 196.18211017395078}, "K68-D020": {"K68-D030": 80.41719365780138}, "K65-U210": {"K65-U220": 77.5889796201346}, "K66-U120": {"K66-U130": 51.71211731114107}, "K68-D130": {"K68-D140": 62.44633352687286}, "K65-U040": {"K65-U050": 82.17140118664717}, "K65-D130": {"K65-D140": 94.6944366307727}, "K68-U050": {"K68-U060": 52.755165987601494}, "K66-D050": {"K66-D060": 44.6909281767207}, "K68-U010": {"K68-U020": 91.89328021908698}, "K68-D060": {"K68-D070": 95.64103221538542}, "K68-U060": {"K68-U070": 70.55118550669154}, "K65-U220": {"K65-U230": 83.2528689412998}, "K66-U110": {"K66-U120": 36.6648289741771}, "K68-D180": {"K68-D190": 36.064583405961166}, "K68-D170": {"K68-D180": 49.53197536655431}, "K66-U200": {"K66-U210": 54.18496066445458}, "K66-D030": {"K66-D040": 82.93857492506663}, "K65-U020": {"K65-U030": 135.52327240315063}, "K65-U190": {"K65-U200": 55.83091744233029}, "K68-U160": {"K68-U170": 72.89950203114007}, "K66-D160": {"K66-D170": 147.02796938990156}, "K65-U120": {"K65-U130": 169.12990004018724}, "K68-D200": {"K68-U011": 70.91588181834172}, "K65-D040": {"K65-D050": 64.33974741165007}, "K65A-U040": {"K65A-U050": 99.05630895848364}, "K65A-D040": {"K65A-D050": 74.51073409240385}, "K65A-U020": {"K65A-U030": 189.9386008964482}, "K66-U170": {"K66-U180": 31.818311631208314}, "K65A-U050": {"K65A-U060": 49.52122301140454}, "K65A-D090": {"K65A-D100": 114.9488765341252}, "K65A-U080": {"K65A-U090": 73.23181174637924}, "K65A-D030": {"K65A-D040": 67.69639939524964}, "K65A-D010": {"K65A-D020": 105.40200244646955}, "K66-D060": {"K66-D070": 44.389677851485516}, "K65A-U060": {"K65A-U070": 51.92739540686822}, "K66-D210": {"K66-D220": 148.47277139363467}, "K68-D070": {"K68-D080": 189.93027315402244}, "K65-D160": {"K65-D170": 145.93117892945412}, "K68-U130": {"K68-U140": 170.75249443954658}, "K68-U020": {"K68-U030": 45.04764766302142}, "K66-U060": {"K66-U070": 167.18349721440038}, "K68-D010": {"K68-D020": 53.08031106346323}, "K65A-U010": {"K65A-U020": 58.10698275281815}, "K68-D040": {"K68-D050": 108.65511433419718}, "K66-D220": {"K66-D230": 87.77995103352403}, "K66-D120": {"K66-D130": 66.60566856226282}, "K68-U080": {"K68-U090": 51.849502946145364}, "K68-D120": {"K68-D130": 177.88148793085037}, "K66-D230": {"K66-D240": 94.93363961825231}, "K68-D030": {"K68-D040": 97.97533352695183}}