{"K76-U020": {"K76-U030": 154.48723288682066}, "K73-U070": {"K73-U080": 159.25589654219834}, "K76-U040": {"K76-U050": 185.04864306702444}, "K76-D030": {"K76-D040": 50.285253719832895}, "K75P-D050": {"K75P-D060": 85.20898053253597}, "K73-U080": {"K73-U090": 277.5283509264399, "K73-U110": 151.46382825806057}, "K74-D020": {"K74-D030": 140.43392023576365}, "K73-U100": {"K73-U110": 233.64487670606485}, "K76-D010": {"K76-D020": 170.46977837109355}, "K75A-D110": {"K75A-U011": 170.24038941762348}, "K75A-D080": {"K75A-D090": 115.0578183647688}, "K75P-U030": {"K75P-U040": 103.19479375561168}, "K75P-D070": {"K75P-D080": 95.25934149071358}, "K75P-U010": {"K75P-U020": 94.50632985532954}, "K75A-D020": {"K75A-D030": 21.769091844430914}, "K74-D030": {"K74-D040": 114.62333128947844}, "K75A-D070": {"K75A-D080": 49.92214724156359}, "K74-U090": {"K74-U100": 186.6944870370492}, "K76-U010": {"K76-U020": 13.005498365397719}, "K74-U060": {"K74-U070": 130.52686037409546}, "K75A-D010": {"K75A-D020": 202.2177559552559}, "K74-D090": {"K74-U011": 78.32744331389952}, "K73-U110": {"K73-U120": 217.17145880707412}, "K73-U050": {"K73-U060": 104.15173439292946}, "K73-U060": {"K73-U070": 134.3108579040013}, "K74-U007": {"K74-U010": 244.69664557564687}, "K73-D030": {"K73-D040": 114.88972634037574}, "K73-D040": {"K73-D050": 80.25266989491115}, "K73-U090": {"K73-U100": 124.55168268224304}, "K75P-U140": {"K75P-D010": 144.58771642087794}, "K73-U030": {"K73-U040": 92.35479366205773}, "K73-U010": {"K73-U020": 69.06908659999789}, "K75P-U110": {"K75P-U120": 81.15854503109931}, "K76-D020": {"K76-D030": 118.75110354195378}, "K75A-U030": {"K75A-D010": 226.58964579495773}, "K75P-D060": {"K75P-D070": 170.34121372656162}, "K73-D110": {"K73-D120": 66.06328842897568}, "K75P-U090": {"K75P-U100": 40.12322305466451}, "K74-U080": {"K74-U090": 203.53801042887827}, "K75P-U120": {"K75P-U130": 62.90755786413622}, "K73-U040": {"K73-U050": 104.55168122724444, "K73-U060": 209.72757462130457}, "K75P-U020": {"K75P-U030": 110.5805271460159}, "K73-D010": {"K73-D020": 72.9471811155924}, "K74-D080": {"K74-D090": 164.2430244232713}, "K74-D060": {"K74-D070": 146.03810073881777}, "K75P-D010": {"K75P-D020": 142.7996310172021}, "K73-D090": {"K73-D100": 79.05152632172175}, "K73-D100": {"K73-D110": 181.82656739249472}, "K75A-U010": {"K75A-U020": 43.88351822109044}, "K73-U020": {"K73-U030": 170.828603432363}, "K75P-U100": {"K75P-U110": 63.1269892464911}, "K75A-D030": {"K75A-D040": 47.9122975755366}, "K75P-D080": {"K75P-U011": 144.75920451735652}, "K75P-D020": {"K75P-D030": 32.58311188511341}, "K75P-U080": {"K75P-U090": 42.966241282821606}, "K75P-D030": {"K75P-D040": 132.35552556781653}, "K75A-D050": {"K75A-D060": 71.65440974813751}, "K76-U030": {"K76-U040": 163.0799412280602}, "K74-U001": {"K74-U004": 156.97510352457394}, "K75P-U130": {"K75P-U140": 41.19300435037792}, "K73-D130": {"K73-D140": 145.37672902513864}, "K74-U030": {"K74-U040": 270.9667412855814}, "K75A-D100": {"K75A-D110": 94.75762198703217}, "K73-D140": {"K73-D150": 185.00707237816883}, "K74-U010": {"K74-U020": 164.0751111381624}, "K75A-D090": {"K75A-D100": 46.705227010147524}, "K75P-U050": {"K75P-U060": 134.07923609926203}, "K74-D050": {"K74-D060": 97.73690417056964}, "K75P-U060": {"K75P-U070": 28.264807814071382}, "K74-U020": {"K74-U030": 129.4016942451475}, "K75P-D040": {"K75P-D050": 168.9054651554839}, "K74-U004": {"K74-U007": 86.44965548917618}, "K75P-U040": {"K75P-U050": 107.43092664478812}, "K75A-U020": {"K75A-U030": 139.97676321592604}, "K73-D070": {"K73-D080": 155.9172320968244}, "K74-U011": {"K74-D100": 169.81947717607449}, "K73-D120": {"K73-D130": 105.47621707724491}, "K74-U100": {"K74-D010": 110.91862096118261}, "K74-D070": {"K74-D080": 236.012590609254}, "K74-U040": {"K74-U050": 177.78922716749975}, "K74-D100": {"K74-D110": 79.05572741267466}, "K73-D080": {"K73-D090": 256.0122948337256}, "K75A-D060": {"K75A-D070": 41.92403934445802}, "K75P-U070": {"K75P-U080": 97.94585460179061}, "K75A-D040": {"K75A-D050": 47.55199664445389}, "K73-D020": {"K73-D030": 98.90437187794672}, "K73-D050": {"K73-D060": 70.68815607167446}, "K74-D110": {"K74-U002": 167.41061599541567}, "K74-D010": {"K74-D020": 152.90192248001216}, "K74-U070": {"K74-U080": 149.39450841369901}, "K73-D060": {"K73-D070": 30.742303931394627}, "K73-D150": {"K73-D160": 42.67079790393642}, "K74-D040": {"K74-D050": 75.89753696083129}, "K74-U050": {"K74-U060": 219.10909908672505}}