{"K76-U020": {"K76-U030": 135.9943991101788}, "K73-U070": {"K73-U080": 147.7530514011844}, "K76-U040": {"K76-U050": 147.91380737811085}, "K76-D030": {"K76-D040": 49.736959859455766}, "K75P-D050": {"K75P-D060": 76.01150338591468}, "K73-U080": {"K73-U090": 244.9549759232877, "K73-U110": 137.71078968539587}, "K74-D020": {"K74-D030": 131.84647505570385}, "K73-U100": {"K73-U110": 215.5973011344121}, "K76-D010": {"K76-D020": 154.9727246615875}, "K75A-D110": {"K75A-U011": 157.47748118541836}, "K75A-D080": {"K75A-D090": 91.93007779109452}, "K75P-U030": {"K75P-U040": 103.46296450314335}, "K75P-D070": {"K75P-D080": 75.38172384133478}, "K75P-U010": {"K75P-U020": 86.4131743273775}, "K75A-D020": {"K75A-D030": 22.30086299164665}, "K74-D030": {"K74-D040": 103.94758859046291}, "K75A-D070": {"K75A-D080": 34.760271087372686}, "K74-U090": {"K74-U100": 171.05227029021245}, "K76-U010": {"K76-U020": 12.027200016212559}, "K74-U060": {"K74-U070": 133.03462437442553}, "K75A-D010": {"K75A-D020": 177.01905460204455}, "K74-D090": {"K74-U011": 72.30671849897223}, "K73-U110": {"K73-U120": 189.25014118141019}, "K73-U050": {"K73-U060": 94.75276502538657}, "K73-U060": {"K73-U070": 124.80683353280628}, "K74-U007": {"K74-U010": 226.0277877567799}, "K73-D030": {"K73-D040": 97.77808749101878}, "K73-D040": {"K73-D050": 71.87404588662764}, "K73-U090": {"K73-U100": 129.8517036717261}, "K75P-U140": {"K75P-D010": 134.0327931005021}, "K73-U030": {"K73-U040": 79.84995906896175}, "K73-U010": {"K73-U020": 61.994128101236086}, "K75P-U110": {"K75P-U120": 71.24198012011685}, "K76-D020": {"K76-D030": 111.90734021799062}, "K75A-U030": {"K75A-D010": 214.73701719506215}, "K75P-D060": {"K75P-D070": 157.1971201017775}, "K73-D110": {"K73-D120": 64.81795760735478}, "K75P-U090": {"K75P-U100": 37.43288622470357}, "K74-U080": {"K74-U090": 217.8409125583832}, "K75P-U120": {"K75P-U130": 57.22933912125042}, "K73-U040": {"K73-U050": 93.14096372741379, "K73-U060": 190.7427736329301}, "K75P-U020": {"K75P-U030": 99.20839527829098}, "K73-D010": {"K73-D020": 74.33663109476856}, "K74-D080": {"K74-D090": 148.6350123806675}, "K74-D060": {"K74-D070": 137.4853198563567}, "K75P-D010": {"K75P-D020": 122.13249140993642}, "K73-D090": {"K73-D100": 75.15281220293225}, "K73-D100": {"K73-D110": 167.2109005011174}, "K75A-U010": {"K75A-U020": 38.68989185913945}, "K73-U020": {"K73-U030": 159.07765384840883}, "K75P-U100": {"K75P-U110": 56.900037623994535}, "K75A-D030": {"K75A-D040": 39.25393468324022}, "K75P-D080": {"K75P-U011": 136.1449961511496}, "K75P-D020": {"K75P-D030": 27.8361275405157}, "K75P-U080": {"K75P-U090": 40.07599443692929}, "K75P-D030": {"K75P-D040": 108.0364111080462}, "K75A-D050": {"K75A-D060": 66.9719344619694}, "K76-U030": {"K76-U040": 148.25947878004982}, "K74-U001": {"K74-U004": 135.48637172903346}, "K75P-U130": {"K75P-U140": 38.67668468141652}, "K73-D130": {"K73-D140": 120.41890546701293}, "K74-U030": {"K74-U040": 262.18961897911447}, "K75A-D100": {"K75A-D110": 84.69703916939156}, "K73-D140": {"K73-D150": 172.11720441508197}, "K74-U010": {"K74-U020": 143.19926160621736}, "K75A-D090": {"K75A-D100": 45.52284470650265}, "K75P-U050": {"K75P-U060": 127.91515571215993}, "K74-D050": {"K74-D060": 94.84914587495167}, "K75P-U060": {"K75P-U070": 30.41631441980523}, "K74-U020": {"K74-U030": 117.56246083737294}, "K75P-D040": {"K75P-D050": 145.9385542959575}, "K74-U004": {"K74-U007": 92.88976283375794}, "K75P-U040": {"K75P-U050": 95.69316356189066}, "K75A-U020": {"K75A-U030": 119.73430642057535}, "K73-D070": {"K73-D080": 138.96623014585845}, "K74-U011": {"K74-D100": 163.57615678126024}, "K73-D120": {"K73-D130": 100.99551739742603}, "K74-U100": {"K74-D010": 103.58348358873123}, "K74-D070": {"K74-D080": 237.06037126153745}, "K74-U040": {"K74-U050": 149.49473459305443}, "K74-D100": {"K74-D110": 74.04703327211061}, "K73-D080": {"K73-D090": 232.72988341492086}, "K75A-D060": {"K75A-D070": 38.67667869779651}, "K75P-U070": {"K75P-U080": 98.1923069128878}, "K75A-D040": {"K75A-D050": 43.77472045681792}, "K73-D020": {"K73-D030": 93.80273512613705}, "K73-D050": {"K73-D060": 66.84790720681714}, "K74-D110": {"K74-U002": 156.8672769548142}, "K74-D010": {"K74-D020": 139.61957635805408}, "K74-U070": {"K74-U080": 148.61388472897963}, "K73-D060": {"K73-D070": 24.43543275198489}, "K73-D150": {"K73-D160": 42.382990177299966}, "K74-D040": {"K74-D050": 71.02730756395509}, "K74-U050": {"K74-U060": 192.5226046091078}}