{"K76-U020": {"K76-U030": 126.4540791163267}, "K73-U070": {"K73-U080": 137.7598652143159}, "K76-U040": {"K76-U050": 142.11233762221136}, "K76-D030": {"K76-D040": 41.4449872245563}, "K75P-D050": {"K75P-D060": 88.36860522632774}, "K73-U080": {"K73-U090": 219.6080423967206, "K73-U110": 137.71078968539587}, "K74-D020": {"K74-D030": 131.84647505570385}, "K73-U100": {"K73-U110": 184.6455018799381}, "K76-D010": {"K76-D020": 154.9727246615875}, "K75A-D110": {"K75A-U011": 153.6045401063936}, "K75A-D080": {"K75A-D090": 84.17654727464513}, "K75P-U030": {"K75P-U040": 90.29843929373689}, "K75P-D070": {"K75P-D080": 80.26853877397758}, "K75P-U010": {"K75P-U020": 82.19448329173491}, "K75A-D020": {"K75A-D030": 17.324438819269243}, "K74-D030": {"K74-D040": 107.92685480226965}, "K75A-D070": {"K75A-D080": 36.947904909986775}, "K74-U090": {"K74-U100": 178.16563387459593}, "K76-U010": {"K76-U020": 13.465689162181672}, "K74-U060": {"K74-U070": 130.90040330422386}, "K75A-D010": {"K75A-D020": 186.383433153807}, "K74-D090": {"K74-U011": 70.51741384337129}, "K73-U110": {"K73-U120": 187.50000617932477}, "K73-U050": {"K73-U060": 98.8395595920474}, "K73-U060": {"K73-U070": 129.1095809647559}, "K74-U007": {"K74-U010": 231.2247483417787}, "K73-D030": {"K73-D040": 101.15572027628889}, "K73-D040": {"K73-D050": 71.90425304026387}, "K73-U090": {"K73-U100": 100.07928770166419}, "K75P-U140": {"K75P-D010": 132.78906263426626}, "K73-U030": {"K73-U040": 82.14303106450215}, "K73-U010": {"K73-U020": 64.35680486740226}, "K75P-U110": {"K75P-U120": 76.74864590938579}, "K76-D020": {"K76-D030": 116.19547827132313}, "K75A-U030": {"K75A-D010": 206.75903829908094}, "K75P-D060": {"K75P-D070": 150.2494967346534}, "K73-D110": {"K73-D120": 56.368626134691}, "K75P-U090": {"K75P-U100": 34.5864691315299}, "K74-U080": {"K74-U090": 215.68240318825684}, "K75P-U120": {"K75P-U130": 60.377330150123285}, "K73-U040": {"K73-U050": 86.30766104801769, "K73-U060": 184.69074142128568}, "K75P-U020": {"K75P-U030": 99.26370563806763}, "K73-D010": {"K73-D020": 73.42771681832991}, "K74-D080": {"K74-D090": 150.20280107783583}, "K74-D060": {"K74-D070": 136.29252143477532}, "K75P-D010": {"K75P-D020": 104.67584050265914}, "K73-D090": {"K73-D100": 69.56866405398826}, "K73-D100": {"K73-D110": 169.7893245311129}, "K75A-U010": {"K75A-U020": 35.85311067435543}, "K73-U020": {"K73-U030": 133.87718271832665}, "K75P-U100": {"K75P-U110": 59.65185403743417}, "K75A-D030": {"K75A-D040": 45.67227796055028}, "K75P-D080": {"K75P-U011": 122.61581527315948}, "K75P-D020": {"K75P-D030": 22.948507190526517}, "K75P-U080": {"K75P-U090": 43.80180716866226}, "K75P-D030": {"K75P-D040": 110.89603747695446}, "K75A-D050": {"K75A-D060": 70.4419850812261}, "K76-U030": {"K76-U040": 148.25947878004982}, "K74-U001": {"K74-U004": 139.56840680794886}, "K75P-U130": {"K75P-U140": 32.230624622874394}, "K73-D130": {"K73-D140": 131.12665228804337}, "K74-U030": {"K74-U040": 255.18845993855984}, "K75A-D100": {"K75A-D110": 92.14698744374104}, "K73-D140": {"K73-D150": 166.11685070440996}, "K74-U010": {"K74-U020": 150.68683489340415}, "K75A-D090": {"K75A-D100": 41.82228055258989}, "K75P-U050": {"K75P-U060": 132.92294665266664}, "K74-D050": {"K74-D060": 103.23907705413653}, "K75P-U060": {"K75P-U070": 28.05135912097935}, "K74-U020": {"K74-U030": 113.33780221727538}, "K75P-D040": {"K75P-D050": 151.1388740506721}, "K74-U004": {"K74-U007": 91.16540916680245}, "K75P-U040": {"K75P-U050": 91.21680746407051}, "K75A-U020": {"K75A-U030": 122.60357169920535}, "K73-D070": {"K73-D080": 129.3171153345269}, "K74-U011": {"K74-D100": 152.6017522977362}, "K73-D120": {"K73-D130": 102.28569790426766}, "K74-U100": {"K74-D010": 102.16495363313531}, "K74-D070": {"K74-D080": 232.70053309045588}, "K74-U040": {"K74-U050": 146.00122387801213}, "K74-D100": {"K74-D110": 78.25472490995178}, "K73-D080": {"K73-D090": 223.0324076837059}, "K75A-D060": {"K75A-D070": 35.005387792045035}, "K75P-U070": {"K75P-U080": 94.25094728470548}, "K75A-D040": {"K75A-D050": 45.06003662562726}, "K73-D020": {"K73-D030": 98.03630530141604}, "K73-D050": {"K73-D060": 66.81882837587705}, "K74-D110": {"K74-U002": 155.32405690277636}, "K74-D010": {"K74-D020": 136.3338129378166}, "K74-U070": {"K74-U080": 139.76954655517858}, "K73-D060": {"K73-D070": 25.26487928924995}, "K73-D150": {"K73-D160": 38.489762102813934}, "K74-D040": {"K74-D050": 68.38066050347926}, "K74-U050": {"K74-U060": 197.5387269612336}}