{"K76-U020": {"K76-U030": 129.93595712021954}, "K73-U070": {"K73-U080": 156.48680187747078}, "K76-U040": {"K76-U050": 152.32329555128985}, "K76-D030": {"K76-D040": 47.506705858820276}, "K75P-D050": {"K75P-D060": 90.34822072324471}, "K73-U080": {"K73-U090": 260.2140653705884, "K73-U110": 151.48186865393524}, "K74-D020": {"K74-D030": 145.03112256127412}, "K73-U100": {"K73-U110": 242.4752229706368}, "K76-D010": {"K76-D020": 170.469997127746}, "K75A-D110": {"K75A-U011": 177.60596718230536}, "K75A-D080": {"K75A-D090": 117.21192173647219}, "K75P-U030": {"K75P-U040": 111.08208623872284}, "K75P-D070": {"K75P-D080": 88.29935210882199}, "K75P-U010": {"K75P-U020": 95.88901295338229}, "K75A-D020": {"K75A-D030": 23.233828282370602}, "K74-D030": {"K74-D040": 133.43368234198363}, "K75A-D070": {"K75A-D080": 44.31803029240376}, "K74-U090": {"K74-U100": 206.59000742098823}, "K76-U010": {"K76-U020": 77.4843683694854}, "K74-U060": {"K74-U070": 145.77915336386482}, "K75A-D010": {"K75A-D020": 189.26830936913947}, "K74-D090": {"K74-U011": 68.97940794871708}, "K73-U110": {"K73-U120": 205.81676544740913}, "K73-U050": {"K73-U060": 112.99437508096801}, "K73-U060": {"K73-U070": 129.23668132793836}, "K74-U007": {"K74-U010": 262.8267755527931}, "K73-D030": {"K73-D040": 114.03303472900625}, "K73-D040": {"K73-D050": 83.72949067046349}, "K73-U090": {"K73-U100": 129.07422967796785}, "K75P-U140": {"K75P-D010": 140.02787987766766}, "K73-U030": {"K73-U040": 82.95813372819737}, "K73-U010": {"K73-U020": 65.37967159412935}, "K75P-U110": {"K75P-U120": 82.92110975688287}, "K76-D020": {"K76-D030": 117.47748506167216}, "K75A-U030": {"K75A-D010": 225.19134883159654}, "K75P-D060": {"K75P-D070": 170.98419193195065}, "K73-D110": {"K73-D120": 74.23680327600921}, "K75P-U090": {"K75P-U100": 42.38518822829259}, "K74-U080": {"K74-U090": 236.2937612205104}, "K75P-U120": {"K75P-U130": 65.78259694027948}, "K73-U040": {"K73-U050": 94.43426122284868, "K73-U060": 206.9252639095293}, "K75P-U020": {"K75P-U030": 106.51381413874398}, "K73-D010": {"K73-D020": 76.39825699246697}, "K74-D080": {"K74-D090": 156.45985241612658}, "K74-D060": {"K74-D070": 143.62382866699312}, "K75P-D010": {"K75P-D020": 145.84157904172233}, "K73-D090": {"K73-D100": 83.4656589820676}, "K73-D100": {"K73-D110": 191.53741204686474}, "K75A-U010": {"K75A-U020": 48.70611323283889}, "K73-U020": {"K73-U030": 290.6406117689429}, "K75P-U100": {"K75P-U110": 65.67007327548328}, "K75A-D030": {"K75A-D040": 44.591303864460215}, "K75P-D080": {"K75P-U011": 147.5893605958815}, "K75P-D020": {"K75P-D030": 32.88331173915291}, "K75P-U080": {"K75P-U090": 46.04548782175231}, "K75P-D030": {"K75P-D040": 116.0866516703654}, "K75A-D050": {"K75A-D060": 72.50379835602666}, "K76-U030": {"K76-U040": 163.0854266580546}, "K74-U001": {"K74-U004": 159.57011909425506}, "K75P-U130": {"K75P-U140": 37.11705763393617}, "K73-D130": {"K73-D140": 138.10850370811096}, "K74-U030": {"K74-U040": 291.5068713921663}, "K75A-D100": {"K75A-D110": 105.74721981529952}, "K73-D140": {"K73-D150": 196.75038284354028}, "K74-U010": {"K74-U020": 171.46198947116042}, "K75A-D090": {"K75A-D100": 49.13453067989796}, "K75P-U050": {"K75P-U060": 157.12990861505776}, "K74-D050": {"K74-D060": 106.51208245449716}, "K75P-U060": {"K75P-U070": 30.409653152942713}, "K74-U020": {"K74-U030": 136.62963799381595}, "K75P-D040": {"K75P-D050": 164.14463268220683}, "K74-U004": {"K74-U007": 96.46250614745696}, "K75P-U040": {"K75P-U050": 110.28109166022641}, "K75A-U020": {"K75A-U030": 145.278174299678}, "K73-D070": {"K73-D080": 149.4828061381677}, "K74-U011": {"K74-D100": 167.81724091348843}, "K73-D120": {"K73-D130": 111.418017004021}, "K74-U100": {"K74-D010": 120.15836212396842}, "K74-D070": {"K74-D080": 250.00882112899072}, "K74-U040": {"K74-U050": 165.50660337944362}, "K74-D100": {"K74-D110": 89.63782996246081}, "K73-D080": {"K73-D090": 268.58268123938905}, "K75A-D060": {"K75A-D070": 40.30281072753001}, "K75P-U070": {"K75P-U080": 106.59039556833675}, "K75A-D040": {"K75A-D050": 48.589878171749966}, "K73-D020": {"K73-D030": 102.2836606765167}, "K73-D050": {"K73-D060": 64.29878854327228, "K73-D070": 103.32343045466455}, "K74-D110": {"K74-U002": 167.088576313921}, "K74-D010": {"K74-D020": 158.01312809583462}, "K74-U070": {"K74-U080": 144.30280751489425}, "K73-D060": {"K73-D070": 32.37775094081504}, "K73-D150": {"K73-D160": 42.74562459891167}, "K74-D040": {"K74-D050": 83.36605096126567}, "K74-U050": {"K74-U060": 236.9723651250018}}