{"K76-U020": {"K76-U030": 147.72407225781348}, "K73-U070": {"K73-U080": 157.76756290473844}, "K76-U040": {"K76-U050": 167.23378224573096}, "K76-D030": {"K76-D040": 42.658490765457216}, "K75P-D050": {"K75P-D060": 92.52471524926835}, "K73-U080": {"K73-U090": 249.18466832459234, "K73-U110": 151.48186865393455}, "K74-D020": {"K74-D030": 145.02286134134457}, "K73-U100": {"K73-U110": 204.06574879371425}, "K76-D010": {"K76-D020": 170.469997127746}, "K75A-D110": {"K75A-U011": 167.01835163461521}, "K75A-D080": {"K75A-D090": 116.13458779855452}, "K75P-U030": {"K75P-U040": 116.21860005900153}, "K75P-D070": {"K75P-D080": 94.2975751668786}, "K75P-U010": {"K75P-U020": 95.09202798588076}, "K75A-D020": {"K75A-D030": 24.242294644733718}, "K74-D030": {"K74-D040": 118.59878816096935}, "K75A-D070": {"K75A-D080": 44.096345523394035}, "K74-U090": {"K74-U100": 192.50300608219715}, "K76-U010": {"K76-U020": 54.410875643844165}, "K74-U060": {"K74-U070": 149.58136024894196}, "K75A-D010": {"K75A-D020": 201.98841325905093}, "K74-D090": {"K74-U011": 74.62260849891126}, "K73-U110": {"K73-U120": 199.24035020587743}, "K73-U050": {"K73-U060": 116.43943236233197}, "K73-U060": {"K73-U070": 139.26705704251253}, "K74-U007": {"K74-U010": 239.36294956040123}, "K73-D030": {"K73-D040": 113.17340562029248}, "K73-D040": {"K73-D050": 80.1099266973463}, "K73-U090": {"K73-U100": 126.98964862098123}, "K75P-U140": {"K75P-D010": 148.43519516783198}, "K73-U030": {"K73-U040": 90.53886740906776}, "K73-U010": {"K73-U020": 63.603056391121186}, "K75P-U110": {"K75P-U120": 78.71590015462264}, "K76-D020": {"K76-D030": 129.32464884208963}, "K75A-U030": {"K75A-D010": 240.6255528768807}, "K75P-D060": {"K75P-D070": 170.05976908457183}, "K73-D110": {"K73-D120": 71.65872166659382}, "K75P-U090": {"K75P-U100": 36.61603621842641}, "K74-U080": {"K74-U090": 219.67849409897144}, "K75P-U120": {"K75P-U130": 60.56353711770008}, "K73-U040": {"K73-U050": 111.45968728819085, "K73-U060": 215.77709153396754}, "K75P-U020": {"K75P-U030": 102.1428882956963}, "K73-D010": {"K73-D020": 76.75628451130937}, "K74-D080": {"K74-D090": 164.07814911438982}, "K74-D060": {"K74-D070": 155.62796551925396}, "K75P-D010": {"K75P-D020": 139.0112046527915}, "K73-D090": {"K73-D100": 80.60884082803214}, "K73-D100": {"K73-D110": 188.88393670271995}, "K75A-U010": {"K75A-U020": 39.78635462095468}, "K73-U020": {"K73-U030": 166.32448752389445}, "K75P-U100": {"K75P-U110": 65.26909214521442}, "K75A-D030": {"K75A-D040": 46.145245525916174}, "K75P-D080": {"K75P-U011": 149.1948291167823}, "K75P-D020": {"K75P-D030": 33.430119957709636}, "K75P-U080": {"K75P-U090": 43.115845951334485}, "K75P-D030": {"K75P-D040": 112.67234667396849}, "K75A-D050": {"K75A-D060": 73.84490323454614}, "K76-U030": {"K76-U040": 163.0854266580546}, "K74-U001": {"K74-U004": 167.72740319664106}, "K75P-U130": {"K75P-U140": 35.48269816342884}, "K73-D130": {"K73-D140": 141.02073374251094}, "K74-U030": {"K74-U040": 282.2649441752434}, "K75A-D100": {"K75A-D110": 96.24497925684776}, "K73-D140": {"K73-D150": 206.62056295035444}, "K74-U010": {"K74-U020": 165.12844960126262}, "K75A-D090": {"K75A-D100": 52.33075964182924}, "K75P-U050": {"K75P-U060": 160.44209226529475}, "K74-D050": {"K74-D060": 97.96572930547195}, "K75P-U060": {"K75P-U070": 24.606095772855856}, "K74-U020": {"K74-U030": 132.8505015217692}, "K75P-D040": {"K75P-D050": 169.46609332741826}, "K74-U004": {"K74-U007": 96.97557408947249}, "K75P-U040": {"K75P-U050": 111.6018889085066}, "K75A-U020": {"K75A-U030": 140.3315820251478}, "K73-D070": {"K73-D080": 157.7917338809554}, "K74-U011": {"K74-D100": 172.71827977616576}, "K73-D120": {"K73-D130": 103.11622484500984}, "K74-U100": {"K74-D010": 114.73573507737419}, "K74-D070": {"K74-D080": 257.42303061771884}, "K74-U040": {"K74-U050": 176.23375427592075}, "K74-D100": {"K74-D110": 79.44127083386036}, "K73-D080": {"K73-D090": 266.7941105418879}, "K75A-D060": {"K75A-D070": 43.17341240500032}, "K75P-U070": {"K75P-U080": 100.05413053534141}, "K75A-D040": {"K75A-D050": 51.324626047553764}, "K73-D020": {"K73-D030": 87.9590951042517}, "K73-D050": {"K73-D060": 74.8464261168203}, "K74-D110": {"K74-U002": 174.2952470504367}, "K74-D010": {"K74-D020": 153.34876929465776}, "K74-U070": {"K74-U080": 148.08893084203777}, "K73-D060": {"K73-D070": 28.1685690603139}, "K73-D150": {"K73-D160": 48.54475592660057}, "K74-D040": {"K74-D050": 82.10591765659362}, "K74-U050": {"K74-U060": 227.97117753703128}}