{"K76-U020": {"K76-U030": 151.25063964814882}, "K73-U070": {"K73-U080": 149.91622767295559}, "K76-U040": {"K76-U050": 179.97710125330667}, "K76-D030": {"K76-D040": 56.53398556960089}, "K75P-D050": {"K75P-D060": 86.06619633800005}, "K73-U080": {"K73-U090": 265.02690386499006, "K73-U110": 151.48186865393524}, "K74-D020": {"K74-D030": 145.03112256127412}, "K73-U100": {"K73-U110": 225.67719174326962}, "K76-D010": {"K76-D020": 170.469997127746}, "K75A-D110": {"K75A-U011": 182.23085511640542}, "K75A-D080": {"K75A-D090": 111.04827397208854}, "K75P-U030": {"K75P-U040": 106.27517201607654}, "K75P-D070": {"K75P-D080": 89.04900128604045}, "K75P-U010": {"K75P-U020": 93.88202929706037}, "K75A-D020": {"K75A-D030": 25.61280813669368}, "K74-D030": {"K74-D040": 126.10402069962633}, "K75A-D070": {"K75A-D080": 40.48021623447461}, "K74-U090": {"K74-U100": 199.72132731913132}, "K76-U010": {"K76-U020": 10.986701800953174}, "K74-U060": {"K74-U070": 140.81410638376985}, "K75A-D010": {"K75A-D020": 206.9333006528321}, "K74-D090": {"K74-U011": 76.4116876021505}, "K73-U110": {"K73-U120": 204.5351410941032}, "K73-U050": {"K73-U060": 104.48043799024609}, "K73-U060": {"K73-U070": 128.20399143199657}, "K74-U007": {"K74-U010": 249.0560616557009}, "K73-D030": {"K73-D040": 118.915614880913}, "K73-D040": {"K73-D050": 82.41006370335592}, "K73-U090": {"K73-U100": 127.42312369762935}, "K75P-U140": {"K75P-D010": 148.33891209216262}, "K73-U030": {"K73-U040": 90.87290141276064}, "K73-U010": {"K73-U020": 66.48493330325621}, "K75P-U110": {"K75P-U120": 87.57935802901025}, "K76-D020": {"K76-D030": 112.23315230232814}, "K75A-U030": {"K75A-D010": 224.69395100885154}, "K75P-D060": {"K75P-D070": 166.09025321830467}, "K73-D110": {"K73-D120": 82.01151480668987}, "K75P-U090": {"K75P-U100": 41.56740556465701}, "K74-U080": {"K74-U090": 222.27466627951208}, "K75P-U120": {"K75P-U130": 63.883904094584366}, "K73-U040": {"K73-U050": 91.52016705810776, "K73-U060": 205.77142562885956}, "K75P-U020": {"K75P-U030": 114.61477278821228}, "K73-D010": {"K73-D020": 82.40693519501818}, "K74-D080": {"K74-D090": 169.86175059532496}, "K74-D060": {"K74-D070": 154.8484910006781}, "K75P-D010": {"K75P-D020": 134.53968187744576}, "K73-D090": {"K73-D100": 85.28660284577353}, "K73-D100": {"K73-D110": 180.44877880178822}, "K75A-U010": {"K75A-U020": 40.89147003033249}, "K73-U020": {"K73-U030": 182.73352280528928}, "K75P-U100": {"K75P-U110": 65.91276417177566}, "K75A-D030": {"K75A-D040": 46.13333961870229}, "K75P-D080": {"K75P-U011": 143.56796591048655}, "K75P-D020": {"K75P-D030": 36.642499728848016}, "K75P-U080": {"K75P-U090": 44.43403629819342}, "K75P-D030": {"K75P-D040": 125.9295590596312}, "K75A-D050": {"K75A-D060": 76.41565971052904}, "K76-U030": {"K76-U040": 163.0854266580546}, "K74-U001": {"K74-U004": 154.7977040762662}, "K75P-U130": {"K75P-U140": 35.945616756215045}, "K73-D130": {"K73-D140": 138.78303538697475}, "K74-U030": {"K74-U040": 295.35741842252935}, "K75A-D100": {"K75A-D110": 97.10486706389061}, "K73-D140": {"K73-D150": 182.2682774228936}, "K74-U010": {"K74-U020": 162.60783618921732}, "K75A-D090": {"K75A-D100": 44.117919845182236}, "K75P-U050": {"K75P-U060": 157.14944827300525}, "K74-D050": {"K74-D060": 105.35507115366366}, "K75P-U060": {"K75P-U070": 30.233022098123474}, "K74-U020": {"K74-U030": 138.64717941533507}, "K75P-D040": {"K75P-D050": 168.01138594478726}, "K74-U004": {"K74-U007": 93.41266103367839}, "K75P-U040": {"K75P-U050": 101.94917465737899}, "K75A-U020": {"K75A-U030": 146.51678834176283}, "K73-D070": {"K73-D080": 148.13729803560747}, "K74-U011": {"K74-D100": 165.4116690664186}, "K73-D120": {"K73-D130": 106.62555253330925}, "K74-U100": {"K74-D010": 120.53959620022155}, "K74-D070": {"K74-D080": 261.56797227611594}, "K74-U040": {"K74-U050": 194.63317611479366}, "K74-D100": {"K74-D110": 86.1397773143341}, "K73-D080": {"K73-D090": 267.42171045640464}, "K75A-D060": {"K75A-D070": 41.629642430419366}, "K75P-U070": {"K75P-U080": 115.3983350043404}, "K75A-D040": {"K75A-D050": 56.09682418749899}, "K73-D020": {"K73-D030": 94.8232550403782}, "K73-D050": {"K73-D060": 64.29878854327228, "K73-D070": 107.74084338554708}, "K74-D110": {"K74-U002": 179.1468573632958}, "K74-D010": {"K74-D020": 162.6919408121942}, "K74-U070": {"K74-U080": 158.7526173944538}, "K73-D060": {"K73-D070": 32.37775094081504}, "K73-D150": {"K73-D160": 39.0284514132902}, "K74-D040": {"K74-D050": 87.08706010166934}, "K74-U050": {"K74-U060": 228.7831300814665}}