{"K76-U020": {"K76-U030": 157.93353645413188}, "K73-U070": {"K73-U080": 161.6423290805086}, "K76-U040": {"K76-U050": 173.96819609996572}, "K76-D030": {"K76-D040": 52.906800894075694}, "K75P-D050": {"K75P-D060": 91.56176285486877}, "K73-U080": {"K73-U090": 259.57150335314975, "K73-U110": 151.48186865393524}, "K74-D020": {"K74-D030": 145.03112256127412}, "K73-U100": {"K73-U110": 223.73407144429788}, "K76-D010": {"K76-D020": 170.469997127746}, "K75A-D110": {"K75A-U011": 170.09664100533155}, "K75A-D080": {"K75A-D090": 131.6738418995525}, "K75P-U030": {"K75P-U040": 114.8034898533655}, "K75P-D070": {"K75P-D080": 91.59993142673832}, "K75P-U010": {"K75P-U020": 96.50579139871411}, "K75A-D020": {"K75A-D030": 22.373364736063355}, "K74-D030": {"K74-D040": 139.71335442730606}, "K75A-D070": {"K75A-D080": 48.582194707361495}, "K74-U090": {"K74-U100": 200.30490601100047}, "K76-U010": {"K76-U020": 29.462898695079396}, "K74-U060": {"K74-U070": 143.63123802747833}, "K75A-D010": {"K75A-D020": 196.47969999938317}, "K74-D090": {"K74-U011": 71.61349955515327}, "K73-U110": {"K73-U120": 214.98931413316663}, "K73-U050": {"K73-U060": 110.17536684645536}, "K73-U060": {"K73-U070": 133.44500686407684}, "K74-U007": {"K74-U010": 262.8267755527931}, "K73-D030": {"K73-D040": 119.36628231744555}, "K73-D040": {"K73-D050": 85.375610946002}, "K73-U090": {"K73-U100": 136.95531278237402}, "K75P-U140": {"K75P-D010": 146.89982443081973}, "K73-U030": {"K73-U040": 89.87669097201213}, "K73-U010": {"K73-U020": 65.22681253290827}, "K75P-U110": {"K75P-U120": 84.54960011149086}, "K76-D020": {"K76-D030": 114.83398167572099}, "K75A-U030": {"K75A-D010": 233.09467857156943}, "K75P-D060": {"K75P-D070": 174.71673832655284}, "K73-D110": {"K73-D120": 71.8731229484083}, "K75P-U090": {"K75P-U100": 43.896168717232044}, "K74-U080": {"K74-U090": 236.97438509845932}, "K75P-U120": {"K75P-U130": 63.92389185251737}, "K73-U040": {"K73-U050": 109.04938999218575, "K73-U060": 213.49046376671873}, "K75P-U020": {"K75P-U030": 106.2024327248696}, "K73-D010": {"K73-D020": 77.90958816389823}, "K74-D080": {"K74-D090": 152.6648324113563}, "K74-D060": {"K74-D070": 145.57330122026445}, "K75P-D010": {"K75P-D020": 141.28080500834662}, "K73-D090": {"K73-D100": 83.98618377547476}, "K73-D100": {"K73-D110": 193.50367084217828}, "K75A-U010": {"K75A-U020": 47.81810120228423}, "K73-U020": {"K73-U030": 283.90655059204863}, "K75P-U100": {"K75P-U110": 64.97434056844011}, "K75A-D030": {"K75A-D040": 42.820564465472344}, "K75P-D080": {"K75P-U011": 150.64607298443588}, "K75P-D020": {"K75P-D030": 34.383434257842474}, "K75P-U080": {"K75P-U090": 47.45545291413189}, "K75P-D030": {"K75P-D040": 115.03229216092674}, "K75A-D050": {"K75A-D060": 73.41536900154344}, "K76-U030": {"K76-U040": 163.0854266580546}, "K74-U001": {"K74-U004": 159.57011909425506}, "K75P-U130": {"K75P-U140": 38.78769151362553}, "K73-D130": {"K73-D140": 143.7837992828916}, "K74-U030": {"K74-U040": 291.5068713921663}, "K75A-D100": {"K75A-D110": 107.4023806171487}, "K73-D140": {"K73-D150": 195.87352909294086}, "K74-U010": {"K74-U020": 171.46198947116042}, "K75A-D090": {"K75A-D100": 51.156725579081055}, "K75P-U050": {"K75P-U060": 157.9950387381055}, "K74-D050": {"K74-D060": 106.96670810932844}, "K75P-U060": {"K75P-U070": 31.996919090281146}, "K74-U020": {"K74-U030": 131.91100677499094}, "K75P-D040": {"K75P-D050": 163.85119415251634}, "K74-U004": {"K74-U007": 99.12313425501188}, "K75P-U040": {"K75P-U050": 110.28109166022641}, "K75A-U020": {"K75A-U030": 142.0058929151957}, "K73-D070": {"K73-D080": 154.03446567472423}, "K74-U011": {"K74-D100": 169.09681858700577}, "K73-D120": {"K73-D130": 111.82338686070436}, "K74-U100": {"K74-D010": 123.9261332505821}, "K74-D070": {"K74-D080": 250.00882112899072}, "K74-U040": {"K74-U050": 168.12734873734934}, "K74-D100": {"K74-D110": 87.76397804263394}, "K73-D080": {"K73-D090": 267.24441311545013}, "K75A-D060": {"K75A-D070": 42.915319592264346}, "K75P-U070": {"K75P-U080": 110.75440853238572}, "K75A-D040": {"K75A-D050": 50.43592118720572}, "K73-D020": {"K73-D030": 106.1512697698626}, "K73-D050": {"K73-D060": 64.29878854327228, "K73-D070": 104.59378080145045}, "K74-D110": {"K74-U002": 170.6255721328484}, "K74-D010": {"K74-D020": 158.01312809583462}, "K74-U070": {"K74-U080": 145.49252676340484}, "K73-D060": {"K73-D070": 32.37775094081504}, "K73-D150": {"K73-D160": 39.03730586941135}, "K74-D040": {"K74-D050": 84.73050127862521}, "K74-U050": {"K74-U060": 235.62861575125143}}