{"K76-U020": {"K76-U030": 134.03060845559517}, "K73-U070": {"K73-U080": 135.8569958481517}, "K76-U040": {"K76-U050": 156.4491221639167}, "K76-D030": {"K76-D040": 52.73371545329062}, "K75P-D050": {"K75P-D060": 81.46852024331392}, "K73-U080": {"K73-U090": 227.6006426419538, "K73-U110": 137.71078968539587}, "K74-D020": {"K74-D030": 131.84647505570385}, "K73-U100": {"K73-U110": 214.2271481800896}, "K76-D010": {"K76-D020": 154.9727246615875}, "K75A-D110": {"K75A-U011": 161.34812340420544}, "K75A-D080": {"K75A-D090": 87.31185884544453}, "K75P-U030": {"K75P-U040": 97.45502541205572}, "K75P-D070": {"K75P-D080": 80.80997952863643}, "K75P-U010": {"K75P-U020": 84.32688034067976}, "K75A-D020": {"K75A-D030": 22.560583536854203}, "K74-D030": {"K74-D040": 105.79675801678499}, "K75A-D070": {"K75A-D080": 34.60885810416137}, "K74-U090": {"K74-U100": 180.52572164558097}, "K76-U010": {"K76-U020": 9.581019997942615}, "K74-U060": {"K74-U070": 128.1623212989577}, "K75A-D010": {"K75A-D020": 173.83980569282403}, "K74-D090": {"K74-U011": 72.82085592421679}, "K73-U110": {"K73-U120": 219.27691048294537}, "K73-U050": {"K73-U060": 98.05004657728132}, "K73-U060": {"K73-U070": 120.29696678496506}, "K74-U007": {"K74-U010": 230.40854973749774}, "K73-D030": {"K73-D040": 98.20264002407704}, "K73-D040": {"K73-D050": 75.28206604068875}, "K73-U090": {"K73-U100": 116.18918561786138}, "K75P-U140": {"K75P-D010": 131.34732748850243}, "K73-U030": {"K73-U040": 84.97883684645718}, "K73-U010": {"K73-U020": 56.90230793698392}, "K75P-U110": {"K75P-U120": 78.48770598164548}, "K76-D020": {"K76-D030": 117.58936976876757}, "K75A-U030": {"K75A-D010": 208.63087525568417}, "K75P-D060": {"K75P-D070": 157.16730345846366}, "K73-D110": {"K73-D120": 56.10433981813014}, "K75P-U090": {"K75P-U100": 37.129463226536785}, "K74-U080": {"K74-U090": 203.6980077951147}, "K75P-U120": {"K75P-U130": 55.654778653872725}, "K73-U040": {"K73-U050": 96.5149100737578, "K73-U060": 195.5635915898817}, "K75P-U020": {"K75P-U030": 102.77945224049941}, "K73-D010": {"K73-D020": 68.59291543386536}, "K74-D080": {"K74-D090": 162.23400712847098}, "K74-D060": {"K74-D070": 132.23612718050737}, "K75P-D010": {"K75P-D020": 134.7977001114388}, "K73-D090": {"K73-D100": 78.5960395754129}, "K73-D100": {"K73-D110": 168.91875619166618}, "K75A-U010": {"K75A-U020": 39.72584240190945}, "K73-U020": {"K73-U030": 162.48948146979518}, "K75P-U100": {"K75P-U110": 53.77200722932994}, "K75A-D030": {"K75A-D040": 37.693010352841036}, "K75P-D080": {"K75P-U011": 134.25290348410138}, "K75P-D020": {"K75P-D030": 32.56908087058094}, "K75P-U080": {"K75P-U090": 41.27774772374546}, "K75P-D030": {"K75P-D040": 114.367326598526}, "K75A-D050": {"K75A-D060": 63.461025040005566}, "K76-U030": {"K76-U040": 148.25947878004982}, "K74-U001": {"K74-U004": 148.26425688631178}, "K75P-U130": {"K75P-U140": 36.06360196394741}, "K73-D130": {"K73-D140": 124.27399940016183}, "K74-U030": {"K74-U040": 260.1740448682857}, "K75A-D100": {"K75A-D110": 90.01208119582387}, "K73-D140": {"K73-D150": 171.20322632913206}, "K74-U010": {"K74-U020": 145.91538338376944}, "K75A-D090": {"K75A-D100": 45.11489626555001}, "K75P-U050": {"K75P-U060": 138.4331136254537}, "K74-D050": {"K74-D060": 95.75032531168324}, "K75P-U060": {"K75P-U070": 26.232419013697644}, "K74-U020": {"K74-U030": 109.3692058108333}, "K75P-D040": {"K75P-D050": 151.6303682329022}, "K74-U004": {"K74-U007": 83.46365163573101}, "K75P-U040": {"K75P-U050": 97.71104733251282}, "K75A-U020": {"K75A-U030": 129.56601193487307}, "K73-D070": {"K73-D080": 134.60909327974517}, "K74-U011": {"K74-D100": 165.0370033259143}, "K73-D120": {"K73-D130": 99.84756624855251}, "K74-U100": {"K74-D010": 101.93331549744299}, "K74-D070": {"K74-D080": 215.71515399964818}, "K74-U040": {"K74-U050": 159.33253321173666}, "K74-D100": {"K74-D110": 75.18455662344988}, "K73-D080": {"K73-D090": 238.61519758342342}, "K75A-D060": {"K75A-D070": 38.31483770379444}, "K75P-U070": {"K75P-U080": 93.25095131032637}, "K75A-D040": {"K75A-D050": 46.43670919543949}, "K73-D020": {"K73-D030": 95.21898307113204}, "K73-D050": {"K73-D060": 64.55301660196804}, "K74-D110": {"K74-U002": 155.6449030238927}, "K74-D010": {"K74-D020": 147.7249117770254}, "K74-U070": {"K74-U080": 141.64726435805517}, "K73-D060": {"K73-D070": 29.313820416004752}, "K73-D150": {"K73-D160": 43.81764152718224}, "K74-D040": {"K74-D050": 71.83703667889434}, "K74-U050": {"K74-U060": 187.23882817984506}}