{"K76-U020": {"K76-U030": 154.70113623470056}, "K73-U070": {"K73-U080": 128.38877636359288}, "K76-U040": {"K76-U050": 182.86449278609686}, "K76-D030": {"K76-D040": 53.48454484870881}, "K75P-D050": {"K75P-D060": 90.6636105853764}, "K73-U080": {"K73-U090": 272.15057898540886, "K73-U110": 151.48186865393524}, "K74-D020": {"K74-D030": 145.03112254182633}, "K73-U100": {"K73-U110": 224.2957946487772}, "K76-D010": {"K76-D020": 170.469997127746}, "K75A-D110": {"K75A-U011": 168.36647949195876}, "K75A-D080": {"K75A-D090": 83.49287848783652}, "K75P-U030": {"K75P-U040": 104.28100955400694}, "K75P-D070": {"K75P-D080": 88.57500990441761}, "K75P-U010": {"K75P-U020": 93.83604646707406}, "K75A-D020": {"K75A-D030": 24.52748532553175}, "K74-D030": {"K74-D040": 131.2678568311248}, "K75A-D070": {"K75A-D080": 41.277770481222326}, "K74-U090": {"K74-U100": 191.74332696237727}, "K76-U010": {"K76-U020": 17.485666388064317}, "K74-U060": {"K74-U070": 134.90521536558595}, "K75A-D010": {"K75A-D020": 196.96290967070095}, "K74-D090": {"K74-U011": 74.04191417562986}, "K73-U110": {"K73-U120": 214.37161865030072}, "K73-U050": {"K73-U060": 95.19072954877876}, "K73-U060": {"K73-U070": 142.64403367627412}, "K74-U007": {"K74-U010": 256.82992909538166}, "K73-D030": {"K73-D040": 127.38828299268451}, "K73-D040": {"K73-D050": 73.15545889972452}, "K73-U090": {"K73-U100": 113.17708321172563}, "K75P-U140": {"K75P-D010": 140.24288724240697}, "K73-U030": {"K73-U040": 87.30788704370025}, "K73-U010": {"K73-U020": 63.85225102348263}, "K75P-U110": {"K75P-U120": 82.22492476294725}, "K76-D020": {"K76-D030": 120.14086864722842}, "K75A-U030": {"K75A-D010": 236.13982236631827}, "K75P-D060": {"K75P-D070": 166.2479421814477}, "K73-D110": {"K73-D120": 80.69795332001685}, "K75P-U090": {"K75P-U100": 41.99256004628707}, "K74-U080": {"K74-U090": 218.8027299800198}, "K75P-U120": {"K75P-U130": 58.21626494833389}, "K73-U040": {"K73-U050": 90.5450816085194, "K73-U060": 207.73561236424726}, "K75P-U020": {"K75P-U030": 105.7671819884187}, "K73-D010": {"K73-D020": 80.05404449511363}, "K74-D080": {"K74-D090": 164.2757725919775}, "K74-D060": {"K74-D070": 141.22143766149873}, "K75P-D010": {"K75P-D020": 124.56147771951048}, "K73-D090": {"K73-D100": 84.30916420563918}, "K73-D100": {"K73-D110": 188.2481189043262}, "K75A-U010": {"K75A-U020": 43.00633826268645}, "K73-U020": {"K73-U030": 174.10203416415456}, "K75P-U100": {"K75P-U110": 61.412108648796426}, "K75A-D030": {"K75A-D040": 44.141985493292076}, "K75P-D080": {"K75P-U011": 137.31605596228218}, "K75P-D020": {"K75P-D030": 31.0968195698723}, "K75P-U080": {"K75P-U090": 46.6006607893265}, "K75P-D030": {"K75P-D040": 115.38370326961615}, "K75A-D050": {"K75A-D060": 72.94399692617029}, "K76-U030": {"K76-U040": 163.0854266580546}, "K74-U001": {"K74-U004": 132.76986569860006}, "K75P-U130": {"K75P-U140": 36.80076795074116}, "K73-D130": {"K73-D140": 137.74841150467233}, "K74-U030": {"K74-U040": 280.75624256504955}, "K75A-D100": {"K75A-D110": 95.9408142385105}, "K73-D140": {"K73-D150": 188.06910638455534}, "K74-U010": {"K74-U020": 153.8477613825969}, "K75A-D090": {"K75A-D100": 47.86083882922567}, "K75P-U050": {"K75P-U060": 170.54678334135832}, "K74-D050": {"K74-D060": 105.82483999766137}, "K75P-U060": {"K75P-U070": 26.083334996260533}, "K74-U020": {"K74-U030": 136.27379799993201}, "K75P-D040": {"K75P-D050": 165.47649554742003}, "K74-U004": {"K74-U007": 94.56114385611482}, "K75P-U040": {"K75P-U050": 98.06778574445534}, "K75A-U020": {"K75A-U030": 137.61121362554047}, "K73-D070": {"K73-D080": 153.80719101136222}, "K74-U011": {"K74-D100": 177.46598072191162}, "K73-D120": {"K73-D130": 106.39654925340389}, "K74-U100": {"K74-D010": 115.73628799900496}, "K74-D070": {"K74-D080": 258.9007456059621}, "K74-U040": {"K74-U050": 170.60132739423528}, "K74-D100": {"K74-D110": 79.26069328702985}, "K73-D080": {"K73-D090": 251.06461527726196}, "K75A-D060": {"K75A-D070": 46.324742111873164}, "K75P-U070": {"K75P-U080": 101.87762559894836}, "K75A-D040": {"K75A-D050": 53.19484707770798}, "K73-D020": {"K73-D030": 108.71305563714732}, "K73-D050": {"K73-D060": 64.29878854327228, "K73-D070": 109.75103809109763}, "K74-D110": {"K74-U002": 156.2184568979479}, "K74-D010": {"K74-D020": 154.9002081273845}, "K74-U070": {"K74-U080": 156.53489621525657}, "K73-D060": {"K73-D070": 32.37775094081504}, "K73-D150": {"K73-D160": 43.1231808417073}, "K74-D040": {"K74-D050": 74.06705637691854}, "K74-U050": {"K74-U060": 233.04397876141607}}