{"K76-U020": {"K76-U030": 131.00804167917354}, "K73-U070": {"K73-U080": 153.35981053151}, "K76-U040": {"K76-U050": 173.3816125532096}, "K76-D030": {"K76-D040": 56.834678081376396}, "K75P-D050": {"K75P-D060": 92.81607780966354}, "K73-U080": {"K73-U090": 257.00378440813375, "K73-U110": 151.48186865393524}, "K74-D020": {"K74-D030": 145.03112256127412}, "K73-U100": {"K73-U110": 236.31007921145675}, "K76-D010": {"K76-D020": 170.469997127746}, "K75A-D110": {"K75A-U011": 177.60596718230536}, "K75A-D080": {"K75A-D090": 117.21192173647219}, "K75P-U030": {"K75P-U040": 114.08873283775422}, "K75P-D070": {"K75P-D080": 90.65483567646888}, "K75P-U010": {"K75P-U020": 95.88901295338229}, "K75A-D020": {"K75A-D030": 23.233828282370602}, "K74-D030": {"K74-D040": 133.43368234198363}, "K75A-D070": {"K75A-D080": 43.25336699155973}, "K74-U090": {"K74-U100": 213.5617375567756}, "K76-U010": {"K76-U020": 66.52075182284656}, "K74-U060": {"K74-U070": 145.77915336386482}, "K75A-D010": {"K75A-D020": 189.26830936913947}, "K74-D090": {"K74-U011": 74.93267549857454}, "K73-U110": {"K73-U120": 199.63740116242678}, "K73-U050": {"K73-U060": 101.72994665629487}, "K73-U060": {"K73-U070": 127.07618643489027}, "K74-U007": {"K74-U010": 252.79641728088123}, "K73-D030": {"K73-D040": 114.03303472900625}, "K73-D040": {"K73-D050": 83.72949067046349}, "K73-U090": {"K73-U100": 128.9935885310754}, "K75P-U140": {"K75P-D010": 147.08503688600945}, "K73-U030": {"K73-U040": 83.28310277121989}, "K73-U010": {"K73-U020": 60.45903306527869}, "K75P-U110": {"K75P-U120": 87.50545611474294}, "K76-D020": {"K76-D030": 117.12165303384386}, "K75A-U030": {"K75A-D010": 225.1461096686377}, "K75P-D060": {"K75P-D070": 171.60023695302547}, "K73-D110": {"K73-D120": 86.50919516599342}, "K75P-U090": {"K75P-U100": 43.31441045283172}, "K74-U080": {"K74-U090": 236.2937612205104}, "K75P-U120": {"K75P-U130": 64.9028854891994}, "K73-U040": {"K73-U050": 96.7989865882698, "K73-U060": 206.9252639095293}, "K75P-U020": {"K75P-U030": 107.59312682082665}, "K73-D010": {"K73-D020": 77.11461864535936}, "K74-D080": {"K74-D090": 156.45985241612658}, "K74-D060": {"K74-D070": 143.62382866699312}, "K75P-D010": {"K75P-D020": 139.7879524491902}, "K73-D090": {"K73-D100": 83.3285099800751}, "K73-D100": {"K73-D110": 189.80421240353672}, "K75A-U010": {"K75A-U020": 48.81865831214678}, "K73-U020": {"K73-U030": 177.1460017816534}, "K75P-U100": {"K75P-U110": 64.64617906396936}, "K75A-D030": {"K75A-D040": 44.78432575859286}, "K75P-D080": {"K75P-U011": 136.61193008498282}, "K75P-D020": {"K75P-D030": 32.88331173915291}, "K75P-U080": {"K75P-U090": 46.48054842516738}, "K75P-D030": {"K75P-D040": 116.0866516703654}, "K75A-D050": {"K75A-D060": 72.50379835602666}, "K76-U030": {"K76-U040": 163.0854266580546}, "K74-U001": {"K74-U004": 156.0334656602834}, "K75P-U130": {"K75P-U140": 39.08132336523255}, "K73-D130": {"K73-D140": 138.10850370811096}, "K74-U030": {"K74-U040": 289.56650789156345}, "K75A-D100": {"K75A-D110": 101.60802201699946}, "K73-D140": {"K73-D150": 196.75038284354028}, "K74-U010": {"K74-U020": 168.26887719017824}, "K75A-D090": {"K75A-D100": 48.53275392579996}, "K75P-U050": {"K75P-U060": 157.12990861505776}, "K74-D050": {"K74-D060": 101.48009161610796}, "K75P-U060": {"K75P-U070": 30.508213769065083}, "K74-U020": {"K74-U030": 135.3107088820177}, "K75P-D040": {"K75P-D050": 164.14463268220683}, "K74-U004": {"K74-U007": 96.46250614745696}, "K75P-U040": {"K75P-U050": 107.71245883978568}, "K75A-U020": {"K75A-U030": 146.43725222182465}, "K73-D070": {"K73-D080": 147.51422904240854}, "K74-U011": {"K74-D100": 168.86360101498715}, "K73-D120": {"K73-D130": 109.4963172889148}, "K74-U100": {"K74-D010": 120.15836212396842}, "K74-D070": {"K74-D080": 250.00882112899072}, "K74-U040": {"K74-U050": 163.1184481993818}, "K74-D100": {"K74-D110": 89.63782996246081}, "K73-D080": {"K73-D090": 268.58268123938905}, "K75A-D060": {"K75A-D070": 39.64756747503335}, "K75P-U070": {"K75P-U080": 112.88854945610721}, "K75A-D040": {"K75A-D050": 46.1665313019444}, "K73-D020": {"K73-D030": 106.19295630724078}, "K73-D050": {"K73-D060": 64.29878854327228, "K73-D070": 100.68448204279576}, "K74-D110": {"K74-U002": 168.1761959043567}, "K74-D010": {"K74-D020": 158.01312809583462}, "K74-U070": {"K74-U080": 149.64667594431393}, "K73-D060": {"K73-D070": 32.37775094081504}, "K73-D150": {"K73-D160": 42.74562459891167}, "K74-D040": {"K74-D050": 82.82228513736501}, "K74-U050": {"K74-U060": 236.9723651250018}}