{"K76-U020": {"K76-U030": 129.76613243974035}, "K73-U070": {"K73-U080": 154.32794763395876}, "K76-U040": {"K76-U050": 159.96568040637007}, "K76-D030": {"K76-D040": 45.47838539969298}, "K75P-D050": {"K75P-D060": 78.91296365366472}, "K73-U080": {"K73-U090": 244.32988857329778, "K73-U110": 137.71078968539587}, "K74-D020": {"K74-D030": 131.84647505570385}, "K73-U100": {"K73-U110": 222.20589412033715}, "K76-D010": {"K76-D020": 154.9727246615875}, "K75A-D110": {"K75A-U011": 172.8024036663047}, "K75A-D080": {"K75A-D090": 104.73738655114293}, "K75P-U030": {"K75P-U040": 88.2921497548779}, "K75P-D070": {"K75P-D080": 85.53365787571502}, "K75P-U010": {"K75P-U020": 86.02343196966272}, "K75A-D020": {"K75A-D030": 24.394030924672187}, "K74-D030": {"K74-D040": 88.65441145896912}, "K75A-D070": {"K75A-D080": 38.0587943861931}, "K74-U090": {"K74-U100": 175.23603702294923}, "K76-U010": {"K76-U020": 21.657807999430133}, "K74-U060": {"K74-U070": 121.67479396327117}, "K75A-D010": {"K75A-D020": 195.17069662572084}, "K74-D090": {"K74-U011": 58.232833588719814}, "K73-U110": {"K73-U120": 192.80833917530194}, "K73-U050": {"K73-U060": 90.44203631773406}, "K73-U060": {"K73-U070": 120.34549090866285}, "K74-U007": {"K74-U010": 223.0075799918885}, "K73-D030": {"K73-D040": 97.25887799564832}, "K73-D040": {"K73-D050": 73.89683862028073}, "K73-U090": {"K73-U100": 95.87580023430505}, "K75P-U140": {"K75P-D010": 135.73037596182084}, "K73-U030": {"K73-U040": 80.37392221264022}, "K73-U010": {"K73-U020": 56.460799615070094}, "K75P-U110": {"K75P-U120": 79.31630482161701}, "K76-D020": {"K76-D030": 114.30344075887108}, "K75A-U030": {"K75A-D010": 212.6869140402041}, "K75P-D060": {"K75P-D070": 152.23993497792247}, "K73-D110": {"K73-D120": 69.73255174520271}, "K75P-U090": {"K75P-U100": 37.27485087848748}, "K74-U080": {"K74-U090": 215.34941705710153}, "K75P-U120": {"K75P-U130": 54.20769187570549}, "K73-U040": {"K73-U050": 97.19227583908317, "K73-U060": 175.54577087043043}, "K75P-U020": {"K75P-U030": 95.557840521206}, "K73-D010": {"K73-D020": 79.16297353345489}, "K74-D080": {"K74-D090": 157.79882214540004}, "K74-D060": {"K74-D070": 131.82340086326002}, "K75P-D010": {"K75P-D020": 115.42781256497047}, "K73-D090": {"K73-D100": 70.30865923560818}, "K73-D100": {"K73-D110": 171.9626411179519}, "K75A-U010": {"K75A-U020": 38.72405427132361}, "K73-U020": {"K73-U030": 166.0419980687803}, "K75P-U100": {"K75P-U110": 57.93725821648068}, "K75A-D030": {"K75A-D040": 41.83387977056105}, "K75P-D080": {"K75P-U011": 134.33387464928006}, "K75P-D020": {"K75P-D030": 29.02205769542123}, "K75P-U080": {"K75P-U090": 38.6679761774793}, "K75P-D030": {"K75P-D040": 105.25619278842468}, "K75A-D050": {"K75A-D060": 65.10176609652935}, "K76-U030": {"K76-U040": 148.25947878004982}, "K74-U001": {"K74-U004": 140.72353109288636}, "K75P-U130": {"K75P-U140": 33.86142523425057}, "K73-D130": {"K73-D140": 130.08097465099075}, "K74-U030": {"K74-U040": 251.64624327301976}, "K75A-D100": {"K75A-D110": 93.37617761036437}, "K73-D140": {"K73-D150": 184.00121101510135}, "K74-U010": {"K74-U020": 150.2397628071921}, "K75A-D090": {"K75A-D100": 43.72779083219824}, "K75P-U050": {"K75P-U060": 137.41145415247925}, "K74-D050": {"K74-D060": 104.98409586739122}, "K75P-U060": {"K75P-U070": 26.627499274625656}, "K74-U020": {"K74-U030": 123.31813092288488}, "K75P-D040": {"K75P-D050": 143.8912558375302}, "K74-U004": {"K74-U007": 84.0801391953826}, "K75P-U040": {"K75P-U050": 90.93657865318845}, "K75A-U020": {"K75A-U030": 122.68385585715632}, "K73-D070": {"K73-D080": 138.95290472750645}, "K74-U011": {"K74-D100": 149.14283133321956}, "K73-D120": {"K73-D130": 98.82319283352261}, "K74-U100": {"K74-D010": 111.55487732467054}, "K74-D070": {"K74-D080": 232.21342570115957}, "K74-U040": {"K74-U050": 151.3503515498374}, "K74-D100": {"K74-D110": 86.81942886897922}, "K73-D080": {"K73-D090": 240.12760296886773}, "K75A-D060": {"K75A-D070": 39.461405169973524}, "K75P-U070": {"K75P-U080": 93.92748846373516}, "K75A-D040": {"K75A-D050": 47.73427784842337}, "K73-D020": {"K73-D030": 115.5075487690843}, "K73-D050": {"K73-D060": 67.44010232277245}, "K74-D110": {"K74-U002": 158.36070638700247}, "K74-D010": {"K74-D020": 136.11859999537467}, "K74-U070": {"K74-U080": 154.44663148606966}, "K73-D060": {"K73-D070": 28.646141247844117}, "K73-D150": {"K73-D160": 45.63967571962296}, "K74-D040": {"K74-D050": 74.85183696943969}, "K74-U050": {"K74-U060": 221.65506379488525}}