{"K76-U020": {"K76-U030": 162.1283863915805}, "K73-U070": {"K73-U080": 151.3285420342583}, "K76-U040": {"K76-U050": 211.9287410574146}, "K76-D030": {"K76-D040": 59.211617765923066}, "K75P-D050": {"K75P-D060": 93.79252865894823}, "K73-U080": {"K73-U090": 258.6688064522159, "K73-U110": 151.48186865393524}, "K74-D020": {"K74-D030": 145.03112256127412}, "K73-U100": {"K73-U110": 238.42792873880376}, "K76-D010": {"K76-D020": 170.469997127746}, "K75A-D110": {"K75A-U011": 167.49906968209183}, "K75A-D080": {"K75A-D090": 107.60815097796528}, "K75P-U030": {"K75P-U040": 112.31533290407265}, "K75P-D070": {"K75P-D080": 97.32545280454585}, "K75P-U010": {"K75P-U020": 96.53701783928815}, "K75A-D020": {"K75A-D030": 20.883449922170524}, "K74-D030": {"K74-D040": 125.96084233928843}, "K75A-D070": {"K75A-D080": 46.91982265287195}, "K74-U090": {"K74-U100": 204.66832661452537}, "K76-U010": {"K76-U020": 55.009240089267166}, "K74-U060": {"K74-U070": 132.02541674150356}, "K75A-D010": {"K75A-D020": 195.02543008196773}, "K74-D090": {"K74-U011": 72.09010878261213}, "K73-U110": {"K73-U120": 205.1255451740523}, "K73-U050": {"K73-U060": 110.736037942281}, "K73-U060": {"K73-U070": 139.55732641284658}, "K74-U007": {"K74-U010": 243.94839198185142}, "K73-D030": {"K73-D040": 111.81187412340057}, "K73-D040": {"K73-D050": 87.5526777531144}, "K73-U090": {"K73-U100": 144.5777701082715}, "K75P-U140": {"K75P-D010": 148.3981753886691}, "K73-U030": {"K73-U040": 96.35909734173605}, "K73-U010": {"K73-U020": 65.3800382904467}, "K75P-U110": {"K75P-U120": 87.64613596115929}, "K76-D020": {"K76-D030": 123.98477707716924}, "K75A-U030": {"K75A-D010": 229.2530179675867}, "K75P-D060": {"K75P-D070": 182.15645577148857}, "K73-D110": {"K73-D120": 90.18264270959953}, "K75P-U090": {"K75P-U100": 44.96517366550818}, "K74-U080": {"K74-U090": 223.4244471855924}, "K75P-U120": {"K75P-U130": 68.45460589876501}, "K73-U040": {"K73-U050": 105.00768921304355, "K73-U060": 209.27214065790298}, "K75P-U020": {"K75P-U030": 105.2971113676804}, "K73-D010": {"K73-D020": 78.86459302432732}, "K74-D080": {"K74-D090": 162.12677037059967}, "K74-D060": {"K74-D070": 146.45832287758162}, "K75P-D010": {"K75P-D020": 140.4115275147436}, "K73-D090": {"K73-D100": 84.9737321470388}, "K73-D100": {"K73-D110": 193.7646204259921}, "K75A-U010": {"K75A-U020": 44.081574842465486}, "K73-U020": {"K73-U030": 193.87532827072738}, "K75P-U100": {"K75P-U110": 63.18309828501773}, "K75A-D030": {"K75A-D040": 41.61115448398724}, "K75P-D080": {"K75P-U011": 150.6357237639133}, "K75P-D020": {"K75P-D030": 33.96506325071188}, "K75P-U080": {"K75P-U090": 43.50334966606089}, "K75P-D030": {"K75P-D040": 132.4161208535373}, "K75A-D050": {"K75A-D060": 82.97767711285425}, "K76-U030": {"K76-U040": 163.0854266580546}, "K74-U001": {"K74-U004": 157.0815304626122}, "K75P-U130": {"K75P-U140": 37.991721314322476}, "K73-D130": {"K73-D140": 143.83399595358952}, "K74-U030": {"K74-U040": 277.07059468661697}, "K75A-D100": {"K75A-D110": 99.4008859739333}, "K73-D140": {"K73-D150": 195.971952225347}, "K74-U010": {"K74-U020": 168.07435304315158}, "K75A-D090": {"K75A-D100": 52.0116762668561}, "K75P-U050": {"K75P-U060": 148.86707683300014}, "K74-D050": {"K74-D060": 108.53803737812305}, "K75P-U060": {"K75P-U070": 30.385601856368844}, "K74-U020": {"K74-U030": 138.58542629993516}, "K75P-D040": {"K75P-D050": 169.89826547356728}, "K74-U004": {"K74-U007": 92.04098771168552}, "K75P-U040": {"K75P-U050": 106.23629744696026}, "K75A-U020": {"K75A-U030": 135.82076745858632}, "K73-D070": {"K73-D080": 160.8330402876587}, "K74-U011": {"K74-D100": 176.26416855922133}, "K73-D120": {"K73-D130": 112.85085646623324}, "K74-U100": {"K74-D010": 116.05389339936455}, "K74-D070": {"K74-D080": 259.7187817016845}, "K74-U040": {"K74-U050": 186.73636357800285}, "K74-D100": {"K74-D110": 88.2204375192975}, "K73-D080": {"K73-D090": 267.1797000749394}, "K75A-D060": {"K75A-D070": 43.78000983436538}, "K75P-U070": {"K75P-U080": 103.84458804966759}, "K75A-D040": {"K75A-D050": 55.57636004635017}, "K73-D020": {"K73-D030": 87.10152492391092}, "K73-D050": {"K73-D060": 64.29878854327228, "K73-D070": 109.33819903969705}, "K74-D110": {"K74-U002": 173.7692120138753}, "K74-D010": {"K74-D020": 153.80096111001205}, "K74-U070": {"K74-U080": 167.1595351236581}, "K73-D060": {"K73-D070": 32.37775094081504}, "K73-D150": {"K73-D160": 50.33705521519458}, "K74-D040": {"K74-D050": 77.15142781827471}, "K74-U050": {"K74-U060": 233.57449194603586}}