{"K76-U020": {"K76-U030": 141.78798881236602}, "K73-U070": {"K73-U080": 155.64781179549}, "K76-U040": {"K76-U050": 176.530487233799}, "K76-D030": {"K76-D040": 69.75398103542454}, "K75P-D050": {"K75P-D060": 92.42358302116838}, "K73-U080": {"K73-U090": 296.8697582338011, "K73-U110": 151.48186865393524}, "K74-D020": {"K74-D030": 145.03112256127412}, "K73-U100": {"K73-U110": 256.7528351754836}, "K76-D010": {"K76-D020": 170.469997127746}, "K75A-D110": {"K75A-U011": 177.21747580599566}, "K75A-D080": {"K75A-D090": 126.32244818076599}, "K75P-U030": {"K75P-U040": 108.74104056652405}, "K75P-D070": {"K75P-D080": 103.13086579710989}, "K75P-U010": {"K75P-U020": 100.84759254870515}, "K75A-D020": {"K75A-D030": 20.937555530247007}, "K74-D030": {"K74-D040": 127.15245440227042}, "K75A-D070": {"K75A-D080": 48.52582104388652}, "K74-U090": {"K74-U100": 203.11469112055303}, "K76-U010": {"K76-U020": 56.854208607958086}, "K74-U060": {"K74-U070": 144.6071852622495}, "K75A-D010": {"K75A-D020": 203.07387234478082}, "K74-D090": {"K74-U011": 73.77997951261213}, "K73-U110": {"K73-U120": 236.78186493443178}, "K73-U050": {"K73-U060": 107.88823629043998}, "K73-U060": {"K73-U070": 142.2601035113076}, "K74-U007": {"K74-U010": 243.71429786271705}, "K73-D030": {"K73-D040": 118.4368573408901}, "K73-D040": {"K73-D050": 86.19851557288618}, "K73-U090": {"K73-U100": 128.81684229483187}, "K75P-U140": {"K75P-D010": 148.70491272398084}, "K73-U030": {"K73-U040": 86.16271767037816}, "K73-U010": {"K73-U020": 63.834286334006876}, "K75P-U110": {"K75P-U120": 86.75986232982548}, "K76-D020": {"K76-D030": 128.99655877087088}, "K75A-U030": {"K75A-D010": 235.40322288044936}, "K75P-D060": {"K75P-D070": 170.16620579147173}, "K73-D110": {"K73-D120": 79.63643273205525}, "K75P-U090": {"K75P-U100": 38.85611586871873}, "K74-U080": {"K74-U090": 237.87561518059692}, "K75P-U120": {"K75P-U130": 65.78723007431813}, "K73-U040": {"K73-U050": 110.58193259466111, "K73-U060": 218.23380968996102}, "K75P-U020": {"K75P-U030": 104.79307530054021}, "K73-D010": {"K73-D020": 76.27955949668083}, "K74-D080": {"K74-D090": 161.68335668063443}, "K74-D060": {"K74-D070": 151.41141110198322}, "K75P-D010": {"K75P-D020": 131.33742547350192}, "K73-D090": {"K73-D100": 85.95617681074123}, "K73-D100": {"K73-D110": 173.0108331341243}, "K75A-U010": {"K75A-U020": 39.830224828566806}, "K73-U020": {"K73-U030": 181.95498751254377}, "K75P-U100": {"K75P-U110": 63.07287913944676}, "K75A-D030": {"K75A-D040": 48.665751184021985}, "K75P-D080": {"K75P-U011": 147.0629131172139}, "K75P-D020": {"K75P-D030": 34.98370658992924}, "K75P-U080": {"K75P-U090": 44.36597804757365}, "K75P-D030": {"K75P-D040": 127.73195179161038}, "K75A-D050": {"K75A-D060": 76.40467080516538}, "K76-U030": {"K76-U040": 163.0854266580546}, "K74-U001": {"K74-U004": 158.40524400517546}, "K75P-U130": {"K75P-U140": 39.47242730503748}, "K73-D130": {"K73-D140": 140.860619613722}, "K74-U030": {"K74-U040": 274.43310815976537}, "K75A-D100": {"K75A-D110": 104.80790898069367}, "K73-D140": {"K73-D150": 202.7400188848448}, "K74-U010": {"K74-U020": 163.80777036303644}, "K75A-D090": {"K75A-D100": 50.61434473406909}, "K75P-U050": {"K75P-U060": 155.06725347505332}, "K74-D050": {"K74-D060": 109.58873213236465}, "K75P-U060": {"K75P-U070": 29.59280054533332}, "K74-U020": {"K74-U030": 128.6192720596236}, "K75P-D040": {"K75P-D050": 169.97335167110575}, "K74-U004": {"K74-U007": 92.17925762098146}, "K75P-U040": {"K75P-U050": 110.97298470091}, "K75A-U020": {"K75A-U030": 145.350233006652}, "K73-D070": {"K73-D080": 150.9860754858748}, "K74-U011": {"K74-D100": 167.66818377965342}, "K73-D120": {"K73-D130": 108.19921175872972}, "K74-U100": {"K74-D010": 120.91188895957634}, "K74-D070": {"K74-D080": 255.91798002182273}, "K74-U040": {"K74-U050": 177.26780768307506}, "K74-D100": {"K74-D110": 84.26765886497846}, "K73-D080": {"K73-D090": 262.07301361064276}, "K75A-D060": {"K75A-D070": 47.06444033789338}, "K75P-U070": {"K75P-U080": 102.00307721808242}, "K75A-D040": {"K75A-D050": 51.31349104940084}, "K73-D020": {"K73-D030": 119.43339416876533}, "K73-D050": {"K73-D060": 64.29878854327228, "K73-D070": 110.67895833984748}, "K74-D110": {"K74-U002": 180.3179972105114}, "K74-D010": {"K74-D020": 150.34256956921462}, "K74-U070": {"K74-U080": 161.05844157248723}, "K73-D060": {"K73-D070": 32.37775094081504}, "K73-D150": {"K73-D160": 46.25623275865397}, "K74-D040": {"K74-D050": 79.01423222359091}, "K74-U050": {"K74-U060": 226.04128710471474}}