{"K76-U020": {"K76-U030": 159.43982902644794}, "K73-U070": {"K73-U080": 157.6636844479543}, "K76-U040": {"K76-U050": 154.81741628320472}, "K76-D030": {"K76-D040": 58.39779972714838}, "K75P-D050": {"K75P-D060": 93.91907546630395}, "K73-U080": {"K73-U090": 255.11863008068332, "K73-U110": 151.48186865393524}, "K74-D020": {"K74-D030": 145.03112256127412}, "K73-U100": {"K73-U110": 235.36117376816043}, "K76-D010": {"K76-D020": 170.469997127746}, "K75A-D110": {"K75A-U011": 164.78803249855508}, "K75A-D080": {"K75A-D090": 105.07302678942571}, "K75P-U030": {"K75P-U040": 113.95237641994427}, "K75P-D070": {"K75P-D080": 98.60361389442355}, "K75P-U010": {"K75P-U020": 98.73805029752916}, "K75A-D020": {"K75A-D030": 23.97311695383335}, "K74-D030": {"K74-D040": 128.95521865880715}, "K75A-D070": {"K75A-D080": 46.17820697008886}, "K74-U090": {"K74-U100": 193.387911597915}, "K76-U010": {"K76-U020": 18.69992983960385}, "K74-U060": {"K74-U070": 132.33471629852139}, "K75A-D010": {"K75A-D020": 197.4037951355328}, "K74-D090": {"K74-U011": 73.1568614299228}, "K73-U110": {"K73-U120": 200.1514262726426}, "K73-U050": {"K73-U060": 110.30209653859504}, "K73-U060": {"K73-U070": 133.92331132106298}, "K74-U007": {"K74-U010": 238.70456177490442}, "K73-D030": {"K73-D040": 111.50785207267488}, "K73-D040": {"K73-D050": 86.364165248671}, "K73-U090": {"K73-U100": 140.2767244792463}, "K75P-U140": {"K75P-D010": 145.71672735227816}, "K73-U030": {"K73-U040": 89.65853417824997}, "K73-U010": {"K73-U020": 64.55380514947612}, "K75P-U110": {"K75P-U120": 82.84953672819714}, "K76-D020": {"K76-D030": 103.13270266697148}, "K75A-U030": {"K75A-D010": 231.27019316793408}, "K75P-D060": {"K75P-D070": 179.04288949085654}, "K73-D110": {"K73-D120": 78.45327414574896}, "K75P-U090": {"K75P-U100": 38.93366956777507}, "K74-U080": {"K74-U090": 224.55782199829687}, "K75P-U120": {"K75P-U130": 66.99133543414662}, "K73-U040": {"K73-U050": 105.05140017051738, "K73-U060": 207.11435724399138}, "K75P-U020": {"K75P-U030": 105.13619649335541}, "K73-D010": {"K73-D020": 76.78471546296767}, "K74-D080": {"K74-D090": 154.12347404015043}, "K74-D060": {"K74-D070": 141.25075276838484}, "K75P-D010": {"K75P-D020": 132.04493420021316}, "K73-D090": {"K73-D100": 79.02141445206678}, "K73-D100": {"K73-D110": 187.69401506942873}, "K75A-U010": {"K75A-U020": 40.38911149367614}, "K73-U020": {"K73-U030": 171.94677311769266}, "K75P-U100": {"K75P-U110": 61.47322465118627}, "K75A-D030": {"K75A-D040": 48.084808886639266}, "K75P-D080": {"K75P-U011": 147.8805939590082}, "K75P-D020": {"K75P-D030": 37.50572167174791}, "K75P-U080": {"K75P-U090": 47.64708327899759}, "K75P-D030": {"K75P-D040": 127.42926501252491}, "K75A-D050": {"K75A-D060": 81.64965794587715}, "K76-U030": {"K76-U040": 163.0854266580546}, "K74-U001": {"K74-U004": 159.855339697523}, "K75P-U130": {"K75P-U140": 37.95287323371237}, "K73-D130": {"K73-D140": 140.85661590473535}, "K74-U030": {"K74-U040": 273.35686352654375}, "K75A-D100": {"K75A-D110": 101.73562460749528}, "K73-D140": {"K73-D150": 199.0629611307842}, "K74-U010": {"K74-U020": 161.4932130316118}, "K75A-D090": {"K75A-D100": 43.95124243239634}, "K75P-U050": {"K75P-U060": 152.68266231744732}, "K74-D050": {"K74-D060": 111.57443632378651}, "K75P-U060": {"K75P-U070": 30.956951665612927}, "K74-U020": {"K74-U030": 135.21674837584868}, "K75P-D040": {"K75P-D050": 172.31757205709988}, "K74-U004": {"K74-U007": 90.76536203763688}, "K75P-U040": {"K75P-U050": 108.17656272771652}, "K75A-U020": {"K75A-U030": 141.79841321998265}, "K73-D070": {"K73-D080": 160.97479245090148}, "K74-U011": {"K74-D100": 178.23130389253464}, "K73-D120": {"K73-D130": 108.21948433641687}, "K74-U100": {"K74-D010": 121.92628828813676}, "K74-D070": {"K74-D080": 259.6368754070276}, "K74-U040": {"K74-U050": 185.4942183291749}, "K74-D100": {"K74-D110": 85.041062235693}, "K73-D080": {"K73-D090": 267.3565912191678}, "K75A-D060": {"K75A-D070": 47.62033530513925}, "K75P-U070": {"K75P-U080": 108.52445759772036}, "K75A-D040": {"K75A-D050": 50.77721990039582}, "K73-D020": {"K73-D030": 96.05250641463377}, "K73-D050": {"K73-D060": 64.29878854327228, "K73-D070": 105.89605300111491}, "K74-D110": {"K74-U002": 166.94406173123903}, "K74-D010": {"K74-D020": 152.49530064919878}, "K74-U070": {"K74-U080": 163.10930110514673}, "K73-D060": {"K73-D070": 32.37775094081504}, "K73-D150": {"K73-D160": 45.40202164781706}, "K74-D040": {"K74-D050": 83.9428929324491}, "K74-U050": {"K74-U060": 232.0618136668639}}