{"K76-U020": {"K76-U030": 152.1026195382028}, "K73-U070": {"K73-U080": 133.69239738174605}, "K76-U040": {"K76-U050": 144.58375635711278}, "K76-D030": {"K76-D040": 51.99810706206762}, "K75P-D050": {"K75P-D060": 70.35218337711115}, "K73-U080": {"K73-U090": 228.3680782511745, "K73-U110": 137.71078968539587}, "K74-D020": {"K74-D030": 131.84647505570385}, "K73-U100": {"K73-U110": 224.5340562649729}, "K76-D010": {"K76-D020": 154.9727246615875}, "K75A-D110": {"K75A-U011": 156.91448957257342}, "K75A-D080": {"K75A-D090": 71.596794862449}, "K75P-U030": {"K75P-U040": 99.75041707434681}, "K75P-D070": {"K75P-D080": 85.45465340292134}, "K75P-U010": {"K75P-U020": 85.72462290373463}, "K75A-D020": {"K75A-D030": 20.69209026736933}, "K74-D030": {"K74-D040": 102.44498161084513}, "K75A-D070": {"K75A-D080": 35.276322309618}, "K74-U090": {"K74-U100": 168.21062217719822}, "K76-U010": {"K76-U020": 24.576655052817244}, "K74-U060": {"K74-U070": 133.01685223009426}, "K75A-D010": {"K75A-D020": 171.1791855538451}, "K74-D090": {"K74-U011": 69.63623778250323}, "K73-U110": {"K73-U120": 186.70041960575094}, "K73-U050": {"K73-U060": 85.8089260795625}, "K73-U060": {"K73-U070": 125.32646216942928}, "K74-U007": {"K74-U010": 222.66171062609163}, "K73-D030": {"K73-D040": 99.43258457778674}, "K73-D040": {"K73-D050": 72.43507585414586}, "K73-U090": {"K73-U100": 104.61736066149058}, "K75P-U140": {"K75P-D010": 127.99476403991639}, "K73-U030": {"K73-U040": 86.92361173990247}, "K73-U010": {"K73-U020": 58.19498654184808}, "K75P-U110": {"K75P-U120": 77.04069767464911}, "K76-D020": {"K76-D030": 107.36683131368372}, "K75A-U030": {"K75A-D010": 201.99653635838033}, "K75P-D060": {"K75P-D070": 152.3862511124317}, "K73-D110": {"K73-D120": 63.87976230381416}, "K75P-U090": {"K75P-U100": 37.44423646597365}, "K74-U080": {"K74-U090": 221.81799642573105}, "K75P-U120": {"K75P-U130": 53.231651390782396}, "K73-U040": {"K73-U050": 92.81199378037883, "K73-U060": 185.4649511743006}, "K75P-U020": {"K75P-U030": 101.09536696836801}, "K73-D010": {"K73-D020": 70.82539151376668}, "K74-D080": {"K74-D090": 148.11186072396487}, "K74-D060": {"K74-D070": 130.86798930186507}, "K75P-D010": {"K75P-D020": 122.28735951131182}, "K73-D090": {"K73-D100": 75.08242293157717}, "K73-D100": {"K73-D110": 167.00460807620564}, "K75A-U010": {"K75A-U020": 38.349168396709786}, "K73-U020": {"K73-U030": 145.93879099975084}, "K75P-U100": {"K75P-U110": 53.18674168970765}, "K75A-D030": {"K75A-D040": 39.63191312426741}, "K75P-D080": {"K75P-U011": 128.57412441103816}, "K75P-D020": {"K75P-D030": 30.725171464997363}, "K75P-U080": {"K75P-U090": 37.6664649799052}, "K75P-D030": {"K75P-D040": 107.96613002805461}, "K75A-D050": {"K75A-D060": 63.86807473821814}, "K76-U030": {"K76-U040": 148.25947878004982}, "K74-U001": {"K74-U004": 132.54379719884986}, "K75P-U130": {"K75P-U140": 28.47737946820889}, "K73-D130": {"K73-D140": 128.78257614749936}, "K74-U030": {"K74-U040": 255.61078640631771}, "K75A-D100": {"K75A-D110": 84.09003278191952}, "K73-D140": {"K73-D150": 173.5747111800064}, "K74-U010": {"K74-U020": 145.99700486725214}, "K75A-D090": {"K75A-D100": 41.338578993597004}, "K75P-U050": {"K75P-U060": 135.75744136310647}, "K74-D050": {"K74-D060": 96.05654157522596}, "K75P-U060": {"K75P-U070": 28.60242630018276}, "K74-U020": {"K74-U030": 109.79068054283479}, "K75P-D040": {"K75P-D050": 148.2146235017659}, "K74-U004": {"K74-U007": 86.86960699469407}, "K75P-U040": {"K75P-U050": 94.51196979943201}, "K75A-U020": {"K75A-U030": 118.27590362924047}, "K73-D070": {"K73-D080": 136.30767026626847}, "K74-U011": {"K74-D100": 157.35079549488233}, "K73-D120": {"K73-D130": 104.27648134894753}, "K74-U100": {"K74-D010": 100.36989291198692}, "K74-D070": {"K74-D080": 230.2309477157841}, "K74-U040": {"K74-U050": 146.85082133518077}, "K74-D100": {"K74-D110": 73.26079173220847}, "K73-D080": {"K73-D090": 233.99205699012168}, "K75A-D060": {"K75A-D070": 33.893477053919966}, "K75P-U070": {"K75P-U080": 91.31321824856782}, "K75A-D040": {"K75A-D050": 42.79089082639795}, "K73-D020": {"K73-D030": 85.47848282248717}, "K73-D050": {"K73-D060": 62.88921324090934}, "K74-D110": {"K74-U002": 152.89572107303795}, "K74-D010": {"K74-D020": 132.2152308151449}, "K74-U070": {"K74-U080": 141.2401581962468}, "K73-D060": {"K73-D070": 25.066184699821207}, "K73-D150": {"K73-D160": 42.65669383483584}, "K74-D040": {"K74-D050": 74.41814185656634}, "K74-U050": {"K74-U060": 196.48563780099622}}