{"K76-U020": {"K76-U030": 140.7312389411529}, "K73-U070": {"K73-U080": 160.80159843227653}, "K76-U040": {"K76-U050": 171.77420933232543}, "K76-D030": {"K76-D040": 55.06696648070503}, "K75P-D050": {"K75P-D060": 88.54074674823302}, "K73-U080": {"K73-U090": 282.9208759662782, "K73-U110": 151.48186865393524}, "K74-D020": {"K74-D030": 145.03112256127412}, "K73-U100": {"K73-U110": 183.6827720750521}, "K76-D010": {"K76-D020": 170.469997127746}, "K75A-D110": {"K75A-U011": 163.38363564524718}, "K75A-D080": {"K75A-D090": 116.83891030760851}, "K75P-U030": {"K75P-U040": 114.35247398505157}, "K75P-D070": {"K75P-D080": 95.71504397551668}, "K75P-U010": {"K75P-U020": 95.70080904265791}, "K75A-D020": {"K75A-D030": 19.753374255325504}, "K74-D030": {"K74-D040": 122.29713479999666}, "K75A-D070": {"K75A-D080": 45.661064777845134}, "K74-U090": {"K74-U100": 200.09317974741808}, "K76-U010": {"K76-U020": 12.48626268895614}, "K74-U060": {"K74-U070": 139.20845582550567}, "K75A-D010": {"K75A-D020": 199.25783218970778}, "K74-D090": {"K74-U011": 73.55198156135091}, "K73-U110": {"K73-U120": 231.76973389959022}, "K73-U050": {"K73-U060": 105.83498728019254}, "K73-U060": {"K73-U070": 132.90256011230798}, "K74-U007": {"K74-U010": 252.49582803341423}, "K73-D030": {"K73-D040": 110.48871417556646}, "K73-D040": {"K73-D050": 85.26086947161977}, "K73-U090": {"K73-U100": 135.51039897949448}, "K75P-U140": {"K75P-D010": 150.79032244794476}, "K73-U030": {"K73-U040": 94.89954516489726}, "K73-U010": {"K73-U020": 67.53214049871744}, "K75P-U110": {"K75P-U120": 87.20591755440788}, "K76-D020": {"K76-D030": 98.88287891153936}, "K75A-U030": {"K75A-D010": 241.62248635852765}, "K75P-D060": {"K75P-D070": 177.8882141301197}, "K73-D110": {"K73-D120": 84.25853013280057}, "K75P-U090": {"K75P-U100": 37.5940870603475}, "K74-U080": {"K74-U090": 241.49317800799068}, "K75P-U120": {"K75P-U130": 63.700239755033444}, "K73-U040": {"K73-U050": 107.4715681857585, "K73-U060": 213.02443034399644}, "K75P-U020": {"K75P-U030": 106.72705509771492}, "K73-D010": {"K73-D020": 76.94408634733102}, "K74-D080": {"K74-D090": 165.70642015771307}, "K74-D060": {"K74-D070": 143.79809254470416}, "K75P-D010": {"K75P-D020": 143.84734778794083}, "K73-D090": {"K73-D100": 77.04451429751377}, "K73-D100": {"K73-D110": 186.92048699566112}, "K75A-U010": {"K75A-U020": 37.390432885717345}, "K73-U020": {"K73-U030": 191.12938343051323}, "K75P-U100": {"K75P-U110": 63.529031459093154}, "K75A-D030": {"K75A-D040": 49.08999207448206}, "K75P-D080": {"K75P-U011": 138.14133127828012}, "K75P-D020": {"K75P-D030": 40.739888086027946}, "K75P-U080": {"K75P-U090": 45.29194919393077}, "K75P-D030": {"K75P-D040": 127.45391026713028}, "K75A-D050": {"K75A-D060": 73.42573899704239}, "K76-U030": {"K76-U040": 163.0854266580546}, "K74-U001": {"K74-U004": 155.46682287977293}, "K75P-U130": {"K75P-U140": 36.16334349833351}, "K73-D130": {"K73-D140": 137.32198519257886}, "K74-U030": {"K74-U040": 276.51808692916245}, "K75A-D100": {"K75A-D110": 93.03976216217087}, "K73-D140": {"K73-D150": 184.4736787931848}, "K74-U010": {"K74-U020": 169.91295232166937}, "K75A-D090": {"K75A-D100": 44.02486179158763}, "K75P-U050": {"K75P-U060": 150.2573175044842}, "K74-D050": {"K74-D060": 100.89886181384041}, "K75P-U060": {"K75P-U070": 32.00947278869131}, "K74-U020": {"K74-U030": 138.14487439831905}, "K75P-D040": {"K75P-D050": 165.96409001827016}, "K74-U004": {"K74-U007": 90.99133185888331}, "K75P-U040": {"K75P-U050": 111.45369731409008}, "K75A-U020": {"K75A-U030": 130.40382585220306}, "K73-D070": {"K73-D080": 135.9039313828801}, "K74-U011": {"K74-D100": 163.09214545604277}, "K73-D120": {"K73-D130": 100.10342565608347}, "K74-U100": {"K74-D010": 118.81448818056622}, "K74-D070": {"K74-D080": 251.33618201964046}, "K74-U040": {"K74-U050": 166.54334637866143}, "K74-D100": {"K74-D110": 87.68002668583904}, "K73-D080": {"K73-D090": 272.64357974133617}, "K75A-D060": {"K75A-D070": 41.60671809395566}, "K75P-U070": {"K75P-U080": 102.724374903155}, "K75A-D040": {"K75A-D050": 52.06437357979041}, "K73-D020": {"K73-D030": 91.77897467690823}, "K73-D050": {"K73-D060": 64.29878854327228, "K73-D070": 106.64309395213422}, "K74-D110": {"K74-U002": 172.6512199664628}, "K74-D010": {"K74-D020": 155.2007271729897}, "K74-U070": {"K74-U080": 166.23029716165658}, "K73-D060": {"K73-D070": 32.37775094081504}, "K73-D150": {"K73-D160": 42.41384696442999}, "K74-D040": {"K74-D050": 80.67289378713738}, "K74-U050": {"K74-U060": 232.90489829933708}}