{"K76-U020": {"K76-U030": 136.44638170284057}, "K73-U070": {"K73-U080": 150.45244117611045}, "K76-U040": {"K76-U050": 164.0045304796128}, "K76-D030": {"K76-D040": 42.53536399825533}, "K75P-D050": {"K75P-D060": 79.15406468205639}, "K73-U080": {"K73-U090": 241.5382898832815, "K73-U110": 137.71078968539587}, "K74-D020": {"K74-D030": 131.84647505570385}, "K73-U100": {"K73-U110": 203.90799091391716}, "K76-D010": {"K76-D020": 154.9727246615875}, "K75A-D110": {"K75A-U011": 160.92360566605163}, "K75A-D080": {"K75A-D090": 93.88433139501862}, "K75P-U030": {"K75P-U040": 96.83336470624164}, "K75P-D070": {"K75P-D080": 81.42977683591063}, "K75P-U010": {"K75P-U020": 87.70153991873154}, "K75A-D020": {"K75A-D030": 23.50269213348534}, "K74-D030": {"K74-D040": 105.79675801678499}, "K75A-D070": {"K75A-D080": 37.86033225193013}, "K74-U090": {"K74-U100": 177.17990326614935}, "K76-U010": {"K76-U020": 8.060012840177858}, "K74-U060": {"K74-U070": 128.1623212989577}, "K75A-D010": {"K75A-D020": 178.78662603254176}, "K74-D090": {"K74-U011": 75.65537768421825}, "K73-U110": {"K73-U120": 207.1180648790846}, "K73-U050": {"K73-U060": 97.27068548603765}, "K73-U060": {"K73-U070": 122.62237170724015}, "K74-U007": {"K74-U010": 225.3428330416642}, "K73-D030": {"K73-D040": 98.6071879616969}, "K73-D040": {"K73-D050": 76.7396881323896}, "K73-U090": {"K73-U100": 111.45466573285952}, "K75P-U140": {"K75P-D010": 134.34935450368556}, "K73-U030": {"K73-U040": 82.79861467206902}, "K73-U010": {"K73-U020": 59.027446939466415}, "K75P-U110": {"K75P-U120": 78.38444939768137}, "K76-D020": {"K76-D030": 108.5102159256277}, "K75A-U030": {"K75A-D010": 208.38161142460632}, "K75P-D060": {"K75P-D070": 155.14565881054534}, "K73-D110": {"K73-D120": 58.355128483344586}, "K75P-U090": {"K75P-U100": 40.44270814534019}, "K74-U080": {"K74-U090": 201.3900438883016}, "K75P-U120": {"K75P-U130": 55.98222643688175}, "K73-U040": {"K73-U050": 98.97884479498052, "K73-U060": 189.35317682202077}, "K75P-U020": {"K75P-U030": 101.39432628666296}, "K73-D010": {"K73-D020": 69.63322893069797}, "K74-D080": {"K74-D090": 159.48223014274555}, "K74-D060": {"K74-D070": 132.75188913649845}, "K75P-D010": {"K75P-D020": 133.55658915135578}, "K73-D090": {"K73-D100": 77.36336785346427}, "K73-D100": {"K73-D110": 168.8720935413802}, "K75A-U010": {"K75A-U020": 40.7648603734347}, "K73-U020": {"K73-U030": 170.48030185826119}, "K75P-U100": {"K75P-U110": 57.21759247664299}, "K75A-D030": {"K75A-D040": 41.32727330437747}, "K75P-D080": {"K75P-U011": 134.33720043370988}, "K75P-D020": {"K75P-D030": 31.667145387270835}, "K75P-U080": {"K75P-U090": 41.625692642730726}, "K75P-D030": {"K75P-D040": 123.40843408983127}, "K75A-D050": {"K75A-D060": 66.00750984588235}, "K76-U030": {"K76-U040": 148.25947878004982}, "K74-U001": {"K74-U004": 150.62695209590197}, "K75P-U130": {"K75P-U140": 35.14658551138986}, "K73-D130": {"K73-D140": 128.1838599510561}, "K74-U030": {"K74-U040": 260.1740448682857}, "K75A-D100": {"K75A-D110": 90.81537569785073}, "K73-D140": {"K73-D150": 174.1521312705334}, "K74-U010": {"K74-U020": 146.73504121453018}, "K75A-D090": {"K75A-D100": 42.0476761181183}, "K75P-U050": {"K75P-U060": 131.6587121156511}, "K74-D050": {"K74-D060": 96.29125557158196}, "K75P-U060": {"K75P-U070": 25.459269359042047}, "K74-U020": {"K74-U030": 116.11013063065839}, "K75P-D040": {"K75P-D050": 152.31535811670955}, "K74-U004": {"K74-U007": 83.46365163573101}, "K75P-U040": {"K75P-U050": 97.100058435201}, "K75A-U020": {"K75A-U030": 123.77373851863368}, "K73-D070": {"K73-D080": 137.41059638844652}, "K74-U011": {"K74-D100": 165.0370033259143}, "K73-D120": {"K73-D130": 102.599597365836}, "K74-U100": {"K74-D010": 103.99194558366557}, "K74-D070": {"K74-D080": 214.46128222183134}, "K74-U040": {"K74-U050": 159.33253321173666}, "K74-D100": {"K74-D110": 74.64950735938876}, "K73-D080": {"K73-D090": 236.93234269558448}, "K75A-D060": {"K75A-D070": 39.407560110779265}, "K75P-U070": {"K75P-U080": 94.31427237007526}, "K75A-D040": {"K75A-D050": 46.68710439786541}, "K73-D020": {"K73-D030": 84.14203978243839}, "K73-D050": {"K73-D060": 65.48042575144041}, "K74-D110": {"K74-U002": 155.6449030238927}, "K74-D010": {"K74-D020": 147.8702614531178}, "K74-U070": {"K74-U080": 140.12266527809334}, "K73-D060": {"K73-D070": 34.660648754186745}, "K73-D150": {"K73-D160": 44.26694334275605}, "K74-D040": {"K74-D050": 74.93329778828583}, "K74-U050": {"K74-U060": 196.30247452089802}}