{"K76-U020": {"K76-U030": 122.66003716824764}, "K73-U070": {"K73-U080": 136.09850438060198}, "K76-U040": {"K76-U050": 155.6101839762698}, "K76-D030": {"K76-D040": 47.19069066412372}, "K75P-D050": {"K75P-D060": 78.97754737149862}, "K73-U080": {"K73-U090": 239.01663342368315, "K73-U110": 137.71078968539587}, "K74-D020": {"K74-D030": 131.84647505570385}, "K73-U100": {"K73-U110": 221.1947713121731}, "K76-D010": {"K76-D020": 154.9727246615875}, "K75A-D110": {"K75A-U011": 157.47748118541836}, "K75A-D080": {"K75A-D090": 80.76082403873711}, "K75P-U030": {"K75P-U040": 102.48675590946118}, "K75P-D070": {"K75P-D080": 74.99158902996649}, "K75P-U010": {"K75P-U020": 84.14467120517578}, "K75A-D020": {"K75A-D030": 22.071866587937436}, "K74-D030": {"K74-D040": 103.00754675827496}, "K75A-D070": {"K75A-D080": 36.48821386042521}, "K74-U090": {"K74-U100": 171.05227029021245}, "K76-U010": {"K76-U020": 10.586335868523689}, "K74-U060": {"K74-U070": 133.03462437442553}, "K75A-D010": {"K75A-D020": 164.37646155196128}, "K74-D090": {"K74-U011": 72.60844198416751}, "K73-U110": {"K73-U120": 215.29787682451743}, "K73-U050": {"K73-U060": 88.9635513656159}, "K73-U060": {"K73-U070": 122.52918483841009}, "K74-U007": {"K74-U010": 226.0277877567799}, "K73-D030": {"K73-D040": 96.80027874191691}, "K73-D040": {"K73-D050": 71.28016150621639}, "K73-U090": {"K73-U100": 107.45300657755433}, "K75P-U140": {"K75P-D010": 135.3387155532394}, "K73-U030": {"K73-U040": 75.62654142111445}, "K73-U010": {"K73-U020": 60.69471529111248}, "K75P-U110": {"K75P-U120": 75.74076315680868}, "K76-D020": {"K76-D030": 115.36740591702365}, "K75A-U030": {"K75A-D010": 209.11245128351229}, "K75P-D060": {"K75P-D070": 159.4307005541958}, "K73-D110": {"K73-D120": 66.6361618466193}, "K75P-U090": {"K75P-U100": 37.32592448814269}, "K74-U080": {"K74-U090": 217.8409125583832}, "K75P-U120": {"K75P-U130": 53.95020394250166}, "K73-U040": {"K73-U050": 93.15456101420594, "K73-U060": 179.88467367342895}, "K75P-U020": {"K75P-U030": 99.48755575046188}, "K73-D010": {"K73-D020": 67.59956366127764}, "K74-D080": {"K74-D090": 147.93436002834065}, "K74-D060": {"K74-D070": 134.23678787072103}, "K75P-D010": {"K75P-D020": 117.73108336738804}, "K73-D090": {"K73-D100": 74.26586008634385}, "K73-D100": {"K73-D110": 165.1925569558929}, "K75A-U010": {"K75A-U020": 37.89881240590295}, "K73-U020": {"K73-U030": 162.58289961721115}, "K75P-U100": {"K75P-U110": 59.56301890543996}, "K75A-D030": {"K75A-D040": 38.27568709342457}, "K75P-D080": {"K75P-U011": 130.17039189956307}, "K75P-D020": {"K75P-D030": 27.02204071063329}, "K75P-U080": {"K75P-U090": 41.03277460360054}, "K75P-D030": {"K75P-D040": 112.53991482010406}, "K75A-D050": {"K75A-D060": 65.2442575804483}, "K76-U030": {"K76-U040": 148.25947878004982}, "K74-U001": {"K74-U004": 134.7377345561301}, "K75P-U130": {"K75P-U140": 34.62371553752965}, "K73-D130": {"K73-D140": 116.33931342828048}, "K74-U030": {"K74-U040": 262.18961897911447}, "K75A-D100": {"K75A-D110": 86.20460172720716}, "K73-D140": {"K73-D150": 173.72209781673527}, "K74-U010": {"K74-U020": 140.17933544559563}, "K75A-D090": {"K75A-D100": 44.63015379104043}, "K75P-U050": {"K75P-U060": 136.92127612684953}, "K74-D050": {"K74-D060": 93.60780815871087}, "K75P-U060": {"K75P-U070": 27.052713746776327}, "K74-U020": {"K74-U030": 117.56246083737294}, "K75P-D040": {"K75P-D050": 146.2591854735777}, "K74-U004": {"K74-U007": 92.88976283375794}, "K75P-U040": {"K75P-U050": 98.42384720570159}, "K75A-U020": {"K75A-U030": 118.68191108461129}, "K73-D070": {"K73-D080": 138.62994359869774}, "K74-U011": {"K74-D100": 168.4185411031342}, "K73-D120": {"K73-D130": 97.5304527612055}, "K74-U100": {"K74-D010": 103.58348358873123}, "K74-D070": {"K74-D080": 237.06037126153745}, "K74-U040": {"K74-U050": 149.49473459305443}, "K74-D100": {"K74-D110": 75.54232994489955}, "K73-D080": {"K73-D090": 231.55689507342876}, "K75A-D060": {"K75A-D070": 39.190162004261865}, "K75P-U070": {"K75P-U080": 97.87576859943913}, "K75A-D040": {"K75A-D050": 41.743794091718236}, "K73-D020": {"K73-D030": 85.8901939069539}, "K73-D050": {"K73-D060": 65.66311648613542}, "K74-D110": {"K74-U002": 155.96724490005957}, "K74-D010": {"K74-D020": 139.61957635805408}, "K74-U070": {"K74-U080": 146.0772466304735}, "K73-D060": {"K73-D070": 22.2918894767864}, "K73-D150": {"K73-D160": 45.4223798553265}, "K74-D040": {"K74-D050": 71.12457680755958}, "K74-U050": {"K74-U060": 192.5226046091078}}