{"K76-U020": {"K76-U030": 121.1277845161791}, "K73-U070": {"K73-U080": 134.54661568177465}, "K76-U040": {"K76-U050": 159.64449909738772}, "K76-D030": {"K76-D040": 61.419034612236075}, "K75P-D050": {"K75P-D060": 73.93387352965719}, "K73-U080": {"K73-U090": 225.8338506917541, "K73-U110": 137.71078968539587}, "K74-D020": {"K74-D030": 131.84647505570385}, "K73-U100": {"K73-U110": 194.1086348581636}, "K76-D010": {"K76-D020": 154.9727246615875}, "K75A-D110": {"K75A-U011": 161.99527211707908}, "K75A-D080": {"K75A-D090": 80.51513208962525}, "K75P-U030": {"K75P-U040": 92.67312262676515}, "K75P-D070": {"K75P-D080": 72.2762612136454}, "K75P-U010": {"K75P-U020": 85.37289238815366}, "K75A-D020": {"K75A-D030": 18.455231582836845}, "K74-D030": {"K74-D040": 95.66223472016497}, "K75A-D070": {"K75A-D080": 28.651944839463777}, "K74-U090": {"K74-U100": 166.86181757372182}, "K76-U010": {"K76-U020": 11.341322212270992}, "K74-U060": {"K74-U070": 136.2630546079013}, "K75A-D010": {"K75A-D020": 177.9804358145407}, "K74-D090": {"K74-U011": 64.37194566002357}, "K73-U110": {"K73-U120": 188.01064394488603}, "K73-U050": {"K73-U060": 88.13322760126746}, "K73-U060": {"K73-U070": 142.74473914261102}, "K74-U007": {"K74-U010": 225.78094973515286}, "K73-D030": {"K73-D040": 95.2740629075764}, "K73-D040": {"K73-D050": 71.54918590546748}, "K73-U090": {"K73-U100": 90.3853478089562}, "K75P-U140": {"K75P-D010": 125.00353995458144}, "K73-U030": {"K73-U040": 76.12668932326189}, "K73-U010": {"K73-U020": 60.37527751107268}, "K75P-U110": {"K75P-U120": 72.63415690179193}, "K76-D020": {"K76-D030": 117.28402762628525}, "K75A-U030": {"K75A-D010": 199.52494757071247}, "K75P-D060": {"K75P-D070": 152.94480265968963}, "K73-D110": {"K73-D120": 65.72056076869548}, "K75P-U090": {"K75P-U100": 35.36066412997529}, "K74-U080": {"K74-U090": 214.90405122949332}, "K75P-U120": {"K75P-U130": 57.12104589350828}, "K73-U040": {"K73-U050": 95.93520227026569, "K73-U060": 182.33062458213476}, "K75P-U020": {"K75P-U030": 97.55182182289285}, "K73-D010": {"K73-D020": 78.3282097654791}, "K74-D080": {"K74-D090": 145.88318552684555}, "K74-D060": {"K74-D070": 135.21280346930362}, "K75P-D010": {"K75P-D020": 112.05737376381903}, "K73-D090": {"K73-D100": 69.66971709534337}, "K73-D100": {"K73-D110": 167.3563703236637}, "K75A-U010": {"K75A-U020": 36.92680569074551}, "K73-U020": {"K73-U030": 157.92913755289183}, "K75P-U100": {"K75P-U110": 49.08267883374704}, "K75A-D030": {"K75A-D040": 40.760617132065576}, "K75P-D080": {"K75P-U011": 128.12915932094145}, "K75P-D020": {"K75P-D030": 27.203797481525832}, "K75P-U080": {"K75P-U090": 40.14371156257552}, "K75P-D030": {"K75P-D040": 105.73884844347022}, "K75A-D050": {"K75A-D060": 68.75827675401658}, "K76-U030": {"K76-U040": 148.25947878004982}, "K74-U001": {"K74-U004": 137.13482768276273}, "K75P-U130": {"K75P-U140": 30.682761677260526}, "K73-D130": {"K73-D140": 123.21116657110409}, "K74-U030": {"K74-U040": 259.6050117295538}, "K75A-D100": {"K75A-D110": 82.88371921335164}, "K73-D140": {"K73-D150": 170.5108744316357}, "K74-U010": {"K74-U020": 154.26893612541312}, "K75A-D090": {"K75A-D100": 37.07749139733162}, "K75P-U050": {"K75P-U060": 134.14900830988617}, "K74-D050": {"K74-D060": 98.15688334872736}, "K75P-U060": {"K75P-U070": 29.320888484517546}, "K74-U020": {"K74-U030": 113.26472893738192}, "K75P-D040": {"K75P-D050": 146.5994547579806}, "K74-U004": {"K74-U007": 88.1211484917132}, "K75P-U040": {"K75P-U050": 93.1523736260267}, "K75A-U020": {"K75A-U030": 123.35136135796033}, "K73-D070": {"K73-D080": 132.13031645279315}, "K74-U011": {"K74-D100": 148.8978768428612}, "K73-D120": {"K73-D130": 96.44634690392974}, "K74-U100": {"K74-D010": 100.74757724023513}, "K74-D070": {"K74-D080": 235.06168862294234}, "K74-U040": {"K74-U050": 146.1449926877274}, "K74-D100": {"K74-D110": 75.30269445935485}, "K73-D080": {"K73-D090": 226.68478174775572}, "K75A-D060": {"K75A-D070": 36.919752313324736}, "K75P-U070": {"K75P-U080": 77.92981472825605}, "K75A-D040": {"K75A-D050": 46.483913543682455}, "K73-D020": {"K73-D030": 95.51493739274267}, "K73-D050": {"K73-D060": 63.37858585955845}, "K74-D110": {"K74-U002": 156.4773323605204}, "K74-D010": {"K74-D020": 129.0935707078431}, "K74-U070": {"K74-U080": 140.8059245908306}, "K73-D060": {"K73-D070": 26.58806036361856}, "K73-D150": {"K73-D160": 37.49472812144633}, "K74-D040": {"K74-D050": 69.50369277440092}, "K74-U050": {"K74-U060": 193.1721672817586}}