{"K76-U020": {"K76-U030": 95.99806160743884}, "K73-U070": {"K73-U080": 140.6437045030693}, "K76-U040": {"K76-U050": 132.7172356284854}, "K76-D030": {"K76-D040": 51.50302813780051}, "K75P-D050": {"K75P-D060": 79.30830028440266}, "K73-U080": {"K73-U090": 229.35964822580536, "K73-U110": 137.71078968539587}, "K74-D020": {"K74-D030": 131.84647505570385}, "K73-U100": {"K73-U110": 217.85818594232097}, "K76-D010": {"K76-D020": 154.9727246615875}, "K75A-D110": {"K75A-U011": 180.0457891665031}, "K75A-D080": {"K75A-D090": 88.91624102197751}, "K75P-U030": {"K75P-U040": 94.98790270393246}, "K75P-D070": {"K75P-D080": 77.31910482988943}, "K75P-U010": {"K75P-U020": 87.12340937208762}, "K75A-D020": {"K75A-D030": 21.657822563678344}, "K74-D030": {"K74-D040": 102.79898178483936}, "K75A-D070": {"K75A-D080": 40.84191867390907}, "K74-U090": {"K74-U100": 166.82340197761872}, "K76-U010": {"K76-U020": 9.717307126388388}, "K74-U060": {"K74-U070": 129.56979992279273}, "K75A-D010": {"K75A-D020": 175.4647104863175}, "K74-D090": {"K74-U011": 66.66304591196993}, "K73-U110": {"K73-U120": 173.4276323271533}, "K73-U050": {"K73-U060": 99.25950787052184}, "K73-U060": {"K73-U070": 128.2518701679223}, "K74-U007": {"K74-U010": 215.907789624985}, "K73-D030": {"K73-D040": 98.65963290242773}, "K73-D040": {"K73-D050": 67.46043336228087}, "K73-U090": {"K73-U100": 104.17703617759966}, "K75P-U140": {"K75P-D010": 141.16074604582363}, "K73-U030": {"K73-U040": 79.83820170786156}, "K73-U010": {"K73-U020": 56.077182096253274}, "K75P-U110": {"K75P-U120": 74.74308914474469}, "K76-D020": {"K76-D030": 113.19395960289671}, "K75A-U030": {"K75A-D010": 209.4289281320933}, "K75P-D060": {"K75P-D070": 148.60022879428735}, "K73-D110": {"K73-D120": 61.43259053318841}, "K75P-U090": {"K75P-U100": 33.681054054312185}, "K74-U080": {"K74-U090": 213.2614039623552}, "K75P-U120": {"K75P-U130": 57.3019385097464}, "K73-U040": {"K73-U050": 90.18403376801133, "K73-U060": 182.10195216431276}, "K75P-U020": {"K75P-U030": 97.38528868260236}, "K73-D010": {"K73-D020": 69.75429499159233}, "K74-D080": {"K74-D090": 157.88149689432106}, "K74-D060": {"K74-D070": 134.73536337712696}, "K75P-D010": {"K75P-D020": 110.75125209025164}, "K73-D090": {"K73-D100": 72.19634078401893}, "K73-D100": {"K73-D110": 175.19873380958748}, "K75A-U010": {"K75A-U020": 38.795744556717345}, "K73-U020": {"K73-U030": 148.20129786312765}, "K75P-U100": {"K75P-U110": 54.96000082353978}, "K75A-D030": {"K75A-D040": 41.479197467044784}, "K75P-D080": {"K75P-U011": 131.83562683017402}, "K75P-D020": {"K75P-D030": 30.046702317715198}, "K75P-U080": {"K75P-U090": 38.73131455874801}, "K75P-D030": {"K75P-D040": 106.36474257241271}, "K75A-D050": {"K75A-D060": 65.29717197182683}, "K76-U030": {"K76-U040": 148.25947878004982}, "K74-U001": {"K74-U004": 136.53922538713582}, "K75P-U130": {"K75P-U140": 34.66007982104899}, "K73-D130": {"K73-D140": 128.9256293972345}, "K74-U030": {"K74-U040": 263.4597127068463}, "K75A-D100": {"K75A-D110": 89.30533716495408}, "K73-D140": {"K73-D150": 168.04399014949314}, "K74-U010": {"K74-U020": 149.5821703289599}, "K75A-D090": {"K75A-D100": 42.82901319329888}, "K75P-U050": {"K75P-U060": 143.0062673039487}, "K74-D050": {"K74-D060": 101.2376866250503}, "K75P-U060": {"K75P-U070": 25.365337756406007}, "K74-U020": {"K74-U030": 110.22734655366553}, "K75P-D040": {"K75P-D050": 151.9353643020347}, "K74-U004": {"K74-U007": 89.79883560864529}, "K75P-U040": {"K75P-U050": 94.83199842533156}, "K75A-U020": {"K75A-U030": 123.94403620586563}, "K73-D070": {"K73-D080": 146.44627521935865}, "K74-U011": {"K74-D100": 159.61035272164543}, "K73-D120": {"K73-D130": 100.90797979066436}, "K74-U100": {"K74-D010": 105.26536028606434}, "K74-D070": {"K74-D080": 236.13533720815946}, "K74-U040": {"K74-U050": 145.12269346019744}, "K74-D100": {"K74-D110": 78.74956825515696}, "K73-D080": {"K73-D090": 234.4496473755152}, "K75A-D060": {"K75A-D070": 36.93238306503024}, "K75P-U070": {"K75P-U080": 94.23051465357558}, "K75A-D040": {"K75A-D050": 47.47479713630184}, "K73-D020": {"K73-D030": 82.695098869094}, "K73-D050": {"K73-D060": 66.30118080315498}, "K74-D110": {"K74-U002": 149.55065221637193}, "K74-D010": {"K74-D020": 138.6012345236625}, "K74-U070": {"K74-U080": 142.314217644028}, "K73-D060": {"K73-D070": 26.21412183182742}, "K73-D150": {"K73-D160": 40.062660122166974}, "K74-D040": {"K74-D050": 77.77667112555706}, "K74-U050": {"K74-U060": 200.60581475835733}}