{"K76-U020": {"K76-U030": 144.3766797899562}, "K73-U070": {"K73-U080": 149.0048489960758}, "K76-U040": {"K76-U050": 165.59877522652886}, "K76-D030": {"K76-D040": 58.71233654693572}, "K75P-D050": {"K75P-D060": 76.4120373783656}, "K73-U080": {"K73-U090": 246.6109317009162, "K73-U110": 137.71078968539587}, "K74-D020": {"K74-D030": 131.84647505570385}, "K73-U100": {"K73-U110": 172.318730266888}, "K76-D010": {"K76-D020": 154.9727246615875}, "K75A-D110": {"K75A-U011": 154.59872068804066}, "K75A-D080": {"K75A-D090": 78.11167498440109}, "K75P-U030": {"K75P-U040": 95.43376795556478}, "K75P-D070": {"K75P-D080": 80.74651838021197}, "K75P-U010": {"K75P-U020": 86.57529576835555}, "K75A-D020": {"K75A-D030": 19.067936082708457}, "K74-D030": {"K74-D040": 104.21708221510649}, "K75A-D070": {"K75A-D080": 35.64066924376026}, "K74-U090": {"K74-U100": 179.77314948102287}, "K76-U010": {"K76-U020": 27.51650641339915}, "K74-U060": {"K74-U070": 126.44608916906193}, "K75A-D010": {"K75A-D020": 180.2142183500687}, "K74-D090": {"K74-U011": 72.82085592421679}, "K73-U110": {"K73-U120": 201.4819474461195}, "K73-U050": {"K73-U060": 97.35263062258743}, "K73-U060": {"K73-U070": 142.94760922669298}, "K74-U007": {"K74-U010": 228.46769476374797}, "K73-D030": {"K73-D040": 95.44847819533194}, "K73-D040": {"K73-D050": 75.16286625907877}, "K73-U090": {"K73-U100": 96.53358692155578}, "K75P-U140": {"K75P-D010": 127.70241552491014}, "K73-U030": {"K73-U040": 81.53181706914144}, "K73-U010": {"K73-U020": 56.69196962849276}, "K75P-U110": {"K75P-U120": 76.95859679789733}, "K76-D020": {"K76-D030": 120.00105332918164}, "K75A-U030": {"K75A-D010": 208.83591132117243}, "K75P-D060": {"K75P-D070": 157.78086779909805}, "K73-D110": {"K73-D120": 57.07451525268541}, "K75P-U090": {"K75P-U100": 37.24417806657392}, "K74-U080": {"K74-U090": 201.52184768263865}, "K75P-U120": {"K75P-U130": 56.678619944270146}, "K73-U040": {"K73-U050": 96.32958798335156, "K73-U060": 194.54195139261338}, "K75P-U020": {"K75P-U030": 104.54135631480453}, "K73-D010": {"K73-D020": 67.19911181615905}, "K74-D080": {"K74-D090": 150.1509388692908}, "K74-D060": {"K74-D070": 134.31251446245662}, "K75P-D010": {"K75P-D020": 124.35244039272125}, "K73-D090": {"K73-D100": 79.3804783811973}, "K73-D100": {"K73-D110": 172.11559593735217}, "K75A-U010": {"K75A-U020": 39.072977970721844}, "K73-U020": {"K73-U030": 164.61289636961047}, "K75P-U100": {"K75P-U110": 53.790192293962335}, "K75A-D030": {"K75A-D040": 39.5995656832491}, "K75P-D080": {"K75P-U011": 133.1995138482352}, "K75P-D020": {"K75P-D030": 29.571925994623353}, "K75P-U080": {"K75P-U090": 40.12710614295209}, "K75P-D030": {"K75P-D040": 111.51825980748129}, "K75A-D050": {"K75A-D060": 60.24000036271134}, "K76-U030": {"K76-U040": 148.25947878004982}, "K74-U001": {"K74-U004": 147.11404807791254}, "K75P-U130": {"K75P-U140": 34.7493883014826}, "K73-D130": {"K73-D140": 125.92510851522138}, "K74-U030": {"K74-U040": 257.39059083808223}, "K75A-D100": {"K75A-D110": 87.73099469851084}, "K73-D140": {"K73-D150": 171.66213679454353}, "K74-U010": {"K74-U020": 145.6238450453925}, "K75A-D090": {"K75A-D100": 43.95475937758596}, "K75P-U050": {"K75P-U060": 136.7908220366175}, "K74-D050": {"K74-D060": 89.76598715221708}, "K75P-U060": {"K75P-U070": 25.564794357434998}, "K74-U020": {"K74-U030": 119.78615103609745}, "K75P-D040": {"K75P-D050": 147.76690867094752}, "K74-U004": {"K74-U007": 83.45555782494213}, "K75P-U040": {"K75P-U050": 96.53994259926154}, "K75A-U020": {"K75A-U030": 120.49749730979491}, "K73-D070": {"K73-D080": 134.24572610084084}, "K74-U011": {"K74-D100": 162.13330299332287}, "K73-D120": {"K73-D130": 101.80432939410778}, "K74-U100": {"K74-D010": 99.55938699763594}, "K74-D070": {"K74-D080": 218.34363859968335}, "K74-U040": {"K74-U050": 148.210416711356}, "K74-D100": {"K74-D110": 75.86610096110489}, "K73-D080": {"K73-D090": 239.0034790383157}, "K75A-D060": {"K75A-D070": 37.66501854007349}, "K75P-U070": {"K75P-U080": 88.04008015176575}, "K75A-D040": {"K75A-D050": 44.65842498804797}, "K73-D020": {"K73-D030": 104.0231415823055}, "K73-D050": {"K73-D060": 63.71794344759411}, "K74-D110": {"K74-U002": 156.7123714493531}, "K74-D010": {"K74-D020": 140.34791461690637}, "K74-U070": {"K74-U080": 141.02428413002468}, "K73-D060": {"K73-D070": 27.71811120202408}, "K73-D150": {"K73-D160": 39.01157223084725}, "K74-D040": {"K74-D050": 71.83703667889434}, "K74-U050": {"K74-U060": 190.01494536186055}}