{"K76-U020": {"K76-U030": 157.5294305992669}, "K73-U070": {"K73-U080": 161.2485039892452}, "K76-U040": {"K76-U050": 191.07267961942443}, "K76-D030": {"K76-D040": 60.2630177182851}, "K75P-D050": {"K75P-D060": 90.81190331944319}, "K73-U080": {"K73-U090": 292.67407595651036, "K73-U110": 151.48186865393524}, "K74-D020": {"K74-D030": 145.03112256127412}, "K73-U100": {"K73-U110": 240.9873513165166}, "K76-D010": {"K76-D020": 170.469997127746}, "K75A-D110": {"K75A-U011": 171.58757869294567}, "K75A-D080": {"K75A-D090": 107.41224526443352}, "K75P-U030": {"K75P-U040": 117.3104926228428}, "K75P-D070": {"K75P-D080": 97.80217628421016}, "K75P-U010": {"K75P-U020": 94.26015692412005}, "K75A-D020": {"K75A-D030": 22.259741684497985}, "K74-D030": {"K74-D040": 123.92104573290594}, "K75A-D070": {"K75A-D080": 46.519169396939795}, "K74-U090": {"K74-U100": 206.38121721464012}, "K76-U010": {"K76-U020": 9.702218878781101}, "K74-U060": {"K74-U070": 140.40493614033014}, "K75A-D010": {"K75A-D020": 211.93217058461533}, "K74-D090": {"K74-U011": 71.40013429952116}, "K73-U110": {"K73-U120": 229.7315059098334}, "K73-U050": {"K73-U060": 111.11862236485528}, "K73-U060": {"K73-U070": 147.09177439036105}, "K74-U007": {"K74-U010": 243.4208382591853}, "K73-D030": {"K73-D040": 119.96348306288951}, "K73-D040": {"K73-D050": 83.25801472800202}, "K73-U090": {"K73-U100": 125.28701329319806}, "K75P-U140": {"K75P-D010": 148.19779052509406}, "K73-U030": {"K73-U040": 92.14932584989776}, "K73-U010": {"K73-U020": 59.89381717336985}, "K75P-U110": {"K75P-U120": 85.9640131644035}, "K76-D020": {"K76-D030": 128.33914674757193}, "K75A-U030": {"K75A-D010": 239.1810742747425}, "K75P-D060": {"K75P-D070": 178.9667947328249}, "K73-D110": {"K73-D120": 72.53466113911875}, "K75P-U090": {"K75P-U100": 40.62111841153237}, "K74-U080": {"K74-U090": 228.81010378768883}, "K75P-U120": {"K75P-U130": 62.13179440200444}, "K73-U040": {"K73-U050": 124.56085591677648, "K73-U060": 224.63396014930646}, "K75P-U020": {"K75P-U030": 100.98833268464072}, "K73-D010": {"K73-D020": 82.03628712487162}, "K74-D080": {"K74-D090": 164.2639140377774}, "K74-D060": {"K74-D070": 148.28094612539005}, "K75P-D010": {"K75P-D020": 137.62897964478475}, "K73-D090": {"K73-D100": 86.27487260019538}, "K73-D100": {"K73-D110": 188.2286183480378}, "K75A-U010": {"K75A-U020": 42.72998902321199}, "K73-U020": {"K73-U030": 184.06403685322238}, "K75P-U100": {"K75P-U110": 65.1249500355531}, "K75A-D030": {"K75A-D040": 48.62945054389009}, "K75P-D080": {"K75P-U011": 152.5728357017991}, "K75P-D020": {"K75P-D030": 36.25939782081611}, "K75P-U080": {"K75P-U090": 46.14558770276041}, "K75P-D030": {"K75P-D040": 125.48795811237444}, "K75A-D050": {"K75A-D060": 73.42828963203829}, "K76-U030": {"K76-U040": 163.0854266580546}, "K74-U001": {"K74-U004": 158.74915015447488}, "K75P-U130": {"K75P-U140": 37.47065123615907}, "K73-D130": {"K73-D140": 143.0360227729994}, "K74-U030": {"K74-U040": 290.03427021279833}, "K75A-D100": {"K75A-D110": 101.93083091988768}, "K73-D140": {"K73-D150": 183.96787283357224}, "K74-U010": {"K74-U020": 168.24759105683677}, "K75A-D090": {"K75A-D100": 49.646495606707404}, "K75P-U050": {"K75P-U060": 147.8559068417024}, "K74-D050": {"K74-D060": 108.53803737812305}, "K75P-U060": {"K75P-U070": 29.292088903166395}, "K74-U020": {"K74-U030": 131.09761435407054}, "K75P-D040": {"K75P-D050": 168.26758664488233}, "K74-U004": {"K74-U007": 93.2067046799527}, "K75P-U040": {"K75P-U050": 111.48342235452003}, "K75A-U020": {"K75A-U030": 145.40036784160105}, "K73-D070": {"K73-D080": 156.79729338822568}, "K74-U011": {"K74-D100": 173.5242928809958}, "K73-D120": {"K73-D130": 110.10894591199482}, "K74-U100": {"K74-D010": 119.14088367180572}, "K74-D070": {"K74-D080": 254.70411302762878}, "K74-U040": {"K74-U050": 181.75847355308994}, "K74-D100": {"K74-D110": 87.87826391033056}, "K73-D080": {"K73-D090": 266.837682572503}, "K75A-D060": {"K75A-D070": 47.03893295281365}, "K75P-U070": {"K75P-U080": 105.14635443381428}, "K75A-D040": {"K75A-D050": 55.60015049167339}, "K73-D020": {"K73-D030": 91.23313060797875}, "K73-D050": {"K73-D060": 64.29878854327228, "K73-D070": 112.04018302902395}, "K74-D110": {"K74-U002": 178.66733731964183}, "K74-D010": {"K74-D020": 153.53440123334673}, "K74-U070": {"K74-U080": 165.7512779304421}, "K73-D060": {"K73-D070": 32.37775094081504}, "K73-D150": {"K73-D160": 49.23765162553165}, "K74-D040": {"K74-D050": 77.73015780033916}, "K74-U050": {"K74-U060": 232.52159499510603}}