{"K76-U020": {"K76-U030": 153.94202426204825}, "K73-U070": {"K73-U080": 157.00147289874954}, "K76-U040": {"K76-U050": 171.78421495687502}, "K76-D030": {"K76-D040": 64.38268285994276}, "K75P-D050": {"K75P-D060": 90.0820279124437}, "K73-U080": {"K73-U090": 268.9694733500016, "K73-U110": 151.48186865393524}, "K74-D020": {"K74-D030": 145.03112256127412}, "K73-U100": {"K73-U110": 208.91933808289318}, "K76-D010": {"K76-D020": 170.469997127746}, "K75A-D110": {"K75A-U011": 170.09664100533155}, "K75A-D080": {"K75A-D090": 119.49943074477378}, "K75P-U030": {"K75P-U040": 109.92314086802897}, "K75P-D070": {"K75P-D080": 89.60694445565805}, "K75P-U010": {"K75P-U020": 95.78069103295842}, "K75A-D020": {"K75A-D030": 22.90742543621132}, "K74-D030": {"K74-D040": 139.71335442730606}, "K75A-D070": {"K75A-D080": 47.02397523662535}, "K74-U090": {"K74-U100": 198.64441540990043}, "K76-U010": {"K76-U020": 15.257384223405122}, "K74-U060": {"K74-U070": 143.63123802747833}, "K75A-D010": {"K75A-D020": 192.37950129955036}, "K74-D090": {"K74-U011": 71.61349955515327}, "K73-U110": {"K73-U120": 217.69382691760143}, "K73-U050": {"K73-U060": 108.00044243106595}, "K73-U060": {"K73-U070": 129.07814816220997}, "K74-U007": {"K74-U010": 262.8267755527931}, "K73-D030": {"K73-D040": 117.20168867713089}, "K73-D040": {"K73-D050": 85.375610946002}, "K73-U090": {"K73-U100": 121.07652274233988}, "K75P-U140": {"K75P-D010": 147.49984198773777}, "K73-U030": {"K73-U040": 85.85415825206344}, "K73-U010": {"K73-U020": 65.30413127961745}, "K75P-U110": {"K75P-U120": 85.90917609030761}, "K76-D020": {"K76-D030": 121.00837264160059}, "K75A-U030": {"K75A-D010": 233.09467857156943}, "K75P-D060": {"K75P-D070": 175.9395580445078}, "K73-D110": {"K73-D120": 77.96390662938965}, "K75P-U090": {"K75P-U100": 43.896168717232044}, "K74-U080": {"K74-U090": 237.47694658861337}, "K75P-U120": {"K75P-U130": 64.35150266726563}, "K73-U040": {"K73-U050": 104.61903529648575, "K73-U060": 213.49046376671873}, "K75P-U020": {"K75P-U030": 106.2024327248696}, "K73-D010": {"K73-D020": 77.90958816389823}, "K74-D080": {"K74-D090": 152.6648324113563}, "K74-D060": {"K74-D070": 145.57330122026445}, "K75P-D010": {"K75P-D020": 141.28080500834662}, "K73-D090": {"K73-D100": 83.98618377547476}, "K73-D100": {"K73-D110": 193.50367084217828}, "K75A-U010": {"K75A-U020": 47.796661973850235}, "K73-U020": {"K73-U030": 247.62919784344308}, "K75P-U100": {"K75P-U110": 61.00690651159609}, "K75A-D030": {"K75A-D040": 42.49850801892511}, "K75P-D080": {"K75P-U011": 148.04931911739308}, "K75P-D020": {"K75P-D030": 34.79509083205822}, "K75P-U080": {"K75P-U090": 47.78952517440216}, "K75P-D030": {"K75P-D040": 115.03229216092674}, "K75A-D050": {"K75A-D060": 72.3438321013891}, "K76-U030": {"K76-U040": 163.0854266580546}, "K74-U001": {"K74-U004": 159.57011909425506}, "K75P-U130": {"K75P-U140": 35.30412711343301}, "K73-D130": {"K73-D140": 142.16541935460242}, "K74-U030": {"K74-U040": 291.5068713921663}, "K75A-D100": {"K75A-D110": 107.11214255543382}, "K73-D140": {"K73-D150": 191.09655856528212}, "K74-U010": {"K74-U020": 171.46198947116042}, "K75A-D090": {"K75A-D100": 48.901053021172956}, "K75P-U050": {"K75P-U060": 160.23553486429495}, "K74-D050": {"K74-D060": 106.96670810932844}, "K75P-U060": {"K75P-U070": 31.175354016814957}, "K74-U020": {"K74-U030": 131.91100677499094}, "K75P-D040": {"K75P-D050": 163.85119415251634}, "K74-U004": {"K74-U007": 99.12313425501188}, "K75P-U040": {"K75P-U050": 109.26298249420377}, "K75A-U020": {"K75A-U030": 144.51049593517766}, "K73-D070": {"K73-D080": 154.95572547687397}, "K74-U011": {"K74-D100": 169.09681858700577}, "K73-D120": {"K73-D130": 111.38894335717052}, "K74-U100": {"K74-D010": 124.51351992552388}, "K74-D070": {"K74-D080": 250.00882112899072}, "K74-U040": {"K74-U050": 168.12734873734934}, "K74-D100": {"K74-D110": 87.76397804263394}, "K73-D080": {"K73-D090": 267.24441311545013}, "K75A-D060": {"K75A-D070": 42.915319592264346}, "K75P-U070": {"K75P-U080": 113.8638083248596}, "K75A-D040": {"K75A-D050": 51.622096161636634}, "K73-D020": {"K73-D030": 99.44697566222985}, "K73-D050": {"K73-D060": 64.29878854327228, "K73-D070": 104.59378080145045}, "K74-D110": {"K74-U002": 170.6255721328484}, "K74-D010": {"K74-D020": 158.01312809583462}, "K74-U070": {"K74-U080": 145.24327408706435}, "K73-D060": {"K73-D070": 32.37775094081504}, "K73-D150": {"K73-D160": 44.209636380920784}, "K74-D040": {"K74-D050": 85.49745115076269}, "K74-U050": {"K74-U060": 235.62861575125143}}