{"K76-U020": {"K76-U030": 166.76807296813644}, "K73-U070": {"K73-U080": 164.60919640935919}, "K76-U040": {"K76-U050": 150.4947375899107}, "K76-D030": {"K76-D040": 53.701314729351125}, "K75P-D050": {"K75P-D060": 92.20451872138162}, "K73-U080": {"K73-U090": 282.8999499974401, "K73-U110": 151.48186865393524}, "K74-D020": {"K74-D030": 145.03112256127332}, "K73-U100": {"K73-U110": 229.987959997202}, "K76-D010": {"K76-D020": 170.469997127746}, "K75A-D110": {"K75A-U011": 161.8721423043358}, "K75A-D080": {"K75A-D090": 120.88410015573795}, "K75P-U030": {"K75P-U040": 106.445394629776}, "K75P-D070": {"K75P-D080": 98.4298261807334}, "K75P-U010": {"K75P-U020": 94.93644730302891}, "K75A-D020": {"K75A-D030": 24.895065483770757}, "K74-D030": {"K74-D040": 131.01728159148155}, "K75A-D070": {"K75A-D080": 47.844323275045596}, "K74-U090": {"K74-U100": 199.6042044448408}, "K76-U010": {"K76-U020": 31.263088393074717}, "K74-U060": {"K74-U070": 147.49107281308147}, "K75A-D010": {"K75A-D020": 202.985847105517}, "K74-D090": {"K74-U011": 78.69954797749023}, "K73-U110": {"K73-U120": 193.62358645688815}, "K73-U050": {"K73-U060": 101.79995520860727}, "K73-U060": {"K73-U070": 140.3686355736239}, "K74-U007": {"K74-U010": 262.0808879947396}, "K73-D030": {"K73-D040": 118.09185968009221}, "K73-D040": {"K73-D050": 78.288242900728}, "K73-U090": {"K73-U100": 143.6948353832705}, "K75P-U140": {"K75P-D010": 141.3669412747201}, "K73-U030": {"K73-U040": 88.77690886566727}, "K73-U010": {"K73-U020": 67.55730727073261}, "K75P-U110": {"K75P-U120": 80.58029957757358}, "K76-D020": {"K76-D030": 120.81200983071585}, "K75A-U030": {"K75A-D010": 234.1718236453843}, "K75P-D060": {"K75P-D070": 186.52612690995676}, "K73-D110": {"K73-D120": 84.23229100800003}, "K75P-U090": {"K75P-U100": 43.418425545574195}, "K74-U080": {"K74-U090": 213.1218471044389}, "K75P-U120": {"K75P-U130": 63.55093349250412}, "K73-U040": {"K73-U050": 100.22449092098968, "K73-U060": 210.26507147088506}, "K75P-U020": {"K75P-U030": 104.0004572405248}, "K73-D010": {"K73-D020": 75.28487499874359}, "K74-D080": {"K74-D090": 177.26902759440887}, "K74-D060": {"K74-D070": 160.5480715991512}, "K75P-D010": {"K75P-D020": 128.75642335406414}, "K73-D090": {"K73-D100": 80.92224753988106}, "K73-D100": {"K73-D110": 190.85256879110153}, "K75A-U010": {"K75A-U020": 41.51092090077502}, "K73-U020": {"K73-U030": 161.0932484167301}, "K75P-U100": {"K75P-U110": 63.71296103150887}, "K75A-D030": {"K75A-D040": 46.873283165448534}, "K75P-D080": {"K75P-U011": 149.71811851090544}, "K75P-D020": {"K75P-D030": 34.69399280421363}, "K75P-U080": {"K75P-U090": 47.81316734826415}, "K75P-D030": {"K75P-D040": 124.47522204844203}, "K75A-D050": {"K75A-D060": 72.23425978872044}, "K76-U030": {"K76-U040": 163.0854266580546}, "K74-U001": {"K74-U004": 156.9429379515893}, "K75P-U130": {"K75P-U140": 35.52711796743469}, "K73-D130": {"K73-D140": 141.50866739926502}, "K74-U030": {"K74-U040": 292.2560867257323}, "K75A-D100": {"K75A-D110": 100.87924638521363}, "K73-D140": {"K73-D150": 182.29011327786492}, "K74-U010": {"K74-U020": 156.57811220785308}, "K75A-D090": {"K75A-D100": 50.67997721211379}, "K75P-U050": {"K75P-U060": 153.17726698627334}, "K74-D050": {"K74-D060": 105.98934318581443}, "K75P-U060": {"K75P-U070": 31.337344199409586}, "K74-U020": {"K74-U030": 130.41166773837438}, "K75P-D040": {"K75P-D050": 172.8709668221581}, "K74-U004": {"K74-U007": 90.72090348781256}, "K75P-U040": {"K75P-U050": 105.09156748614313}, "K75A-U020": {"K75A-U030": 138.68144812436591}, "K73-D070": {"K73-D080": 159.94882519447935}, "K74-U011": {"K74-D100": 168.32909974213143}, "K73-D120": {"K73-D130": 108.16924617224613}, "K74-U100": {"K74-D010": 124.57558017877022}, "K74-D070": {"K74-D080": 270.10975357071624}, "K74-U040": {"K74-U050": 205.7713544311304}, "K74-D100": {"K74-D110": 81.98231137889795}, "K73-D080": {"K73-D090": 259.899986834368}, "K75A-D060": {"K75A-D070": 43.94325068202873}, "K75P-U070": {"K75P-U080": 110.53479776950954}, "K75A-D040": {"K75A-D050": 54.50568194743148}, "K73-D020": {"K73-D030": 96.22325077457675}, "K73-D050": {"K73-D060": 64.29878854327228, "K73-D070": 108.02314533356878}, "K74-D110": {"K74-U002": 167.3389869733124}, "K74-D010": {"K74-D020": 160.3726670383527}, "K74-U070": {"K74-U080": 161.0397946714425}, "K73-D060": {"K73-D070": 32.37775094081504}, "K73-D150": {"K73-D160": 43.063582335625966}, "K74-D040": {"K74-D050": 83.83663057459081}, "K74-U050": {"K74-U060": 222.03462923026905}}