{"K76-U020": {"K76-U030": 117.65009821831389}, "K73-U070": {"K73-U080": 160.91810779507048}, "K76-U040": {"K76-U050": 156.95612563827135}, "K76-D030": {"K76-D040": 64.02290125799716}, "K75P-D050": {"K75P-D060": 78.91187070073353}, "K73-U080": {"K73-U090": 248.73511743087744, "K73-U110": 151.48186865393524}, "K74-D020": {"K74-D030": 145.03112256127412}, "K73-U100": {"K73-U110": 238.0004225208699}, "K76-D010": {"K76-D020": 170.469997127746}, "K75A-D110": {"K75A-U011": 163.40858095378698}, "K75A-D080": {"K75A-D090": 137.6904439518576}, "K75P-U030": {"K75P-U040": 114.26272762784681}, "K75P-D070": {"K75P-D080": 98.88972823277598}, "K75P-U010": {"K75P-U020": 92.48807969861836}, "K75A-D020": {"K75A-D030": 24.238111262257526}, "K74-D030": {"K74-D040": 137.87830141524503}, "K75A-D070": {"K75A-D080": 48.071788512150114}, "K74-U090": {"K74-U100": 197.4862307633096}, "K76-U010": {"K76-U020": 17.495901723792322}, "K74-U060": {"K74-U070": 141.35170508461366}, "K75A-D010": {"K75A-D020": 198.2418546344384}, "K74-D090": {"K74-U011": 78.59448136551757}, "K73-U110": {"K73-U120": 218.94783172186607}, "K73-U050": {"K73-U060": 113.31092129667552}, "K73-U060": {"K73-U070": 136.5898667847325}, "K74-U007": {"K74-U010": 246.76020420118363}, "K73-D030": {"K73-D040": 115.61212760994866}, "K73-D040": {"K73-D050": 85.29053953127746}, "K73-U090": {"K73-U100": 135.076100319883}, "K75P-U140": {"K75P-D010": 147.30334004236641}, "K73-U030": {"K73-U040": 95.55122741673102}, "K73-U010": {"K73-U020": 70.77818267283547}, "K75P-U110": {"K75P-U120": 86.320686345705}, "K76-D020": {"K76-D030": 101.10504877445042}, "K75A-U030": {"K75A-D010": 233.7659277867985}, "K75P-D060": {"K75P-D070": 173.88680855974116}, "K73-D110": {"K73-D120": 83.67445235380373}, "K75P-U090": {"K75P-U100": 44.632742985107356}, "K74-U080": {"K74-U090": 241.88406409104272}, "K75P-U120": {"K75P-U130": 66.5022590777364}, "K73-U040": {"K73-U050": 104.34420135361283, "K73-U060": 216.691738981965}, "K75P-U020": {"K75P-U030": 107.07646934678715}, "K73-D010": {"K73-D020": 78.78560691153828}, "K74-D080": {"K74-D090": 159.6292632415317}, "K74-D060": {"K74-D070": 157.00018716469583}, "K75P-D010": {"K75P-D020": 151.73827882480944}, "K73-D090": {"K73-D100": 83.79110671505472}, "K73-D100": {"K73-D110": 197.23353539279032}, "K75A-U010": {"K75A-U020": 39.4192354931562}, "K73-U020": {"K73-U030": 192.15633570927497}, "K75P-U100": {"K75P-U110": 64.65212265648763}, "K75A-D030": {"K75A-D040": 50.120140802688596}, "K75P-D080": {"K75P-U011": 141.5690831181207}, "K75P-D020": {"K75P-D030": 35.93711948345496}, "K75P-U080": {"K75P-U090": 44.095466496839194}, "K75P-D030": {"K75P-D040": 120.2809019735204}, "K75A-D050": {"K75A-D060": 78.2022420883955}, "K76-U030": {"K76-U040": 163.0854266580546}, "K74-U001": {"K74-U004": 156.912352491419}, "K75P-U130": {"K75P-U140": 37.859642962435906}, "K73-D130": {"K73-D140": 136.56773359623193}, "K74-U030": {"K74-U040": 286.0745203184312}, "K75A-D100": {"K75A-D110": 101.10885689700939}, "K73-D140": {"K73-D150": 180.31802065137714}, "K74-U010": {"K74-U020": 173.62166616142235}, "K75A-D090": {"K75A-D100": 49.42892559874982}, "K75P-U050": {"K75P-U060": 153.58950884224}, "K74-D050": {"K74-D060": 108.02769145296149}, "K75P-U060": {"K75P-U070": 31.04136390766302}, "K74-U020": {"K74-U030": 135.47594988346344}, "K75P-D040": {"K75P-D050": 169.08789308193815}, "K74-U004": {"K74-U007": 90.43405999922985}, "K75P-U040": {"K75P-U050": 106.79977838107834}, "K75A-U020": {"K75A-U030": 150.30575031434407}, "K73-D070": {"K73-D080": 163.3285043789004}, "K74-U011": {"K74-D100": 175.2996553393153}, "K73-D120": {"K73-D130": 107.09984157791185}, "K74-U100": {"K74-D010": 124.35840707627968}, "K74-D070": {"K74-D080": 257.62568995471787}, "K74-U040": {"K74-U050": 174.60089329854}, "K74-D100": {"K74-D110": 90.6379819577211}, "K73-D080": {"K73-D090": 269.8379682586654}, "K75A-D060": {"K75A-D070": 38.12494371071044}, "K75P-U070": {"K75P-U080": 114.32637770986341}, "K75A-D040": {"K75A-D050": 55.96478310120892}, "K73-D020": {"K73-D030": 112.73350199331284}, "K73-D050": {"K73-D060": 64.29878854327228, "K73-D070": 106.28403186648029}, "K74-D110": {"K74-U002": 180.8123888914782}, "K74-D010": {"K74-D020": 157.32983978701526}, "K74-U070": {"K74-U080": 157.16627251294133}, "K73-D060": {"K73-D070": 32.37775094081504}, "K73-D150": {"K73-D160": 51.589101437808075}, "K74-D040": {"K74-D050": 78.53660555912597}, "K74-U050": {"K74-U060": 235.860541457098}}