{"K76-U020": {"K76-U030": 162.2756290092652}, "K73-U070": {"K73-U080": 149.62964552253305}, "K76-U040": {"K76-U050": 173.70315878745882}, "K76-D030": {"K76-D040": 53.27863858604106}, "K75P-D050": {"K75P-D060": 84.6772565404997}, "K73-U080": {"K73-U090": 280.4680898548796, "K73-U110": 151.48186865393524}, "K74-D020": {"K74-D030": 145.03112256127412}, "K73-U100": {"K73-U110": 229.60023262635582}, "K76-D010": {"K76-D020": 170.469997127746}, "K75A-D110": {"K75A-U011": 171.58757869294567}, "K75A-D080": {"K75A-D090": 108.90938159492994}, "K75P-U030": {"K75P-U040": 116.41165846982531}, "K75P-D070": {"K75P-D080": 96.0624138600713}, "K75P-U010": {"K75P-U020": 94.13834969015096}, "K75A-D020": {"K75A-D030": 23.98223112858697}, "K74-D030": {"K74-D040": 121.5567174810066}, "K75A-D070": {"K75A-D080": 49.00238174556689}, "K74-U090": {"K74-U100": 206.38121721464012}, "K76-U010": {"K76-U020": 8.575164157544936}, "K74-U060": {"K74-U070": 144.88326237814462}, "K75A-D010": {"K75A-D020": 201.224619637204}, "K74-D090": {"K74-U011": 77.7932857449257}, "K73-U110": {"K73-U120": 208.86310893629866}, "K73-U050": {"K73-U060": 104.05795110553728}, "K73-U060": {"K73-U070": 152.0568451580819}, "K74-U007": {"K74-U010": 249.20093139909477}, "K73-D030": {"K73-D040": 112.85513675917272}, "K73-D040": {"K73-D050": 88.0189760522596}, "K73-U090": {"K73-U100": 114.83481541747915}, "K75P-U140": {"K75P-D010": 141.0446519203743}, "K73-U030": {"K73-U040": 84.00730547314046}, "K73-U010": {"K73-U020": 67.28463678194353}, "K75P-U110": {"K75P-U120": 86.07657722794386}, "K76-D020": {"K76-D030": 112.97672751383993}, "K75A-U030": {"K75A-D010": 232.67548122356146}, "K75P-D060": {"K75P-D070": 175.19738646478035}, "K73-D110": {"K73-D120": 62.77519750850755}, "K75P-U090": {"K75P-U100": 43.445313911382705}, "K74-U080": {"K74-U090": 221.9858768292773}, "K75P-U120": {"K75P-U130": 62.09697869903831}, "K73-U040": {"K73-U050": 100.62402421727563, "K73-U060": 199.46386940393955}, "K75P-U020": {"K75P-U030": 102.52757121560585}, "K73-D010": {"K73-D020": 78.06122321174243}, "K74-D080": {"K74-D090": 160.88631362688565}, "K74-D060": {"K74-D070": 152.59798220605097}, "K75P-D010": {"K75P-D020": 132.1601505054836}, "K73-D090": {"K73-D100": 79.59282517938634}, "K73-D100": {"K73-D110": 190.93179816448642}, "K75A-U010": {"K75A-U020": 44.03333506615183}, "K73-U020": {"K73-U030": 171.80725853015002}, "K75P-U100": {"K75P-U110": 63.69060299743014}, "K75A-D030": {"K75A-D040": 48.83135528139548}, "K75P-D080": {"K75P-U011": 147.79934276015848}, "K75P-D020": {"K75P-D030": 35.90929703145735}, "K75P-U080": {"K75P-U090": 49.217081744052464}, "K75P-D030": {"K75P-D040": 126.24369271685285}, "K75A-D050": {"K75A-D060": 72.19597810907467}, "K76-U030": {"K76-U040": 163.0854266580546}, "K74-U001": {"K74-U004": 156.79401253638872}, "K75P-U130": {"K75P-U140": 33.00454491976109}, "K73-D130": {"K73-D140": 141.12252780932698}, "K74-U030": {"K74-U040": 291.33807801422034}, "K75A-D100": {"K75A-D110": 99.3616674661678}, "K73-D140": {"K73-D150": 182.30193975381678}, "K74-U010": {"K74-U020": 168.852799803617}, "K75A-D090": {"K75A-D100": 46.98650004888269}, "K75P-U050": {"K75P-U060": 143.15853809130067}, "K74-D050": {"K74-D060": 108.42597207175683}, "K75P-U060": {"K75P-U070": 29.793988425195966}, "K74-U020": {"K74-U030": 136.39947099323803}, "K75P-D040": {"K75P-D050": 167.4593056764799}, "K74-U004": {"K74-U007": 96.05766009870702}, "K75P-U040": {"K75P-U050": 111.16595352409881}, "K75A-U020": {"K75A-U030": 146.4213044377398}, "K73-D070": {"K73-D080": 154.83743949002152}, "K74-U011": {"K74-D100": 170.10529985308122}, "K73-D120": {"K73-D130": 108.53222970887796}, "K74-U100": {"K74-D010": 118.00613271118084}, "K74-D070": {"K74-D080": 254.2044074453069}, "K74-U040": {"K74-U050": 183.9871928367666}, "K74-D100": {"K74-D110": 88.23140434481172}, "K73-D080": {"K73-D090": 265.5640917472256}, "K75A-D060": {"K75A-D070": 46.020879189848515}, "K75P-U070": {"K75P-U080": 103.80120396020307}, "K75A-D040": {"K75A-D050": 49.226074082450964}, "K73-D020": {"K73-D030": 90.42979087404782}, "K73-D050": {"K73-D060": 64.29878854327228, "K73-D070": 103.8313299615979}, "K74-D110": {"K74-U002": 177.19182074024943}, "K74-D010": {"K74-D020": 154.05156096351627}, "K74-U070": {"K74-U080": 160.01366854205466}, "K73-D060": {"K73-D070": 32.37775094081504}, "K73-D150": {"K73-D160": 46.98969336485388}, "K74-D040": {"K74-D050": 82.0062521266655}, "K74-U050": {"K74-U060": 243.38620636269198}}