{"K76-U020": {"K76-U030": 152.4931190072876}, "K73-U070": {"K73-U080": 157.82592340865793}, "K76-U040": {"K76-U050": 182.50513668955938}, "K76-D030": {"K76-D040": 55.94926516120937}, "K75P-D050": {"K75P-D060": 85.84516308925356}, "K73-U080": {"K73-U090": 285.8475615318076, "K73-U110": 151.48186865393524}, "K74-D020": {"K74-D030": 145.03112256127412}, "K73-U100": {"K73-U110": 239.1267933593427}, "K76-D010": {"K76-D020": 170.469997127746}, "K75A-D110": {"K75A-U011": 177.7910923341365}, "K75A-D080": {"K75A-D090": 122.18697553160489}, "K75P-U030": {"K75P-U040": 109.2359323103658}, "K75P-D070": {"K75P-D080": 99.25335467515265}, "K75P-U010": {"K75P-U020": 93.34738575328406}, "K75A-D020": {"K75A-D030": 24.37006180409462}, "K74-D030": {"K74-D040": 124.79074060695393}, "K75A-D070": {"K75A-D080": 40.29058630539098}, "K74-U090": {"K74-U100": 194.55054853626007}, "K76-U010": {"K76-U020": 17.898412018852888}, "K74-U060": {"K74-U070": 148.4935182965608}, "K75A-D010": {"K75A-D020": 206.32116341548902}, "K74-D090": {"K74-U011": 77.37409565190642}, "K73-U110": {"K73-U120": 230.6278676714483}, "K73-U050": {"K73-U060": 115.875695634156}, "K73-U060": {"K73-U070": 137.22708419682016}, "K74-U007": {"K74-U010": 255.3868938874181}, "K73-D030": {"K73-D040": 115.22740640992954}, "K73-D040": {"K73-D050": 76.7896456322464}, "K73-U090": {"K73-U100": 131.01475148237554}, "K75P-U140": {"K75P-D010": 145.0037897999949}, "K73-U030": {"K73-U040": 94.46506797539261}, "K73-U010": {"K73-U020": 63.73837426656077}, "K75P-U110": {"K75P-U120": 83.74472930075274}, "K76-D020": {"K76-D030": 126.85525851615782}, "K75A-U030": {"K75A-D010": 228.41146602695306}, "K75P-D060": {"K75P-D070": 178.8693142738705}, "K73-D110": {"K73-D120": 85.88310150939397}, "K75P-U090": {"K75P-U100": 44.447922683866906}, "K74-U080": {"K74-U090": 224.3249239523271}, "K75P-U120": {"K75P-U130": 64.20573359138332}, "K73-U040": {"K73-U050": 107.70524530376906, "K73-U060": 202.0236456631425}, "K75P-U020": {"K75P-U030": 106.35372045812157}, "K73-D010": {"K73-D020": 76.53353404488686}, "K74-D080": {"K74-D090": 166.6552990046917}, "K74-D060": {"K74-D070": 156.53826034788767}, "K75P-D010": {"K75P-D020": 133.05954968304135}, "K73-D090": {"K73-D100": 79.97877135823755}, "K73-D100": {"K73-D110": 185.3440021922292}, "K75A-U010": {"K75A-U020": 45.52550777101481}, "K73-U020": {"K73-U030": 171.85462439889434}, "K75P-U100": {"K75P-U110": 61.903679708283164}, "K75A-D030": {"K75A-D040": 40.258312314386124}, "K75P-D080": {"K75P-U011": 138.3009566734463}, "K75P-D020": {"K75P-D030": 35.610282463378994}, "K75P-U080": {"K75P-U090": 45.99231721280863}, "K75P-D030": {"K75P-D040": 119.76257316489307}, "K75A-D050": {"K75A-D060": 79.29528058274511}, "K76-U030": {"K76-U040": 163.0854266580546}, "K74-U001": {"K74-U004": 156.23535667913748}, "K75P-U130": {"K75P-U140": 40.08190478388483}, "K73-D130": {"K73-D140": 144.59158271739412}, "K74-U030": {"K74-U040": 285.0756523773687}, "K75A-D100": {"K75A-D110": 99.86037629744808}, "K73-D140": {"K73-D150": 193.2200225163696}, "K74-U010": {"K74-U020": 164.03009206112264}, "K75A-D090": {"K75A-D100": 52.84866190901266}, "K75P-U050": {"K75P-U060": 156.92702149260285}, "K74-D050": {"K74-D060": 104.64172476881117}, "K75P-U060": {"K75P-U070": 33.373371057218414}, "K74-U020": {"K74-U030": 129.77421385178505}, "K75P-D040": {"K75P-D050": 173.89199596164664}, "K74-U004": {"K74-U007": 89.83708330051846}, "K75P-U040": {"K75P-U050": 104.71920964454651}, "K75A-U020": {"K75A-U030": 138.5797051616346}, "K73-D070": {"K73-D080": 152.02446538995864}, "K74-U011": {"K74-D100": 170.4197743764523}, "K73-D120": {"K73-D130": 108.5846230470817}, "K74-U100": {"K74-D010": 121.44286637281789}, "K74-D070": {"K74-D080": 269.49769894737506}, "K74-U040": {"K74-U050": 194.17211697023436}, "K74-D100": {"K74-D110": 89.68242364151291}, "K73-D080": {"K73-D090": 267.33718819469186}, "K75A-D060": {"K75A-D070": 41.16008333590573}, "K75P-U070": {"K75P-U080": 106.20620120635536}, "K75A-D040": {"K75A-D050": 57.12859460119889}, "K73-D020": {"K73-D030": 104.68827698357416}, "K73-D050": {"K73-D060": 64.29878854327228, "K73-D070": 108.72846184842936}, "K74-D110": {"K74-U002": 163.50685644062816}, "K74-D010": {"K74-D020": 163.31377215947685}, "K74-U070": {"K74-U080": 152.4960560199861}, "K73-D060": {"K73-D070": 32.37775094081504}, "K73-D150": {"K73-D160": 49.79174636259261}, "K74-D040": {"K74-D050": 84.4434667606283}, "K74-U050": {"K74-U060": 218.36112394292454}}