{"K76-U020": {"K76-U030": 145.28925528128306}, "K73-U070": {"K73-U080": 148.36499504486991}, "K76-U040": {"K76-U050": 195.02736717344607}, "K76-D030": {"K76-D040": 62.72426193147489}, "K75P-D050": {"K75P-D060": 85.76272002474339}, "K73-U080": {"K73-U090": 274.93528818631705, "K73-U110": 151.48186865393524}, "K74-D020": {"K74-D030": 145.0311221025016}, "K73-U100": {"K73-U110": 234.41425846148655}, "K76-D010": {"K76-D020": 170.469997127746}, "K75A-D110": {"K75A-U011": 164.47293587989552}, "K75A-D080": {"K75A-D090": 93.99644931749525}, "K75P-U030": {"K75P-U040": 99.27815813003758}, "K75P-D070": {"K75P-D080": 87.0517720851316}, "K75P-U010": {"K75P-U020": 91.43775260111589}, "K75A-D020": {"K75A-D030": 23.1023123178528}, "K74-D030": {"K74-D040": 124.61130778757581}, "K75A-D070": {"K75A-D080": 35.36534259445127}, "K74-U090": {"K74-U100": 185.15264576093713}, "K76-U010": {"K76-U020": 16.663444809435752}, "K74-U060": {"K74-U070": 149.6507515438539}, "K75A-D010": {"K75A-D020": 194.9219649666236}, "K74-D090": {"K74-U011": 76.98431089259672}, "K73-U110": {"K73-U120": 220.91019841593683}, "K73-U050": {"K73-U060": 110.07384136565425}, "K73-U060": {"K73-U070": 142.67671730280335}, "K74-U007": {"K74-U010": 241.32126986317468}, "K73-D030": {"K73-D040": 117.7029539325309}, "K73-D040": {"K73-D050": 69.87669442677785}, "K73-U090": {"K73-U100": 112.4799270264167}, "K75P-U140": {"K75P-D010": 142.579728792524}, "K73-U030": {"K73-U040": 83.43351297776078}, "K73-U010": {"K73-U020": 59.83751861674499}, "K75P-U110": {"K75P-U120": 85.1112560408355}, "K76-D020": {"K76-D030": 116.54816300525235}, "K75A-U030": {"K75A-D010": 225.22864949406463}, "K75P-D060": {"K75P-D070": 170.34582636231903}, "K73-D110": {"K73-D120": 81.70013581410444}, "K75P-U090": {"K75P-U100": 39.80397955827486}, "K74-U080": {"K74-U090": 207.96428744376854}, "K75P-U120": {"K75P-U130": 62.3078591748794}, "K73-U040": {"K73-U050": 92.27843503477926, "K73-U060": 196.18497280948296}, "K75P-U020": {"K75P-U030": 104.6690428889049}, "K73-D010": {"K73-D020": 77.16704226643544}, "K74-D080": {"K74-D090": 161.50816243565285}, "K74-D060": {"K74-D070": 146.3628782577708}, "K75P-D010": {"K75P-D020": 130.0808161563927}, "K73-D090": {"K73-D100": 84.64047942808772}, "K73-D100": {"K73-D110": 187.6871168295611}, "K75A-U010": {"K75A-U020": 42.64391592103993}, "K73-U020": {"K73-U030": 169.6288492459635}, "K75P-U100": {"K75P-U110": 65.07875054695552}, "K75A-D030": {"K75A-D040": 45.36327149925184}, "K75P-D080": {"K75P-U011": 144.9969012267797}, "K75P-D020": {"K75P-D030": 31.34912113564443}, "K75P-U080": {"K75P-U090": 42.6173560279922}, "K75P-D030": {"K75P-D040": 117.85552948191767}, "K75A-D050": {"K75A-D060": 69.49595669142795}, "K76-U030": {"K76-U040": 163.0854266580546}, "K74-U001": {"K74-U004": 142.81653518099677}, "K75P-U130": {"K75P-U140": 38.79209841447748}, "K73-D130": {"K73-D140": 141.73801280941908}, "K74-U030": {"K74-U040": 287.9207035093681}, "K75A-D100": {"K75A-D110": 95.4434738888908}, "K73-D140": {"K73-D150": 193.84035661358888}, "K74-U010": {"K74-U020": 158.77249226761006}, "K75A-D090": {"K75A-D100": 44.366207049298694}, "K75P-U050": {"K75P-U060": 158.05022245106915}, "K74-D050": {"K74-D060": 100.41042532332703}, "K75P-U060": {"K75P-U070": 27.292165727970637}, "K74-U020": {"K74-U030": 137.52571267229075}, "K75P-D040": {"K75P-D050": 162.68816886019482}, "K74-U004": {"K74-U007": 99.06856472421302}, "K75P-U040": {"K75P-U050": 100.35765390318971}, "K75A-U020": {"K75A-U030": 138.9891268000322}, "K73-D070": {"K73-D080": 151.47966546588972}, "K74-U011": {"K74-D100": 171.7826782312098}, "K73-D120": {"K73-D130": 106.63206000508879}, "K74-U100": {"K74-D010": 121.65172363031488}, "K74-D070": {"K74-D080": 254.97157324106894}, "K74-U040": {"K74-U050": 175.8671995565989}, "K74-D100": {"K74-D110": 75.34377626881266}, "K73-D080": {"K73-D090": 248.57281488428194}, "K75A-D060": {"K75A-D070": 41.72475111591746}, "K75P-U070": {"K75P-U080": 107.9106442339792}, "K75A-D040": {"K75A-D050": 53.26497552920064}, "K73-D020": {"K73-D030": 96.44588724285867}, "K73-D050": {"K73-D060": 69.79348962547216}, "K74-D110": {"K74-U002": 166.18383991001002}, "K74-D010": {"K74-D020": 156.7404710735112}, "K74-U070": {"K74-U080": 151.3869823598568}, "K73-D060": {"K73-D070": 30.0512815925287}, "K73-D150": {"K73-D160": 46.99983169707746}, "K74-D040": {"K74-D050": 72.46356479339744}, "K74-U050": {"K74-U060": 227.9722434286748}}