{"K76-U020": {"K76-U030": 157.84499317202736}, "K73-U070": {"K73-U080": 189.18597774372097}, "K76-U040": {"K76-U050": 184.43712836704123}, "K76-D030": {"K76-D040": 52.158258572125916}, "K75P-D050": {"K75P-D060": 84.16905459490022}, "K73-U080": {"K73-U090": 286.8930777861952, "K73-U110": 151.48186865393524}, "K74-D020": {"K74-D030": 145.03112256127412}, "K73-U100": {"K73-U110": 223.0754095610051}, "K76-D010": {"K76-D020": 170.469997127746}, "K75A-D110": {"K75A-U011": 167.46916992890863}, "K75A-D080": {"K75A-D090": 105.46155386875186}, "K75P-U030": {"K75P-U040": 108.90210142513415}, "K75P-D070": {"K75P-D080": 94.02271099637673}, "K75P-U010": {"K75P-U020": 95.98614695543252}, "K75A-D020": {"K75A-D030": 23.418150796121996}, "K74-D030": {"K74-D040": 141.92517330360957}, "K75A-D070": {"K75A-D080": 41.83965625431391}, "K74-U090": {"K74-U100": 205.17383653261498}, "K76-U010": {"K76-U020": 17.290070007301765}, "K74-U060": {"K74-U070": 135.42145359258106}, "K75A-D010": {"K75A-D020": 196.34650346433736}, "K74-D090": {"K74-U011": 70.25274696072884}, "K73-U110": {"K73-U120": 238.46637447813714}, "K73-U050": {"K73-U060": 105.41256961397323}, "K73-U060": {"K73-U070": 131.9858195218161}, "K74-U007": {"K74-U010": 269.58126157682784}, "K73-D030": {"K73-D040": 109.79052312475588}, "K73-D040": {"K73-D050": 83.82495902573379}, "K73-U090": {"K73-U100": 112.37376334543808}, "K75P-U140": {"K75P-D010": 142.82399446092}, "K73-U030": {"K73-U040": 84.67689473236067}, "K73-U010": {"K73-U020": 64.56038061489855}, "K75P-U110": {"K75P-U120": 84.54768629754241}, "K76-D020": {"K76-D030": 122.9778831294293}, "K75A-U030": {"K75A-D010": 225.50190256854063}, "K75P-D060": {"K75P-D070": 171.23214734068253}, "K73-D110": {"K73-D120": 80.76722531658739}, "K75P-U090": {"K75P-U100": 42.24472063209723}, "K74-U080": {"K74-U090": 238.12983904111465}, "K75P-U120": {"K75P-U130": 59.27464723442396}, "K73-U040": {"K73-U050": 86.36614376168286, "K73-U060": 203.6800602225222}, "K75P-U020": {"K75P-U030": 106.89948918632908}, "K73-D010": {"K73-D020": 75.6490668120632}, "K74-D080": {"K74-D090": 170.1259789117537}, "K74-D060": {"K74-D070": 141.44808966566217}, "K75P-D010": {"K75P-D020": 130.8921425604067}, "K73-D090": {"K73-D100": 74.48971337804413}, "K73-D100": {"K73-D110": 190.98570418573155}, "K75A-U010": {"K75A-U020": 41.51504539102467}, "K73-U020": {"K73-U030": 170.01542107109634}, "K75P-U100": {"K75P-U110": 60.99762952087082}, "K75A-D030": {"K75A-D040": 44.06117128422653}, "K75P-D080": {"K75P-U011": 140.14571220167312}, "K75P-D020": {"K75P-D030": 33.84442542019978}, "K75P-U080": {"K75P-U090": 45.25022818349108}, "K75P-D030": {"K75P-D040": 115.67504456834168}, "K75A-D050": {"K75A-D060": 71.75468986108413}, "K76-U030": {"K76-U040": 163.0854266580546}, "K74-U001": {"K74-U004": 142.30343911504087}, "K75P-U130": {"K75P-U140": 34.55374961580807}, "K73-D130": {"K73-D140": 141.6177354994787}, "K74-U030": {"K74-U040": 277.3371879389637}, "K75A-D100": {"K75A-D110": 99.62861227517133}, "K73-D140": {"K73-D150": 190.8067178134319}, "K74-U010": {"K74-U020": 160.91896277145312}, "K75A-D090": {"K75A-D100": 47.619693521260366}, "K75P-U050": {"K75P-U060": 145.93951000974627}, "K74-D050": {"K74-D060": 100.62820013164887}, "K75P-U060": {"K75P-U070": 29.629670761689635}, "K74-U020": {"K74-U030": 121.57865726988435}, "K75P-D040": {"K75P-D050": 161.334882950044}, "K74-U004": {"K74-U007": 96.92614488628934}, "K75P-U040": {"K75P-U050": 106.56827737761571}, "K75A-U020": {"K75A-U030": 140.03137829655788}, "K73-D070": {"K73-D080": 149.4933385592783}, "K74-U011": {"K74-D100": 172.97042555988187}, "K73-D120": {"K73-D130": 110.20451572216825}, "K74-U100": {"K74-D010": 114.62276275696175}, "K74-D070": {"K74-D080": 254.6424645930901}, "K74-U040": {"K74-U050": 169.3614135065749}, "K74-D100": {"K74-D110": 87.82790363096623}, "K73-D080": {"K73-D090": 266.5664167157108}, "K75A-D060": {"K75A-D070": 40.6297712699611}, "K75P-U070": {"K75P-U080": 104.56965482359149}, "K75A-D040": {"K75A-D050": 52.70412515421216}, "K73-D020": {"K73-D030": 100.00206923698835}, "K73-D050": {"K73-D060": 64.29878854327228, "K73-D070": 104.67056759675529}, "K74-D110": {"K74-U002": 163.95812887985306}, "K74-D010": {"K74-D020": 153.40218708286048}, "K74-U070": {"K74-U080": 158.3780884201354}, "K73-D060": {"K73-D070": 32.37775094081504}, "K73-D150": {"K73-D160": 49.22005716913263}, "K74-D040": {"K74-D050": 79.90888973331126}, "K74-U050": {"K74-U060": 229.32645928524295}}