{"K76-U020": {"K76-U030": 157.1737563393612}, "K73-U070": {"K73-U080": 142.49056438252742}, "K76-U040": {"K76-U050": 183.05102557119665}, "K76-D030": {"K76-D040": 60.07166592308606}, "K75P-D050": {"K75P-D060": 86.12186175966352}, "K73-U080": {"K73-U090": 271.9151819717278, "K73-U110": 151.48186865393524}, "K74-D020": {"K74-D030": 145.03112256127412}, "K73-U100": {"K73-U110": 226.00068867654514}, "K76-D010": {"K76-D020": 170.469997127746}, "K75A-D110": {"K75A-U011": 181.314069043593}, "K75A-D080": {"K75A-D090": 93.58556918336191}, "K75P-U030": {"K75P-U040": 102.52750858977217}, "K75P-D070": {"K75P-D080": 89.78099915048863}, "K75P-U010": {"K75P-U020": 96.28843010865432}, "K75A-D020": {"K75A-D030": 24.343162064690354}, "K74-D030": {"K74-D040": 120.14370548371512}, "K75A-D070": {"K75A-D080": 33.98662078556639}, "K74-U090": {"K74-U100": 188.19253778356324}, "K76-U010": {"K76-U020": 15.044794816015942}, "K74-U060": {"K74-U070": 144.24397232206354}, "K75A-D010": {"K75A-D020": 202.42900214163475}, "K74-D090": {"K74-U011": 74.8376140760522}, "K73-U110": {"K73-U120": 219.26361719190564}, "K73-U050": {"K73-U060": 105.4463244325608}, "K73-U060": {"K73-U070": 145.44576833245387}, "K74-U007": {"K74-U010": 253.78363236951765}, "K73-D030": {"K73-D040": 104.93588597386602}, "K73-D040": {"K73-D050": 82.96830524403795}, "K73-U090": {"K73-U100": 111.34229840138373}, "K75P-U140": {"K75P-D010": 141.44823490155596}, "K73-U030": {"K73-U040": 89.14517225795014}, "K73-U010": {"K73-U020": 64.58759886510161}, "K75P-U110": {"K75P-U120": 88.40357309625088}, "K76-D020": {"K76-D030": 118.90465925313408}, "K75A-U030": {"K75A-D010": 220.4701258653236}, "K75P-D060": {"K75P-D070": 172.99403610740777}, "K73-D110": {"K73-D120": 81.9718104302424}, "K75P-U090": {"K75P-U100": 40.13258042751096}, "K74-U080": {"K74-U090": 216.46094453615902}, "K75P-U120": {"K75P-U130": 59.30926691699955}, "K73-U040": {"K73-U050": 97.90352456595603, "K73-U060": 204.36914000212704}, "K75P-U020": {"K75P-U030": 111.03683407316473}, "K73-D010": {"K73-D020": 74.25575514697684}, "K74-D080": {"K74-D090": 173.1265498996002}, "K74-D060": {"K74-D070": 154.10114249530224}, "K75P-D010": {"K75P-D020": 113.31218110968777}, "K73-D090": {"K73-D100": 83.27785530849097}, "K73-D100": {"K73-D110": 186.92089112375146}, "K75A-U010": {"K75A-U020": 41.311362703527664}, "K73-U020": {"K73-U030": 178.8833301806366}, "K75P-U100": {"K75P-U110": 63.504441988707676}, "K75A-D030": {"K75A-D040": 48.92049984134924}, "K75P-D080": {"K75P-U011": 140.23709792314548}, "K75P-D020": {"K75P-D030": 37.05322653410374}, "K75P-U080": {"K75P-U090": 43.36955168699804}, "K75P-D030": {"K75P-D040": 110.2072524773175}, "K75A-D050": {"K75A-D060": 74.49593176859105}, "K76-U030": {"K76-U040": 163.0854266580546}, "K74-U001": {"K74-U004": 154.65357635199493}, "K75P-U130": {"K75P-U140": 37.420335633180976}, "K73-D130": {"K73-D140": 144.23294699503782}, "K74-U030": {"K74-U040": 294.94004883443404}, "K75A-D100": {"K75A-D110": 98.51032703293212}, "K73-D140": {"K73-D150": 183.48962120088547}, "K74-U010": {"K74-U020": 157.89194757721836}, "K75A-D090": {"K75A-D100": 46.0210215530244}, "K75P-U050": {"K75P-U060": 152.81914572111594}, "K74-D050": {"K74-D060": 102.51616202593421}, "K75P-U060": {"K75P-U070": 28.81559242119281}, "K74-U020": {"K74-U030": 130.15996209078688}, "K75P-D040": {"K75P-D050": 166.7253786872568}, "K74-U004": {"K74-U007": 94.12102563238304}, "K75P-U040": {"K75P-U050": 110.0132900578221}, "K75A-U020": {"K75A-U030": 143.36955983496424}, "K73-D070": {"K73-D080": 147.46626183081935}, "K74-U011": {"K74-D100": 171.58433003946453}, "K73-D120": {"K73-D130": 108.97698061825929}, "K74-U100": {"K74-D010": 116.68860997893314}, "K74-D070": {"K74-D080": 252.5821979446185}, "K74-U040": {"K74-U050": 158.03909000762133}, "K74-D100": {"K74-D110": 83.23102741597815}, "K73-D080": {"K73-D090": 268.1547048616756}, "K75A-D060": {"K75A-D070": 41.00708742659785}, "K75P-U070": {"K75P-U080": 100.20593069907524}, "K75A-D040": {"K75A-D050": 53.54824152761942}, "K73-D020": {"K73-D030": 103.79621026267334}, "K73-D050": {"K73-D060": 64.29878854327228, "K73-D070": 104.2503892254881}, "K74-D110": {"K74-U002": 175.10760658020675}, "K74-D010": {"K74-D020": 157.27066701764875}, "K74-U070": {"K74-U080": 164.4242644052627}, "K73-D060": {"K73-D070": 32.37775094081504}, "K73-D150": {"K73-D160": 45.95311346815074}, "K74-D040": {"K74-D050": 82.70769819033887}, "K74-U050": {"K74-U060": 231.3758793703144}}