{"K76-U020": {"K76-U030": 165.10446826854692}, "K73-U070": {"K73-U080": 162.30295774396458}, "K76-U040": {"K76-U050": 195.1389040052324}, "K76-D030": {"K76-D040": 55.969731041569354}, "K75P-D050": {"K75P-D060": 77.49513789422292}, "K73-U080": {"K73-U090": 266.25770804201886, "K73-U110": 151.48186865393524}, "K74-D020": {"K74-D030": 145.03110920032677}, "K73-U100": {"K73-U110": 214.92774703098104}, "K76-D010": {"K76-D020": 170.469997127746}, "K75A-D110": {"K75A-U011": 163.91130667423135}, "K75A-D080": {"K75A-D090": 97.32094841528999}, "K75P-U030": {"K75P-U040": 99.6244167800622}, "K75P-D070": {"K75P-D080": 80.67023119632668}, "K75P-U010": {"K75P-U020": 92.25396986702773}, "K75A-D020": {"K75A-D030": 22.8739521539432}, "K74-D030": {"K74-D040": 120.52905232130983}, "K75A-D070": {"K75A-D080": 41.72801767914522}, "K74-U090": {"K74-U100": 193.14328064377884}, "K76-U010": {"K76-U020": 10.45294935352532}, "K74-U060": {"K74-U070": 135.77918359325682}, "K75A-D010": {"K75A-D020": 187.8108935027591}, "K74-D090": {"K74-U011": 73.75201207276491}, "K73-U110": {"K73-U120": 228.7944443182965}, "K73-U050": {"K73-U060": 108.22738555503557}, "K73-U060": {"K73-U070": 145.84074529864523}, "K74-U007": {"K74-U010": 252.0493571019966}, "K73-D030": {"K73-D040": 113.30251738231327}, "K73-D040": {"K73-D050": 74.93071428761611}, "K73-U090": {"K73-U100": 104.09565471128526}, "K75P-U140": {"K75P-D010": 140.88915691250062}, "K73-U030": {"K73-U040": 87.30958911729006}, "K73-U010": {"K73-U020": 62.681207768469356}, "K75P-U110": {"K75P-U120": 82.77816223189056}, "K76-D020": {"K76-D030": 119.52749827650503}, "K75A-U030": {"K75A-D010": 227.23457115461542}, "K75P-D060": {"K75P-D070": 168.55599693150515}, "K73-D110": {"K73-D120": 70.33903460725445}, "K75P-U090": {"K75P-U100": 40.53027438450063}, "K74-U080": {"K74-U090": 224.57540155007374}, "K75P-U120": {"K75P-U130": 57.68159185704074}, "K73-U040": {"K73-U050": 99.58722365229559, "K73-U060": 209.22600136203332}, "K75P-U020": {"K75P-U030": 107.06274974905439}, "K73-D010": {"K73-D020": 73.65390448909244}, "K74-D080": {"K74-D090": 158.37799627496867}, "K74-D060": {"K74-D070": 149.2549456931082}, "K75P-D010": {"K75P-D020": 146.15301373715388}, "K73-D090": {"K73-D100": 78.30320808980619}, "K73-D100": {"K73-D110": 182.71520850887407}, "K75A-U010": {"K75A-U020": 41.15523006960516}, "K73-U020": {"K73-U030": 167.7830411255703}, "K75P-U100": {"K75P-U110": 62.332864202803194}, "K75A-D030": {"K75A-D040": 43.98666037362284}, "K75P-D080": {"K75P-U011": 137.77362056139143}, "K75P-D020": {"K75P-D030": 32.43927765912922}, "K75P-U080": {"K75P-U090": 45.386888698092825}, "K75P-D030": {"K75P-D040": 116.36202301518429}, "K75A-D050": {"K75A-D060": 70.68737588944427}, "K76-U030": {"K76-U040": 163.0854266580546}, "K74-U001": {"K74-U004": 151.90792883839123}, "K75P-U130": {"K75P-U140": 34.002888565422914}, "K73-D130": {"K73-D140": 136.80340990320914}, "K74-U030": {"K74-U040": 289.0000224837528}, "K75A-D100": {"K75A-D110": 99.76375850824805}, "K73-D140": {"K73-D150": 173.0789556730229}, "K74-U010": {"K74-U020": 154.81742021048646}, "K75A-D090": {"K75A-D100": 45.82053778573512}, "K75P-U050": {"K75P-U060": 153.3408422669026}, "K74-D050": {"K74-D060": 93.64537857886106}, "K75P-U060": {"K75P-U070": 28.792421811288403}, "K74-U020": {"K74-U030": 129.1260255029196}, "K75P-D040": {"K75P-D050": 162.21304099539043}, "K74-U004": {"K74-U007": 86.99816142992262}, "K75P-U040": {"K75P-U050": 99.73495192028562}, "K75A-U020": {"K75A-U030": 135.29774864037662}, "K73-D070": {"K73-D080": 145.59929486776585}, "K74-U011": {"K74-D100": 172.38450217925828}, "K73-D120": {"K73-D130": 109.03440424319535}, "K74-U100": {"K74-D010": 118.74918789933918}, "K74-D070": {"K74-D080": 255.79724744668928}, "K74-U040": {"K74-U050": 160.76973427554404}, "K74-D100": {"K74-D110": 83.65303832097642}, "K73-D080": {"K73-D090": 257.7089924719821}, "K75A-D060": {"K75A-D070": 43.06710863616219}, "K75P-U070": {"K75P-U080": 101.87414977418106}, "K75A-D040": {"K75A-D050": 52.5841995858554}, "K73-D020": {"K73-D030": 99.43063703349426}, "K73-D050": {"K73-D060": 71.26953552545088}, "K74-D110": {"K74-U002": 169.57055937334485}, "K74-D010": {"K74-D020": 160.68666312606064}, "K74-U070": {"K74-U080": 150.3687041743077}, "K73-D060": {"K73-D070": 26.503530590491216}, "K73-D150": {"K73-D160": 51.95223465912653}, "K74-D040": {"K74-D050": 77.31621304224527}, "K74-U050": {"K74-U060": 232.3671418608557}}