{"K76-U020": {"K76-U030": 138.65883609512633}, "K73-U070": {"K73-U080": 151.54656431278678}, "K76-U040": {"K76-U050": 163.76440534558168}, "K76-D030": {"K76-D040": 64.90869598350113}, "K75P-D050": {"K75P-D060": 83.04420515289594}, "K73-U080": {"K73-U090": 251.963412708897, "K73-U110": 151.48186865393524}, "K74-D020": {"K74-D030": 145.03112256127412}, "K73-U100": {"K73-U110": 253.279369101564}, "K76-D010": {"K76-D020": 170.469997127746}, "K75A-D110": {"K75A-U011": 163.0674635854416}, "K75A-D080": {"K75A-D090": 127.22304753057065}, "K75P-U030": {"K75P-U040": 116.90095660394272}, "K75P-D070": {"K75P-D080": 93.52994708977306}, "K75P-U010": {"K75P-U020": 94.5671400938549}, "K75A-D020": {"K75A-D030": 24.256075693122277}, "K74-D030": {"K74-D040": 132.54255712805002}, "K75A-D070": {"K75A-D080": 44.41547432598897}, "K74-U090": {"K74-U100": 196.6732217090529}, "K76-U010": {"K76-U020": 12.53808583915788}, "K74-U060": {"K74-U070": 138.03173467236252}, "K75A-D010": {"K75A-D020": 200.1177813424978}, "K74-D090": {"K74-U011": 79.33516217965129}, "K73-U110": {"K73-U120": 218.5282731989418}, "K73-U050": {"K73-U060": 103.2231737197909}, "K73-U060": {"K73-U070": 153.31256186501273}, "K74-U007": {"K74-U010": 255.00735863635896}, "K73-D030": {"K73-D040": 110.67336931862317}, "K73-D040": {"K73-D050": 88.30238705359524}, "K73-U090": {"K73-U100": 132.49489900636158}, "K75P-U140": {"K75P-D010": 138.62738130304928}, "K73-U030": {"K73-U040": 81.28655058145699}, "K73-U010": {"K73-U020": 66.65887513139948}, "K75P-U110": {"K75P-U120": 81.38884786765757}, "K76-D020": {"K76-D030": 111.16236097908434}, "K75A-U030": {"K75A-D010": 232.5408081200335}, "K75P-D060": {"K75P-D070": 174.58617683574852}, "K73-D110": {"K73-D120": 86.33085903183537}, "K75P-U090": {"K75P-U100": 43.40882188176833}, "K74-U080": {"K74-U090": 241.88406409104272}, "K75P-U120": {"K75P-U130": 66.83312134729786}, "K73-U040": {"K73-U050": 98.45374391341576, "K73-U060": 205.16453582135773}, "K75P-U020": {"K75P-U030": 106.22204299970801}, "K73-D010": {"K73-D020": 80.05446764271369}, "K74-D080": {"K74-D090": 161.68304103892802}, "K74-D060": {"K74-D070": 153.39710173483653}, "K75P-D010": {"K75P-D020": 133.27256453251013}, "K73-D090": {"K73-D100": 84.67473969677596}, "K73-D100": {"K73-D110": 189.8465102770772}, "K75A-U010": {"K75A-U020": 38.744178738855666}, "K73-U020": {"K73-U030": 188.07974720065152}, "K75P-U100": {"K75P-U110": 63.17226651846369}, "K75A-D030": {"K75A-D040": 51.77476559521864}, "K75P-D080": {"K75P-U011": 141.06763047320138}, "K75P-D020": {"K75P-D030": 33.012924071719176}, "K75P-U080": {"K75P-U090": 43.148698556367094}, "K75P-D030": {"K75P-D040": 112.33459764777797}, "K75A-D050": {"K75A-D060": 75.13084874594826}, "K76-U030": {"K76-U040": 163.0854266580546}, "K74-U001": {"K74-U004": 156.912352491419}, "K75P-U130": {"K75P-U140": 35.75656584088384}, "K73-D130": {"K73-D140": 138.4510952541258}, "K74-U030": {"K74-U040": 284.2460027410407}, "K75A-D100": {"K75A-D110": 100.65719691664287}, "K73-D140": {"K73-D150": 180.35516530484054}, "K74-U010": {"K74-U020": 174.05444921642257}, "K75A-D090": {"K75A-D100": 46.68687845688463}, "K75P-U050": {"K75P-U060": 154.4871177534156}, "K74-D050": {"K74-D060": 108.5529375212092}, "K75P-U060": {"K75P-U070": 27.810561412346544}, "K74-U020": {"K74-U030": 133.41772209273716}, "K75P-D040": {"K75P-D050": 162.27944833415836}, "K74-U004": {"K74-U007": 92.85192592497512}, "K75P-U040": {"K75P-U050": 108.92104538618278}, "K75A-U020": {"K75A-U030": 145.79344332549437}, "K73-D070": {"K73-D080": 160.82425602636846}, "K74-U011": {"K74-D100": 167.91560027330485}, "K73-D120": {"K73-D130": 101.64328572464478}, "K74-U100": {"K74-D010": 123.25852725466629}, "K74-D070": {"K74-D080": 256.56619410869973}, "K74-U040": {"K74-U050": 171.62577955903978}, "K74-D100": {"K74-D110": 85.72782161552962}, "K73-D080": {"K73-D090": 268.75345440146145}, "K75A-D060": {"K75A-D070": 41.21539689192102}, "K75P-U070": {"K75P-U080": 114.74517328016009}, "K75A-D040": {"K75A-D050": 54.609214019364984}, "K73-D020": {"K73-D030": 110.81984757401744}, "K73-D050": {"K73-D060": 64.29878854327228, "K73-D070": 106.4325066749315}, "K74-D110": {"K74-U002": 175.05424309019696}, "K74-D010": {"K74-D020": 157.38318214954083}, "K74-U070": {"K74-U080": 150.15465742338432}, "K73-D060": {"K73-D070": 32.37775094081504}, "K73-D150": {"K73-D160": 46.95724890139757}, "K74-D040": {"K74-D050": 78.97603346917538}, "K74-U050": {"K74-U060": 235.64264377419505}}