{"K76-U020": {"K76-U030": 143.25675931933355}, "K73-U070": {"K73-U080": 136.3177993060849}, "K76-U040": {"K76-U050": 147.92488821006182}, "K76-D030": {"K76-D040": 41.90991582284572}, "K75P-D050": {"K75P-D060": 83.81469466273569}, "K73-U080": {"K73-U090": 242.7080678051695, "K73-U110": 137.71078968539587}, "K74-D020": {"K74-D030": 131.84647505570385}, "K73-U100": {"K73-U110": 207.75118485750016}, "K76-D010": {"K76-D020": 154.9727246615875}, "K75A-D110": {"K75A-U011": 159.36934543207627}, "K75A-D080": {"K75A-D090": 93.45088446638081}, "K75P-U030": {"K75P-U040": 91.65810155697358}, "K75P-D070": {"K75P-D080": 77.10948729238063}, "K75P-U010": {"K75P-U020": 86.40806500848976}, "K75A-D020": {"K75A-D030": 22.89799451581646}, "K74-D030": {"K74-D040": 90.28073108016602}, "K75A-D070": {"K75A-D080": 38.814531407192554}, "K74-U090": {"K74-U100": 166.06760602075101}, "K76-U010": {"K76-U020": 26.053068426713804}, "K74-U060": {"K74-U070": 127.02352647222479}, "K75A-D010": {"K75A-D020": 181.5629714688011}, "K74-D090": {"K74-U011": 63.44949802511771}, "K73-U110": {"K73-U120": 202.4636272940892}, "K73-U050": {"K73-U060": 89.99751282774554}, "K73-U060": {"K73-U070": 122.51285803413109}, "K74-U007": {"K74-U010": 221.79787590941024}, "K73-D030": {"K73-D040": 100.74831718822709}, "K73-D040": {"K73-D050": 74.94232628857569}, "K73-U090": {"K73-U100": 107.74584115885932}, "K75P-U140": {"K75P-D010": 133.5400413435068}, "K73-U030": {"K73-U040": 80.73195753273664}, "K73-U010": {"K73-U020": 57.88473709752803}, "K75P-U110": {"K75P-U120": 75.2334990830567}, "K76-D020": {"K76-D030": 109.6507563887975}, "K75A-U030": {"K75A-D010": 208.90041073443044}, "K75P-D060": {"K75P-D070": 151.91529730926771}, "K73-D110": {"K73-D120": 60.950884222097635}, "K75P-U090": {"K75P-U100": 36.5124156498667}, "K74-U080": {"K74-U090": 206.89455955569693}, "K75P-U120": {"K75P-U130": 54.65026122854624}, "K73-U040": {"K73-U050": 93.36404023697503, "K73-U060": 166.92702473540112}, "K75P-U020": {"K75P-U030": 97.76794653625659}, "K73-D010": {"K73-D020": 67.97485118705825}, "K74-D080": {"K74-D090": 163.51470339021654}, "K74-D060": {"K74-D070": 133.4078032690872}, "K75P-D010": {"K75P-D020": 121.28456099498689}, "K73-D090": {"K73-D100": 72.63795613647275}, "K73-D100": {"K73-D110": 175.18702094826367}, "K75A-U010": {"K75A-U020": 37.400335440176}, "K73-U020": {"K73-U030": 150.7016203012379}, "K75P-U100": {"K75P-U110": 57.763158455613265}, "K75A-D030": {"K75A-D040": 42.97000799434015}, "K75P-D080": {"K75P-U011": 129.2823193837935}, "K75P-D020": {"K75P-D030": 26.13023508651454}, "K75P-U080": {"K75P-U090": 36.15690883877519}, "K75P-D030": {"K75P-D040": 105.40037858987633}, "K75A-D050": {"K75A-D060": 65.19398964419052}, "K76-U030": {"K76-U040": 148.25947878004982}, "K74-U001": {"K74-U004": 138.88739934090304}, "K75P-U130": {"K75P-U140": 31.32672109067237}, "K73-D130": {"K73-D140": 123.00010012272199}, "K74-U030": {"K74-U040": 260.7330141187181}, "K75A-D100": {"K75A-D110": 88.21810623777762}, "K73-D140": {"K73-D150": 170.38508676075645}, "K74-U010": {"K74-U020": 149.02912520667377}, "K75A-D090": {"K75A-D100": 40.76147305732537}, "K75P-U050": {"K75P-U060": 129.69186492658852}, "K74-D050": {"K74-D060": 98.43868957240844}, "K75P-U060": {"K75P-U070": 27.14706199744443}, "K74-U020": {"K74-U030": 123.68639511078895}, "K75P-D040": {"K75P-D050": 152.07332609442628}, "K74-U004": {"K74-U007": 85.18260707626318}, "K75P-U040": {"K75P-U050": 92.66980974648084}, "K75A-U020": {"K75A-U030": 122.22836030391784}, "K73-D070": {"K73-D080": 140.99759357842325}, "K74-U011": {"K74-D100": 149.52142164706436}, "K73-D120": {"K73-D130": 99.82173903713681}, "K74-U100": {"K74-D010": 103.57102353384326}, "K74-D070": {"K74-D080": 238.29742070750837}, "K74-U040": {"K74-U050": 142.1638190866635}, "K74-D100": {"K74-D110": 78.62841387905337}, "K73-D080": {"K73-D090": 236.52923315695207}, "K75A-D060": {"K75A-D070": 32.47814474852068}, "K75P-U070": {"K75P-U080": 90.70895475085247}, "K75A-D040": {"K75A-D050": 45.46732593681408}, "K73-D020": {"K73-D030": 91.0333845753737}, "K73-D050": {"K73-D060": 66.19710087395094}, "K74-D110": {"K74-U002": 152.37902026204216}, "K74-D010": {"K74-D020": 134.30151996420346}, "K74-U070": {"K74-U080": 142.6650507169623}, "K73-D060": {"K73-D070": 25.338098589378994}, "K73-D150": {"K73-D160": 40.67149228076167}, "K74-D040": {"K74-D050": 71.09241668031137}, "K74-U050": {"K74-U060": 195.52569723253993}}