{"K76-U020": {"K76-U030": 157.4676204726027}, "K73-U070": {"K73-U080": 145.50238962175348}, "K76-U040": {"K76-U050": 226.69417104000846}, "K76-D030": {"K76-D040": 57.227312296718615}, "K75P-D050": {"K75P-D060": 94.50818268396314}, "K73-U080": {"K73-U090": 254.7764516135732, "K73-U110": 151.48186865393524}, "K74-D020": {"K74-D030": 145.03112256127412}, "K73-U100": {"K73-U110": 233.36575024966274}, "K76-D010": {"K76-D020": 170.469997127746}, "K75A-D110": {"K75A-U011": 166.42848108900228}, "K75A-D080": {"K75A-D090": 100.86461219773919}, "K75P-U030": {"K75P-U040": 116.79670728897858}, "K75P-D070": {"K75P-D080": 95.42828089393984}, "K75P-U010": {"K75P-U020": 97.11890871032018}, "K75A-D020": {"K75A-D030": 20.75841237306394}, "K74-D030": {"K74-D040": 124.31204704365382}, "K75A-D070": {"K75A-D080": 42.74681959591365}, "K74-U090": {"K74-U100": 204.66832661452537}, "K76-U010": {"K76-U020": 17.086274318874228}, "K74-U060": {"K74-U070": 133.00601860167063}, "K75A-D010": {"K75A-D020": 196.7313951629231}, "K74-D090": {"K74-U011": 70.20012086956903}, "K73-U110": {"K73-U120": 195.61103590404974}, "K73-U050": {"K73-U060": 108.9211291779483}, "K73-U060": {"K73-U070": 141.3208324628555}, "K74-U007": {"K74-U010": 240.375991090946}, "K73-D030": {"K73-D040": 111.81187412340057}, "K73-D040": {"K73-D050": 81.39403711799176}, "K73-U090": {"K73-U100": 138.07120595380894}, "K75P-U140": {"K75P-D010": 150.71009307243096}, "K73-U030": {"K73-U040": 96.35909734173605}, "K73-U010": {"K73-U020": 68.42767610188494}, "K75P-U110": {"K75P-U120": 88.54517964493728}, "K76-D020": {"K76-D030": 122.84975230796583}, "K75A-U030": {"K75A-D010": 230.4233442628075}, "K75P-D060": {"K75P-D070": 177.7003441113985}, "K73-D110": {"K73-D120": 77.40817238158061}, "K75P-U090": {"K75P-U100": 42.60641106379723}, "K74-U080": {"K74-U090": 220.54746566122517}, "K75P-U120": {"K75P-U130": 66.1252707906951}, "K73-U040": {"K73-U050": 101.8001054916073, "K73-U060": 217.0023785087811}, "K75P-U020": {"K75P-U030": 105.2971113676804}, "K73-D010": {"K73-D020": 78.0258695691622}, "K74-D080": {"K74-D090": 162.12677037059967}, "K74-D060": {"K74-D070": 146.72035875286846}, "K75P-D010": {"K75P-D020": 132.29661046714358}, "K73-D090": {"K73-D100": 86.33625657850055}, "K73-D100": {"K73-D110": 189.91168782714962}, "K75A-U010": {"K75A-U020": 43.96841649162831}, "K73-U020": {"K73-U030": 186.750684028382}, "K75P-U100": {"K75P-U110": 61.84333121607127}, "K75A-D030": {"K75A-D040": 43.00616443223173}, "K75P-D080": {"K75P-U011": 153.94780711594234}, "K75P-D020": {"K75P-D030": 35.81509805536399}, "K75P-U080": {"K75P-U090": 43.77290763520013}, "K75P-D030": {"K75P-D040": 132.2222508278975}, "K75A-D050": {"K75A-D060": 82.97767711285425}, "K76-U030": {"K76-U040": 163.0854266580546}, "K74-U001": {"K74-U004": 155.71281162512463}, "K75P-U130": {"K75P-U140": 37.66477871410222}, "K73-D130": {"K73-D140": 143.83399595358952}, "K74-U030": {"K74-U040": 277.07059468661697}, "K75A-D100": {"K75A-D110": 99.0875135480658}, "K73-D140": {"K73-D150": 192.69870645104567}, "K74-U010": {"K74-U020": 168.07435304315158}, "K75A-D090": {"K75A-D100": 51.242810205995184}, "K75P-U050": {"K75P-U060": 161.65574886907504}, "K74-D050": {"K74-D060": 108.53803737812305}, "K75P-U060": {"K75P-U070": 31.04889118070228}, "K74-U020": {"K74-U030": 136.00176086411747}, "K75P-D040": {"K75P-D050": 169.89826547356728}, "K74-U004": {"K74-U007": 92.04098771168552}, "K75P-U040": {"K75P-U050": 104.65810504320189}, "K75A-U020": {"K75A-U030": 135.82076745858632}, "K73-D070": {"K73-D080": 158.51116084896137}, "K74-U011": {"K74-D100": 175.40267723360657}, "K73-D120": {"K73-D130": 112.2022919336213}, "K74-U100": {"K74-D010": 114.26900419674637}, "K74-D070": {"K74-D080": 259.7187817016845}, "K74-U040": {"K74-U050": 180.96262619778093}, "K74-D100": {"K74-D110": 88.2204375192975}, "K73-D080": {"K73-D090": 267.1797000749394}, "K75A-D060": {"K75A-D070": 42.47889376737625}, "K75P-U070": {"K75P-U080": 106.49875870607562}, "K75A-D040": {"K75A-D050": 52.488129719668144}, "K73-D020": {"K73-D030": 84.79941348630976}, "K73-D050": {"K73-D060": 64.29878854327228, "K73-D070": 107.79777659221857}, "K74-D110": {"K74-U002": 172.05468001541698}, "K74-D010": {"K74-D020": 153.80096111001205}, "K74-U070": {"K74-U080": 167.1595351236581}, "K73-D060": {"K73-D070": 32.37775094081504}, "K73-D150": {"K73-D160": 50.33705521519458}, "K74-D040": {"K74-D050": 76.55714202030524}, "K74-U050": {"K74-U060": 233.57449194603586}}