{"K76-U020": {"K76-U030": 139.22168488123475}, "K73-U070": {"K73-U080": 140.0414063285968}, "K76-U040": {"K76-U050": 169.7484476524664}, "K76-D030": {"K76-D040": 58.17833596063448}, "K75P-D050": {"K75P-D060": 73.47350674241798}, "K73-U080": {"K73-U090": 247.19295429845528, "K73-U110": 137.71078968539587}, "K74-D020": {"K74-D030": 131.84647505570385}, "K73-U100": {"K73-U110": 214.56360426622604}, "K76-D010": {"K76-D020": 154.9727246615875}, "K75A-D110": {"K75A-U011": 146.39861117079394}, "K75A-D080": {"K75A-D090": 76.97013547917345}, "K75P-U030": {"K75P-U040": 102.19427228666356}, "K75P-D070": {"K75P-D080": 80.30763785910699}, "K75P-U010": {"K75P-U020": 82.23246530857315}, "K75A-D020": {"K75A-D030": 20.134547266224054}, "K74-D030": {"K74-D040": 102.30679208244746}, "K75A-D070": {"K75A-D080": 36.96945927597841}, "K74-U090": {"K74-U100": 175.2470432611912}, "K76-U010": {"K76-U020": 18.98636225189735}, "K74-U060": {"K74-U070": 133.83116193698297}, "K75A-D010": {"K75A-D020": 152.15669910363584}, "K74-D090": {"K74-U011": 74.75839878581232}, "K73-U110": {"K73-U120": 201.17871513153236}, "K73-U050": {"K73-U060": 89.63857547447142}, "K73-U060": {"K73-U070": 123.29892367800134}, "K74-U007": {"K74-U010": 224.4025080829917}, "K73-D030": {"K73-D040": 99.25656288257169}, "K73-D040": {"K73-D050": 72.2846032799226}, "K73-U090": {"K73-U100": 93.83449751809584}, "K75P-U140": {"K75P-D010": 133.47973127448034}, "K73-U030": {"K73-U040": 73.29557715843976}, "K73-U010": {"K73-U020": 63.24748637012169}, "K75P-U110": {"K75P-U120": 74.15920791281755}, "K76-D020": {"K76-D030": 109.60345046805519}, "K75A-U030": {"K75A-D010": 211.16857928711244}, "K75P-D060": {"K75P-D070": 155.15346093322236}, "K73-D110": {"K73-D120": 63.61852720881025}, "K75P-U090": {"K75P-U100": 41.763257101698215}, "K74-U080": {"K74-U090": 220.1811391722904}, "K75P-U120": {"K75P-U130": 55.97701342995074}, "K73-U040": {"K73-U050": 84.61177962701409, "K73-U060": 186.25762986168078}, "K75P-U020": {"K75P-U030": 95.84011318362079}, "K73-D010": {"K73-D020": 67.81564656563489}, "K74-D080": {"K74-D090": 153.12614846066035}, "K74-D060": {"K74-D070": 135.21310908364893}, "K75P-D010": {"K75P-D020": 120.67448404743698}, "K73-D090": {"K73-D100": 76.99072695014667}, "K73-D100": {"K73-D110": 166.07330126030362}, "K75A-U010": {"K75A-U020": 38.481410819512924}, "K73-U020": {"K73-U030": 162.52095833193093}, "K75P-U100": {"K75P-U110": 57.378699269661794}, "K75A-D030": {"K75A-D040": 37.38171461393948}, "K75P-D080": {"K75P-U011": 131.79519412530334}, "K75P-D020": {"K75P-D030": 26.84937756321272}, "K75P-U080": {"K75P-U090": 42.34424479130087}, "K75P-D030": {"K75P-D040": 110.39774787191091}, "K75A-D050": {"K75A-D060": 64.78118804352992}, "K76-U030": {"K76-U040": 148.25947878004982}, "K74-U001": {"K74-U004": 136.7639611005171}, "K75P-U130": {"K75P-U140": 35.090330309411165}, "K73-D130": {"K73-D140": 122.20484387690718}, "K74-U030": {"K74-U040": 252.2335913730827}, "K75A-D100": {"K75A-D110": 83.45572739903781}, "K73-D140": {"K73-D150": 176.42916837756002}, "K74-U010": {"K74-U020": 137.5177355398392}, "K75A-D090": {"K75A-D100": 42.64785951207147}, "K75P-U050": {"K75P-U060": 137.4010543401434}, "K74-D050": {"K74-D060": 93.82836463963719}, "K75P-U060": {"K75P-U070": 24.932316641297795}, "K74-U020": {"K74-U030": 114.64110749986033}, "K75P-D040": {"K75P-D050": 145.6163264302929}, "K74-U004": {"K74-U007": 91.00078655038214}, "K75P-U040": {"K75P-U050": 98.00738615166081}, "K75A-U020": {"K75A-U030": 116.21319275784522}, "K73-D070": {"K73-D080": 139.66694923882795}, "K74-U011": {"K74-D100": 158.96400481776635}, "K73-D120": {"K73-D130": 102.50581718213762}, "K74-U100": {"K74-D010": 97.51782358256654}, "K74-D070": {"K74-D080": 234.8543341353837}, "K74-U040": {"K74-U050": 149.49473459305443}, "K74-D100": {"K74-D110": 77.59928725536864}, "K73-D080": {"K73-D090": 228.4012055660859}, "K75A-D060": {"K75A-D070": 34.74510411481232}, "K75P-U070": {"K75P-U080": 98.06541026560616}, "K75A-D040": {"K75A-D050": 39.36085430830715}, "K73-D020": {"K73-D030": 84.1753706001172}, "K73-D050": {"K73-D060": 63.277411918392716}, "K74-D110": {"K74-U002": 155.96724490005957}, "K74-D010": {"K74-D020": 141.4818568500238}, "K74-U070": {"K74-U080": 146.0772466304735}, "K73-D060": {"K73-D070": 23.669673308830536}, "K73-D150": {"K73-D160": 46.456914914533016}, "K74-D040": {"K74-D050": 69.08090721412326}, "K74-U050": {"K74-U060": 195.6033097333773}}