{"K76-U020": {"K76-U030": 156.09028080261209}, "K73-U070": {"K73-U080": 150.73410356853861}, "K76-U040": {"K76-U050": 200.2734967515361}, "K76-D030": {"K76-D040": 53.62754667903837}, "K75P-D050": {"K75P-D060": 82.42665555257099}, "K73-U080": {"K73-U090": 285.6642939141997, "K73-U110": 151.48186865393524}, "K74-D020": {"K74-D030": 145.03112256127116}, "K73-U100": {"K73-U110": 230.9065045109929}, "K76-D010": {"K76-D020": 170.469997127746}, "K75A-D110": {"K75A-U011": 188.84128866413903}, "K75A-D080": {"K75A-D090": 107.2712426606186}, "K75P-U030": {"K75P-U040": 106.56781987587655}, "K75P-D070": {"K75P-D080": 94.50074670058186}, "K75P-U010": {"K75P-U020": 90.07379871368455}, "K75A-D020": {"K75A-D030": 24.50664185565158}, "K74-D030": {"K74-D040": 125.92480047474706}, "K75A-D070": {"K75A-D080": 35.27109749045371}, "K74-U090": {"K74-U100": 192.48642529432385}, "K76-U010": {"K76-U020": 47.106853146320404}, "K74-U060": {"K74-U070": 140.44811085470707}, "K75A-D010": {"K75A-D020": 208.74382672375424}, "K74-D090": {"K74-U011": 76.91862949507137}, "K73-U110": {"K73-U120": 215.5860159337313}, "K73-U050": {"K73-U060": 117.00016081313747}, "K73-U060": {"K73-U070": 123.51409958095455}, "K74-U007": {"K74-U010": 254.65047900585137}, "K73-D030": {"K73-D040": 118.72871152798095}, "K73-D040": {"K73-D050": 78.22348039545679}, "K73-U090": {"K73-U100": 149.6466480076161}, "K75P-U140": {"K75P-D010": 141.67011282734626}, "K73-U030": {"K73-U040": 86.75285747439713}, "K73-U010": {"K73-U020": 68.30225009092501}, "K75P-U110": {"K75P-U120": 78.76965829649694}, "K76-D020": {"K76-D030": 120.51876188708657}, "K75A-U030": {"K75A-D010": 234.94153904050313}, "K75P-D060": {"K75P-D070": 171.37952182543216}, "K73-D110": {"K73-D120": 77.43544829837155}, "K75P-U090": {"K75P-U100": 42.55033918258368}, "K74-U080": {"K74-U090": 232.53332855350087}, "K75P-U120": {"K75P-U130": 65.05542735514811}, "K73-U040": {"K73-U050": 111.47813093634045, "K73-U060": 205.99310594697948}, "K75P-U020": {"K75P-U030": 102.7044169353226}, "K73-D010": {"K73-D020": 72.92038561003442}, "K74-D080": {"K74-D090": 175.63998073965797}, "K74-D060": {"K74-D070": 148.10094616785344}, "K75P-D010": {"K75P-D020": 126.38997494481279}, "K73-D090": {"K73-D100": 80.4856252417442}, "K73-D100": {"K73-D110": 183.0926863021473}, "K75A-U010": {"K75A-U020": 46.60092566729657}, "K73-U020": {"K73-U030": 153.2925345464921}, "K75P-U100": {"K75P-U110": 60.75735050508159}, "K75A-D030": {"K75A-D040": 47.63467012465853}, "K75P-D080": {"K75P-U011": 143.97090280738416}, "K75P-D020": {"K75P-D030": 38.03507068636948}, "K75P-U080": {"K75P-U090": 44.07614542217493}, "K75P-D030": {"K75P-D040": 126.11259030660844}, "K75A-D050": {"K75A-D060": 79.0009943346254}, "K76-U030": {"K76-U040": 163.0854266580546}, "K74-U001": {"K74-U004": 155.85428738239492}, "K75P-U130": {"K75P-U140": 33.32211045739983}, "K73-D130": {"K73-D140": 134.8064040166576}, "K74-U030": {"K74-U040": 295.6937329369249}, "K75A-D100": {"K75A-D110": 97.5819734056788}, "K73-D140": {"K73-D150": 195.35255104115956}, "K74-U010": {"K74-U020": 174.08016658077406}, "K75A-D090": {"K75A-D100": 49.487888912126664}, "K75P-U050": {"K75P-U060": 141.7718980169201}, "K74-D050": {"K74-D060": 107.7387184664143}, "K75P-U060": {"K75P-U070": 32.84706351676202}, "K74-U020": {"K74-U030": 136.87155576645995}, "K75P-D040": {"K75P-D050": 168.97988162101146}, "K74-U004": {"K74-U007": 90.5519963920424}, "K75P-U040": {"K75P-U050": 103.68269731890405}, "K75A-U020": {"K75A-U030": 142.6502091881104}, "K73-D070": {"K73-D080": 153.11179472406766}, "K74-U011": {"K74-D100": 166.0329589288146}, "K73-D120": {"K73-D130": 109.44932129352398}, "K74-U100": {"K74-D010": 123.7027446170172}, "K74-D070": {"K74-D080": 272.1697158413441}, "K74-U040": {"K74-U050": 217.7327234894336}, "K74-D100": {"K74-D110": 80.86094816608251}, "K73-D080": {"K73-D090": 250.21932988956604}, "K75A-D060": {"K75A-D070": 41.47765844567645}, "K75P-U070": {"K75P-U080": 109.51496797371563}, "K75A-D040": {"K75A-D050": 55.17039888160281}, "K73-D020": {"K73-D030": 91.85854083391774}, "K73-D050": {"K73-D060": 64.29878854327228, "K73-D070": 107.90571642743421}, "K74-D110": {"K74-U002": 173.61306537504854}, "K74-D010": {"K74-D020": 159.98710111012446}, "K74-U070": {"K74-U080": 159.28860641890338}, "K73-D060": {"K73-D070": 32.37775094081504}, "K73-D150": {"K73-D160": 47.45952324685346}, "K74-D040": {"K74-D050": 81.69174202236773}, "K74-U050": {"K74-U060": 222.59538307747553}}