{"K76-U020": {"K76-U030": 152.9309986744673}, "K73-U070": {"K73-U080": 164.39219474348903}, "K76-U040": {"K76-U050": 206.28891002751288}, "K76-D030": {"K76-D040": 85.88111831311939}, "K75P-D050": {"K75P-D060": 92.39553041361769}, "K73-U080": {"K73-U090": 274.26123264621606, "K73-U110": 151.48186863565374}, "K74-D020": {"K74-D030": 144.9160474381876}, "K73-U100": {"K73-U110": 255.32774096051784}, "K76-D010": {"K76-D020": 170.469997127746}, "K75A-D110": {"K75A-U011": 179.93532557494845}, "K75A-D080": {"K75A-D090": 98.34033945636511}, "K75P-U030": {"K75P-U040": 110.5674169066709}, "K75P-D070": {"K75P-D080": 92.64181740789857}, "K75P-U010": {"K75P-U020": 96.71881091756485}, "K75A-D020": {"K75A-D030": 21.840190342665572}, "K74-D030": {"K74-D040": 114.72766973139089}, "K75A-D070": {"K75A-D080": 36.106246503207515}, "K74-U090": {"K74-U100": 194.15815502462345}, "K76-U010": {"K76-U020": 31.318008274521326}, "K74-U060": {"K74-U070": 146.73215058341367}, "K75A-D010": {"K75A-D020": 195.61607995403514}, "K74-D090": {"K74-U011": 78.09259045196387}, "K73-U110": {"K73-U120": 223.17444313383717}, "K73-U050": {"K73-U060": 105.6741069303163}, "K73-U060": {"K73-U070": 134.83927182858275}, "K74-U007": {"K74-U010": 217.6160638798307}, "K73-D030": {"K73-D040": 113.36095905774525}, "K73-D040": {"K73-D050": 79.28942218048518}, "K73-U090": {"K73-U100": 124.0032002023734}, "K75P-U140": {"K75P-D010": 145.75549156730122}, "K73-U030": {"K73-U040": 87.5757650581287}, "K73-U010": {"K73-U020": 61.8399361584056}, "K75P-U110": {"K75P-U120": 84.90097485251214}, "K76-D020": {"K76-D030": 126.4611155327043}, "K75A-U030": {"K75A-D010": 215.6859871022926}, "K75P-D060": {"K75P-D070": 165.86700061819005}, "K73-D110": {"K73-D120": 83.9365161254514}, "K75P-U090": {"K75P-U100": 39.38675600023708}, "K74-U080": {"K74-U090": 210.42373398030017}, "K75P-U120": {"K75P-U130": 60.33434991883054}, "K73-U040": {"K73-U050": 106.07900903611173, "K73-U060": 214.22796997844802}, "K75P-U020": {"K75P-U030": 107.51072108911788}, "K73-D010": {"K73-D020": 75.44381766776269}, "K74-D080": {"K74-D090": 151.14410136144744}, "K74-D060": {"K74-D070": 147.94705501477762}, "K75P-D010": {"K75P-D020": 135.35142465036128}, "K73-D090": {"K73-D100": 74.66933904935118}, "K73-D100": {"K73-D110": 186.894544866547}, "K75A-U010": {"K75A-U020": 43.74894550383867}, "K73-U020": {"K73-U030": 169.30053613798145}, "K75P-U100": {"K75P-U110": 59.94989312850248}, "K75A-D030": {"K75A-D040": 45.235171835803726}, "K75P-D080": {"K75P-U011": 149.53695989259333}, "K75P-D020": {"K75P-D030": 30.911991133728645}, "K75P-U080": {"K75P-U090": 50.92921859897979}, "K75P-D030": {"K75P-D040": 126.57775545674251}, "K75A-D050": {"K75A-D060": 74.81386647085785}, "K76-U030": {"K76-U040": 163.0854266580505}, "K74-U001": {"K74-U004": 196.44911024298278}, "K75P-U130": {"K75P-U140": 38.7672640151373}, "K73-D130": {"K73-D140": 146.62428509595586}, "K74-U030": {"K74-U040": 289.2599124798411}, "K75A-D100": {"K75A-D110": 97.35978055049077}, "K73-D140": {"K73-D150": 201.5897531632906}, "K74-U010": {"K74-U020": 167.7676919111595}, "K75A-D090": {"K75A-D100": 45.9914118602937}, "K75P-U050": {"K75P-U060": 149.03495753413898}, "K74-D050": {"K74-D060": 98.20067777038057}, "K75P-U060": {"K75P-U070": 28.54066255188788}, "K74-U020": {"K74-U030": 128.30084077198168}, "K75P-D040": {"K75P-D050": 165.99417090998426}, "K74-U004": {"K74-U007": 92.54012953559327}, "K75P-U040": {"K75P-U050": 101.50871990322462}, "K75A-U020": {"K75A-U030": 140.3631144857065}, "K73-D070": {"K73-D080": 154.1825126875944}, "K74-U011": {"K74-D100": 164.30699269881478}, "K73-D120": {"K73-D130": 114.83689478795839}, "K74-U100": {"K74-D010": 114.42962271020778}, "K74-D070": {"K74-D080": 244.46510688343787}, "K74-U040": {"K74-U050": 170.18442859572838}, "K74-D100": {"K74-D110": 81.12298740683221}, "K73-D080": {"K73-D090": 262.6309510070536}, "K75A-D060": {"K75A-D070": 40.676407512839084}, "K75P-U070": {"K75P-U080": 101.55970647759966}, "K75A-D040": {"K75A-D050": 49.839183002665415}, "K73-D020": {"K73-D030": 84.26034027444291}, "K73-D050": {"K73-D060": 71.07176974385717}, "K74-D110": {"K74-U002": 168.51804053769774}, "K74-D010": {"K74-D020": 151.23370971660714}, "K74-U070": {"K74-U080": 150.8747749191989}, "K73-D060": {"K73-D070": 29.14841530013793}, "K73-D150": {"K73-D160": 47.39016099368604}, "K74-D040": {"K74-D050": 82.80581640261002}, "K74-U050": {"K74-U060": 237.21389768579888}}