{"K76-U020": {"K76-U030": 122.0185092019879}, "K73-U070": {"K73-U080": 150.1055611267147}, "K76-U040": {"K76-U050": 187.78671522652277}, "K76-D030": {"K76-D040": 59.27408686512308}, "K75P-D050": {"K75P-D060": 92.98065202482886}, "K73-U080": {"K73-U090": 255.74273310775033, "K73-U110": 151.48186865393524}, "K74-D020": {"K74-D030": 145.03112256127412}, "K73-U100": {"K73-U110": 209.84662391729404}, "K76-D010": {"K76-D020": 170.469997127746}, "K75A-D110": {"K75A-U011": 172.0696598413465}, "K75A-D080": {"K75A-D090": 112.25206468934164}, "K75P-U030": {"K75P-U040": 108.95147361142749}, "K75P-D070": {"K75P-D080": 98.87212444506864}, "K75P-U010": {"K75P-U020": 95.11051615367946}, "K75A-D020": {"K75A-D030": 22.18032316165605}, "K74-D030": {"K74-D040": 126.72706718292235}, "K75A-D070": {"K75A-D080": 48.46257735186341}, "K74-U090": {"K74-U100": 192.74834761564676}, "K76-U010": {"K76-U020": 26.473357645641094}, "K74-U060": {"K74-U070": 150.80357071069704}, "K75A-D010": {"K75A-D020": 204.76470741075508}, "K74-D090": {"K74-U011": 71.79857141219384}, "K73-U110": {"K73-U120": 222.87164749131117}, "K73-U050": {"K73-U060": 104.20889417592392}, "K73-U060": {"K73-U070": 125.21237126464328}, "K74-U007": {"K74-U010": 256.49936894700596}, "K73-D030": {"K73-D040": 111.44676620341909}, "K73-D040": {"K73-D050": 78.42266267429007}, "K73-U090": {"K73-U100": 126.20866651671403}, "K75P-U140": {"K75P-D010": 151.4561448498182}, "K73-U030": {"K73-U040": 85.22415093420398}, "K73-U010": {"K73-U020": 70.35015045865691}, "K75P-U110": {"K75P-U120": 88.5252909541795}, "K76-D020": {"K76-D030": 118.63030108418931}, "K75A-U030": {"K75A-D010": 227.66169290193216}, "K75P-D060": {"K75P-D070": 173.1455735473663}, "K73-D110": {"K73-D120": 80.32370427370948}, "K75P-U090": {"K75P-U100": 44.93805664689089}, "K74-U080": {"K74-U090": 218.05395779125638}, "K75P-U120": {"K75P-U130": 62.22773666170819}, "K73-U040": {"K73-U050": 92.9161368516279, "K73-U060": 206.42187845719386}, "K75P-U020": {"K75P-U030": 109.48464655863313}, "K73-D010": {"K73-D020": 76.0932501633063}, "K74-D080": {"K74-D090": 172.97440363831709}, "K74-D060": {"K74-D070": 157.76437345099043}, "K75P-D010": {"K75P-D020": 128.06404901522106}, "K73-D090": {"K73-D100": 83.16538752208007}, "K73-D100": {"K73-D110": 187.09809295520117}, "K75A-U010": {"K75A-U020": 41.05016171046814}, "K73-U020": {"K73-U030": 177.06160686565332}, "K75P-U100": {"K75P-U110": 62.92046009005274}, "K75A-D030": {"K75A-D040": 46.96362136092266}, "K75P-D080": {"K75P-U011": 140.30525952961366}, "K75P-D020": {"K75P-D030": 36.655805138879465}, "K75P-U080": {"K75P-U090": 41.81468267043787}, "K75P-D030": {"K75P-D040": 118.58140486828586}, "K75A-D050": {"K75A-D060": 78.0384120202782}, "K76-U030": {"K76-U040": 163.0854266580546}, "K74-U001": {"K74-U004": 155.1631403017756}, "K75P-U130": {"K75P-U140": 35.224736241667955}, "K73-D130": {"K73-D140": 138.31906623028823}, "K74-U030": {"K74-U040": 296.0655089222488}, "K75A-D100": {"K75A-D110": 99.28760764208897}, "K73-D140": {"K73-D150": 196.99040949190297}, "K74-U010": {"K74-U020": 158.66878954350943}, "K75A-D090": {"K75A-D100": 46.17556404288544}, "K75P-U050": {"K75P-U060": 150.69418370211991}, "K74-D050": {"K74-D060": 108.53663694548217}, "K75P-U060": {"K75P-U070": 30.902451605483623}, "K74-U020": {"K74-U030": 130.82002597296122}, "K75P-D040": {"K75P-D050": 163.65325771007113}, "K74-U004": {"K74-U007": 95.40661952315918}, "K75P-U040": {"K75P-U050": 103.63906585596737}, "K75A-U020": {"K75A-U030": 146.25809552810716}, "K73-D070": {"K73-D080": 146.2055558080844}, "K74-U011": {"K74-D100": 164.52460674941918}, "K73-D120": {"K73-D130": 107.34648371889489}, "K74-U100": {"K74-D010": 115.6043656299615}, "K74-D070": {"K74-D080": 257.103118770057}, "K74-U040": {"K74-U050": 174.56638538768462}, "K74-D100": {"K74-D110": 91.5933278959346}, "K73-D080": {"K73-D090": 273.2155742304471}, "K75A-D060": {"K75A-D070": 43.552044699795246}, "K75P-U070": {"K75P-U080": 109.93130562509944}, "K75A-D040": {"K75A-D050": 56.279439333681104}, "K73-D020": {"K73-D030": 89.23115531200321}, "K73-D050": {"K73-D060": 64.29878854327228, "K73-D070": 105.89452947813297}, "K74-D110": {"K74-U002": 187.82024506160658}, "K74-D010": {"K74-D020": 162.71076013019257}, "K74-U070": {"K74-U080": 164.34708839788925}, "K73-D060": {"K73-D070": 32.37775094081504}, "K73-D150": {"K73-D160": 43.97859579868569}, "K74-D040": {"K74-D050": 86.83506238674212}, "K74-U050": {"K74-U060": 241.26531293362464}}