{"K76-U020": {"K76-U030": 137.739351466576}, "K73-U070": {"K73-U080": 158.80830952075135}, "K76-U040": {"K76-U050": 152.32329555128985}, "K76-D030": {"K76-D040": 48.303431745644424}, "K75P-D050": {"K75P-D060": 90.34822072324471}, "K73-U080": {"K73-U090": 260.2140653705884, "K73-U110": 151.48186865393524}, "K74-D020": {"K74-D030": 145.03112256127412}, "K73-U100": {"K73-U110": 242.4752229706368}, "K76-D010": {"K76-D020": 170.469997127746}, "K75A-D110": {"K75A-U011": 182.72537046407484}, "K75A-D080": {"K75A-D090": 123.09072956282498}, "K75P-U030": {"K75P-U040": 111.08208623872284}, "K75P-D070": {"K75P-D080": 88.29935210882199}, "K75P-U010": {"K75P-U020": 95.88901295338229}, "K75A-D020": {"K75A-D030": 23.233828282370602}, "K74-D030": {"K74-D040": 133.43368234198363}, "K75A-D070": {"K75A-D080": 45.49622726316339}, "K74-U090": {"K74-U100": 206.59000742098823}, "K76-U010": {"K76-U020": 65.78733837928317}, "K74-U060": {"K74-U070": 145.77915336386482}, "K75A-D010": {"K75A-D020": 189.26830936913947}, "K74-D090": {"K74-U011": 68.97940794871708}, "K73-U110": {"K73-U120": 213.5935800124014}, "K73-U050": {"K73-U060": 113.02493757287121}, "K73-U060": {"K73-U070": 135.24134068806708}, "K74-U007": {"K74-U010": 262.8267755527931}, "K73-D030": {"K73-D040": 114.94973125610564}, "K73-D040": {"K73-D050": 83.72949067046349}, "K73-U090": {"K73-U100": 129.07422967796785}, "K75P-U140": {"K75P-D010": 140.02787987766766}, "K73-U030": {"K73-U040": 82.95813372819737}, "K73-U010": {"K73-U020": 65.37967159412935}, "K75P-U110": {"K75P-U120": 83.86899878119458}, "K76-D020": {"K76-D030": 117.47748506167216}, "K75A-U030": {"K75A-D010": 225.19134883159654}, "K75P-D060": {"K75P-D070": 170.98419193195065}, "K73-D110": {"K73-D120": 71.8731229484083}, "K75P-U090": {"K75P-U100": 42.38518822829259}, "K74-U080": {"K74-U090": 236.2937612205104}, "K75P-U120": {"K75P-U130": 65.78259694027948}, "K73-U040": {"K73-U050": 94.43426122284868, "K73-U060": 206.9252639095293}, "K75P-U020": {"K75P-U030": 106.51381413874398}, "K73-D010": {"K73-D020": 76.39825699246697}, "K74-D080": {"K74-D090": 156.45985241612658}, "K74-D060": {"K74-D070": 143.62382866699312}, "K75P-D010": {"K75P-D020": 145.84157904172233}, "K73-D090": {"K73-D100": 83.4656589820676}, "K73-D100": {"K73-D110": 191.53741204686474}, "K75A-U010": {"K75A-U020": 48.020951718599505}, "K73-U020": {"K73-U030": 290.6406117689429}, "K75P-U100": {"K75P-U110": 65.67007327548328}, "K75A-D030": {"K75A-D040": 44.591303864460215}, "K75P-D080": {"K75P-U011": 150.6290438743976}, "K75P-D020": {"K75P-D030": 32.88331173915291}, "K75P-U080": {"K75P-U090": 46.17093903957708}, "K75P-D030": {"K75P-D040": 116.0866516703654}, "K75A-D050": {"K75A-D060": 73.063418520424}, "K76-U030": {"K76-U040": 163.0854266580546}, "K74-U001": {"K74-U004": 159.57011909425506}, "K75P-U130": {"K75P-U140": 37.11705763393617}, "K73-D130": {"K73-D140": 138.48765333729986}, "K74-U030": {"K74-U040": 291.5068713921663}, "K75A-D100": {"K75A-D110": 105.74721981529952}, "K73-D140": {"K73-D150": 199.62534455918626}, "K74-U010": {"K74-U020": 171.46198947116042}, "K75A-D090": {"K75A-D100": 49.13453067989796}, "K75P-U050": {"K75P-U060": 157.12990861505776}, "K74-D050": {"K74-D060": 105.10087420904745}, "K75P-U060": {"K75P-U070": 30.409653152942713}, "K74-U020": {"K74-U030": 136.62963799381595}, "K75P-D040": {"K75P-D050": 164.14463268220683}, "K74-U004": {"K74-U007": 96.46250614745696}, "K75P-U040": {"K75P-U050": 110.28109166022641}, "K75A-U020": {"K75A-U030": 145.278174299678}, "K73-D070": {"K73-D080": 150.48452552435091}, "K74-U011": {"K74-D100": 167.81724091348843}, "K73-D120": {"K73-D130": 111.418017004021}, "K74-U100": {"K74-D010": 119.74627332041443}, "K74-D070": {"K74-D080": 250.00882112899072}, "K74-U040": {"K74-U050": 172.38594304149927}, "K74-D100": {"K74-D110": 89.63782996246081}, "K73-D080": {"K73-D090": 268.58268123938905}, "K75A-D060": {"K75A-D070": 41.33252965477701}, "K75P-U070": {"K75P-U080": 108.58135601150306}, "K75A-D040": {"K75A-D050": 48.589878171749966}, "K73-D020": {"K73-D030": 101.29529460886502}, "K73-D050": {"K73-D060": 64.29878854327228, "K73-D070": 104.48197866827829}, "K74-D110": {"K74-U002": 167.088576313921}, "K74-D010": {"K74-D020": 158.01312809583462}, "K74-U070": {"K74-U080": 144.30280751489425}, "K73-D060": {"K73-D070": 32.37775094081504}, "K73-D150": {"K73-D160": 42.74562459891167}, "K74-D040": {"K74-D050": 83.38944586513911}, "K74-U050": {"K74-U060": 236.9723651250018}}