{"K76-U020": {"K76-U030": 139.24589349856933}, "K73-U070": {"K73-U080": 147.37056071484486}, "K76-U040": {"K76-U050": 152.8116066800207}, "K76-D030": {"K76-D040": 46.685851716047225}, "K75P-D050": {"K75P-D060": 78.54635782157276}, "K73-U080": {"K73-U090": 223.48096016793383, "K73-U110": 137.71078968539587}, "K74-D020": {"K74-D030": 131.84647505570385}, "K73-U100": {"K73-U110": 204.7891968424798}, "K76-D010": {"K76-D020": 154.9727246615875}, "K75A-D110": {"K75A-U011": 169.26945460524786}, "K75A-D080": {"K75A-D090": 91.12915669108612}, "K75P-U030": {"K75P-U040": 97.3362211495396}, "K75P-D070": {"K75P-D080": 82.59273639216657}, "K75P-U010": {"K75P-U020": 87.79433255813288}, "K75A-D020": {"K75A-D030": 22.06424729297594}, "K74-D030": {"K74-D040": 96.65078766169694}, "K75A-D070": {"K75A-D080": 41.41160506343728}, "K74-U090": {"K74-U100": 167.31330861127395}, "K76-U010": {"K76-U020": 9.419874012779633}, "K74-U060": {"K74-U070": 121.5752509319256}, "K75A-D010": {"K75A-D020": 177.98934687748442}, "K74-D090": {"K74-U011": 66.66304591196993}, "K73-U110": {"K73-U120": 197.3473364290905}, "K73-U050": {"K73-U060": 96.14284023499577}, "K73-U060": {"K73-U070": 124.01855021048259}, "K74-U007": {"K74-U010": 216.78643291665003}, "K73-D030": {"K73-D040": 102.66637482322167}, "K73-D040": {"K73-D050": 70.17417994148146}, "K73-U090": {"K73-U100": 102.42436423344232}, "K75P-U140": {"K75P-D010": 130.83155559902252}, "K73-U030": {"K73-U040": 84.36517068543014}, "K73-U010": {"K73-U020": 58.39130281840431}, "K75P-U110": {"K75P-U120": 78.41623220208737}, "K76-D020": {"K76-D030": 112.48429306320773}, "K75A-U030": {"K75A-D010": 208.37527838251836}, "K75P-D060": {"K75P-D070": 150.13124488863036}, "K73-D110": {"K73-D120": 63.283311850588134}, "K75P-U090": {"K75P-U100": 34.875343049785165}, "K74-U080": {"K74-U090": 213.2614039623552}, "K75P-U120": {"K75P-U130": 57.310450637451346}, "K73-U040": {"K73-U050": 86.00866703662682, "K73-U060": 185.09120555137378}, "K75P-U020": {"K75P-U030": 98.09476520289152}, "K73-D010": {"K73-D020": 70.09951987744601}, "K74-D080": {"K74-D090": 162.75721877146785}, "K74-D060": {"K74-D070": 131.45728858316457}, "K75P-D010": {"K75P-D020": 110.81472822510518}, "K73-D090": {"K73-D100": 70.6345690962032}, "K73-D100": {"K73-D110": 173.07410963689597}, "K75A-U010": {"K75A-U020": 37.34441610789731}, "K73-U020": {"K73-U030": 154.41607455355322}, "K75P-U100": {"K75P-U110": 51.87929518197878}, "K75A-D030": {"K75A-D040": 40.784649133846116}, "K75P-D080": {"K75P-U011": 129.57372282186358}, "K75P-D020": {"K75P-D030": 29.629661864242053}, "K75P-U080": {"K75P-U090": 37.560759882255766}, "K75P-D030": {"K75P-D040": 108.39959048776959}, "K75A-D050": {"K75A-D060": 68.2745843234936}, "K76-U030": {"K76-U040": 148.25947878004982}, "K74-U001": {"K74-U004": 139.4880282079287}, "K75P-U130": {"K75P-U140": 30.172954105026925}, "K73-D130": {"K73-D140": 124.36300328838752}, "K74-U030": {"K74-U040": 263.4597127068463}, "K75A-D100": {"K75A-D110": 88.46843278714326}, "K73-D140": {"K73-D150": 167.75801253023843}, "K74-U010": {"K74-U020": 147.8690781432888}, "K75A-D090": {"K75A-D100": 43.83952427064317}, "K75P-U050": {"K75P-U060": 135.89075232048089}, "K74-D050": {"K74-D060": 101.81965180561144}, "K75P-U060": {"K75P-U070": 24.67130042398437}, "K74-U020": {"K74-U030": 116.63869944896976}, "K75P-D040": {"K75P-D050": 154.98786482757495}, "K74-U004": {"K74-U007": 87.66537289849477}, "K75P-U040": {"K75P-U050": 95.59110936147951}, "K75A-U020": {"K75A-U030": 127.8194424719793}, "K73-D070": {"K73-D080": 146.44627521935865}, "K74-U011": {"K74-D100": 157.3448363573838}, "K73-D120": {"K73-D130": 101.0088664340715}, "K74-U100": {"K74-D010": 105.85040031784925}, "K74-D070": {"K74-D080": 237.30910453794158}, "K74-U040": {"K74-U050": 145.12269346019744}, "K74-D100": {"K74-D110": 80.94005221026819}, "K73-D080": {"K73-D090": 234.63961688684861}, "K75A-D060": {"K75A-D070": 35.65073122775067}, "K75P-U070": {"K75P-U080": 99.65750456016283}, "K75A-D040": {"K75A-D050": 45.43968083507229}, "K73-D020": {"K73-D030": 87.78822481175635}, "K73-D050": {"K73-D060": 66.54919905011924}, "K74-D110": {"K74-U002": 151.15630577102874}, "K74-D010": {"K74-D020": 137.5569272485139}, "K74-U070": {"K74-U080": 151.64718227657778}, "K73-D060": {"K73-D070": 26.23791314647491}, "K73-D150": {"K73-D160": 41.11306640279348}, "K74-D040": {"K74-D050": 72.08317501228024}, "K74-U050": {"K74-U060": 200.60581475835733}}