{"K76-U020": {"K76-U030": 148.74036606756513}, "K73-U070": {"K73-U080": 167.74897587172134}, "K76-U040": {"K76-U050": 164.80171243163434}, "K76-D030": {"K76-D040": 65.02724733747095}, "K75P-D050": {"K75P-D060": 87.8551494755844}, "K73-U080": {"K73-U090": 300.52623539682673, "K73-U110": 151.48186865393524}, "K74-D020": {"K74-D030": 145.03112256127412}, "K73-U100": {"K73-U110": 200.13119617714392}, "K76-D010": {"K76-D020": 170.469997127746}, "K75A-D110": {"K75A-U011": 182.2793619263961}, "K75A-D080": {"K75A-D090": 128.63491336349162}, "K75P-U030": {"K75P-U040": 106.97239974265781}, "K75P-D070": {"K75P-D080": 102.25611585967427}, "K75P-U010": {"K75P-U020": 94.2151488134567}, "K75A-D020": {"K75A-D030": 21.997903163706873}, "K74-D030": {"K74-D040": 128.87184990246942}, "K75A-D070": {"K75A-D080": 46.94747394961814}, "K74-U090": {"K74-U100": 191.9268498829336}, "K76-U010": {"K76-U020": 14.255915643072791}, "K74-U060": {"K74-U070": 158.84300735437358}, "K75A-D010": {"K75A-D020": 210.72048139602185}, "K74-D090": {"K74-U011": 77.1362351673448}, "K73-U110": {"K73-U120": 228.08642643142812}, "K73-U050": {"K73-U060": 106.53136417045668}, "K73-U060": {"K73-U070": 125.19862296325053}, "K74-U007": {"K74-U010": 256.91338404880867}, "K73-D030": {"K73-D040": 117.64479134555476}, "K73-D040": {"K73-D050": 81.51128892298159}, "K73-U090": {"K73-U100": 153.63104705548545}, "K75P-U140": {"K75P-D010": 150.65715386066225}, "K73-U030": {"K73-U040": 85.43371534345394}, "K73-U010": {"K73-U020": 65.00985882218927}, "K75P-U110": {"K75P-U120": 91.3729729258892}, "K76-D020": {"K76-D030": 120.46149270728733}, "K75A-U030": {"K75A-D010": 231.7406874039121}, "K75P-D060": {"K75P-D070": 175.65896851171254}, "K73-D110": {"K73-D120": 94.78530660411545}, "K75P-U090": {"K75P-U100": 42.76561197837386}, "K74-U080": {"K74-U090": 224.27156956124645}, "K75P-U120": {"K75P-U130": 64.47756862837592}, "K73-U040": {"K73-U050": 109.02621966821164, "K73-U060": 203.4699234886416}, "K75P-U020": {"K75P-U030": 107.39851357107845}, "K73-D010": {"K73-D020": 81.64679750066821}, "K74-D080": {"K74-D090": 171.14779219380026}, "K74-D060": {"K74-D070": 159.03929179361018}, "K75P-D010": {"K75P-D020": 135.88807861464858}, "K73-D090": {"K73-D100": 84.88848278582896}, "K73-D100": {"K73-D110": 186.83007759813506}, "K75A-U010": {"K75A-U020": 51.878294375335884}, "K73-U020": {"K73-U030": 181.150898350931}, "K75P-U100": {"K75P-U110": 67.05114267845143}, "K75A-D030": {"K75A-D040": 44.24090022415419}, "K75P-D080": {"K75P-U011": 143.6340188439437}, "K75P-D020": {"K75P-D030": 37.923280607960834}, "K75P-U080": {"K75P-U090": 43.26151359285279}, "K75P-D030": {"K75P-D040": 124.13232719875309}, "K75A-D050": {"K75A-D060": 77.90903577021338}, "K76-U030": {"K76-U040": 163.0854266580546}, "K74-U001": {"K74-U004": 178.7123357654639}, "K75P-U130": {"K75P-U140": 42.97836495523258}, "K73-D130": {"K73-D140": 147.31453326284088}, "K74-U030": {"K74-U040": 292.5619505831018}, "K75A-D100": {"K75A-D110": 97.81069189326534}, "K73-D140": {"K73-D150": 186.16149401888293}, "K74-U010": {"K74-U020": 159.59437456950937}, "K75A-D090": {"K75A-D100": 54.55229828520595}, "K75P-U050": {"K75P-U060": 157.3250986681075}, "K74-D050": {"K74-D060": 99.01755229193006}, "K75P-U060": {"K75P-U070": 27.396205395416995}, "K74-U020": {"K74-U030": 132.63679246660655}, "K75P-D040": {"K75P-D050": 172.27262256326807}, "K74-U004": {"K74-U007": 92.48743372607795}, "K75P-U040": {"K75P-U050": 106.06572210300826}, "K75A-U020": {"K75A-U030": 146.81601175172383}, "K73-D070": {"K73-D080": 157.31071449954135}, "K74-U011": {"K74-D100": 174.65911778295657}, "K73-D120": {"K73-D130": 107.24463467056299}, "K74-U100": {"K74-D010": 119.49904958578425}, "K74-D070": {"K74-D080": 274.2061361473738}, "K74-U040": {"K74-U050": 197.84741474588984}, "K74-D100": {"K74-D110": 89.71226335222235}, "K73-D080": {"K73-D090": 271.44972917453737}, "K75A-D060": {"K75A-D070": 50.543492663973666}, "K75P-U070": {"K75P-U080": 108.67549137021885}, "K75A-D040": {"K75A-D050": 56.319395815779174}, "K73-D020": {"K73-D030": 96.15186924406046}, "K73-D050": {"K73-D060": 64.29878854327228, "K73-D070": 103.6691150823574}, "K74-D110": {"K74-U002": 159.91617079656532}, "K74-D010": {"K74-D020": 163.31377215947685}, "K74-U070": {"K74-U080": 151.6564504179875}, "K73-D060": {"K73-D070": 32.37775094081504}, "K73-D150": {"K73-D160": 49.51358309833002}, "K74-D040": {"K74-D050": 87.49520807610892}, "K74-U050": {"K74-U060": 228.77235935439194}}