{"K76-U020": {"K76-U030": 128.87075661624777}, "K73-U070": {"K73-U080": 139.25215702737955}, "K76-U040": {"K76-U050": 164.16188608490458}, "K76-D030": {"K76-D040": 50.195873423897964}, "K75P-D050": {"K75P-D060": 74.41888193224169}, "K73-U080": {"K73-U090": 231.91295845127252, "K73-U110": 137.71078968539587}, "K74-D020": {"K74-D030": 131.84647505570385}, "K73-U100": {"K73-U110": 220.37543674065074}, "K76-D010": {"K76-D020": 154.9727246615875}, "K75A-D110": {"K75A-U011": 161.47567257299627}, "K75A-D080": {"K75A-D090": 88.79930581318101}, "K75P-U030": {"K75P-U040": 98.67447435873365}, "K75P-D070": {"K75P-D080": 79.11935081690618}, "K75P-U010": {"K75P-U020": 84.1905245379337}, "K75A-D020": {"K75A-D030": 19.037955459042028}, "K74-D030": {"K74-D040": 106.9515971108081}, "K75A-D070": {"K75A-D080": 33.57339602130763}, "K74-U090": {"K74-U100": 171.00660846875422}, "K76-U010": {"K76-U020": 19.97155882452403}, "K74-U060": {"K74-U070": 136.2630546079013}, "K75A-D010": {"K75A-D020": 180.9967244399408}, "K74-D090": {"K74-U011": 62.56096798357142}, "K73-U110": {"K73-U120": 186.69444918399176}, "K73-U050": {"K73-U060": 90.39410083524912}, "K73-U060": {"K73-U070": 133.42687025336414}, "K74-U007": {"K74-U010": 231.42327748350317}, "K73-D030": {"K73-D040": 93.26249178024926}, "K73-D040": {"K73-D050": 73.6526122475825}, "K73-U090": {"K73-U100": 94.91823447602603}, "K75P-U140": {"K75P-D010": 128.30198320541817}, "K73-U030": {"K73-U040": 74.72616538802367}, "K73-U010": {"K73-U020": 61.422971702092}, "K75P-U110": {"K75P-U120": 75.71957553470891}, "K76-D020": {"K76-D030": 103.61742740662567}, "K75A-U030": {"K75A-D010": 197.82327018855733}, "K75P-D060": {"K75P-D070": 150.4354974069237}, "K73-D110": {"K73-D120": 58.54946413373352}, "K75P-U090": {"K75P-U100": 38.782694363815466}, "K74-U080": {"K74-U090": 215.74574225863375}, "K75P-U120": {"K75P-U130": 55.29976397855778}, "K73-U040": {"K73-U050": 87.25905983709215, "K73-U060": 188.39653716955257}, "K75P-U020": {"K75P-U030": 95.37246998800029}, "K73-D010": {"K73-D020": 81.38056489606784}, "K74-D080": {"K74-D090": 146.53687280760616}, "K74-D060": {"K74-D070": 133.9031149658929}, "K75P-D010": {"K75P-D020": 111.97610794517668}, "K73-D090": {"K73-D100": 65.73588949145459}, "K73-D100": {"K73-D110": 166.2052707474533}, "K75A-U010": {"K75A-U020": 35.325416385833734}, "K73-U020": {"K73-U030": 152.24111556114082}, "K75P-U100": {"K75P-U110": 55.15032388683769}, "K75A-D030": {"K75A-D040": 39.745552672546204}, "K75P-D080": {"K75P-U011": 124.88736372939368}, "K75P-D020": {"K75P-D030": 31.29368594656001}, "K75P-U080": {"K75P-U090": 41.657495249353914}, "K75P-D030": {"K75P-D040": 106.46751849651795}, "K75A-D050": {"K75A-D060": 66.00223098065139}, "K76-U030": {"K76-U040": 148.25947878004982}, "K74-U001": {"K74-U004": 149.62083170669524}, "K75P-U130": {"K75P-U140": 31.005460351927514}, "K73-D130": {"K73-D140": 129.3994054473307}, "K74-U030": {"K74-U040": 254.9568046043874}, "K75A-D100": {"K75A-D110": 80.96003575592118}, "K73-D140": {"K73-D150": 164.5472861326561}, "K74-U010": {"K74-U020": 157.10837800032706}, "K75A-D090": {"K75A-D100": 37.41494018838357}, "K75P-U050": {"K75P-U060": 144.46236235045131}, "K74-D050": {"K74-D060": 100.83565845521898}, "K75P-U060": {"K75P-U070": 27.955975300825013}, "K74-U020": {"K74-U030": 111.70954189800234}, "K75P-D040": {"K75P-D050": 145.33121365978133}, "K74-U004": {"K74-U007": 88.97858328259898}, "K75P-U040": {"K75P-U050": 92.95623602416558}, "K75A-U020": {"K75A-U030": 125.21074396807217}, "K73-D070": {"K73-D080": 132.50208547611842}, "K74-U011": {"K74-D100": 152.77541871429023}, "K73-D120": {"K73-D130": 102.99008210993993}, "K74-U100": {"K74-D010": 102.75799347083007}, "K74-D070": {"K74-D080": 235.06168862294234}, "K74-U040": {"K74-U050": 150.06789220707086}, "K74-D100": {"K74-D110": 75.30269445935485}, "K73-D080": {"K73-D090": 221.19446989465268}, "K75A-D060": {"K75A-D070": 36.678025168914395}, "K75P-U070": {"K75P-U080": 90.54002795766037}, "K75A-D040": {"K75A-D050": 43.77126162949831}, "K73-D020": {"K73-D030": 92.42672355490576}, "K73-D050": {"K73-D060": 63.28074287381403}, "K74-D110": {"K74-U002": 157.97481373391156}, "K74-D010": {"K74-D020": 133.1980958814862}, "K74-U070": {"K74-U080": 141.67324954536736}, "K73-D060": {"K73-D070": 24.203338181266282}, "K73-D150": {"K73-D160": 39.6764196240906}, "K74-D040": {"K74-D050": 70.22632530488991}, "K74-U050": {"K74-U060": 195.70990288333883}}