{"K76-U020": {"K76-U030": 156.49223883290065}, "K73-U070": {"K73-U080": 156.2304538782836}, "K76-U040": {"K76-U050": 177.8659717058924}, "K76-D030": {"K76-D040": 61.744769890814595}, "K75P-D050": {"K75P-D060": 91.96985818205815}, "K73-U080": {"K73-U090": 243.35569247555955, "K73-U110": 151.48186865375808}, "K74-D020": {"K74-D030": 145.00187200896778}, "K73-U100": {"K73-U110": 196.43592721402683}, "K76-D010": {"K76-D020": 170.469997127746}, "K75A-D110": {"K75A-U011": 170.42341400568972}, "K75A-D080": {"K75A-D090": 115.98981720185691}, "K75P-U030": {"K75P-U040": 109.55707852072143}, "K75P-D070": {"K75P-D080": 100.29095744835705}, "K75P-U010": {"K75P-U020": 93.14310218355743}, "K75A-D020": {"K75A-D030": 19.865845791708573}, "K74-D030": {"K74-D040": 110.17177123418394}, "K75A-D070": {"K75A-D080": 43.52249245278838}, "K74-U090": {"K74-U100": 189.37106551165544}, "K76-U010": {"K76-U020": 20.054436910707935}, "K74-U060": {"K74-U070": 145.9407377753086}, "K75A-D010": {"K75A-D020": 198.61101773176986}, "K74-D090": {"K74-U011": 79.16904846238215}, "K73-U110": {"K73-U120": 205.83318355515712}, "K73-U050": {"K73-U060": 103.23377636598461}, "K73-U060": {"K73-U070": 127.6523107870067}, "K74-U007": {"K74-U010": 231.9290117426629}, "K73-D030": {"K73-D040": 114.34133154260721}, "K73-D040": {"K73-D050": 78.55792807954558}, "K73-U090": {"K73-U100": 125.19265699325915}, "K75P-U140": {"K75P-D010": 145.4417315700472}, "K73-U030": {"K73-U040": 87.66974745420832}, "K73-U010": {"K73-U020": 68.77167649204702}, "K75P-U110": {"K75P-U120": 81.42284221172385}, "K76-D020": {"K76-D030": 129.56188090057208}, "K75A-U030": {"K75A-D010": 227.8776440998639}, "K75P-D060": {"K75P-D070": 163.45263898710274}, "K73-D110": {"K73-D120": 74.36873499214347}, "K75P-U090": {"K75P-U100": 47.26582418062141}, "K74-U080": {"K74-U090": 210.22490207163884}, "K75P-U120": {"K75P-U130": 63.08664827774786}, "K73-U040": {"K73-U050": 107.45568482766376, "K73-U060": 200.3177039037212}, "K75P-U020": {"K75P-U030": 105.03321669591324}, "K73-D010": {"K73-D020": 74.75198808453482}, "K74-D080": {"K74-D090": 168.87507174446614}, "K74-D060": {"K74-D070": 144.81880239903506}, "K75P-D010": {"K75P-D020": 134.6545564646276}, "K73-D090": {"K73-D100": 71.83299424633026}, "K73-D100": {"K73-D110": 192.43185609023007}, "K75A-U010": {"K75A-U020": 45.683349061419975}, "K73-U020": {"K73-U030": 149.89407112682508}, "K75P-U100": {"K75P-U110": 67.11411089298137}, "K75A-D030": {"K75A-D040": 44.764756133498146}, "K75P-D080": {"K75P-U011": 144.0082495709308}, "K75P-D020": {"K75P-D030": 34.45261838858594}, "K75P-U080": {"K75P-U090": 45.019623572516764}, "K75P-D030": {"K75P-D040": 129.01213231987361}, "K75A-D050": {"K75A-D060": 70.41518908982843}, "K76-U030": {"K76-U040": 163.0854266580546}, "K74-U001": {"K74-U004": 183.2797792968161}, "K75P-U130": {"K75P-U140": 39.46027007125339}, "K73-D130": {"K73-D140": 143.18258929567986}, "K74-U030": {"K74-U040": 290.98666120404147}, "K75A-D100": {"K75A-D110": 97.964820659046}, "K73-D140": {"K73-D150": 200.69414434539144}, "K74-U010": {"K74-U020": 168.02654266291174}, "K75A-D090": {"K75A-D100": 48.69242695723301}, "K75P-U050": {"K75P-U060": 148.8822840423873}, "K74-D050": {"K74-D060": 99.20379409460745}, "K75P-U060": {"K75P-U070": 26.207368311984546}, "K74-U020": {"K74-U030": 127.40532163049716}, "K75P-D040": {"K75P-D050": 173.92351095711348}, "K74-U004": {"K74-U007": 95.71450492383056}, "K75P-U040": {"K75P-U050": 102.99364059268063}, "K75A-U020": {"K75A-U030": 136.27226337808844}, "K73-D070": {"K73-D080": 154.9046031154184}, "K74-U011": {"K74-D100": 162.03299767743596}, "K73-D120": {"K73-D130": 111.46799630042167}, "K74-U100": {"K74-D010": 119.45409495574147}, "K74-D070": {"K74-D080": 251.8990559636013}, "K74-U040": {"K74-U050": 179.63023637304744}, "K74-D100": {"K74-D110": 82.01161979953409}, "K73-D080": {"K73-D090": 263.21262602565304}, "K75A-D060": {"K75A-D070": 37.27821473387489}, "K75P-U070": {"K75P-U080": 110.31130259539225}, "K75A-D040": {"K75A-D050": 48.223005982617416}, "K73-D020": {"K73-D030": 84.31975922452517}, "K73-D050": {"K73-D060": 64.45960314027207}, "K74-D110": {"K74-U002": 175.92668639678348}, "K74-D010": {"K74-D020": 152.80287438340662}, "K74-U070": {"K74-U080": 150.637297427279}, "K73-D060": {"K73-D070": 29.285717111699068}, "K73-D150": {"K73-D160": 48.55553436440287}, "K74-D040": {"K74-D050": 85.99810268860377}, "K74-U050": {"K74-U060": 230.3902571254971}}