{"K76-U020": {"K76-U030": 158.4503101929789}, "K73-U070": {"K73-U080": 147.60161042733395}, "K76-U040": {"K76-U050": 184.56755861784163}, "K76-D030": {"K76-D040": 49.87874651192383}, "K75P-D050": {"K75P-D060": 86.69457779780475}, "K73-U080": {"K73-U090": 291.70452884056704, "K73-U110": 151.48186865393524}, "K74-D020": {"K74-D030": 145.03112256127412}, "K73-U100": {"K73-U110": 231.78978232718322}, "K76-D010": {"K76-D020": 170.469997127746}, "K75A-D110": {"K75A-U011": 171.58757869294567}, "K75A-D080": {"K75A-D090": 108.89659909189326}, "K75P-U030": {"K75P-U040": 116.41165846982531}, "K75P-D070": {"K75P-D080": 93.36564973359279}, "K75P-U010": {"K75P-U020": 93.48906324902228}, "K75A-D020": {"K75A-D030": 23.946607214155446}, "K74-D030": {"K74-D040": 121.5567174810066}, "K75A-D070": {"K75A-D080": 48.83214357101021}, "K74-U090": {"K74-U100": 206.38121721464012}, "K76-U010": {"K76-U020": 12.190063015049839}, "K74-U060": {"K74-U070": 144.88326237814462}, "K75A-D010": {"K75A-D020": 201.76694190613523}, "K74-D090": {"K74-U011": 74.47300530805083}, "K73-U110": {"K73-U120": 225.27732304765496}, "K73-U050": {"K73-U060": 105.4395695483087}, "K73-U060": {"K73-U070": 146.9045271476562}, "K74-U007": {"K74-U010": 249.20093139909477}, "K73-D030": {"K73-D040": 116.77158170492389}, "K73-D040": {"K73-D050": 87.37544018788753}, "K73-U090": {"K73-U100": 122.0099804393423}, "K75P-U140": {"K75P-D010": 142.02116805550318}, "K73-U030": {"K73-U040": 88.87998380883474}, "K73-U010": {"K73-U020": 66.27617310374919}, "K75P-U110": {"K75P-U120": 85.86852479917108}, "K76-D020": {"K76-D030": 122.63357679627845}, "K75A-U030": {"K75A-D010": 240.71642561693074}, "K75P-D060": {"K75P-D070": 176.2408830364721}, "K73-D110": {"K73-D120": 66.053718983702}, "K75P-U090": {"K75P-U100": 42.95078252024443}, "K74-U080": {"K74-U090": 224.7655602317146}, "K75P-U120": {"K75P-U130": 60.55055274622102}, "K73-U040": {"K73-U050": 106.94943805405316, "K73-U060": 211.15616079547198}, "K75P-U020": {"K75P-U030": 102.06481409404526}, "K73-D010": {"K73-D020": 78.06122321174243}, "K74-D080": {"K74-D090": 160.88631362688565}, "K74-D060": {"K74-D070": 144.92818398544588}, "K75P-D010": {"K75P-D020": 135.51464971849757}, "K73-D090": {"K73-D100": 79.59282517938634}, "K73-D100": {"K73-D110": 188.2286183480378}, "K75A-U010": {"K75A-U020": 42.214801263224686}, "K73-U020": {"K73-U030": 181.21609488052147}, "K75P-U100": {"K75P-U110": 63.65424958512659}, "K75A-D030": {"K75A-D040": 47.520958000137306}, "K75P-D080": {"K75P-U011": 148.15458878494}, "K75P-D020": {"K75P-D030": 36.649877535932404}, "K75P-U080": {"K75P-U090": 48.40049733227281}, "K75P-D030": {"K75P-D040": 126.24369271685285}, "K75A-D050": {"K75A-D060": 73.31774226835049}, "K76-U030": {"K76-U040": 163.0854266580546}, "K74-U001": {"K74-U004": 156.79401253638872}, "K75P-U130": {"K75P-U140": 38.37578772966973}, "K73-D130": {"K73-D140": 141.12252780932698}, "K74-U030": {"K74-U040": 291.33807801422034}, "K75A-D100": {"K75A-D110": 101.05295064759592}, "K73-D140": {"K73-D150": 172.32195267247923}, "K74-U010": {"K74-U020": 168.852799803617}, "K75A-D090": {"K75A-D100": 48.28585853563548}, "K75P-U050": {"K75P-U060": 145.09741585395355}, "K74-D050": {"K74-D060": 108.42597207175683}, "K75P-U060": {"K75P-U070": 30.928545805771073}, "K74-U020": {"K74-U030": 131.1195715045228}, "K75P-D040": {"K75P-D050": 167.36593383815384}, "K74-U004": {"K74-U007": 96.05766009870702}, "K75P-U040": {"K75P-U050": 111.16595352409881}, "K75A-U020": {"K75A-U030": 144.8362565945692}, "K73-D070": {"K73-D080": 156.13032598691743}, "K74-U011": {"K74-D100": 170.80476986777313}, "K73-D120": {"K73-D130": 108.53222970887796}, "K74-U100": {"K74-D010": 117.64551944006276}, "K74-D070": {"K74-D080": 252.2045700306986}, "K74-U040": {"K74-U050": 183.9871928367666}, "K74-D100": {"K74-D110": 87.87826391033056}, "K73-D080": {"K73-D090": 265.5640917472256}, "K75A-D060": {"K75A-D070": 46.20362092939956}, "K75P-U070": {"K75P-U080": 105.28697520776447}, "K75A-D040": {"K75A-D050": 54.430521936451825}, "K73-D020": {"K73-D030": 91.23313060797875}, "K73-D050": {"K73-D060": 64.29878854327228, "K73-D070": 108.95819696543813}, "K74-D110": {"K74-U002": 179.33037479960203}, "K74-D010": {"K74-D020": 153.49308794240338}, "K74-U070": {"K74-U080": 164.24586436715788}, "K73-D060": {"K73-D070": 32.37775094081504}, "K73-D150": {"K73-D160": 46.98969336485388}, "K74-D040": {"K74-D050": 78.78906422259905}, "K74-U050": {"K74-U060": 235.7439444384025}}