{"K76-U020": {"K76-U030": 144.19681161858742}, "K73-U070": {"K73-U080": 153.36401061460305}, "K76-U040": {"K76-U050": 191.98740208646345}, "K76-D030": {"K76-D040": 51.24231069168415}, "K75P-D050": {"K75P-D060": 81.98679238154563}, "K73-U080": {"K73-U090": 263.72955912853536, "K73-U110": 151.48186865393524}, "K74-D020": {"K74-D030": 145.03112256125755}, "K73-U100": {"K73-U110": 247.4411254660301}, "K76-D010": {"K76-D020": 170.469997127746}, "K75A-D110": {"K75A-U011": 174.83883110788597}, "K75A-D080": {"K75A-D090": 104.75216546789841}, "K75P-U030": {"K75P-U040": 110.3380438879894}, "K75P-D070": {"K75P-D080": 90.48858084789512}, "K75P-U010": {"K75P-U020": 90.0185749943735}, "K75A-D020": {"K75A-D030": 21.3290079428315}, "K74-D030": {"K74-D040": 121.48628338286346}, "K75A-D070": {"K75A-D080": 38.92674079823894}, "K74-U090": {"K74-U100": 186.84586980365427}, "K76-U010": {"K76-U020": 14.613405937394699}, "K74-U060": {"K74-U070": 136.63675865186747}, "K75A-D010": {"K75A-D020": 197.3664752638198}, "K74-D090": {"K74-U011": 74.53598383153094}, "K73-U110": {"K73-U120": 235.06884306191296}, "K73-U050": {"K73-U060": 102.66296992449404}, "K73-U060": {"K73-U070": 137.11913597953972}, "K74-U007": {"K74-U010": 259.6624532267293}, "K73-D030": {"K73-D040": 110.8083186610091}, "K73-D040": {"K73-D050": 78.71379945600708}, "K73-U090": {"K73-U100": 117.27936918035175}, "K75P-U140": {"K75P-D010": 143.89863355030894}, "K73-U030": {"K73-U040": 92.92929914008019}, "K73-U010": {"K73-U020": 68.18377533988647}, "K75P-U110": {"K75P-U120": 87.01677798024726}, "K76-D020": {"K76-D030": 119.96900744285236}, "K75A-U030": {"K75A-D010": 230.54127051189093}, "K75P-D060": {"K75P-D070": 172.9785565909029}, "K73-D110": {"K73-D120": 69.94344644326415}, "K75P-U090": {"K75P-U100": 38.88114338987199}, "K74-U080": {"K74-U090": 231.87244246896785}, "K75P-U120": {"K75P-U130": 60.44742072019786}, "K73-U040": {"K73-U050": 99.55254880672967, "K73-U060": 194.38865380225002}, "K75P-U020": {"K75P-U030": 107.42404751481838}, "K73-D010": {"K73-D020": 81.44851336047364}, "K74-D080": {"K74-D090": 182.22869846259135}, "K74-D060": {"K74-D070": 147.6243303643687}, "K75P-D010": {"K75P-D020": 131.72070075752663}, "K73-D090": {"K73-D100": 79.16704728377488}, "K73-D100": {"K73-D110": 190.2796598600738}, "K75A-U010": {"K75A-U020": 47.127596382655724}, "K73-U020": {"K73-U030": 167.60294172005732}, "K75P-U100": {"K75P-U110": 63.18444107355019}, "K75A-D030": {"K75A-D040": 47.98817864117151}, "K75P-D080": {"K75P-U011": 148.887898788479}, "K75P-D020": {"K75P-D030": 31.667362226876236}, "K75P-U080": {"K75P-U090": 41.340458011094}, "K75P-D030": {"K75P-D040": 123.62286755276739}, "K75A-D050": {"K75A-D060": 70.62795507656233}, "K76-U030": {"K76-U040": 163.0854266580546}, "K74-U001": {"K74-U004": 149.32206028192542}, "K75P-U130": {"K75P-U140": 37.9250770321679}, "K73-D130": {"K73-D140": 139.60136953886118}, "K74-U030": {"K74-U040": 287.94069391452376}, "K75A-D100": {"K75A-D110": 102.5123016156873}, "K73-D140": {"K73-D150": 166.50229816191037}, "K74-U010": {"K74-U020": 157.2991738808029}, "K75A-D090": {"K75A-D100": 52.530606175481424}, "K75P-U050": {"K75P-U060": 142.70572013789413}, "K74-D050": {"K74-D060": 100.11262746301365}, "K75P-U060": {"K75P-U070": 26.274806797983736}, "K74-U020": {"K74-U030": 128.69818994661395}, "K75P-D040": {"K75P-D050": 167.73080968399648}, "K74-U004": {"K74-U007": 89.3505830224661}, "K75P-U040": {"K75P-U050": 96.29335952156839}, "K75A-U020": {"K75A-U030": 139.58350312084855}, "K73-D070": {"K73-D080": 147.69524879122963}, "K74-U011": {"K74-D100": 169.14805488461207}, "K73-D120": {"K73-D130": 114.70791726050834}, "K74-U100": {"K74-D010": 121.13284583952975}, "K74-D070": {"K74-D080": 276.52361313933693}, "K74-U040": {"K74-U050": 181.69879297404714}, "K74-D100": {"K74-D110": 81.78364255775544}, "K73-D080": {"K73-D090": 253.22896160259455}, "K75A-D060": {"K75A-D070": 42.62127076483128}, "K75P-U070": {"K75P-U080": 98.06601099116436}, "K75A-D040": {"K75A-D050": 50.31578233960853}, "K73-D020": {"K73-D030": 95.88737436009794}, "K73-D050": {"K73-D060": 64.29878854327228, "K73-D070": 104.96595792585072}, "K74-D110": {"K74-U002": 172.04875076215293}, "K74-D010": {"K74-D020": 157.4415653088127}, "K74-U070": {"K74-U080": 157.31919493793856}, "K73-D060": {"K73-D070": 32.37775094081504}, "K73-D150": {"K73-D160": 49.97851013811187}, "K74-D040": {"K74-D050": 79.39525464699376}, "K74-U050": {"K74-U060": 219.2277187819438}}