{"K76-U020": {"K76-U030": 134.98785510985908}, "K73-U070": {"K73-U080": 133.82971439972147}, "K76-U040": {"K76-U050": 153.55696868896484}, "K76-D030": {"K76-D040": 49.66687282547355}, "K75P-D050": {"K75P-D060": 75.47061729431152}, "K73-U080": {"K73-U090": 266.6434216266789, "K73-U110": 137.71078968539587}, "K74-D020": {"K74-D030": 131.84647505570385}, "K73-U100": {"K73-U110": 221.58138041943312}, "K76-D010": {"K76-D020": 154.9727246615875}, "K75A-D110": {"K75A-U011": 180.01220703125}, "K75A-D080": {"K75A-D090": 95.625}, "K75P-U030": {"K75P-U040": 97.11627197265625}, "K75P-D070": {"K75P-D080": 80.82868957519531}, "K75P-U010": {"K75P-U020": 86.24755859375}, "K75A-D020": {"K75A-D030": 23.40700626373291}, "K74-D030": {"K74-D040": 91.09375}, "K75A-D070": {"K75A-D080": 49.003421783447266}, "K74-U090": {"K74-U100": 185.0}, "K76-U010": {"K76-U020": 8.98944072164282}, "K74-U060": {"K74-U070": 129.53125}, "K75A-D010": {"K75A-D020": 210.05892944335938}, "K74-D090": {"K74-U011": 77.7890625}, "K73-U110": {"K73-U120": 213.4670373997136}, "K73-U050": {"K73-U060": 85.40110696937424}, "K73-U060": {"K73-U070": 109.267259884304}, "K74-U007": {"K74-U010": 212.48046875}, "K73-D030": {"K73-D040": 97.9649658203125}, "K73-D040": {"K73-D050": 78.836181640625}, "K73-U090": {"K73-U100": 103.4057151041925}, "K75P-U140": {"K75P-D010": 129.07666015625}, "K73-U030": {"K73-U040": 90.9702719617635}, "K73-U010": {"K73-U020": 61.987693786621094}, "K75P-U110": {"K75P-U120": 84.38205122947693}, "K76-D020": {"K76-D030": 117.0930135497336}, "K75A-U030": {"K75A-D010": 219.3359375}, "K75P-D060": {"K75P-D070": 160.6544609973207}, "K73-D110": {"K73-D120": 67.013916015625}, "K75P-U090": {"K75P-U100": 41.0281728701666}, "K74-U080": {"K74-U090": 109.130859375}, "K75P-U120": {"K75P-U130": 59.64790344238281}, "K73-U040": {"K73-U050": 91.27670878567093, "K73-U060": 213.34125518798828}, "K75P-U020": {"K75P-U030": 97.9375}, "K73-D010": {"K73-D020": 82.37226104736328}, "K74-D080": {"K74-D090": 163.5859375}, "K74-D060": {"K74-D070": 144.375}, "K75P-D010": {"K75P-D020": 122.33544921875}, "K73-D090": {"K73-D100": 69.72678565979004}, "K73-D100": {"K73-D110": 162.496337890625}, "K75A-U010": {"K75A-U020": 30.40041732788086}, "K73-U020": {"K73-U030": 177.14112210273743}, "K75P-U100": {"K75P-U110": 58.15038147568703}, "K75A-D030": {"K75A-D040": 34.61560845375061}, "K75P-D080": {"K75P-U011": 103.77572298049927}, "K75P-D020": {"K75P-D030": 35.12415313720703}, "K75P-U080": {"K75P-U090": 54.2424615137279}, "K75P-D030": {"K75P-D040": 105.3574656797573}, "K75A-D050": {"K75A-D060": 60.806456565856934}, "K76-U030": {"K76-U040": 148.2594787800498}, "K74-U001": {"K74-U004": 133.625}, "K75P-U130": {"K75P-U140": 48.39651462435722}, "K73-D130": {"K73-D140": 135.25469970703125}, "K74-U030": {"K74-U040": 264.765625}, "K75A-D100": {"K75A-D110": 82.26524353027344}, "K73-D140": {"K73-D150": 171.60687351226807}, "K74-U010": {"K74-U020": 151.875}, "K75A-D090": {"K75A-D100": 49.96996933221817}, "K75P-U050": {"K75P-U060": 176.2646484375}, "K74-D050": {"K74-D060": 99.03125}, "K75P-U060": {"K75P-U070": 25.065138906240463}, "K74-U020": {"K74-U030": 124.75}, "K75P-D040": {"K75P-D050": 167.2715835571289}, "K74-U004": {"K74-U007": 87.5}, "K75P-U040": {"K75P-U050": 91.728759765625}, "K75A-U020": {"K75A-U030": 130.17626953125}, "K73-D070": {"K73-D080": 159.921875}, "K74-U011": {"K74-D100": 143.0625}, "K73-D120": {"K73-D130": 108.05386352539062}, "K74-U100": {"K74-D010": 118.8359375}, "K74-D070": {"K74-D080": 218.5625}, "K74-U040": {"K74-U050": 193.5}, "K74-D100": {"K74-D110": 82.1171875}, "K73-D080": {"K73-D090": 233.96875}, "K75A-D060": {"K75A-D070": 40.766380310058594}, "K75P-U070": {"K75P-U080": 110.9256254886277}, "K75A-D040": {"K75A-D050": 47.9560546875}, "K73-D020": {"K73-D030": 116.70160675048828}, "K73-D050": {"K73-D060": 68.45363235473633}, "K74-D110": {"K74-U002": 150.96875}, "K74-D010": {"K74-D020": 136.875}, "K74-U070": {"K74-U080": 138.25}, "K73-D060": {"K73-D070": 31.04296875}, "K73-D150": {"K73-D160": 43.6875}, "K74-D040": {"K74-D050": 76.6875}, "K74-U050": {"K74-U060": 184.375}}