{"K76-U020": {"K76-U030": 132.96676361106}, "K73-U070": {"K73-U080": 143.03594309340968}, "K76-U040": {"K76-U050": 156.60854786121325}, "K76-D030": {"K76-D040": 59.99022054714968}, "K75P-D050": {"K75P-D060": 72.89884743012142}, "K73-U080": {"K73-U090": 244.87285407318896, "K73-U110": 137.71078968539587}, "K74-D020": {"K74-D030": 131.84647505570385}, "K73-U100": {"K73-U110": 203.3633335225332}, "K76-D010": {"K76-D020": 154.9727246615875}, "K75A-D110": {"K75A-U011": 151.3643030413036}, "K75A-D080": {"K75A-D090": 76.32207800061593}, "K75P-U030": {"K75P-U040": 100.61779885721829}, "K75P-D070": {"K75P-D080": 82.0127319050775}, "K75P-U010": {"K75P-U020": 84.6375601682241}, "K75A-D020": {"K75A-D030": 18.154597156352875}, "K74-D030": {"K74-D040": 101.2901007541298}, "K75A-D070": {"K75A-D080": 34.31120717422358}, "K74-U090": {"K74-U100": 168.8155829348126}, "K76-U010": {"K76-U020": 15.015219257492394}, "K74-U060": {"K74-U070": 134.23068176554847}, "K75A-D010": {"K75A-D020": 168.4213172820501}, "K74-D090": {"K74-U011": 67.79782442284349}, "K73-U110": {"K73-U120": 176.04110843137272}, "K73-U050": {"K73-U060": 93.40671339075838}, "K73-U060": {"K73-U070": 124.97417028009218}, "K74-U007": {"K74-U010": 222.66171062609163}, "K73-D030": {"K73-D040": 98.44995131686633}, "K73-D040": {"K73-D050": 72.40132821499488}, "K73-U090": {"K73-U100": 94.3221641524158}, "K75P-U140": {"K75P-D010": 132.977514041853}, "K73-U030": {"K73-U040": 83.47843166717432}, "K73-U010": {"K73-U020": 58.792084349715104}, "K75P-U110": {"K75P-U120": 76.80814535766356}, "K76-D020": {"K76-D030": 123.56215223849878}, "K75A-U030": {"K75A-D010": 201.29202019553128}, "K75P-D060": {"K75P-D070": 152.40966165799884}, "K73-D110": {"K73-D120": 63.87976230381416}, "K75P-U090": {"K75P-U100": 34.35314964817559}, "K74-U080": {"K74-U090": 221.81799642573105}, "K75P-U120": {"K75P-U130": 51.249356386466005}, "K73-U040": {"K73-U050": 96.99513541470496, "K73-U060": 184.94729999542858}, "K75P-U020": {"K75P-U030": 100.5498357634173}, "K73-D010": {"K73-D020": 70.50048335032925}, "K74-D080": {"K74-D090": 150.67984524884986}, "K74-D060": {"K74-D070": 130.68585638115923}, "K75P-D010": {"K75P-D020": 119.82371610641978}, "K73-D090": {"K73-D100": 76.98819235169503}, "K73-D100": {"K73-D110": 167.65927033773067}, "K75A-U010": {"K75A-U020": 39.64348704128924}, "K73-U020": {"K73-U030": 150.17104752247153}, "K75P-U100": {"K75P-U110": 52.48565030007198}, "K75A-D030": {"K75A-D040": 44.044836746534095}, "K75P-D080": {"K75P-U011": 126.9092862047421}, "K75P-D020": {"K75P-D030": 31.303258046059675}, "K75P-U080": {"K75P-U090": 38.924554146001526}, "K75P-D030": {"K75P-D040": 103.4499785134602}, "K75A-D050": {"K75A-D060": 63.12644810831546}, "K76-U030": {"K76-U040": 148.25947878004982}, "K74-U001": {"K74-U004": 135.41209530722202}, "K75P-U130": {"K75P-U140": 31.238347002299793}, "K73-D130": {"K73-D140": 127.55873598456712}, "K74-U030": {"K74-U040": 257.6429461806391}, "K75A-D100": {"K75A-D110": 87.52405045530799}, "K73-D140": {"K73-D150": 164.22544193785575}, "K74-U010": {"K74-U020": 145.8855609636135}, "K75A-D090": {"K75A-D100": 43.605635064382895}, "K75P-U050": {"K75P-U060": 141.15873488646122}, "K74-D050": {"K74-D060": 97.28504619469551}, "K75P-U060": {"K75P-U070": 24.646435452191376}, "K74-U020": {"K74-U030": 104.45081625184393}, "K75P-D040": {"K75P-D050": 147.4616802927165}, "K74-U004": {"K74-U007": 84.56741604283216}, "K75P-U040": {"K75P-U050": 93.81477338742388}, "K75A-U020": {"K75A-U030": 120.41139043791559}, "K73-D070": {"K73-D080": 136.67518918474275}, "K74-U011": {"K74-D100": 160.22320431466954}, "K73-D120": {"K73-D130": 103.3614284622051}, "K74-U100": {"K74-D010": 100.36989291198692}, "K74-D070": {"K74-D080": 230.26314238040558}, "K74-U040": {"K74-U050": 142.18619917923553}, "K74-D100": {"K74-D110": 73.50715028667713}, "K73-D080": {"K73-D090": 231.01653908109967}, "K75A-D060": {"K75A-D070": 34.341712539905586}, "K75P-U070": {"K75P-U080": 87.46094141285286}, "K75A-D040": {"K75A-D050": 41.13839619533326}, "K73-D020": {"K73-D030": 82.5316475805413}, "K73-D050": {"K73-D060": 61.89776836340892}, "K74-D110": {"K74-U002": 152.32857897004217}, "K74-D010": {"K74-D020": 132.239145350161}, "K74-U070": {"K74-U080": 141.2401581962468}, "K73-D060": {"K73-D070": 25.613422084802757}, "K73-D150": {"K73-D160": 43.0499829825268}, "K74-D040": {"K74-D050": 77.54737905225548}, "K74-U050": {"K74-U060": 196.48563780099622}}