{"K76-U020": {"K76-U030": 122.4332273843457}, "K73-U070": {"K73-U080": 149.1888662694264}, "K76-U040": {"K76-U050": 164.7960416816445}, "K76-D030": {"K76-D040": 45.510327150848724}, "K75P-D050": {"K75P-D060": 78.58619877450522}, "K73-U080": {"K73-U090": 250.84487787149297, "K73-U110": 137.71078968539587}, "K74-D020": {"K74-D030": 131.84647505570385}, "K73-U100": {"K73-U110": 201.89831896264025}, "K76-D010": {"K76-D020": 154.9727246615875}, "K75A-D110": {"K75A-U011": 171.70894012966573}, "K75A-D080": {"K75A-D090": 106.21440164804407}, "K75P-U030": {"K75P-U040": 84.78043179614556}, "K75P-D070": {"K75P-D080": 85.39280107468564}, "K75P-U010": {"K75P-U020": 90.21222703495869}, "K75A-D020": {"K75A-D030": 26.04381231473219}, "K74-D030": {"K74-D040": 81.46832847595215}, "K75A-D070": {"K75A-D080": 42.468989002841326}, "K74-U090": {"K74-U100": 174.76513671875}, "K76-U010": {"K76-U020": 6.011609459957832}, "K74-U060": {"K74-U070": 121.8728503805399}, "K75A-D010": {"K75A-D020": 208.21488269854703}, "K74-D090": {"K74-U011": 47.36404272505853}, "K73-U110": {"K73-U120": 167.60192844043428}, "K73-U050": {"K73-U060": 96.91277977148266}, "K73-U060": {"K73-U070": 122.98568948060272}, "K74-U007": {"K74-U010": 221.05874073072656}, "K73-D030": {"K73-D040": 100.9068809333115}, "K73-D040": {"K73-D050": 70.6982136415284}, "K73-U090": {"K73-U100": 85.058279253226}, "K75P-U140": {"K75P-D010": 128.05857570239417}, "K73-U030": {"K73-U040": 80.19824825712274}, "K73-U010": {"K73-U020": 55.08912676114583}, "K75P-U110": {"K75P-U120": 80.81322799459265}, "K76-D020": {"K76-D030": 99.25817814625347}, "K75A-U030": {"K75A-D010": 210.13040619627526}, "K75P-D060": {"K75P-D070": 154.76866018141422}, "K73-D110": {"K73-D120": 68.11371315522426}, "K75P-U090": {"K75P-U100": 36.65347568249076}, "K74-U080": {"K74-U090": 211.51778243728336}, "K75P-U120": {"K75P-U130": 51.423840507524915}, "K73-U040": {"K73-U050": 88.51577474865644, "K73-U060": 203.8270188881225}, "K75P-U020": {"K75P-U030": 93.63930928543952}, "K73-D010": {"K73-D020": 80.50293735984782}, "K74-D080": {"K74-D090": 165.70952925682067}, "K74-D060": {"K74-D070": 138.0032933652401}, "K75P-D010": {"K75P-D020": 127.52095086134673}, "K73-D090": {"K73-D100": 73.13129132889674}, "K73-D100": {"K73-D110": 161.61362720560095}, "K75A-U010": {"K75A-U020": 35.00728841680972}, "K73-U020": {"K73-U030": 168.1532915408407}, "K75P-U100": {"K75P-U110": 58.21384058816625}, "K75A-D030": {"K75A-D040": 38.677646723567186}, "K75P-D080": {"K75P-U011": 136.0251728747572}, "K75P-D020": {"K75P-D030": 29.413011987615086}, "K75P-U080": {"K75P-U090": 34.31820044490396}, "K75P-D030": {"K75P-D040": 109.15241308002578}, "K75A-D050": {"K75A-D060": 59.91804252990069}, "K76-U030": {"K76-U040": 148.25947878004982}, "K74-U001": {"K74-U004": 137.33399038696288}, "K75P-U130": {"K75P-U140": 31.12028403833841}, "K73-D130": {"K73-D140": 127.90243784072933}, "K74-U030": {"K74-U040": 251.9583250284195}, "K75A-D100": {"K75A-D110": 94.71007963975973}, "K73-D140": {"K73-D150": 202.3350601166375}, "K74-U010": {"K74-U020": 153.62518903592883}, "K75A-D090": {"K75A-D100": 43.89825125829374}, "K75P-U050": {"K75P-U060": 126.10432337570906}, "K74-D050": {"K74-D060": 111.98642869591713}, "K75P-U060": {"K75P-U070": 24.76666926158567}, "K74-U020": {"K74-U030": 118.51216418668628}, "K75P-D040": {"K75P-D050": 151.24574053607893}, "K74-U004": {"K74-U007": 81.51326727867126}, "K75P-U040": {"K75P-U050": 91.96775331197559}, "K75A-U020": {"K75A-U030": 115.33250545150736}, "K73-D070": {"K73-D080": 138.0148459142341}, "K74-U011": {"K74-D100": 143.05875354351105}, "K73-D120": {"K73-D130": 98.10909256054681}, "K74-U100": {"K74-D010": 117.8750031888485}, "K74-D070": {"K74-D080": 232.21342570115957}, "K74-U040": {"K74-U050": 155.5436438886881}, "K74-D100": {"K74-D110": 87.87583810985089}, "K73-D080": {"K73-D090": 238.33975675941633}, "K75A-D060": {"K75A-D070": 38.31523348659586}, "K75P-U070": {"K75P-U080": 99.8554221579183}, "K75A-D040": {"K75A-D050": 47.31964949716594}, "K73-D020": {"K73-D030": 109.72752120266318}, "K73-D050": {"K73-D060": 70.83737549505919}, "K74-D110": {"K74-U002": 162.1432805776596}, "K74-D010": {"K74-D020": 136.97064471244812}, "K74-U070": {"K74-U080": 154.96784870958328}, "K73-D060": {"K73-D070": 26.817748128511607}, "K73-D150": {"K73-D160": 46.84866353857743}, "K74-D040": {"K74-D050": 76.36603150814771}, "K74-U050": {"K74-U060": 220.64617804511008}}