{"K76-U020": {"K76-U030": 164.44469662142052}, "K73-U070": {"K73-U080": 154.9251427741265}, "K76-U040": {"K76-U050": 191.7336465940209}, "K76-D030": {"K76-D040": 53.433267994310064}, "K75P-D050": {"K75P-D060": 83.88835278967977}, "K73-U080": {"K73-U090": 293.0365862458958, "K73-U110": 151.48186865393524}, "K74-D020": {"K74-D030": 145.03112256127412}, "K73-U100": {"K73-U110": 237.80836204872213}, "K76-D010": {"K76-D020": 170.469997127746}, "K75A-D110": {"K75A-U011": 174.63593953499256}, "K75A-D080": {"K75A-D090": 111.4469499599937}, "K75P-U030": {"K75P-U040": 109.90126722318875}, "K75P-D070": {"K75P-D080": 92.05041042818738}, "K75P-U010": {"K75P-U020": 94.06238550603614}, "K75A-D020": {"K75A-D030": 22.483763947685624}, "K74-D030": {"K74-D040": 141.92517330360957}, "K75A-D070": {"K75A-D080": 45.30622279658077}, "K74-U090": {"K74-U100": 205.17383653261498}, "K76-U010": {"K76-U020": 31.418433192689054}, "K74-U060": {"K74-U070": 135.42145359258106}, "K75A-D010": {"K75A-D020": 196.6552859593105}, "K74-D090": {"K74-U011": 70.96971884525428}, "K73-U110": {"K73-U120": 234.53698995741496}, "K73-U050": {"K73-U060": 108.66567210426008}, "K73-U060": {"K73-U070": 141.29649307869016}, "K74-U007": {"K74-U010": 269.58126157682784}, "K73-D030": {"K73-D040": 113.04138657377268}, "K73-D040": {"K73-D050": 84.18320854010123}, "K73-U090": {"K73-U100": 112.37694357154271}, "K75P-U140": {"K75P-D010": 142.18970433596706}, "K73-U030": {"K73-U040": 88.98352280243147}, "K73-U010": {"K73-U020": 65.48565508012166}, "K75P-U110": {"K75P-U120": 82.77453521235316}, "K76-D020": {"K76-D030": 119.35057481656334}, "K75A-U030": {"K75A-D010": 230.31907073873882}, "K75P-D060": {"K75P-D070": 180.66370574711559}, "K73-D110": {"K73-D120": 71.4337261494616}, "K75P-U090": {"K75P-U100": 40.19869018761962}, "K74-U080": {"K74-U090": 239.288710045683}, "K75P-U120": {"K75P-U130": 56.44907906453913}, "K73-U040": {"K73-U050": 103.01805220440056, "K73-U060": 211.81512377345547}, "K75P-U020": {"K75P-U030": 105.45245578559147}, "K73-D010": {"K73-D020": 75.37674090229244}, "K74-D080": {"K74-D090": 169.52521112723412}, "K74-D060": {"K74-D070": 146.87515729171767}, "K75P-D010": {"K75P-D020": 126.88484650518679}, "K73-D090": {"K73-D100": 71.21199182474584}, "K73-D100": {"K73-D110": 192.8100495956435}, "K75A-U010": {"K75A-U020": 39.61740812437254}, "K73-U020": {"K73-U030": 171.59769694251892}, "K75P-U100": {"K75P-U110": 62.16277709260446}, "K75A-D030": {"K75A-D040": 47.33606353334328}, "K75P-D080": {"K75P-U011": 143.3654488363143}, "K75P-D020": {"K75P-D030": 33.39496423892784}, "K75P-U080": {"K75P-U090": 45.11169270622908}, "K75P-D030": {"K75P-D040": 125.15845930596058}, "K75A-D050": {"K75A-D060": 73.66134550751129}, "K76-U030": {"K76-U040": 163.0854266580546}, "K74-U001": {"K74-U004": 143.32604346115653}, "K75P-U130": {"K75P-U140": 38.7571918911188}, "K73-D130": {"K73-D140": 140.96757469071449}, "K74-U030": {"K74-U040": 281.01909770995974}, "K75A-D100": {"K75A-D110": 99.6984580835237}, "K73-D140": {"K73-D150": 189.42022842315882}, "K74-U010": {"K74-U020": 162.06662070549768}, "K75A-D090": {"K75A-D100": 47.23295496451897}, "K75P-U050": {"K75P-U060": 151.99596099641255}, "K74-D050": {"K74-D060": 101.42022236849874}, "K75P-U060": {"K75P-U070": 30.07481800377734}, "K74-U020": {"K74-U030": 121.57865726988435}, "K75P-D040": {"K75P-D050": 162.0982191606175}, "K74-U004": {"K74-U007": 96.92614488628934}, "K75P-U040": {"K75P-U050": 106.45589799705643}, "K75A-U020": {"K75A-U030": 143.45456556455127}, "K73-D070": {"K73-D080": 151.63558101409916}, "K74-U011": {"K74-D100": 172.38936173320207}, "K73-D120": {"K73-D130": 109.7092786693435}, "K74-U100": {"K74-D010": 114.62276275696175}, "K74-D070": {"K74-D080": 254.6424645930901}, "K74-U040": {"K74-U050": 169.3614135065749}, "K74-D100": {"K74-D110": 87.82790363096623}, "K73-D080": {"K73-D090": 271.2966266052595}, "K75A-D060": {"K75A-D070": 42.567668903192626}, "K75P-U070": {"K75P-U080": 105.39628091094114}, "K75A-D040": {"K75A-D050": 51.35980260125234}, "K73-D020": {"K73-D030": 104.52405304527028}, "K73-D050": {"K73-D060": 64.29878854327228, "K73-D070": 104.3220405991156}, "K74-D110": {"K74-U002": 163.95812887985306}, "K74-D010": {"K74-D020": 153.40218708286048}, "K74-U070": {"K74-U080": 155.73151013587932}, "K73-D060": {"K73-D070": 32.37775094081504}, "K73-D150": {"K73-D160": 46.916578523293154}, "K74-D040": {"K74-D050": 79.90888973331126}, "K74-U050": {"K74-U060": 233.2854036834608}}