{"K76-U020": {"K76-U030": 145.28925528128306}, "K73-U070": {"K73-U080": 153.5732175242405}, "K76-U040": {"K76-U050": 171.43967302757235}, "K76-D030": {"K76-D040": 72.89986576966147}, "K75P-D050": {"K75P-D060": 88.32711480680288}, "K73-U080": {"K73-U090": 269.00607120323224, "K73-U110": 151.48186865393524}, "K74-D020": {"K74-D030": 145.03112193195648}, "K73-U100": {"K73-U110": 234.54970180430433}, "K76-D010": {"K76-D020": 170.469997127746}, "K75A-D110": {"K75A-U011": 161.96992875543947}, "K75A-D080": {"K75A-D090": 103.79959748259114}, "K75P-U030": {"K75P-U040": 106.88044213584888}, "K75P-D070": {"K75P-D080": 89.89848405571803}, "K75P-U010": {"K75P-U020": 90.16262359549503}, "K75A-D020": {"K75A-D030": 22.817669528213333}, "K74-D030": {"K74-D040": 124.61130778757581}, "K75A-D070": {"K75A-D080": 34.65038066050141}, "K74-U090": {"K74-U100": 185.15264576093713}, "K76-U010": {"K76-U020": 31.448471431473955}, "K74-U060": {"K74-U070": 149.6507515438539}, "K75A-D010": {"K75A-D020": 194.21329440735954}, "K74-D090": {"K74-U011": 76.98431089259672}, "K73-U110": {"K73-U120": 206.02402913766065}, "K73-U050": {"K73-U060": 106.92676313850237}, "K73-U060": {"K73-U070": 124.60951545477924}, "K74-U007": {"K74-U010": 245.27918873686076}, "K73-D030": {"K73-D040": 119.41439325836768}, "K73-D040": {"K73-D050": 70.30743825197538}, "K73-U090": {"K73-U100": 114.13364475502976}, "K75P-U140": {"K75P-D010": 142.3996651759556}, "K73-U030": {"K73-U040": 82.35603478087818}, "K73-U010": {"K73-U020": 63.15543151462426}, "K75P-U110": {"K75P-U120": 86.7966123960932}, "K76-D020": {"K76-D030": 127.0515124020391}, "K75A-U030": {"K75A-D010": 227.88738832673843}, "K75P-D060": {"K75P-D070": 171.6269461263198}, "K73-D110": {"K73-D120": 85.88535285691907}, "K75P-U090": {"K75P-U100": 41.28913519653617}, "K74-U080": {"K74-U090": 212.24356474539323}, "K75P-U120": {"K75P-U130": 61.53095463875489}, "K73-U040": {"K73-U050": 97.89881968327876, "K73-U060": 197.21331018058675}, "K75P-U020": {"K75P-U030": 104.6690428889049}, "K73-D010": {"K73-D020": 78.48869797360739}, "K74-D080": {"K74-D090": 161.50816243565285}, "K74-D060": {"K74-D070": 146.3628782577708}, "K75P-D010": {"K75P-D020": 133.02862097996433}, "K73-D090": {"K73-D100": 84.43894136273084}, "K73-D100": {"K73-D110": 190.30249222162016}, "K75A-U010": {"K75A-U020": 42.982128801155476}, "K73-U020": {"K73-U030": 169.5738879579796}, "K75P-U100": {"K75P-U110": 66.83647676215327}, "K75A-D030": {"K75A-D040": 44.78675493734795}, "K75P-D080": {"K75P-U011": 144.9969012267797}, "K75P-D020": {"K75P-D030": 33.23150247397469}, "K75P-U080": {"K75P-U090": 42.6173560279922}, "K75P-D030": {"K75P-D040": 115.73296225228762}, "K75A-D050": {"K75A-D060": 68.6621741015866}, "K76-U030": {"K76-U040": 163.0854266580546}, "K74-U001": {"K74-U004": 145.6072613122186}, "K75P-U130": {"K75P-U140": 38.67433388283878}, "K73-D130": {"K73-D140": 144.51003128864068}, "K74-U030": {"K74-U040": 287.9207035093681}, "K75A-D100": {"K75A-D110": 95.4434738888908}, "K73-D140": {"K73-D150": 188.61052676968274}, "K74-U010": {"K74-U020": 158.77249226761006}, "K75A-D090": {"K75A-D100": 44.7780333941959}, "K75P-U050": {"K75P-U060": 160.82246939007683}, "K74-D050": {"K74-D060": 102.52269480369671}, "K75P-U060": {"K75P-U070": 27.514854028304587}, "K74-U020": {"K74-U030": 139.85079185810085}, "K75P-D040": {"K75P-D050": 162.80503273003404}, "K74-U004": {"K74-U007": 99.06856472421302}, "K75P-U040": {"K75P-U050": 100.01961544798857}, "K75A-U020": {"K75A-U030": 143.68410716053359}, "K73-D070": {"K73-D080": 152.91073940654417}, "K74-U011": {"K74-D100": 171.7826782312098}, "K73-D120": {"K73-D130": 104.66895556120976}, "K74-U100": {"K74-D010": 121.65172363031488}, "K74-D070": {"K74-D080": 254.97157324106894}, "K74-U040": {"K74-U050": 175.8671995565989}, "K74-D100": {"K74-D110": 75.34377626881266}, "K73-D080": {"K73-D090": 248.57281488428194}, "K75A-D060": {"K75A-D070": 39.98240878508328}, "K75P-U070": {"K75P-U080": 108.41182692664354}, "K75A-D040": {"K75A-D050": 52.942014219174894}, "K73-D020": {"K73-D030": 113.26056583273689}, "K73-D050": {"K73-D060": 69.4816551394135}, "K74-D110": {"K74-U002": 166.18383991001002}, "K74-D010": {"K74-D020": 157.53385674834578}, "K74-U070": {"K74-U080": 149.42960785167506}, "K73-D060": {"K73-D070": 30.0512815925287}, "K73-D150": {"K73-D160": 46.99983169707746}, "K74-D040": {"K74-D050": 72.46356479339744}, "K74-U050": {"K74-U060": 231.18027047630534}}