{"K76-U020": {"K76-U030": 149.4334298288129}, "K73-U070": {"K73-U080": 159.42702729999598}, "K76-U040": {"K76-U050": 183.7240950606258}, "K76-D030": {"K76-D040": 56.31403371637979}, "K75P-D050": {"K75P-D060": 84.6374755820116}, "K73-U080": {"K73-U090": 265.5976169821448, "K73-U110": 151.48186865393524}, "K74-D020": {"K74-D030": 145.03112256127224}, "K73-U100": {"K73-U110": 238.31533167038975}, "K76-D010": {"K76-D020": 170.469997127746}, "K75A-D110": {"K75A-U011": 175.47721949254162}, "K75A-D080": {"K75A-D090": 117.95938597080183}, "K75P-U030": {"K75P-U040": 107.51774068951401}, "K75P-D070": {"K75P-D080": 94.86709184268952}, "K75P-U010": {"K75P-U020": 91.23371026219922}, "K75A-D020": {"K75A-D030": 21.22877605440933}, "K74-D030": {"K74-D040": 125.92480047474706}, "K75A-D070": {"K75A-D080": 45.499620404726464}, "K74-U090": {"K74-U100": 200.95350403956212}, "K76-U010": {"K76-U020": 18.724459978355807}, "K74-U060": {"K74-U070": 144.07896979231273}, "K75A-D010": {"K75A-D020": 206.9740086961088}, "K74-D090": {"K74-U011": 77.19697281171632}, "K73-U110": {"K73-U120": 236.70502536466148}, "K73-U050": {"K73-U060": 108.33357182955902}, "K73-U060": {"K73-U070": 129.93250444154904}, "K74-U007": {"K74-U010": 259.54543110526623}, "K73-D030": {"K73-D040": 117.29252928482758}, "K73-D040": {"K73-D050": 77.0811643361898}, "K73-U090": {"K73-U100": 158.29154867332377}, "K75P-U140": {"K75P-D010": 142.51844601817297}, "K73-U030": {"K73-U040": 88.87641316387257}, "K73-U010": {"K73-U020": 67.48004023151344}, "K75P-U110": {"K75P-U120": 80.37148987913902}, "K76-D020": {"K76-D030": 128.66492815610755}, "K75A-U030": {"K75A-D010": 234.40028196052677}, "K75P-D060": {"K75P-D070": 178.6620899584295}, "K73-D110": {"K73-D120": 79.0419034685344}, "K75P-U090": {"K75P-U100": 45.04965325750919}, "K74-U080": {"K74-U090": 226.3587751775568}, "K75P-U120": {"K75P-U130": 65.40060814737576}, "K73-U040": {"K73-U050": 104.30087149031597, "K73-U060": 205.24058713063192}, "K75P-U020": {"K75P-U030": 102.55631994585016}, "K73-D010": {"K73-D020": 73.26651234412788}, "K74-D080": {"K74-D090": 175.67538439912295}, "K74-D060": {"K74-D070": 151.24576639596128}, "K75P-D010": {"K75P-D020": 126.08640403492984}, "K73-D090": {"K73-D100": 82.09010137820468}, "K73-D100": {"K73-D110": 188.16907590473934}, "K75A-U010": {"K75A-U020": 44.08232129379839}, "K73-U020": {"K73-U030": 161.18195298265863}, "K75P-U100": {"K75P-U110": 61.39473471372311}, "K75A-D030": {"K75A-D040": 45.7288418921636}, "K75P-D080": {"K75P-U011": 143.89465813385365}, "K75P-D020": {"K75P-D030": 36.366201328603196}, "K75P-U080": {"K75P-U090": 45.42161365151168}, "K75P-D030": {"K75P-D040": 125.46791938981376}, "K75A-D050": {"K75A-D060": 73.14941554716891}, "K76-U030": {"K76-U040": 163.0854266580546}, "K74-U001": {"K74-U004": 155.85428738239492}, "K75P-U130": {"K75P-U140": 37.588023811355804}, "K73-D130": {"K73-D140": 139.02810150779612}, "K74-U030": {"K74-U040": 294.6879236789092}, "K75A-D100": {"K75A-D110": 99.73092782608178}, "K73-D140": {"K73-D150": 193.89756634333926}, "K74-U010": {"K74-U020": 173.83214992269663}, "K75A-D090": {"K75A-D100": 49.27898391524631}, "K75P-U050": {"K75P-U060": 147.29781365433476}, "K74-D050": {"K74-D060": 107.8053619577956}, "K75P-U060": {"K75P-U070": 31.688462462378}, "K74-U020": {"K74-U030": 133.56996017083256}, "K75P-D040": {"K75P-D050": 176.0921051386574}, "K74-U004": {"K74-U007": 97.59997483281903}, "K75P-U040": {"K75P-U050": 104.27971294585572}, "K75A-U020": {"K75A-U030": 137.67684612113865}, "K73-D070": {"K73-D080": 155.62061525166092}, "K74-U011": {"K74-D100": 168.58326435319526}, "K73-D120": {"K73-D130": 105.57414041261684}, "K74-U100": {"K74-D010": 126.06917166890253}, "K74-D070": {"K74-D080": 269.4224105635059}, "K74-U040": {"K74-U050": 223.45814988141737}, "K74-D100": {"K74-D110": 80.74336801452682}, "K73-D080": {"K73-D090": 260.28160059584087}, "K75A-D060": {"K75A-D070": 43.980903340997926}, "K75P-U070": {"K75P-U080": 110.99981618398495}, "K75A-D040": {"K75A-D050": 56.296755148150666}, "K73-D020": {"K73-D030": 87.66659069938626}, "K73-D050": {"K73-D060": 64.29878854327228, "K73-D070": 110.29926727559953}, "K74-D110": {"K74-U002": 171.7785829537893}, "K74-D010": {"K74-D020": 158.66255189920082}, "K74-U070": {"K74-U080": 158.31974577701303}, "K73-D060": {"K73-D070": 32.37775094081504}, "K73-D150": {"K73-D160": 49.51694388203451}, "K74-D040": {"K74-D050": 83.78393194087548}, "K74-U050": {"K74-U060": 219.69403247807674}}