{"K76-U020": {"K76-U030": 134.4639210451307}, "K73-U070": {"K73-U080": 155.41887590496577}, "K76-U040": {"K76-U050": 160.24988723693258}, "K76-D030": {"K76-D040": 59.277101242542315}, "K75P-D050": {"K75P-D060": 84.4460159298951}, "K73-U080": {"K73-U090": 241.50502510622783, "K73-U110": 151.48186865393524}, "K74-D020": {"K74-D030": 145.03112243170332}, "K73-U100": {"K73-U110": 208.1304541451055}, "K76-D010": {"K76-D020": 170.469997127746}, "K75A-D110": {"K75A-U011": 176.7890197736755}, "K75A-D080": {"K75A-D090": 110.11820068606421}, "K75P-U030": {"K75P-U040": 102.22158481707945}, "K75P-D070": {"K75P-D080": 91.57648632953274}, "K75P-U010": {"K75P-U020": 90.06127933948557}, "K75A-D020": {"K75A-D030": 25.010731629642073}, "K74-D030": {"K74-D040": 132.02436368974332}, "K75A-D070": {"K75A-D080": 41.303806204250826}, "K74-U090": {"K74-U100": 187.6483225158382}, "K76-U010": {"K76-U020": 21.646836339287237}, "K74-U060": {"K74-U070": 141.14706900348602}, "K75A-D010": {"K75A-D020": 200.04259199369207}, "K74-D090": {"K74-U011": 80.15529182300335}, "K73-U110": {"K73-U120": 225.3326184632571}, "K73-U050": {"K73-U060": 98.73154897949988}, "K73-U060": {"K73-U070": 123.60620370405616}, "K74-U007": {"K74-U010": 258.13721693965795}, "K73-D030": {"K73-D040": 121.86100408718562}, "K73-D040": {"K73-D050": 75.28746881915883}, "K73-U090": {"K73-U100": 128.5626825327837}, "K75P-U140": {"K75P-D010": 145.58202560648755}, "K73-U030": {"K73-U040": 85.7142497704118}, "K73-U010": {"K73-U020": 63.625218069772885}, "K75P-U110": {"K75P-U120": 86.89089819494208}, "K76-D020": {"K76-D030": 109.30761604687375}, "K75A-U030": {"K75A-D010": 235.20689809765537}, "K75P-D060": {"K75P-D070": 169.19668915208933}, "K73-D110": {"K73-D120": 83.18815768605525}, "K75P-U090": {"K75P-U100": 39.18942787020359}, "K74-U080": {"K74-U090": 210.60967899185658}, "K75P-U120": {"K75P-U130": 66.34340594316465}, "K73-U040": {"K73-U050": 106.4035124540148, "K73-U060": 211.66736749226862}, "K75P-U020": {"K75P-U030": 111.85231207130933}, "K73-D010": {"K73-D020": 74.22679935282699}, "K74-D080": {"K74-D090": 169.63932683662864}, "K74-D060": {"K74-D070": 134.84301377617308}, "K75P-D010": {"K75P-D020": 133.78887571691465}, "K73-D090": {"K73-D100": 76.20095780319258}, "K73-D100": {"K73-D110": 186.73083966115217}, "K75A-U010": {"K75A-U020": 44.093355886324204}, "K73-U020": {"K73-U030": 165.01888561185064}, "K75P-U100": {"K75P-U110": 67.61163708702757}, "K75A-D030": {"K75A-D040": 46.70758386783628}, "K75P-D080": {"K75P-U011": 142.13275276288144}, "K75P-D020": {"K75P-D030": 30.844768241026618}, "K75P-U080": {"K75P-U090": 42.012642444616645}, "K75P-D030": {"K75P-D040": 121.26169278481339}, "K75A-D050": {"K75A-D060": 77.20201737324246}, "K76-U030": {"K76-U040": 163.0854266580546}, "K74-U001": {"K74-U004": 146.8971580731241}, "K75P-U130": {"K75P-U140": 38.87252707266126}, "K73-D130": {"K73-D140": 134.39691831891858}, "K74-U030": {"K74-U040": 291.10745371991504}, "K75A-D100": {"K75A-D110": 99.7984598233534}, "K73-D140": {"K73-D150": 186.67526270465743}, "K74-U010": {"K74-U020": 169.48268299687183}, "K75A-D090": {"K75A-D100": 51.44806343559355}, "K75P-U050": {"K75P-U060": 162.45189136961864}, "K74-D050": {"K74-D060": 101.22940006070542}, "K75P-U060": {"K75P-U070": 29.6402066775619}, "K74-U020": {"K74-U030": 136.16106107586094}, "K75P-D040": {"K75P-D050": 164.62759324247287}, "K74-U004": {"K74-U007": 102.82738368395128}, "K75P-U040": {"K75P-U050": 107.64621854236592}, "K75A-U020": {"K75A-U030": 133.8233367828788}, "K73-D070": {"K73-D080": 155.37934853285142}, "K74-U011": {"K74-D100": 173.7116710785446}, "K73-D120": {"K73-D130": 111.28970918084299}, "K74-U100": {"K74-D010": 120.29148126883271}, "K74-D070": {"K74-D080": 258.249711054807}, "K74-U040": {"K74-U050": 176.7018337966424}, "K74-D100": {"K74-D110": 82.55261040407409}, "K73-D080": {"K73-D090": 263.65569624308336}, "K75A-D060": {"K75A-D070": 44.815571746845954}, "K75P-U070": {"K75P-U080": 108.2533654805122}, "K75A-D040": {"K75A-D050": 52.79024802154172}, "K73-D020": {"K73-D030": 99.07915834319282}, "K73-D050": {"K73-D060": 64.29878854327228, "K73-D070": 103.20738702999999}, "K74-D110": {"K74-U002": 164.85319615914867}, "K74-D010": {"K74-D020": 149.51999773299005}, "K74-U070": {"K74-U080": 157.69396912630208}, "K73-D060": {"K73-D070": 32.37775094081504}, "K73-D150": {"K73-D160": 39.7576217259842}, "K74-D040": {"K74-D050": 78.49618124324121}, "K74-U050": {"K74-U060": 235.89499501997835}}