{"K76-U020": {"K76-U030": 125.99382981920587}, "K73-U070": {"K73-U080": 147.6990089205716}, "K76-U040": {"K76-U050": 144.95056989703943}, "K76-D030": {"K76-D040": 46.15844626026784}, "K75P-D050": {"K75P-D060": 79.19525556986048}, "K73-U080": {"K73-U090": 252.21598328769295, "K73-U110": 137.71078968539587}, "K74-D020": {"K74-D030": 131.84647505570385}, "K73-U100": {"K73-U110": 218.35701171911742}, "K76-D010": {"K76-D020": 154.9727246615875}, "K75A-D110": {"K75A-U011": 149.7497907576721}, "K75A-D080": {"K75A-D090": 91.2652599269016}, "K75P-U030": {"K75P-U040": 95.00768043153037}, "K75P-D070": {"K75P-D080": 80.58328905287847}, "K75P-U010": {"K75P-U020": 84.19047939118903}, "K75A-D020": {"K75A-D030": 22.785156891693237}, "K74-D030": {"K74-D040": 94.08739217493448}, "K75A-D070": {"K75A-D080": 41.34622784826364}, "K74-U090": {"K74-U100": 170.26928478912748}, "K76-U010": {"K76-U020": 12.01056829008327}, "K74-U060": {"K74-U070": 124.02915079825186}, "K75A-D010": {"K75A-D020": 177.77600688972888}, "K74-D090": {"K74-U011": 64.81168406031081}, "K73-U110": {"K73-U120": 181.94306608173287}, "K73-U050": {"K73-U060": 93.92025271952873}, "K73-U060": {"K73-U070": 120.5173312553126}, "K74-U007": {"K74-U010": 211.19263774574765}, "K73-D030": {"K73-D040": 102.40692072899006}, "K73-D040": {"K73-D050": 73.57588484261426}, "K73-U090": {"K73-U100": 110.76291704889846}, "K75P-U140": {"K75P-D010": 129.32168649738162}, "K73-U030": {"K73-U040": 81.31600275316084}, "K73-U010": {"K73-U020": 59.71883931106265}, "K75P-U110": {"K75P-U120": 75.31648178195644}, "K76-D020": {"K76-D030": 112.5081065606884}, "K75A-U030": {"K75A-D010": 211.1116941811164}, "K75P-D060": {"K75P-D070": 149.71611780007674}, "K73-D110": {"K73-D120": 61.81874762430643}, "K75P-U090": {"K75P-U100": 36.58313899864261}, "K74-U080": {"K74-U090": 205.60113391610304}, "K75P-U120": {"K75P-U130": 55.55568681682348}, "K73-U040": {"K73-U050": 97.10916155788546, "K73-U060": 182.3348659524063}, "K75P-U020": {"K75P-U030": 95.15784972243793}, "K73-D010": {"K73-D020": 67.50962946151718}, "K74-D080": {"K74-D090": 161.66323305119488}, "K74-D060": {"K74-D070": 129.73032064796064}, "K75P-D010": {"K75P-D020": 121.44082455674945}, "K73-D090": {"K73-D100": 71.3367600471232}, "K73-D100": {"K73-D110": 172.17447399974023}, "K75A-U010": {"K75A-U020": 37.08878407406952}, "K73-U020": {"K73-U030": 147.65167977167795}, "K75P-U100": {"K75P-U110": 60.650306916015495}, "K75A-D030": {"K75A-D040": 39.90706801666811}, "K75P-D080": {"K75P-U011": 129.04326220855108}, "K75P-D020": {"K75P-D030": 28.42711737681218}, "K75P-U080": {"K75P-U090": 37.782226807624525}, "K75P-D030": {"K75P-D040": 103.92013891207503}, "K75A-D050": {"K75A-D060": 61.30156922090358}, "K76-U030": {"K76-U040": 148.25947878004982}, "K74-U001": {"K74-U004": 142.5459141195183}, "K75P-U130": {"K75P-U140": 31.467936001506168}, "K73-D130": {"K73-D140": 125.1426656905179}, "K74-U030": {"K74-U040": 260.7330141187181}, "K75A-D100": {"K75A-D110": 88.06216159711077}, "K73-D140": {"K73-D150": 168.59478150390086}, "K74-U010": {"K74-U020": 146.36923227566518}, "K75A-D090": {"K75A-D100": 44.13507738247702}, "K75P-U050": {"K75P-U060": 136.62563257833472}, "K74-D050": {"K74-D060": 98.49482061516758}, "K75P-U060": {"K75P-U070": 25.0624575880215}, "K74-U020": {"K74-U030": 121.31938203576513}, "K75P-D040": {"K75P-D050": 154.54997349294794}, "K74-U004": {"K74-U007": 85.39791173177318}, "K75P-U040": {"K75P-U050": 93.99329130518451}, "K75A-U020": {"K75A-U030": 122.83555888944417}, "K73-D070": {"K73-D080": 141.5642901289108}, "K74-U011": {"K74-D100": 150.44010474263894}, "K73-D120": {"K73-D130": 102.05194298226546}, "K74-U100": {"K74-D010": 105.98814854055459}, "K74-D070": {"K74-D080": 237.03704395357659}, "K74-U040": {"K74-U050": 142.24743717799714}, "K74-D100": {"K74-D110": 78.1345023460469}, "K73-D080": {"K73-D090": 237.0186788571312}, "K75A-D060": {"K75A-D070": 37.38897165144057}, "K75P-U070": {"K75P-U080": 92.093244659573}, "K75A-D040": {"K75A-D050": 41.93587716996289}, "K73-D020": {"K73-D030": 95.57460652857941}, "K73-D050": {"K73-D060": 67.4734163029684}, "K74-D110": {"K74-U002": 148.50700641225416}, "K74-D010": {"K74-D020": 134.1713679677831}, "K74-U070": {"K74-U080": 139.36376169626584}, "K73-D060": {"K73-D070": 25.81223845243816}, "K73-D150": {"K73-D160": 41.572566085407736}, "K74-D040": {"K74-D050": 72.08317501228024}, "K74-U050": {"K74-U060": 200.60581475835733}}