{"K76-U020": {"K76-U030": 124.53752894061763}, "K73-U070": {"K73-U080": 151.1147967368298}, "K76-U040": {"K76-U050": 177.45086779572384}, "K76-D030": {"K76-D040": 51.58295612523202}, "K75P-D050": {"K75P-D060": 83.95714561289353}, "K73-U080": {"K73-U090": 241.8218769721961, "K73-U110": 151.48186865393524}, "K74-D020": {"K74-D030": 145.0311224563218}, "K73-U100": {"K73-U110": 218.70166785753545}, "K76-D010": {"K76-D020": 170.469997127746}, "K75A-D110": {"K75A-U011": 176.7890197736755}, "K75A-D080": {"K75A-D090": 107.1363806174578}, "K75P-U030": {"K75P-U040": 100.33348370183435}, "K75P-D070": {"K75P-D080": 91.64015853422936}, "K75P-U010": {"K75P-U020": 90.06127933948557}, "K75A-D020": {"K75A-D030": 25.010731629642073}, "K74-D030": {"K74-D040": 131.03192732076897}, "K75A-D070": {"K75A-D080": 39.70342558382574}, "K74-U090": {"K74-U100": 187.6483225158382}, "K76-U010": {"K76-U020": 16.75153538998572}, "K74-U060": {"K74-U070": 137.37236210313742}, "K75A-D010": {"K75A-D020": 202.84449951489057}, "K74-D090": {"K74-U011": 81.18378637663272}, "K73-U110": {"K73-U120": 225.82776097374298}, "K73-U050": {"K73-U060": 97.6806278212144}, "K73-U060": {"K73-U070": 132.44275418017673}, "K74-U007": {"K74-U010": 261.077145721123}, "K73-D030": {"K73-D040": 122.13741331062036}, "K73-D040": {"K73-D050": 75.23884974351866}, "K73-U090": {"K73-U100": 118.82979540878345}, "K75P-U140": {"K75P-D010": 145.58202560648755}, "K73-U030": {"K73-U040": 85.44693959012109}, "K73-U010": {"K73-U020": 63.625218069772885}, "K75P-U110": {"K75P-U120": 86.10228615485642}, "K76-D020": {"K76-D030": 112.67535209817092}, "K75A-U030": {"K75A-D010": 235.20689809765537}, "K75P-D060": {"K75P-D070": 160.4751839774172}, "K73-D110": {"K73-D120": 76.49040772570474}, "K75P-U090": {"K75P-U100": 40.24669291737842}, "K74-U080": {"K74-U090": 214.2987110926709}, "K75P-U120": {"K75P-U130": 68.92994293256702}, "K73-U040": {"K73-U050": 86.6621618481067, "K73-U060": 214.92063074304173}, "K75P-U020": {"K75P-U030": 111.5570808641784}, "K73-D010": {"K73-D020": 74.10470747578987}, "K74-D080": {"K74-D090": 169.63932683662864}, "K74-D060": {"K74-D070": 132.46871239855577}, "K75P-D010": {"K75P-D020": 132.99279039763078}, "K73-D090": {"K73-D100": 81.0228505732072}, "K73-D100": {"K73-D110": 186.73083966115217}, "K75A-U010": {"K75A-U020": 44.74402029769179}, "K73-U020": {"K73-U030": 167.09386761103912}, "K75P-U100": {"K75P-U110": 65.6628150927988}, "K75A-D030": {"K75A-D040": 47.64682548105265}, "K75P-D080": {"K75P-U011": 142.9903490877265}, "K75P-D020": {"K75P-D030": 30.693262275231564}, "K75P-U080": {"K75P-U090": 42.32137820015498}, "K75P-D030": {"K75P-D040": 117.82552350633208}, "K75A-D050": {"K75A-D060": 82.2786340723264}, "K76-U030": {"K76-U040": 163.0854266580546}, "K74-U001": {"K74-U004": 144.5274422658117}, "K75P-U130": {"K75P-U140": 34.25874692885562}, "K73-D130": {"K73-D140": 133.49722648702672}, "K74-U030": {"K74-U040": 293.78670834792354}, "K75A-D100": {"K75A-D110": 98.17627721122463}, "K73-D140": {"K73-D150": 186.67526270465743}, "K74-U010": {"K74-U020": 169.48268299687183}, "K75A-D090": {"K75A-D100": 51.44806343559355}, "K75P-U050": {"K75P-U060": 162.45189136961864}, "K74-D050": {"K74-D060": 101.22940006070542}, "K75P-U060": {"K75P-U070": 30.530910667942624}, "K74-U020": {"K74-U030": 135.77701352430262}, "K75P-D040": {"K75P-D050": 163.55591547376275}, "K74-U004": {"K74-U007": 104.31464531555616}, "K75P-U040": {"K75P-U050": 106.23159668812931}, "K75A-U020": {"K75A-U030": 133.8233367828788}, "K73-D070": {"K73-D080": 155.37934853285142}, "K74-U011": {"K74-D100": 175.81050397069015}, "K73-D120": {"K73-D130": 111.28970918084299}, "K74-U100": {"K74-D010": 120.29148126883271}, "K74-D070": {"K74-D080": 258.249711054807}, "K74-U040": {"K74-U050": 176.85165041697817}, "K74-D100": {"K74-D110": 81.00734936366669}, "K73-D080": {"K73-D090": 263.65569624308336}, "K75A-D060": {"K75A-D070": 42.75401457216135}, "K75P-U070": {"K75P-U080": 105.76590278258763}, "K75A-D040": {"K75A-D050": 52.79024802154172}, "K73-D020": {"K73-D030": 93.10211825798618}, "K73-D050": {"K73-D060": 64.29878854327228, "K73-D070": 103.34298349429999}, "K74-D110": {"K74-U002": 165.96787654323379}, "K74-D010": {"K74-D020": 149.51999773299005}, "K74-U070": {"K74-U080": 157.10457221367187}, "K73-D060": {"K73-D070": 32.37775094081504}, "K73-D150": {"K73-D160": 40.3546735980472}, "K74-D040": {"K74-D050": 78.49618124324121}, "K74-U050": {"K74-U060": 235.89499501997835}}