{"K76-U020": {"K76-U030": 149.91245928801996}, "K73-U070": {"K73-U080": 152.44613999504946}, "K76-U040": {"K76-U050": 175.8397032040289}, "K76-D030": {"K76-D040": 46.91101176482418}, "K75P-D050": {"K75P-D060": 89.47837413184575}, "K73-U080": {"K73-U090": 270.1919634855152, "K73-U110": 151.48186865393524}, "K74-D020": {"K74-D030": 145.03112256127406}, "K73-U100": {"K73-U110": 246.7498334052023}, "K76-D010": {"K76-D020": 170.469997127746}, "K75A-D110": {"K75A-U011": 174.27391715396985}, "K75A-D080": {"K75A-D090": 112.740295653779}, "K75P-U030": {"K75P-U040": 104.02121341659605}, "K75P-D070": {"K75P-D080": 94.1552784719966}, "K75P-U010": {"K75P-U020": 94.914759691169}, "K75A-D020": {"K75A-D030": 23.278769534351188}, "K74-D030": {"K74-D040": 133.15637845217103}, "K75A-D070": {"K75A-D080": 46.57290839354694}, "K74-U090": {"K74-U100": 193.06240560032106}, "K76-U010": {"K76-U020": 8.378429267857399}, "K74-U060": {"K74-U070": 149.0019615853965}, "K75A-D010": {"K75A-D020": 203.90797457382672}, "K74-D090": {"K74-U011": 78.26460308903486}, "K73-U110": {"K73-U120": 231.44269496615544}, "K73-U050": {"K73-U060": 109.50876670871601}, "K73-U060": {"K73-U070": 135.8091350144202}, "K74-U007": {"K74-U010": 260.00351927573905}, "K73-D030": {"K73-D040": 108.61327322195432}, "K73-D040": {"K73-D050": 79.44908659359423}, "K73-U090": {"K73-U100": 109.22472961994231}, "K75P-U140": {"K75P-D010": 143.79124594253864}, "K73-U030": {"K73-U040": 91.2341813164201}, "K73-U010": {"K73-U020": 62.44498037971523}, "K75P-U110": {"K75P-U120": 79.29752554289348}, "K76-D020": {"K76-D030": 117.13144274285483}, "K75A-U030": {"K75A-D010": 227.65476976245577}, "K75P-D060": {"K75P-D070": 176.49900120585372}, "K73-D110": {"K73-D120": 78.25152509910858}, "K75P-U090": {"K75P-U100": 40.397892485345004}, "K74-U080": {"K74-U090": 225.51595549670014}, "K75P-U120": {"K75P-U130": 64.85287462766777}, "K73-U040": {"K73-U050": 103.89344379493973, "K73-U060": 224.859132091355}, "K75P-U020": {"K75P-U030": 103.86138999550833}, "K73-D010": {"K73-D020": 77.41066002878658}, "K74-D080": {"K74-D090": 166.6552990046917}, "K74-D060": {"K74-D070": 155.2571107268521}, "K75P-D010": {"K75P-D020": 131.01502610486014}, "K73-D090": {"K73-D100": 84.53430695540096}, "K73-D100": {"K73-D110": 189.151822648713}, "K75A-U010": {"K75A-U020": 46.68326204828752}, "K73-U020": {"K73-U030": 176.47408129156764}, "K75P-U100": {"K75P-U110": 66.79897089012374}, "K75A-D030": {"K75A-D040": 46.71151589470577}, "K75P-D080": {"K75P-U011": 143.3219274765457}, "K75P-D020": {"K75P-D030": 34.624970233200536}, "K75P-U080": {"K75P-U090": 39.04395684826538}, "K75P-D030": {"K75P-D040": 116.67689709516166}, "K75A-D050": {"K75A-D060": 72.38010009266569}, "K76-U030": {"K76-U040": 163.0854266580546}, "K74-U001": {"K74-U004": 155.5257797407873}, "K75P-U130": {"K75P-U140": 36.34527814932654}, "K73-D130": {"K73-D140": 142.48756849019952}, "K74-U030": {"K74-U040": 289.70369208560993}, "K75A-D100": {"K75A-D110": 95.9925122643455}, "K73-D140": {"K73-D150": 196.7177115893065}, "K74-U010": {"K74-U020": 162.8577764776152}, "K75A-D090": {"K75A-D100": 50.95843204645963}, "K75P-U050": {"K75P-U060": 159.67893212363504}, "K74-D050": {"K74-D060": 106.18237625779156}, "K75P-U060": {"K75P-U070": 27.12328479989539}, "K74-U020": {"K74-U030": 130.26245086808325}, "K75P-D040": {"K75P-D050": 173.51789136964328}, "K74-U004": {"K74-U007": 86.27693182512817}, "K75P-U040": {"K75P-U050": 106.22503097865805}, "K75A-U020": {"K75A-U030": 140.6186312540986}, "K73-D070": {"K73-D080": 150.49035032916134}, "K74-U011": {"K74-D100": 169.18863819605812}, "K73-D120": {"K73-D130": 112.14956080956676}, "K74-U100": {"K74-D010": 121.95045933976203}, "K74-D070": {"K74-D080": 269.6266103530521}, "K74-U040": {"K74-U050": 191.79124107803818}, "K74-D100": {"K74-D110": 83.4800049952166}, "K73-D080": {"K73-D090": 267.84366410324344}, "K75A-D060": {"K75A-D070": 47.02297172599396}, "K75P-U070": {"K75P-U080": 99.57595876780216}, "K75A-D040": {"K75A-D050": 56.58501964338679}, "K73-D020": {"K73-D030": 101.36081483319981}, "K73-D050": {"K73-D060": 64.29878854327228, "K73-D070": 107.5634628273493}, "K74-D110": {"K74-U002": 166.31818441787127}, "K74-D010": {"K74-D020": 160.30586030106568}, "K74-U070": {"K74-U080": 157.9511733555401}, "K73-D060": {"K73-D070": 32.37775094081504}, "K73-D150": {"K73-D160": 46.500661776420586}, "K74-D040": {"K74-D050": 85.662368670272}, "K74-U050": {"K74-U060": 210.83084470886615}}