{"K76-U020": {"K76-U030": 136.43198879911162}, "K73-U070": {"K73-U080": 149.4462990583858}, "K76-U040": {"K76-U050": 148.026235670579}, "K76-D030": {"K76-D040": 46.33087705283366}, "K75P-D050": {"K75P-D060": 79.14644135219868}, "K73-U080": {"K73-U090": 237.56929797776166, "K73-U110": 137.71078968539587}, "K74-D020": {"K74-D030": 131.84647505570385}, "K73-U100": {"K73-U110": 208.96413362868225}, "K76-D010": {"K76-D020": 154.9727246615875}, "K75A-D110": {"K75A-U011": 153.75707090603638}, "K75A-D080": {"K75A-D090": 86.08949571046817}, "K75P-U030": {"K75P-U040": 100.01899113246711}, "K75P-D070": {"K75P-D080": 89.68920529578949}, "K75P-U010": {"K75P-U020": 82.95290765778421}, "K75A-D020": {"K75A-D030": 22.202658892785216}, "K74-D030": {"K74-D040": 103.60429389108799}, "K75A-D070": {"K75A-D080": 40.93222373096928}, "K74-U090": {"K74-U100": 173.52128508366758}, "K76-U010": {"K76-U020": 13.201541363017492}, "K74-U060": {"K74-U070": 127.91574653095215}, "K75A-D010": {"K75A-D020": 174.49914900161406}, "K74-D090": {"K74-U011": 75.9184353882178}, "K73-U110": {"K73-U120": 185.42071398110892}, "K73-U050": {"K73-U060": 85.85897749513677}, "K73-U060": {"K73-U070": 125.95684589206444}, "K74-U007": {"K74-U010": 237.94716208148787}, "K73-D030": {"K73-D040": 95.20009560259903}, "K73-D040": {"K73-D050": 72.58580659762167}, "K73-U090": {"K73-U100": 137.704830777141}, "K75P-U140": {"K75P-D010": 128.13730852172836}, "K73-U030": {"K73-U040": 76.00172683736247}, "K73-U010": {"K73-U020": 60.91034575721983}, "K75P-U110": {"K75P-U120": 76.09077359469714}, "K76-D020": {"K76-D030": 111.20835812647333}, "K75A-U030": {"K75A-D010": 200.03043179027446}, "K75P-D060": {"K75P-D070": 151.70508053096665}, "K73-D110": {"K73-D120": 61.653647105970435}, "K75P-U090": {"K75P-U100": 41.48326779335299}, "K74-U080": {"K74-U090": 207.15937778286124}, "K75P-U120": {"K75P-U130": 52.662813659610606}, "K73-U040": {"K73-U050": 94.12710714729182, "K73-U060": 189.0323826122364}, "K75P-U020": {"K75P-U030": 98.58277620416884}, "K73-D010": {"K73-D020": 71.07030491005057}, "K74-D080": {"K74-D090": 152.29216600503923}, "K74-D060": {"K74-D070": 135.58375711407112}, "K75P-D010": {"K75P-D020": 116.30007081986294}, "K73-D090": {"K73-D100": 73.36822160275861}, "K73-D100": {"K73-D110": 171.5424910671}, "K75A-U010": {"K75A-U020": 39.358386880659765}, "K73-U020": {"K73-U030": 160.72886434110742}, "K75P-U100": {"K75P-U110": 56.78770689086773}, "K75A-D030": {"K75A-D040": 39.53810437822462}, "K75P-D080": {"K75P-U011": 134.1724129831253}, "K75P-D020": {"K75P-D030": 31.43633544872505}, "K75P-U080": {"K75P-U090": 41.4593027419754}, "K75P-D030": {"K75P-D040": 108.28203357824734}, "K75A-D050": {"K75A-D060": 69.6597988639569}, "K76-U030": {"K76-U040": 148.25947878004982}, "K74-U001": {"K74-U004": 135.51034139024435}, "K75P-U130": {"K75P-U140": 32.9849856889761}, "K73-D130": {"K73-D140": 129.61062598816264}, "K74-U030": {"K74-U040": 254.3744833698916}, "K75A-D100": {"K75A-D110": 84.43038305503661}, "K73-D140": {"K73-D150": 181.51395221269763}, "K74-U010": {"K74-U020": 142.83911689302766}, "K75A-D090": {"K75A-D100": 44.08923652196786}, "K75P-U050": {"K75P-U060": 133.2446225943962}, "K74-D050": {"K74-D060": 96.03350703920808}, "K75P-U060": {"K75P-U070": 24.093754488843704}, "K74-U020": {"K74-U030": 116.11013063065839}, "K75P-D040": {"K75P-D050": 152.52085072114176}, "K74-U004": {"K74-U007": 88.66925400460948}, "K75P-U040": {"K75P-U050": 94.08287364303193}, "K75A-U020": {"K75A-U030": 114.68250789764605}, "K73-D070": {"K73-D080": 149.26676960272832}, "K74-U011": {"K74-D100": 157.86894520484287}, "K73-D120": {"K73-D130": 101.55511009166179}, "K74-U100": {"K74-D010": 102.09049361428848}, "K74-D070": {"K74-D080": 232.0080031872425}, "K74-U040": {"K74-U050": 150.06234712218068}, "K74-D100": {"K74-D110": 78.0554226768486}, "K73-D080": {"K73-D090": 229.05203787471805}, "K75A-D060": {"K75A-D070": 36.122371618310794}, "K75P-U070": {"K75P-U080": 94.69005569736834}, "K75A-D040": {"K75A-D050": 46.47864973435402}, "K73-D020": {"K73-D030": 78.3304074512852}, "K73-D050": {"K73-D060": 63.837033362632226}, "K74-D110": {"K74-U002": 152.94346836904828}, "K74-D010": {"K74-D020": 139.40244627930065}, "K74-U070": {"K74-U080": 142.2247714238909}, "K73-D060": {"K73-D070": 27.256058117079125}, "K73-D150": {"K73-D160": 43.164622697323374}, "K74-D040": {"K74-D050": 69.98598135909586}, "K74-U050": {"K74-U060": 196.0486808840356}}