{"K76-U020": {"K76-U030": 149.5243150360575}, "K73-U070": {"K73-U080": 155.81988872608497}, "K76-U040": {"K76-U050": 179.70222367733518}, "K76-D030": {"K76-D040": 55.32906070155102}, "K75P-D050": {"K75P-D060": 83.08991984941471}, "K73-U080": {"K73-U090": 244.8737851233001, "K73-U110": 151.48186865393524}, "K74-D020": {"K74-D030": 145.03112256127412}, "K73-U100": {"K73-U110": 223.50416614104105}, "K76-D010": {"K76-D020": 170.469997127746}, "K75A-D110": {"K75A-U011": 195.04254704527574}, "K75A-D080": {"K75A-D090": 104.3069701101733}, "K75P-U030": {"K75P-U040": 108.46662827994037}, "K75P-D070": {"K75P-D080": 92.05670063411132}, "K75P-U010": {"K75P-U020": 93.19756703340788}, "K75A-D020": {"K75A-D030": 25.634595544419568}, "K74-D030": {"K74-D040": 126.10402069962633}, "K75A-D070": {"K75A-D080": 40.309968190207}, "K74-U090": {"K74-U100": 199.72132731913132}, "K76-U010": {"K76-U020": 18.614420690902534}, "K74-U060": {"K74-U070": 137.8026004737899}, "K75A-D010": {"K75A-D020": 206.9333006528321}, "K74-D090": {"K74-U011": 73.38995214471953}, "K73-U110": {"K73-U120": 182.73057831123933}, "K73-U050": {"K73-U060": 97.04004134357379}, "K73-U060": {"K73-U070": 148.13935069379338}, "K74-U007": {"K74-U010": 249.54328599469244}, "K73-D030": {"K73-D040": 111.18014453391929}, "K73-D040": {"K73-D050": 80.80398163362617}, "K73-U090": {"K73-U100": 109.09407144378233}, "K75P-U140": {"K75P-D010": 145.0481908643876}, "K73-U030": {"K73-U040": 96.66639848308226}, "K73-U010": {"K73-U020": 65.57701621239346}, "K75P-U110": {"K75P-U120": 90.39636193895322}, "K76-D020": {"K76-D030": 119.34038953965926}, "K75A-U030": {"K75A-D010": 226.76267491061043}, "K75P-D060": {"K75P-D070": 170.70107974037506}, "K73-D110": {"K73-D120": 80.82409235393811}, "K75P-U090": {"K75P-U100": 43.554846221509486}, "K74-U080": {"K74-U090": 217.07736577717537}, "K75P-U120": {"K75P-U130": 63.17828433485621}, "K73-U040": {"K73-U050": 101.70892794093938, "K73-U060": 209.66686211492066}, "K75P-U020": {"K75P-U030": 114.76085865356922}, "K73-D010": {"K73-D020": 80.91925266806334}, "K74-D080": {"K74-D090": 169.86175059532496}, "K74-D060": {"K74-D070": 154.39566790207175}, "K75P-D010": {"K75P-D020": 138.25581951231797}, "K73-D090": {"K73-D100": 80.14590282980335}, "K73-D100": {"K73-D110": 173.78563589224223}, "K75A-U010": {"K75A-U020": 42.7968765806574}, "K73-U020": {"K73-U030": 172.73270300369757}, "K75P-U100": {"K75P-U110": 63.39336512350027}, "K75A-D030": {"K75A-D040": 46.80871114073237}, "K75P-D080": {"K75P-U011": 139.66790855321568}, "K75P-D020": {"K75P-D030": 36.44010018114314}, "K75P-U080": {"K75P-U090": 45.14186902982605}, "K75P-D030": {"K75P-D040": 132.24795002718707}, "K75A-D050": {"K75A-D060": 76.55604898563652}, "K76-U030": {"K76-U040": 163.0854266580546}, "K74-U001": {"K74-U004": 157.0761778719336}, "K75P-U130": {"K75P-U140": 37.06531337797723}, "K73-D130": {"K73-D140": 140.088932576512}, "K74-U030": {"K74-U040": 288.40935311732414}, "K75A-D100": {"K75A-D110": 97.38318562654511}, "K73-D140": {"K73-D150": 185.65364158099288}, "K74-U010": {"K74-U020": 160.33560023360164}, "K75A-D090": {"K75A-D100": 41.93205785903611}, "K75P-U050": {"K75P-U060": 149.31501820714024}, "K74-D050": {"K74-D060": 99.48939801599954}, "K75P-U060": {"K75P-U070": 33.381999127134485}, "K74-U020": {"K74-U030": 132.79157952510502}, "K75P-D040": {"K75P-D050": 166.1624683648957}, "K74-U004": {"K74-U007": 94.99184559297598}, "K75P-U040": {"K75P-U050": 102.8879718415322}, "K75A-U020": {"K75A-U030": 150.6577173323622}, "K73-D070": {"K73-D080": 153.72101989128944}, "K74-U011": {"K74-D100": 165.193510379175}, "K73-D120": {"K73-D130": 109.48282976531588}, "K74-U100": {"K74-D010": 118.174220698402}, "K74-D070": {"K74-D080": 261.8666324396493}, "K74-U040": {"K74-U050": 193.7755260676465}, "K74-D100": {"K74-D110": 85.94921442295487}, "K73-D080": {"K73-D090": 267.42171045640464}, "K75A-D060": {"K75A-D070": 42.575778368202144}, "K75P-U070": {"K75P-U080": 112.02557537695884}, "K75A-D040": {"K75A-D050": 59.208892222982776}, "K73-D020": {"K73-D030": 87.74743947626614}, "K73-D050": {"K73-D060": 64.29878854327228, "K73-D070": 108.52820171055194}, "K74-D110": {"K74-U002": 166.29008512133277}, "K74-D010": {"K74-D020": 160.84660090243798}, "K74-U070": {"K74-U080": 160.01401932717087}, "K73-D060": {"K73-D070": 32.37775094081504}, "K73-D150": {"K73-D160": 42.38450791764222}, "K74-D040": {"K74-D050": 85.97360782121994}, "K74-U050": {"K74-U060": 229.5282991515316}}