{"K76-U020": {"K76-U030": 134.6553128591607}, "K73-U070": {"K73-U080": 137.70382247295967}, "K76-U040": {"K76-U050": 167.74569747641414}, "K76-D030": {"K76-D040": 47.17181255341945}, "K75P-D050": {"K75P-D060": 70.97929436511576}, "K73-U080": {"K73-U090": 212.52949634553073, "K73-U110": 137.71078968539587}, "K74-D020": {"K74-D030": 131.84647505570385}, "K73-U100": {"K73-U110": 220.24262404554094}, "K76-D010": {"K76-D020": 154.9727246615875}, "K75A-D110": {"K75A-U011": 161.82810531569663}, "K75A-D080": {"K75A-D090": 89.21937523186291}, "K75P-U030": {"K75P-U040": 98.67447435873365}, "K75P-D070": {"K75P-D080": 78.626674161694}, "K75P-U010": {"K75P-U020": 84.1905245379337}, "K75A-D020": {"K75A-D030": 18.268669529641638}, "K74-D030": {"K74-D040": 106.9515971108081}, "K75A-D070": {"K75A-D080": 33.57339602130763}, "K74-U090": {"K74-U100": 171.00660846875422}, "K76-U010": {"K76-U020": 14.123615770293195}, "K74-U060": {"K74-U070": 136.2630546079013}, "K75A-D010": {"K75A-D020": 177.52734679635208}, "K74-D090": {"K74-U011": 62.56096798357142}, "K73-U110": {"K73-U120": 190.0250042655926}, "K73-U050": {"K73-U060": 98.71218434198563}, "K73-U060": {"K73-U070": 135.48418322802772}, "K74-U007": {"K74-U010": 231.42327748350317}, "K73-D030": {"K73-D040": 94.13624260222434}, "K73-D040": {"K73-D050": 72.53861592054182}, "K73-U090": {"K73-U100": 94.62641102842342}, "K75P-U140": {"K75P-D010": 128.07178488487634}, "K73-U030": {"K73-U040": 75.95819396429917}, "K73-U010": {"K73-U020": 61.4806745318828}, "K75P-U110": {"K75P-U120": 77.19285618311422}, "K76-D020": {"K76-D030": 112.25861523840453}, "K75A-U030": {"K75A-D010": 198.9409431697016}, "K75P-D060": {"K75P-D070": 151.99194766623134}, "K73-D110": {"K73-D120": 53.19451772036017}, "K75P-U090": {"K75P-U100": 36.62542577209932}, "K74-U080": {"K74-U090": 215.74574225863375}, "K75P-U120": {"K75P-U130": 55.29976397855778}, "K73-U040": {"K73-U050": 90.7178020188841, "K73-U060": 192.1411951073376}, "K75P-U020": {"K75P-U030": 95.37246998800029}, "K73-D010": {"K73-D020": 80.24250840646106}, "K74-D080": {"K74-D090": 146.53687280760616}, "K74-D060": {"K74-D070": 135.21280346930362}, "K75P-D010": {"K75P-D020": 111.97610794517668}, "K73-D090": {"K73-D100": 65.76230054230913}, "K73-D100": {"K73-D110": 166.2052707474533}, "K75A-U010": {"K75A-U020": 35.992874747250355}, "K73-U020": {"K73-U030": 153.11700400502673}, "K75P-U100": {"K75P-U110": 55.135291498153926}, "K75A-D030": {"K75A-D040": 39.745552672546204}, "K75P-D080": {"K75P-U011": 124.79862735645432}, "K75P-D020": {"K75P-D030": 31.916097055042247}, "K75P-U080": {"K75P-U090": 41.13257115197667}, "K75P-D030": {"K75P-D040": 106.46751849651795}, "K75A-D050": {"K75A-D060": 66.91262638489486}, "K76-U030": {"K76-U040": 148.25947878004982}, "K74-U001": {"K74-U004": 148.05874853602572}, "K75P-U130": {"K75P-U140": 32.2400218548887}, "K73-D130": {"K73-D140": 129.3994054473307}, "K74-U030": {"K74-U040": 254.9568046043874}, "K75A-D100": {"K75A-D110": 82.66986606606653}, "K73-D140": {"K73-D150": 165.6925575193905}, "K74-U010": {"K74-U020": 157.49754020029437}, "K75A-D090": {"K75A-D100": 37.41494018838357}, "K75P-U050": {"K75P-U060": 142.41612611540617}, "K74-D050": {"K74-D060": 100.83565845521898}, "K75P-U060": {"K75P-U070": 27.955975300825013}, "K74-U020": {"K74-U030": 111.70954189800234}, "K75P-D040": {"K75P-D050": 145.33121365978133}, "K74-U004": {"K74-U007": 89.78072495433908}, "K75P-U040": {"K75P-U050": 94.76061242174902}, "K75A-U020": {"K75A-U030": 122.40463235272459}, "K73-D070": {"K73-D080": 132.50208547611842}, "K74-U011": {"K74-D100": 148.8978768428612}, "K73-D120": {"K73-D130": 102.59107389894594}, "K74-U100": {"K74-D010": 102.75799347083007}, "K74-D070": {"K74-D080": 235.06168862294234}, "K74-U040": {"K74-U050": 150.06789220707086}, "K74-D100": {"K74-D110": 75.30269445935485}, "K73-D080": {"K73-D090": 221.19446989465268}, "K75A-D060": {"K75A-D070": 35.83920038682066}, "K75P-U070": {"K75P-U080": 90.54002795766037}, "K75A-D040": {"K75A-D050": 45.48424972790427}, "K73-D020": {"K73-D030": 92.42672355490576}, "K73-D050": {"K73-D060": 63.28074287381403}, "K74-D110": {"K74-U002": 156.4773323605204}, "K74-D010": {"K74-D020": 131.57828629333758}, "K74-U070": {"K74-U080": 140.8059245908306}, "K73-D060": {"K73-D070": 24.783004363139653}, "K73-D150": {"K73-D160": 39.50877766168154}, "K74-D040": {"K74-D050": 70.22632530488991}, "K74-U050": {"K74-U060": 196.23891259500493}}