{"K76-U020": {"K76-U030": 145.83789306140838}, "K73-U070": {"K73-U080": 153.9698550879351}, "K76-U040": {"K76-U050": 160.038204462485}, "K76-D030": {"K76-D040": 56.94612452463811}, "K75P-D050": {"K75P-D060": 91.00256230407896}, "K73-U080": {"K73-U090": 229.87199627543788, "K73-U110": 151.48186865393524}, "K74-D020": {"K74-D030": 145.03112256127412}, "K73-U100": {"K73-U110": 231.03354786192648}, "K76-D010": {"K76-D020": 170.469997127746}, "K75A-D110": {"K75A-U011": 166.35336944283898}, "K75A-D080": {"K75A-D090": 108.26011905271018}, "K75P-U030": {"K75P-U040": 111.09152935549362}, "K75P-D070": {"K75P-D080": 98.69919601429841}, "K75P-U010": {"K75P-U020": 98.73805029752916}, "K75A-D020": {"K75A-D030": 23.638587035258887}, "K74-D030": {"K74-D040": 127.76135406534127}, "K75A-D070": {"K75A-D080": 50.29943826330461}, "K74-U090": {"K74-U100": 193.387911597915}, "K76-U010": {"K76-U020": 24.16438597635311}, "K74-U060": {"K74-U070": 134.93915592410048}, "K75A-D010": {"K75A-D020": 197.70421681725867}, "K74-D090": {"K74-U011": 69.56714133504465}, "K73-U110": {"K73-U120": 216.14364218300503}, "K73-U050": {"K73-U060": 103.279813453711}, "K73-U060": {"K73-U070": 135.80475873215894}, "K74-U007": {"K74-U010": 243.4994589813635}, "K73-D030": {"K73-D040": 108.56618940010272}, "K73-D040": {"K73-D050": 85.70884598601359}, "K73-U090": {"K73-U100": 143.33657109490284}, "K75P-U140": {"K75P-D010": 145.71672735227816}, "K73-U030": {"K73-U040": 93.72257725700703}, "K73-U010": {"K73-U020": 65.12645016608458}, "K75P-U110": {"K75P-U120": 80.85755512912522}, "K76-D020": {"K76-D030": 120.72871617393193}, "K75A-U030": {"K75A-D010": 233.81886089169}, "K75P-D060": {"K75P-D070": 179.99209943428502}, "K73-D110": {"K73-D120": 76.66484977857195}, "K75P-U090": {"K75P-U100": 40.30654261697541}, "K74-U080": {"K74-U090": 224.55782199829687}, "K75P-U120": {"K75P-U130": 67.43547154716077}, "K73-U040": {"K73-U050": 91.38399413430837, "K73-U060": 193.421424992788}, "K75P-U020": {"K75P-U030": 105.0995836671542}, "K73-D010": {"K73-D020": 77.0052394032974}, "K74-D080": {"K74-D090": 154.12347404015043}, "K74-D060": {"K74-D070": 141.25075276838484}, "K75P-D010": {"K75P-D020": 136.78756406064906}, "K73-D090": {"K73-D100": 77.920264755638}, "K73-D100": {"K73-D110": 187.69401506942873}, "K75A-U010": {"K75A-U020": 38.97174258478536}, "K73-U020": {"K73-U030": 181.54786804653418}, "K75P-U100": {"K75P-U110": 63.0595366064028}, "K75A-D030": {"K75A-D040": 46.94978765182141}, "K75P-D080": {"K75P-U011": 147.0784377322313}, "K75P-D020": {"K75P-D030": 36.79810928909177}, "K75P-U080": {"K75P-U090": 44.6186213320958}, "K75P-D030": {"K75P-D040": 131.68854174079985}, "K75A-D050": {"K75A-D060": 82.73533325909074}, "K76-U030": {"K76-U040": 163.0854266580546}, "K74-U001": {"K74-U004": 159.855339697523}, "K75P-U130": {"K75P-U140": 38.23041529297205}, "K73-D130": {"K73-D140": 138.4118714873276}, "K74-U030": {"K74-U040": 273.35686352654375}, "K75A-D100": {"K75A-D110": 101.73562460749528}, "K73-D140": {"K73-D150": 200.03662347864912}, "K74-U010": {"K74-U020": 161.8369033684575}, "K75A-D090": {"K75A-D100": 43.30239016789622}, "K75P-U050": {"K75P-U060": 147.7971139721572}, "K74-D050": {"K74-D060": 111.57443632378651}, "K75P-U060": {"K75P-U070": 30.956951665612927}, "K74-U020": {"K74-U030": 137.11419530294748}, "K75P-D040": {"K75P-D050": 170.5303358729628}, "K74-U004": {"K74-U007": 90.82818004181874}, "K75P-U040": {"K75P-U050": 108.17656272771652}, "K75A-U020": {"K75A-U030": 140.49695659195646}, "K73-D070": {"K73-D080": 159.30532494544607}, "K74-U011": {"K74-D100": 178.23130389253464}, "K73-D120": {"K73-D130": 109.0512152301443}, "K74-U100": {"K74-D010": 118.97365365348529}, "K74-D070": {"K74-D080": 259.64097267447517}, "K74-U040": {"K74-U050": 185.81579814352767}, "K74-D100": {"K74-D110": 84.59006915077}, "K73-D080": {"K73-D090": 267.3565912191678}, "K75A-D060": {"K75A-D070": 45.95889616617181}, "K75P-U070": {"K75P-U080": 108.60495288635596}, "K75A-D040": {"K75A-D050": 53.17774714280722}, "K73-D020": {"K73-D030": 88.11839014353055}, "K73-D050": {"K73-D060": 64.29878854327228, "K73-D070": 105.89605300111491}, "K74-D110": {"K74-U002": 166.94406173123903}, "K74-D010": {"K74-D020": 152.49530064919878}, "K74-U070": {"K74-U080": 163.10930110514673}, "K73-D060": {"K73-D070": 32.37775094081504}, "K73-D150": {"K73-D160": 45.13336005903341}, "K74-D040": {"K74-D050": 78.97819087952226}, "K74-U050": {"K74-U060": 227.7924741657941}}