{"K76-U020": {"K76-U030": 150.19236472544168}, "K73-U070": {"K73-U080": 158.46877985285718}, "K76-U040": {"K76-U050": 179.16350322074217}, "K76-D030": {"K76-D040": 56.07753528030322}, "K75P-D050": {"K75P-D060": 85.10298518320867}, "K73-U080": {"K73-U090": 276.505257193881, "K73-U110": 151.48186865393524}, "K74-D020": {"K74-D030": 145.03112256127412}, "K73-U100": {"K73-U110": 214.77816056481979}, "K76-D010": {"K76-D020": 170.469997127746}, "K75A-D110": {"K75A-U011": 190.6714257337565}, "K75A-D080": {"K75A-D090": 124.59927982442821}, "K75P-U030": {"K75P-U040": 108.351591324042}, "K75P-D070": {"K75P-D080": 93.51924692172307}, "K75P-U010": {"K75P-U020": 92.45745122285805}, "K75A-D020": {"K75A-D030": 21.668112847336186}, "K74-D030": {"K74-D040": 128.87184990246942}, "K75A-D070": {"K75A-D080": 49.925953892510016}, "K74-U090": {"K74-U100": 186.46588620819273}, "K76-U010": {"K76-U020": 17.367319909675253}, "K74-U060": {"K74-U070": 158.84300735437358}, "K75A-D010": {"K75A-D020": 206.78373093769991}, "K74-D090": {"K74-U011": 76.31835048554929}, "K73-U110": {"K73-U120": 227.17083404540693}, "K73-U050": {"K73-U060": 108.29851255748721}, "K73-U060": {"K73-U070": 137.138080248255}, "K74-U007": {"K74-U010": 254.87204564392778}, "K73-D030": {"K73-D040": 116.22031221099931}, "K73-D040": {"K73-D050": 81.06016003068343}, "K73-U090": {"K73-U100": 140.18889987821424}, "K75P-U140": {"K75P-D010": 143.20520478318247}, "K73-U030": {"K73-U040": 84.95476044879771}, "K73-U010": {"K73-U020": 67.03498564597331}, "K75P-U110": {"K75P-U120": 88.76796120423676}, "K76-D020": {"K76-D030": 125.64525995896933}, "K75A-U030": {"K75A-D010": 231.7406874039121}, "K75P-D060": {"K75P-D070": 177.0130716605413}, "K73-D110": {"K73-D120": 87.07272966296014}, "K75P-U090": {"K75P-U100": 41.636297217109984}, "K74-U080": {"K74-U090": 224.28441260512182}, "K75P-U120": {"K75P-U130": 60.93759506404051}, "K73-U040": {"K73-U050": 92.79962915792031, "K73-U060": 196.97817422321972}, "K75P-U020": {"K75P-U030": 106.6581163933162}, "K73-D010": {"K73-D020": 79.35590597554125}, "K74-D080": {"K74-D090": 171.14779219380026}, "K74-D060": {"K74-D070": 159.03929179361018}, "K75P-D010": {"K75P-D020": 127.09164837907095}, "K73-D090": {"K73-D100": 72.8045039508693}, "K73-D100": {"K73-D110": 187.7753628544894}, "K75A-U010": {"K75A-U020": 49.58941844402206}, "K73-U020": {"K73-U030": 167.3305048978287}, "K75P-U100": {"K75P-U110": 66.9523062401988}, "K75A-D030": {"K75A-D040": 43.975129181564895}, "K75P-D080": {"K75P-U011": 143.27519973723494}, "K75P-D020": {"K75P-D030": 34.135420047356}, "K75P-U080": {"K75P-U090": 42.75416906827071}, "K75P-D030": {"K75P-D040": 125.59034898284892}, "K75A-D050": {"K75A-D060": 79.41658836883698}, "K76-U030": {"K76-U040": 163.0854266580546}, "K74-U001": {"K74-U004": 176.3511021889175}, "K75P-U130": {"K75P-U140": 42.42582805236455}, "K73-D130": {"K73-D140": 142.5787719429011}, "K74-U030": {"K74-U040": 292.5619505831018}, "K75A-D100": {"K75A-D110": 97.48954697546357}, "K73-D140": {"K73-D150": 183.9399016032102}, "K74-U010": {"K74-U020": 159.59437456950937}, "K75A-D090": {"K75A-D100": 53.41670361443126}, "K75P-U050": {"K75P-U060": 157.3250986681075}, "K74-D050": {"K74-D060": 105.92221735646335}, "K75P-U060": {"K75P-U070": 28.763733973053206}, "K74-U020": {"K74-U030": 130.5931132199459}, "K75P-D040": {"K75P-D050": 173.94882427624714}, "K74-U004": {"K74-U007": 96.32869035347015}, "K75P-U040": {"K75P-U050": 106.06572210300826}, "K75A-U020": {"K75A-U030": 145.66441057655146}, "K73-D070": {"K73-D080": 147.15884880483412}, "K74-U011": {"K74-D100": 166.22388540419485}, "K73-D120": {"K73-D130": 99.91019480735636}, "K74-U100": {"K74-D010": 118.65914462720582}, "K74-D070": {"K74-D080": 273.6255225326364}, "K74-U040": {"K74-U050": 197.84741474588984}, "K74-D100": {"K74-D110": 89.71226335222235}, "K73-D080": {"K73-D090": 270.12228063137525}, "K75A-D060": {"K75A-D070": 48.99570615203681}, "K75P-U070": {"K75P-U080": 95.96618988800059}, "K75A-D040": {"K75A-D050": 53.25323703525944}, "K73-D020": {"K73-D030": 96.51701408768898}, "K73-D050": {"K73-D060": 64.29878854327228, "K73-D070": 103.64220357412167}, "K74-D110": {"K74-U002": 159.91617079656532}, "K74-D010": {"K74-D020": 163.23815544917628}, "K74-U070": {"K74-U080": 151.6564504179875}, "K73-D060": {"K73-D070": 32.37775094081504}, "K73-D150": {"K73-D160": 47.315402078682574}, "K74-D040": {"K74-D050": 86.88568726849803}, "K74-U050": {"K74-U060": 234.90461107705747}}