{"K76-U020": {"K76-U030": 148.08169050159555}, "K73-U070": {"K73-U080": 161.57905294694604}, "K76-U040": {"K76-U050": 168.18395318139997}, "K76-D030": {"K76-D040": 60.82751298976518}, "K75P-D050": {"K75P-D060": 81.82635642529526}, "K73-U080": {"K73-U090": 257.2210785710373, "K73-U110": 151.48186865393524}, "K74-D020": {"K74-D030": 145.0311225206135}, "K73-U100": {"K73-U110": 222.34853325123413}, "K76-D010": {"K76-D020": 170.469997127746}, "K75A-D110": {"K75A-U011": 164.28307778135792}, "K75A-D080": {"K75A-D090": 105.62078682769734}, "K75P-U030": {"K75P-U040": 107.96434781070914}, "K75P-D070": {"K75P-D080": 92.38021043148865}, "K75P-U010": {"K75P-U020": 91.72215587116911}, "K75A-D020": {"K75A-D030": 22.638716663944585}, "K74-D030": {"K74-D040": 133.8668611298229}, "K75A-D070": {"K75A-D080": 42.525701043194765}, "K74-U090": {"K74-U100": 190.6814744026414}, "K76-U010": {"K76-U020": 10.832194561094584}, "K74-U060": {"K74-U070": 138.0447103278839}, "K75A-D010": {"K75A-D020": 200.42839613560275}, "K74-D090": {"K74-U011": 78.14016524518595}, "K73-U110": {"K73-U120": 203.63601445823525}, "K73-U050": {"K73-U060": 105.03821730135807}, "K73-U060": {"K73-U070": 132.4920983501848}, "K74-U007": {"K74-U010": 261.34509530762887}, "K73-D030": {"K73-D040": 128.59760571871678}, "K73-D040": {"K73-D050": 75.20900104040929}, "K73-U090": {"K73-U100": 131.5491032288265}, "K75P-U140": {"K75P-D010": 136.54620498527544}, "K73-U030": {"K73-U040": 86.31878436364052}, "K73-U010": {"K73-U020": 68.20068165815715}, "K75P-U110": {"K75P-U120": 80.1201000175754}, "K76-D020": {"K76-D030": 117.12006687935965}, "K75A-U030": {"K75A-D010": 227.6375828657277}, "K75P-D060": {"K75P-D070": 163.68314613147876}, "K73-D110": {"K73-D120": 72.95302597384097}, "K75P-U090": {"K75P-U100": 41.50763599223906}, "K74-U080": {"K74-U090": 214.1025102606581}, "K75P-U120": {"K75P-U130": 63.36979270726623}, "K73-U040": {"K73-U050": 102.76080573001107, "K73-U060": 208.45621749654038}, "K75P-U020": {"K75P-U030": 113.56929214798765}, "K73-D010": {"K73-D020": 75.27116292107712}, "K74-D080": {"K74-D090": 165.49107727404626}, "K74-D060": {"K74-D070": 137.9483369842232}, "K75P-D010": {"K75P-D020": 138.21421183417218}, "K73-D090": {"K73-D100": 84.71817009177124}, "K73-D100": {"K73-D110": 191.56457656036244}, "K75A-U010": {"K75A-U020": 42.659485563834956}, "K73-U020": {"K73-U030": 183.97502238082674}, "K75P-U100": {"K75P-U110": 64.03492522070552}, "K75A-D030": {"K75A-D040": 43.21332583858852}, "K75P-D080": {"K75P-U011": 140.60434895669596}, "K75P-D020": {"K75P-D030": 35.392477623185115}, "K75P-U080": {"K75P-U090": 43.040191267234796}, "K75P-D030": {"K75P-D040": 108.78122329615617}, "K75A-D050": {"K75A-D060": 74.57931535498507}, "K76-U030": {"K76-U040": 163.0854266580546}, "K74-U001": {"K74-U004": 143.88255024518523}, "K75P-U130": {"K75P-U140": 37.65035503822982}, "K73-D130": {"K73-D140": 133.808212961876}, "K74-U030": {"K74-U040": 284.932968492353}, "K75A-D100": {"K75A-D110": 100.40868762729727}, "K73-D140": {"K73-D150": 179.18708480619296}, "K74-U010": {"K74-U020": 159.71819119697787}, "K75A-D090": {"K75A-D100": 48.088848276242146}, "K75P-U050": {"K75P-U060": 157.79858675066149}, "K74-D050": {"K74-D060": 108.58004937982882}, "K75P-U060": {"K75P-U070": 28.735139176877208}, "K74-U020": {"K74-U030": 133.25084285921662}, "K75P-D040": {"K75P-D050": 164.62548733965946}, "K74-U004": {"K74-U007": 98.51315323903003}, "K75P-U040": {"K75P-U050": 97.18368610426583}, "K75A-U020": {"K75A-U030": 133.58630920196023}, "K73-D070": {"K73-D080": 148.5200920625987}, "K74-U011": {"K74-D100": 179.5892739669569}, "K73-D120": {"K73-D130": 108.97579578104319}, "K74-U100": {"K74-D010": 123.79620179698972}, "K74-D070": {"K74-D080": 262.00082845106897}, "K74-U040": {"K74-U050": 178.62632005472148}, "K74-D100": {"K74-D110": 79.2624954839656}, "K73-D080": {"K73-D090": 245.4429435715013}, "K75A-D060": {"K75A-D070": 45.05793016283816}, "K75P-U070": {"K75P-U080": 108.98767895068609}, "K75A-D040": {"K75A-D050": 52.254814194166066}, "K73-D020": {"K73-D030": 107.38442459381686}, "K73-D050": {"K73-D060": 64.29878854327228, "K73-D070": 108.23255093457144}, "K74-D110": {"K74-U002": 160.9771527002115}, "K74-D010": {"K74-D020": 149.7446756970939}, "K74-U070": {"K74-U080": 157.54955984645113}, "K73-D060": {"K73-D070": 32.37775094081504}, "K73-D150": {"K73-D160": 40.92088613880022}, "K74-D040": {"K74-D050": 74.10784041879839}, "K74-U050": {"K74-U060": 229.27404494021403}}