{"K76-U020": {"K76-U030": 124.27319297765537}, "K73-U070": {"K73-U080": 142.62274825904512}, "K76-U040": {"K76-U050": 159.45130750054636}, "K76-D030": {"K76-D040": 57.648190572550426}, "K75P-D050": {"K75P-D060": 86.69088541701824}, "K73-U080": {"K73-U090": 255.64083465783102, "K73-U110": 151.48186865393524}, "K74-D020": {"K74-D030": 145.03112238353637}, "K73-U100": {"K73-U110": 233.81177228882945}, "K76-D010": {"K76-D020": 170.469997127746}, "K75A-D110": {"K75A-U011": 187.47103557157806}, "K75A-D080": {"K75A-D090": 100.73349846568851}, "K75P-U030": {"K75P-U040": 102.62330575806439}, "K75P-D070": {"K75P-D080": 96.13785776179886}, "K75P-U010": {"K75P-U020": 88.46012691067685}, "K75A-D020": {"K75A-D030": 22.368225474460807}, "K74-D030": {"K74-D040": 134.20291813548562}, "K75A-D070": {"K75A-D080": 37.48907213373778}, "K74-U090": {"K74-U100": 187.6483225158382}, "K76-U010": {"K76-U020": 13.895618348581175}, "K74-U060": {"K74-U070": 144.5284802512173}, "K75A-D010": {"K75A-D020": 201.63634018339104}, "K74-D090": {"K74-U011": 80.15529182300335}, "K73-U110": {"K73-U120": 227.0839975071114}, "K73-U050": {"K73-U060": 105.49553192645892}, "K73-U060": {"K73-U070": 122.62600864267199}, "K74-U007": {"K74-U010": 259.68579659961995}, "K73-D030": {"K73-D040": 120.66420257677237}, "K73-D040": {"K73-D050": 74.15914548791484}, "K73-U090": {"K73-U100": 115.94292838895527}, "K75P-U140": {"K75P-D010": 143.71604333386315}, "K73-U030": {"K73-U040": 84.407159210534}, "K73-U010": {"K73-U020": 65.13942702297346}, "K75P-U110": {"K75P-U120": 88.26882107105874}, "K76-D020": {"K76-D030": 110.40429148167043}, "K75A-U030": {"K75A-D010": 231.34773401598818}, "K75P-D060": {"K75P-D070": 167.9989468951029}, "K73-D110": {"K73-D120": 75.47236993971913}, "K75P-U090": {"K75P-U100": 40.135464171482354}, "K74-U080": {"K74-U090": 210.4218655465073}, "K75P-U120": {"K75P-U130": 62.27187010255055}, "K73-U040": {"K73-U050": 99.71985824959027, "K73-U060": 203.943197038435}, "K75P-U020": {"K75P-U030": 108.84706731318151}, "K73-D010": {"K73-D020": 75.1704368929514}, "K74-D080": {"K74-D090": 169.63932683662864}, "K74-D060": {"K74-D070": 150.44816515576923}, "K75P-D010": {"K75P-D020": 126.75230916639308}, "K73-D090": {"K73-D100": 73.19222871012391}, "K73-D100": {"K73-D110": 192.65157698697183}, "K75A-U010": {"K75A-U020": 46.92274674229376}, "K73-U020": {"K73-U030": 173.397508191249}, "K75P-U100": {"K75P-U110": 63.07645211232775}, "K75A-D030": {"K75A-D040": 45.752421685469095}, "K75P-D080": {"K75P-U011": 150.4317511498296}, "K75P-D020": {"K75P-D030": 33.56289166839587}, "K75P-U080": {"K75P-U090": 41.84403037141777}, "K75P-D030": {"K75P-D040": 116.28602404659821}, "K75A-D050": {"K75A-D060": 73.89003664470161}, "K76-U030": {"K76-U040": 163.0854266580546}, "K74-U001": {"K74-U004": 141.1634541469466}, "K75P-U130": {"K75P-U140": 36.01034576819465}, "K73-D130": {"K73-D140": 133.9978303414521}, "K74-U030": {"K74-U040": 288.74161524435004}, "K75A-D100": {"K75A-D110": 94.2730356540388}, "K73-D140": {"K73-D150": 184.16291180337097}, "K74-U010": {"K74-U020": 166.53029217677894}, "K75A-D090": {"K75A-D100": 45.9451643752228}, "K75P-U050": {"K75P-U060": 158.22826095014648}, "K74-D050": {"K74-D060": 101.58938279099434}, "K75P-U060": {"K75P-U070": 27.761664072047967}, "K74-U020": {"K74-U030": 135.10314140506168}, "K75P-D040": {"K75P-D050": 163.07051248662225}, "K74-U004": {"K74-U007": 102.64153742661253}, "K75P-U040": {"K75P-U050": 102.88971032036655}, "K75A-U020": {"K75A-U030": 128.07769106019043}, "K73-D070": {"K73-D080": 157.10166485537215}, "K74-U011": {"K74-D100": 177.23539639326495}, "K73-D120": {"K73-D130": 110.25159149648377}, "K74-U100": {"K74-D010": 117.39015587384958}, "K74-D070": {"K74-D080": 249.59507689273929}, "K74-U040": {"K74-U050": 170.17981532960266}, "K74-D100": {"K74-D110": 78.56901289996443}, "K73-D080": {"K73-D090": 254.56198005626842}, "K75A-D060": {"K75A-D070": 42.40723147715495}, "K75P-U070": {"K75P-U080": 102.58652859868464}, "K75A-D040": {"K75A-D050": 53.62247967203801}, "K73-D020": {"K73-D030": 94.82929813881044}, "K73-D050": {"K73-D060": 64.29878854327228, "K73-D070": 96.547}, "K74-D110": {"K74-U002": 164.0140773649576}, "K74-D010": {"K74-D020": 146.3009567641976}, "K74-U070": {"K74-U080": 154.80441014033562}, "K73-D060": {"K73-D070": 32.37775094081504}, "K73-D150": {"K73-D160": 44.17513525109356}, "K74-D040": {"K74-D050": 75.8927040373679}, "K74-U050": {"K74-U060": 242.82838891355354}}