{"K76-U020": {"K76-U030": 155.57351888036436}, "K73-U070": {"K73-U080": 154.79844209690722}, "K76-U040": {"K76-U050": 189.31467555866413}, "K76-D030": {"K76-D040": 67.98460965347951}, "K75P-D050": {"K75P-D060": 89.16805339237327}, "K73-U080": {"K73-U090": 263.81773322629493, "K73-U110": 151.48186865393524}, "K74-D020": {"K74-D030": 145.03112256127412}, "K73-U100": {"K73-U110": 236.99462227843097}, "K76-D010": {"K76-D020": 170.469997127746}, "K75A-D110": {"K75A-U011": 174.7669896184205}, "K75A-D080": {"K75A-D090": 100.73158785664305}, "K75P-U030": {"K75P-U040": 109.44379961366538}, "K75P-D070": {"K75P-D080": 96.75075509451393}, "K75P-U010": {"K75P-U020": 96.53701783928815}, "K75A-D020": {"K75A-D030": 20.883449922170524}, "K74-D030": {"K74-D040": 125.96084233928843}, "K75A-D070": {"K75A-D080": 46.91982265287195}, "K74-U090": {"K74-U100": 204.66832661452537}, "K76-U010": {"K76-U020": 29.468016247446997}, "K74-U060": {"K74-U070": 132.02541674150356}, "K75A-D010": {"K75A-D020": 189.07859836639386}, "K74-D090": {"K74-U011": 72.09010878261213}, "K73-U110": {"K73-U120": 208.7587443528435}, "K73-U050": {"K73-U060": 99.11783079607537}, "K73-U060": {"K73-U070": 124.99114231103276}, "K74-U007": {"K74-U010": 243.94839198185142}, "K73-D030": {"K73-D040": 112.79861803995448}, "K73-D040": {"K73-D050": 87.92740997780295}, "K73-U090": {"K73-U100": 127.2870172241099}, "K75P-U140": {"K75P-D010": 147.19835784980222}, "K73-U030": {"K73-U040": 94.72168376591303}, "K73-U010": {"K73-U020": 66.10203446140204}, "K75P-U110": {"K75P-U120": 89.1543798041166}, "K76-D020": {"K76-D030": 140.57472941240263}, "K75A-U030": {"K75A-D010": 238.51325009837075}, "K75P-D060": {"K75P-D070": 180.66081019433972}, "K73-D110": {"K73-D120": 89.84112188176826}, "K75P-U090": {"K75P-U100": 48.31121044193992}, "K74-U080": {"K74-U090": 223.4244471855924}, "K75P-U120": {"K75P-U130": 66.87723077799966}, "K73-U040": {"K73-U050": 99.98553640341008, "K73-U060": 197.43389053961127}, "K75P-U020": {"K75P-U030": 104.44740023091235}, "K73-D010": {"K73-D020": 78.86459302432732}, "K74-D080": {"K74-D090": 162.12677037059967}, "K74-D060": {"K74-D070": 146.45832287758162}, "K75P-D010": {"K75P-D020": 139.79037476326923}, "K73-D090": {"K73-D100": 85.10872303910142}, "K73-D100": {"K73-D110": 194.0781583833929}, "K75A-U010": {"K75A-U020": 42.98807562239705}, "K73-U020": {"K73-U030": 193.87532827072738}, "K75P-U100": {"K75P-U110": 63.24478845651595}, "K75A-D030": {"K75A-D040": 43.71503513202966}, "K75P-D080": {"K75P-U011": 150.64215138752198}, "K75P-D020": {"K75P-D030": 34.63970123307662}, "K75P-U080": {"K75P-U090": 42.65014190655838}, "K75P-D030": {"K75P-D040": 126.69995210222869}, "K75A-D050": {"K75A-D060": 75.61621395374365}, "K76-U030": {"K76-U040": 163.0854266580546}, "K74-U001": {"K74-U004": 157.0815304626122}, "K75P-U130": {"K75P-U140": 33.71778835432698}, "K73-D130": {"K73-D140": 144.30059635823056}, "K74-U030": {"K74-U040": 277.07059468661697}, "K75A-D100": {"K75A-D110": 100.13079737653997}, "K73-D140": {"K73-D150": 198.122053172278}, "K74-U010": {"K74-U020": 168.07435304315158}, "K75A-D090": {"K75A-D100": 41.344785446934274}, "K75P-U050": {"K75P-U060": 150.8103691497001}, "K74-D050": {"K74-D060": 108.53803737812305}, "K75P-U060": {"K75P-U070": 32.32390375329288}, "K74-U020": {"K74-U030": 138.58542629993516}, "K75P-D040": {"K75P-D050": 173.37893553023054}, "K74-U004": {"K74-U007": 92.04098771168552}, "K75P-U040": {"K75P-U050": 106.39040093203782}, "K75A-U020": {"K75A-U030": 138.21882164145492}, "K73-D070": {"K73-D080": 160.8330402876587}, "K74-U011": {"K74-D100": 176.26416855922133}, "K73-D120": {"K73-D130": 112.78577081960991}, "K74-U100": {"K74-D010": 116.05389339936455}, "K74-D070": {"K74-D080": 259.7187817016845}, "K74-U040": {"K74-U050": 186.73636357800285}, "K74-D100": {"K74-D110": 88.2204375192975}, "K73-D080": {"K73-D090": 267.1797000749394}, "K75A-D060": {"K75A-D070": 43.78000983436538}, "K75P-U070": {"K75P-U080": 109.11080468820766}, "K75A-D040": {"K75A-D050": 55.40085163754363}, "K73-D020": {"K73-D030": 86.92684050257796}, "K73-D050": {"K73-D060": 64.29878854327228, "K73-D070": 106.09100238994525}, "K74-D110": {"K74-U002": 173.7692120138753}, "K74-D010": {"K74-D020": 153.80096111001205}, "K74-U070": {"K74-U080": 167.1595351236581}, "K73-D060": {"K73-D070": 32.37775094081504}, "K73-D150": {"K73-D160": 51.56686192668916}, "K74-D040": {"K74-D050": 77.15142781827471}, "K74-U050": {"K74-U060": 233.57449194603586}}