{"K76-U020": {"K76-U030": 141.847217195531}, "K73-U070": {"K73-U080": 161.41696111101578}, "K76-U040": {"K76-U050": 170.70349070521561}, "K76-D030": {"K76-D040": 54.78846190164272}, "K75P-D050": {"K75P-D060": 97.57117533929488}, "K73-U080": {"K73-U090": 248.197201367593, "K73-U110": 151.48186865393524}, "K74-D020": {"K74-D030": 145.03112256127412}, "K73-U100": {"K73-U110": 198.32535271649758}, "K76-D010": {"K76-D020": 170.469997127746}, "K75A-D110": {"K75A-U011": 174.56628871260722}, "K75A-D080": {"K75A-D090": 121.45810455474275}, "K75P-U030": {"K75P-U040": 113.64523129139573}, "K75P-D070": {"K75P-D080": 101.93842524082547}, "K75P-U010": {"K75P-U020": 95.11051615367946}, "K75A-D020": {"K75A-D030": 24.400359068506724}, "K74-D030": {"K74-D040": 128.46340798102486}, "K75A-D070": {"K75A-D080": 54.357502903535064}, "K74-U090": {"K74-U100": 196.7991945872182}, "K76-U010": {"K76-U020": 35.123194094865255}, "K74-U060": {"K74-U070": 150.80357071069704}, "K75A-D010": {"K75A-D020": 205.39411934528343}, "K74-D090": {"K74-U011": 74.15396823577093}, "K73-U110": {"K73-U120": 226.36818971921235}, "K73-U050": {"K73-U060": 108.70896841323568}, "K73-U060": {"K73-U070": 129.854792279401}, "K74-U007": {"K74-U010": 256.49936894700596}, "K73-D030": {"K73-D040": 116.6750200042211}, "K73-D040": {"K73-D050": 78.6477316966544}, "K73-U090": {"K73-U100": 136.6514401440914}, "K75P-U140": {"K75P-D010": 150.32980845656567}, "K73-U030": {"K73-U040": 90.68788436854746}, "K73-U010": {"K73-U020": 70.35015045865691}, "K75P-U110": {"K75P-U120": 88.21698994908832}, "K76-D020": {"K76-D030": 123.85811780459031}, "K75A-U030": {"K75A-D010": 231.17077215628555}, "K75P-D060": {"K75P-D070": 172.99132173849972}, "K73-D110": {"K73-D120": 79.47078252634387}, "K75P-U090": {"K75P-U100": 45.32054166351823}, "K74-U080": {"K74-U090": 223.21550865695153}, "K75P-U120": {"K75P-U130": 63.31202057001011}, "K73-U040": {"K73-U050": 106.8550299123099, "K73-U060": 209.95910920641217}, "K75P-U020": {"K75P-U030": 112.59155906534036}, "K73-D010": {"K73-D020": 77.09250018145143}, "K74-D080": {"K74-D090": 172.97440363831709}, "K74-D060": {"K74-D070": 157.76437345099043}, "K75P-D010": {"K75P-D020": 131.90449890580118}, "K73-D090": {"K73-D100": 83.16538752208007}, "K73-D100": {"K73-D110": 187.09809295520117}, "K75A-U010": {"K75A-U020": 41.05016171046814}, "K73-U020": {"K73-U030": 179.50178540628147}, "K75P-U100": {"K75P-U110": 63.0316568968949}, "K75A-D030": {"K75A-D040": 45.11690172966072}, "K75P-D080": {"K75P-U011": 141.44604409329932}, "K75P-D020": {"K75P-D030": 38.55901868997465}, "K75P-U080": {"K75P-U090": 41.32742518937541}, "K75P-D030": {"K75P-D040": 120.44494428183437}, "K75A-D050": {"K75A-D060": 75.58712446697578}, "K76-U030": {"K76-U040": 163.0854266580546}, "K74-U001": {"K74-U004": 155.1631403017756}, "K75P-U130": {"K75P-U140": 39.76369854824136}, "K73-D130": {"K73-D140": 143.96058467803599}, "K74-U030": {"K74-U040": 298.16167658027643}, "K75A-D100": {"K75A-D110": 99.44178626898776}, "K73-D140": {"K73-D150": 203.1227277677814}, "K74-U010": {"K74-U020": 158.66878954350943}, "K75A-D090": {"K75A-D100": 46.4848255492843}, "K75P-U050": {"K75P-U060": 150.69418370211991}, "K74-D050": {"K74-D060": 108.53663694548217}, "K75P-U060": {"K75P-U070": 32.387275728522525}, "K74-U020": {"K74-U030": 130.82002597296122}, "K75P-D040": {"K75P-D050": 163.62584190007902}, "K74-U004": {"K74-U007": 95.40661952315918}, "K75P-U040": {"K75P-U050": 103.63906585596737}, "K75A-U020": {"K75A-U030": 148.43799112223203}, "K73-D070": {"K73-D080": 146.2055558080844}, "K74-U011": {"K74-D100": 164.52460674941918}, "K73-D120": {"K73-D130": 107.05164857654987}, "K74-U100": {"K74-D010": 115.6043656299615}, "K74-D070": {"K74-D080": 257.103118770057}, "K74-U040": {"K74-U050": 177.58487265298288}, "K74-D100": {"K74-D110": 91.5933278959346}, "K73-D080": {"K73-D090": 273.2155742304471}, "K75A-D060": {"K75A-D070": 44.74807229052847}, "K75P-U070": {"K75P-U080": 110.04609825116522}, "K75A-D040": {"K75A-D050": 57.69313497985321}, "K73-D020": {"K73-D030": 106.81020471270111}, "K73-D050": {"K73-D060": 64.29878854327228, "K73-D070": 107.88281053125885}, "K74-D110": {"K74-U002": 187.82024506160658}, "K74-D010": {"K74-D020": 162.71076013019257}, "K74-U070": {"K74-U080": 164.64120933098806}, "K73-D060": {"K73-D070": 32.37775094081504}, "K73-D150": {"K73-D160": 43.97621755409521}, "K74-D040": {"K74-D050": 86.83506238674212}, "K74-U050": {"K74-U060": 241.26531293362464}}