{"K76-U020": {"K76-U030": 157.95260438184232}, "K73-U070": {"K73-U080": 152.15618482680046}, "K76-U040": {"K76-U050": 180.12568246813572}, "K76-D030": {"K76-D040": 59.238462685714374}, "K75P-D050": {"K75P-D060": 84.99347337696456}, "K73-U080": {"K73-U090": 257.48078791992623, "K73-U110": 151.48186865393524}, "K74-D020": {"K74-D030": 145.03103354445133}, "K73-U100": {"K73-U110": 193.78389895522383}, "K76-D010": {"K76-D020": 170.469997127746}, "K75A-D110": {"K75A-U011": 179.3782411967724}, "K75A-D080": {"K75A-D090": 117.41193298409507}, "K75P-U030": {"K75P-U040": 109.31666720019264}, "K75P-D070": {"K75P-D080": 88.29759895148149}, "K75P-U010": {"K75P-U020": 99.68024954623873}, "K75A-D020": {"K75A-D030": 23.339653853887373}, "K74-D030": {"K74-D040": 126.01859188353713}, "K75A-D070": {"K75A-D080": 45.20071682530479}, "K74-U090": {"K74-U100": 192.4538143306637}, "K76-U010": {"K76-U020": 27.250303726215968}, "K74-U060": {"K74-U070": 138.77609882175278}, "K75A-D010": {"K75A-D020": 190.66336178815442}, "K74-D090": {"K74-U011": 72.63259669098106}, "K73-U110": {"K73-U120": 235.58762296480853}, "K73-U050": {"K73-U060": 112.94765874478924}, "K73-U060": {"K73-U070": 129.8535757555632}, "K74-U007": {"K74-U010": 253.82031757261356}, "K73-D030": {"K73-D040": 117.25462014118345}, "K73-D040": {"K73-D050": 77.84732257858087}, "K73-U090": {"K73-U100": 142.42039511964109}, "K75P-U140": {"K75P-D010": 149.19630087327317}, "K73-U030": {"K73-U040": 92.80175427763108}, "K73-U010": {"K73-U020": 64.65719162458396}, "K75P-U110": {"K75P-U120": 89.29464729808085}, "K76-D020": {"K76-D030": 104.08187299098797}, "K75A-U030": {"K75A-D010": 227.66170134276575}, "K75P-D060": {"K75P-D070": 165.2139614667695}, "K73-D110": {"K73-D120": 71.09562552044558}, "K75P-U090": {"K75P-U100": 40.765272326715724}, "K74-U080": {"K74-U090": 224.79760943464984}, "K75P-U120": {"K75P-U130": 62.487511592479414}, "K73-U040": {"K73-U050": 99.73997365593536, "K73-U060": 199.4017939776157}, "K75P-U020": {"K75P-U030": 110.44088789069883}, "K73-D010": {"K73-D020": 76.54973959196435}, "K74-D080": {"K74-D090": 155.6910512137932}, "K74-D060": {"K74-D070": 145.52321409864388}, "K75P-D010": {"K75P-D020": 146.9868123743004}, "K73-D090": {"K73-D100": 75.58678428074613}, "K73-D100": {"K73-D110": 186.87002005635813}, "K75A-U010": {"K75A-U020": 43.13862904072544}, "K73-U020": {"K73-U030": 163.5065125675972}, "K75P-U100": {"K75P-U110": 63.648678360116946}, "K75A-D030": {"K75A-D040": 47.79847537720102}, "K75P-D080": {"K75P-U011": 142.56612881645225}, "K75P-D020": {"K75P-D030": 32.759985113556766}, "K75P-U080": {"K75P-U090": 46.36149597101211}, "K75P-D030": {"K75P-D040": 120.84580554537533}, "K75A-D050": {"K75A-D060": 74.30435441591112}, "K76-U030": {"K76-U040": 163.0854266580546}, "K74-U001": {"K74-U004": 159.13210045557736}, "K75P-U130": {"K75P-U140": 37.877316798341795}, "K73-D130": {"K73-D140": 140.7347946296922}, "K74-U030": {"K74-U040": 285.96431416423053}, "K75A-D100": {"K75A-D110": 102.35251370545949}, "K73-D140": {"K73-D150": 195.8091394104387}, "K74-U010": {"K74-U020": 164.19868492565038}, "K75A-D090": {"K75A-D100": 50.660503297981}, "K75P-U050": {"K75P-U060": 155.40199918869826}, "K74-D050": {"K74-D060": 97.02507349638003}, "K75P-U060": {"K75P-U070": 26.091880472143238}, "K74-U020": {"K74-U030": 125.73513946539245}, "K75P-D040": {"K75P-D050": 165.31691886634863}, "K74-U004": {"K74-U007": 93.42589109031925}, "K75P-U040": {"K75P-U050": 101.96032335230385}, "K75A-U020": {"K75A-U030": 136.01252727083414}, "K73-D070": {"K73-D080": 158.08081303044884}, "K74-U011": {"K74-D100": 168.08284396435025}, "K73-D120": {"K73-D130": 106.8895386721272}, "K74-U100": {"K74-D010": 123.79117192400425}, "K74-D070": {"K74-D080": 259.233277192754}, "K74-U040": {"K74-U050": 173.90205844829237}, "K74-D100": {"K74-D110": 82.92559813441824}, "K73-D080": {"K73-D090": 255.85735251445095}, "K75A-D060": {"K75A-D070": 45.22912677814121}, "K75P-U070": {"K75P-U080": 104.47959028535611}, "K75A-D040": {"K75A-D050": 52.37261478064313}, "K73-D020": {"K73-D030": 92.58912348920504}, "K73-D050": {"K73-D060": 74.12606755930037}, "K74-D110": {"K74-U002": 173.9935248736212}, "K74-D010": {"K74-D020": 159.1896254061066}, "K74-U070": {"K74-U080": 144.80938311930709}, "K73-D060": {"K73-D070": 29.57081532412069}, "K73-D150": {"K73-D160": 46.212032916038524}, "K74-D040": {"K74-D050": 78.24958786528887}, "K74-U050": {"K74-U060": 227.21787692786552}}