{"K76-U020": {"K76-U030": 140.74852836118382}, "K73-U070": {"K73-U080": 153.99713830472749}, "K76-U040": {"K76-U050": 181.10707531775864}, "K76-D030": {"K76-D040": 48.463643077354426}, "K75P-D050": {"K75P-D060": 90.14441327562565}, "K73-U080": {"K73-U090": 265.30801998522276, "K73-U110": 151.48186865393524}, "K74-D020": {"K74-D030": 145.03112256127412}, "K73-U100": {"K73-U110": 250.71901841036032}, "K76-D010": {"K76-D020": 170.469997127746}, "K75A-D110": {"K75A-U011": 173.6288033739176}, "K75A-D080": {"K75A-D090": 108.91310191739171}, "K75P-U030": {"K75P-U040": 109.798889333022}, "K75P-D070": {"K75P-D080": 91.02629368320915}, "K75P-U010": {"K75P-U020": 94.51109935755701}, "K75A-D020": {"K75A-D030": 24.903584072075365}, "K74-D030": {"K74-D040": 127.13361862966372}, "K75A-D070": {"K75A-D080": 44.1518098714388}, "K74-U090": {"K74-U100": 196.7991945872182}, "K76-U010": {"K76-U020": 10.736819992669817}, "K74-U060": {"K74-U070": 148.95142617085358}, "K75A-D010": {"K75A-D020": 204.93897352879398}, "K74-D090": {"K74-U011": 74.9394669577419}, "K73-U110": {"K73-U120": 218.180724243546}, "K73-U050": {"K73-U060": 112.9550500521184}, "K73-U060": {"K73-U070": 134.03372992397124}, "K74-U007": {"K74-U010": 254.8104099411177}, "K73-D030": {"K73-D040": 118.915614880913}, "K73-D040": {"K73-D050": 81.44443643974647}, "K73-U090": {"K73-U100": 123.12180369028985}, "K75P-U140": {"K75P-D010": 151.34594022366792}, "K73-U030": {"K73-U040": 93.8282624742358}, "K73-U010": {"K73-U020": 69.62608393961577}, "K75P-U110": {"K75P-U120": 85.76298843990233}, "K76-D020": {"K76-D030": 123.36918683129677}, "K75A-U030": {"K75A-D010": 224.69395100885154}, "K75P-D060": {"K75P-D070": 164.93833652407716}, "K73-D110": {"K73-D120": 79.15632699341879}, "K75P-U090": {"K75P-U100": 44.71697353490664}, "K74-U080": {"K74-U090": 220.3272885459879}, "K75P-U120": {"K75P-U130": 65.269800700953}, "K73-U040": {"K73-U050": 95.95140949126846, "K73-U060": 220.34038105555993}, "K75P-U020": {"K75P-U030": 114.61477278821228}, "K73-D010": {"K73-D020": 76.98055575716825}, "K74-D080": {"K74-D090": 169.6043945655927}, "K74-D060": {"K74-D070": 154.8484910006781}, "K75P-D010": {"K75P-D020": 130.21000775181298}, "K73-D090": {"K73-D100": 86.25745769266464}, "K73-D100": {"K73-D110": 185.54579377185328}, "K75A-U010": {"K75A-U020": 41.19171162438993}, "K73-U020": {"K73-U030": 173.72629996384916}, "K75P-U100": {"K75P-U110": 64.97280508122446}, "K75A-D030": {"K75A-D040": 46.232614440302754}, "K75P-D080": {"K75P-U011": 143.68270658517605}, "K75P-D020": {"K75P-D030": 35.802229398398715}, "K75P-U080": {"K75P-U090": 42.61343309372023}, "K75P-D030": {"K75P-D040": 130.70454593215175}, "K75A-D050": {"K75A-D060": 76.92021433607812}, "K76-U030": {"K76-U040": 163.0854266580546}, "K74-U001": {"K74-U004": 155.1631403017756}, "K75P-U130": {"K75P-U140": 40.54669154579943}, "K73-D130": {"K73-D140": 135.04703492336233}, "K74-U030": {"K74-U040": 295.35741842252935}, "K75A-D100": {"K75A-D110": 96.6069423217514}, "K73-D140": {"K73-D150": 183.71478681716047}, "K74-U010": {"K74-U020": 161.1970525702956}, "K75A-D090": {"K75A-D100": 46.30901787639914}, "K75P-U050": {"K75P-U060": 151.76766301191876}, "K74-D050": {"K74-D060": 103.04434687102079}, "K75P-U060": {"K75P-U070": 29.642713218720935}, "K74-U020": {"K74-U030": 130.82002597296122}, "K75P-D040": {"K75P-D050": 170.4428436420953}, "K74-U004": {"K74-U007": 96.35681690419639}, "K75P-U040": {"K75P-U050": 101.36780349270637}, "K75A-U020": {"K75A-U030": 146.05514483103062}, "K73-D070": {"K73-D080": 143.04528124116206}, "K74-U011": {"K74-D100": 163.72050215977674}, "K73-D120": {"K73-D130": 108.16860501710421}, "K74-U100": {"K74-D010": 115.6043656299615}, "K74-D070": {"K74-D080": 255.09150465439134}, "K74-U040": {"K74-U050": 177.1498585033143}, "K74-D100": {"K74-D110": 86.1397773143341}, "K73-D080": {"K73-D090": 269.38953941076414}, "K75A-D060": {"K75A-D070": 40.92431255873834}, "K75P-U070": {"K75P-U080": 105.59598741816737}, "K75A-D040": {"K75A-D050": 57.34042759187419}, "K73-D020": {"K73-D030": 93.01177763199215}, "K73-D050": {"K73-D060": 64.29878854327228, "K73-D070": 108.37908314229314}, "K74-D110": {"K74-U002": 175.99951311605838}, "K74-D010": {"K74-D020": 162.6919408121942}, "K74-U070": {"K74-U080": 162.17155808055685}, "K73-D060": {"K73-D070": 32.37775094081504}, "K73-D150": {"K73-D160": 39.63560627196118}, "K74-D040": {"K74-D050": 85.90556681411695}, "K74-U050": {"K74-U060": 230.24236164645018}}