{"K76-U020": {"K76-U030": 135.81013957091722}, "K73-U070": {"K73-U080": 153.57595897871468}, "K76-U040": {"K76-U050": 174.28774254475752}, "K76-D030": {"K76-D040": 50.04790445367841}, "K75P-D050": {"K75P-D060": 78.400535510142}, "K73-U080": {"K73-U090": 241.69455156375835, "K73-U110": 137.71078968539587}, "K74-D020": {"K74-D030": 131.84647505570385}, "K73-U100": {"K73-U110": 218.24838553278332}, "K76-D010": {"K76-D020": 154.9727246615875}, "K75A-D110": {"K75A-U011": 172.8024036663047}, "K75A-D080": {"K75A-D090": 101.06364789602864}, "K75P-U030": {"K75P-U040": 87.5666413014511}, "K75P-D070": {"K75P-D080": 85.47226287932918}, "K75P-U010": {"K75P-U020": 84.72108877269645}, "K75A-D020": {"K75A-D030": 23.35462783220497}, "K74-D030": {"K74-D040": 88.65441145896912}, "K75A-D070": {"K75A-D080": 38.69386110753477}, "K74-U090": {"K74-U100": 174.0124333206543}, "K76-U010": {"K76-U020": 15.749111141025148}, "K74-U060": {"K74-U070": 123.10731456694404}, "K75A-D010": {"K75A-D020": 195.17069662572084}, "K74-D090": {"K74-U011": 60.82373568617673}, "K73-U110": {"K73-U120": 178.27097472761943}, "K73-U050": {"K73-U060": 90.91580250250018}, "K73-U060": {"K73-U070": 126.41551932097414}, "K74-U007": {"K74-U010": 223.00682199269963}, "K73-D030": {"K73-D040": 98.07969117647514}, "K73-D040": {"K73-D050": 72.54379535418465}, "K73-U090": {"K73-U100": 92.31509376337864}, "K75P-U140": {"K75P-D010": 136.26160452907487}, "K73-U030": {"K73-U040": 80.91962802163228}, "K73-U010": {"K73-U020": 56.73324768820678}, "K75P-U110": {"K75P-U120": 74.19925335070496}, "K76-D020": {"K76-D030": 111.84752780494937}, "K75A-U030": {"K75A-D010": 212.87876033530884}, "K75P-D060": {"K75P-D070": 147.3587448561419}, "K73-D110": {"K73-D120": 61.90844448002476}, "K75P-U090": {"K75P-U100": 36.27622966137564}, "K74-U080": {"K74-U090": 211.6144753513914}, "K75P-U120": {"K75P-U130": 54.14841297811681}, "K73-U040": {"K73-U050": 86.8102801737364, "K73-U060": 167.41265641543714}, "K75P-U020": {"K75P-U030": 96.24185082217686}, "K73-D010": {"K73-D020": 79.16297353345489}, "K74-D080": {"K74-D090": 157.79882214540004}, "K74-D060": {"K74-D070": 131.141060776934}, "K75P-D010": {"K75P-D020": 119.67388742360643}, "K73-D090": {"K73-D100": 69.30201258275835}, "K73-D100": {"K73-D110": 171.60876537498694}, "K75A-U010": {"K75A-U020": 38.77648395977213}, "K73-U020": {"K73-U030": 162.93779826190226}, "K75P-U100": {"K75P-U110": 57.76917915534934}, "K75A-D030": {"K75A-D040": 40.975442614154446}, "K75P-D080": {"K75P-U011": 134.33387464928006}, "K75P-D020": {"K75P-D030": 30.011424848569284}, "K75P-U080": {"K75P-U090": 39.04385917004417}, "K75P-D030": {"K75P-D040": 106.18848808848539}, "K75A-D050": {"K75A-D060": 65.2915894868764}, "K76-U030": {"K76-U040": 148.25947878004982}, "K74-U001": {"K74-U004": 135.35117798359772}, "K75P-U130": {"K75P-U140": 33.56863365721144}, "K73-D130": {"K73-D140": 126.81015124949718}, "K74-U030": {"K74-U040": 251.64624327301976}, "K75A-D100": {"K75A-D110": 93.45553220542962}, "K73-D140": {"K73-D150": 185.7909809222321}, "K74-U010": {"K74-U020": 150.4157865264729}, "K75A-D090": {"K75A-D100": 42.14820356500526}, "K75P-U050": {"K75P-U060": 136.95750060624772}, "K74-D050": {"K74-D060": 99.5671176525869}, "K75P-U060": {"K75P-U070": 29.3044120466737}, "K74-U020": {"K74-U030": 120.23768604753676}, "K75P-D040": {"K75P-D050": 143.9021302537772}, "K74-U004": {"K74-U007": 84.07212527584434}, "K75P-U040": {"K75P-U050": 90.60862870908264}, "K75A-U020": {"K75A-U030": 122.60097004509223}, "K73-D070": {"K73-D080": 138.4818528292802}, "K74-U011": {"K74-D100": 149.14283133321956}, "K73-D120": {"K73-D130": 97.37678619515331}, "K74-U100": {"K74-D010": 110.0993895922035}, "K74-D070": {"K74-D080": 232.21342570115957}, "K74-U040": {"K74-U050": 151.3503515498374}, "K74-D100": {"K74-D110": 86.81942886897922}, "K73-D080": {"K73-D090": 236.3620225643046}, "K75A-D060": {"K75A-D070": 37.505364368910705}, "K75P-U070": {"K75P-U080": 90.10380266295098}, "K75A-D040": {"K75A-D050": 47.29528855150063}, "K73-D020": {"K73-D030": 91.64696822539094}, "K73-D050": {"K73-D060": 66.02648288144567}, "K74-D110": {"K74-U002": 158.36070638700247}, "K74-D010": {"K74-D020": 136.11859999537467}, "K74-U070": {"K74-U080": 152.3019683374627}, "K73-D060": {"K73-D070": 26.727933272710526}, "K73-D150": {"K73-D160": 38.05899781370093}, "K74-D040": {"K74-D050": 73.81698915072153}, "K74-U050": {"K74-U060": 211.85654150647133}}