{"K76-U020": {"K76-U030": 151.31192035010744}, "K73-U070": {"K73-U080": 148.31604866749484}, "K76-U040": {"K76-U050": 204.2351684107361}, "K76-D030": {"K76-D040": 45.23549788771407}, "K75P-D050": {"K75P-D060": 89.5745245741549}, "K73-U080": {"K73-U090": 282.196337385094, "K73-U110": 151.48186865393524}, "K74-D020": {"K74-D030": 145.03112254377112}, "K73-U100": {"K73-U110": 212.48936086906275}, "K76-D010": {"K76-D020": 170.469997127746}, "K75A-D110": {"K75A-U011": 168.36647949195876}, "K75A-D080": {"K75A-D090": 85.04359063905287}, "K75P-U030": {"K75P-U040": 101.42645596487105}, "K75P-D070": {"K75P-D080": 87.34228222032046}, "K75P-U010": {"K75P-U020": 92.92244182036666}, "K75A-D020": {"K75A-D030": 25.264736792978574}, "K74-D030": {"K74-D040": 133.6510711480123}, "K75A-D070": {"K75A-D080": 42.209993433100095}, "K74-U090": {"K74-U100": 191.74332696237727}, "K76-U010": {"K76-U020": 16.436975717209}, "K74-U060": {"K74-U070": 134.90521536558595}, "K75A-D010": {"K75A-D020": 197.0609568332678}, "K74-D090": {"K74-U011": 74.04191417562986}, "K73-U110": {"K73-U120": 217.68445678527064}, "K73-U050": {"K73-U060": 100.75465765695374}, "K73-U060": {"K73-U070": 140.37946002139464}, "K74-U007": {"K74-U010": 256.82992909538166}, "K73-D030": {"K73-D040": 125.75945469341605}, "K73-D040": {"K73-D050": 72.87991300975207}, "K73-U090": {"K73-U100": 110.48239366134798}, "K75P-U140": {"K75P-D010": 143.68173866634964}, "K73-U030": {"K73-U040": 88.48874965485747}, "K73-U010": {"K73-U020": 63.94132332902093}, "K75P-U110": {"K75P-U120": 81.73240582327273}, "K76-D020": {"K76-D030": 122.08309324382951}, "K75A-U030": {"K75A-D010": 231.66584012968647}, "K75P-D060": {"K75P-D070": 169.42899714085078}, "K73-D110": {"K73-D120": 80.10815798801517}, "K75P-U090": {"K75P-U100": 41.42330404165836}, "K74-U080": {"K74-U090": 218.8027299800198}, "K75P-U120": {"K75P-U130": 56.3546384535005}, "K73-U040": {"K73-U050": 93.98937469360186, "K73-U060": 207.73561236424726}, "K75P-U020": {"K75P-U030": 105.7671819884187}, "K73-D010": {"K73-D020": 78.64864004560226}, "K74-D080": {"K74-D090": 165.66819533277976}, "K74-D060": {"K74-D070": 141.22143766149873}, "K75P-D010": {"K75P-D020": 126.29532994755944}, "K73-D090": {"K73-D100": 84.01824778507526}, "K73-D100": {"K73-D110": 186.14330701389358}, "K75A-U010": {"K75A-U020": 42.1157044364178}, "K73-U020": {"K73-U030": 173.8518307477391}, "K75P-U100": {"K75P-U110": 61.10089778391678}, "K75A-D030": {"K75A-D040": 44.03800824956657}, "K75P-D080": {"K75P-U011": 134.44789288516802}, "K75P-D020": {"K75P-D030": 31.0968195698723}, "K75P-U080": {"K75P-U090": 45.39153523935447}, "K75P-D030": {"K75P-D040": 115.38370326961615}, "K75A-D050": {"K75A-D060": 74.70488374493429}, "K76-U030": {"K76-U040": 163.0854266580546}, "K74-U001": {"K74-U004": 132.76986569860006}, "K75P-U130": {"K75P-U140": 37.08069115566705}, "K73-D130": {"K73-D140": 139.26357035420511}, "K74-U030": {"K74-U040": 280.75624256504955}, "K75A-D100": {"K75A-D110": 95.7850595331935}, "K73-D140": {"K73-D150": 189.29597617148983}, "K74-U010": {"K74-U020": 153.8477613825969}, "K75A-D090": {"K75A-D100": 48.134754946303104}, "K75P-U050": {"K75P-U060": 164.6021050072225}, "K74-D050": {"K74-D060": 106.02235599789523}, "K75P-U060": {"K75P-U070": 26.649501346971032}, "K74-U020": {"K74-U030": 136.27379799993201}, "K75P-D040": {"K75P-D050": 162.4379613934102}, "K74-U004": {"K74-U007": 92.69502947050333}, "K75P-U040": {"K75P-U050": 99.53190645300883}, "K75A-U020": {"K75A-U030": 134.63009226298644}, "K73-D070": {"K73-D080": 153.826471910226}, "K74-U011": {"K74-D100": 177.46598072191162}, "K73-D120": {"K73-D130": 106.39654925340389}, "K74-U100": {"K74-D010": 112.74265919910447}, "K74-D070": {"K74-D080": 258.9007456059621}, "K74-U040": {"K74-U050": 162.56119465481177}, "K74-D100": {"K74-D110": 79.26069328702985}, "K73-D080": {"K73-D090": 254.049804537124}, "K75A-D060": {"K75A-D070": 46.324742111873164}, "K75P-U070": {"K75P-U080": 98.68108906163337}, "K75A-D040": {"K75A-D050": 51.64464351964913}, "K73-D020": {"K73-D030": 102.84157506608933}, "K73-D050": {"K73-D060": 64.29878854327228, "K73-D070": 108.54434085378907}, "K74-D110": {"K74-U002": 156.65661120815312}, "K74-D010": {"K74-D020": 154.9002081273845}, "K74-U070": {"K74-U080": 156.53489621525657}, "K73-D060": {"K73-D070": 32.37775094081504}, "K73-D150": {"K73-D160": 43.058776481782914}, "K74-D040": {"K74-D050": 73.4803507392267}, "K74-U050": {"K74-U060": 231.6295808852745}}