{"K76-U020": {"K76-U030": 161.82965002016718}, "K73-U070": {"K73-U080": 172.65425399788984}, "K76-U040": {"K76-U050": 194.68107397730338}, "K76-D030": {"K76-D040": 52.03511210425463}, "K75P-D050": {"K75P-D060": 86.86214913541019}, "K73-U080": {"K73-U090": 288.0873930068181, "K73-U110": 151.48186865393524}, "K74-D020": {"K74-D030": 145.03112256127412}, "K73-U100": {"K73-U110": 239.33001621297544}, "K76-D010": {"K76-D020": 170.469997127746}, "K75A-D110": {"K75A-U011": 167.46916992890863}, "K75A-D080": {"K75A-D090": 107.41285863368901}, "K75P-U030": {"K75P-U040": 108.90210142513415}, "K75P-D070": {"K75P-D080": 96.71135631635863}, "K75P-U010": {"K75P-U020": 95.98614695543252}, "K75A-D020": {"K75A-D030": 23.951702144858817}, "K74-D030": {"K74-D040": 142.47265597324864}, "K75A-D070": {"K75A-D080": 42.60569062888252}, "K74-U090": {"K74-U100": 205.17383653261498}, "K76-U010": {"K76-U020": 16.686558545275414}, "K74-U060": {"K74-U070": 135.42145359258106}, "K75A-D010": {"K75A-D020": 197.70566780611324}, "K74-D090": {"K74-U011": 70.92747226465596}, "K73-U110": {"K73-U120": 237.91676332729108}, "K73-U050": {"K73-U060": 108.64029692372785}, "K73-U060": {"K73-U070": 130.0483775694372}, "K74-U007": {"K74-U010": 269.58126157682784}, "K73-D030": {"K73-D040": 109.79052312475588}, "K73-D040": {"K73-D050": 83.9124631231604}, "K73-U090": {"K73-U100": 112.53347347882433}, "K75P-U140": {"K75P-D010": 148.0362627658096}, "K73-U030": {"K73-U040": 91.63015861346048}, "K73-U010": {"K73-U020": 65.58434255340869}, "K75P-U110": {"K75P-U120": 85.55291766778818}, "K76-D020": {"K76-D030": 122.02607680135398}, "K75A-U030": {"K75A-D010": 221.9375410805179}, "K75P-D060": {"K75P-D070": 172.1489326066143}, "K73-D110": {"K73-D120": 80.91230725579221}, "K75P-U090": {"K75P-U100": 41.12622371199875}, "K74-U080": {"K74-U090": 238.02916962330286}, "K75P-U120": {"K75P-U130": 60.16718251098157}, "K73-U040": {"K73-U050": 92.97957644696314, "K73-U060": 205.86205420027}, "K75P-U020": {"K75P-U030": 106.89948918632908}, "K73-D010": {"K73-D020": 75.6490668120632}, "K74-D080": {"K74-D090": 171.7700429185205}, "K74-D060": {"K74-D070": 141.44808966566217}, "K75P-D010": {"K75P-D020": 132.09263547392942}, "K73-D090": {"K73-D100": 77.60074204023972}, "K73-D100": {"K73-D110": 194.1071337671584}, "K75A-U010": {"K75A-U020": 41.51504539102467}, "K73-U020": {"K73-U030": 171.82387896398672}, "K75P-U100": {"K75P-U110": 62.59786656878373}, "K75A-D030": {"K75A-D040": 44.93505415580388}, "K75P-D080": {"K75P-U011": 140.95202688335524}, "K75P-D020": {"K75P-D030": 33.84442542019978}, "K75P-U080": {"K75P-U090": 45.25022818349108}, "K75P-D030": {"K75P-D040": 117.40178610035676}, "K75A-D050": {"K75A-D060": 75.08329878747814}, "K76-U030": {"K76-U040": 163.0854266580546}, "K74-U001": {"K74-U004": 142.30343911504087}, "K75P-U130": {"K75P-U140": 35.325537188804546}, "K73-D130": {"K73-D140": 141.6177354994787}, "K74-U030": {"K74-U040": 281.1734691450673}, "K75A-D100": {"K75A-D110": 99.62861227517133}, "K73-D140": {"K73-D150": 193.06604603208874}, "K74-U010": {"K74-U020": 158.35706649430782}, "K75A-D090": {"K75A-D100": 48.90772416913433}, "K75P-U050": {"K75P-U060": 145.93951000974627}, "K74-D050": {"K74-D060": 101.01538011848399}, "K75P-U060": {"K75P-U070": 30.956703685520676}, "K74-U020": {"K74-U030": 119.5407915428959}, "K75P-D040": {"K75P-D050": 167.48725518953563}, "K74-U004": {"K74-U007": 96.92614488628934}, "K75P-U040": {"K75P-U050": 107.35144963985415}, "K75A-U020": {"K75A-U030": 138.40641642021188}, "K73-D070": {"K73-D080": 147.41260423301543}, "K74-U011": {"K74-D100": 172.97042555988187}, "K73-D120": {"K73-D130": 111.04565773495628}, "K74-U100": {"K74-D010": 114.62276275696175}, "K74-D070": {"K74-D080": 254.6424645930901}, "K74-U040": {"K74-U050": 164.85527215591742}, "K74-D100": {"K74-D110": 88.2851132678696}, "K73-D080": {"K73-D090": 266.5664167157108}, "K75A-D060": {"K75A-D070": 41.57811472866849}, "K75P-U070": {"K75P-U080": 108.72542040710911}, "K75A-D040": {"K75A-D050": 53.04371263879094}, "K73-D020": {"K73-D030": 97.37186231328951}, "K73-D050": {"K73-D060": 64.29878854327228, "K73-D070": 104.67056759675529}, "K74-D110": {"K74-U002": 162.85231599186778}, "K74-D010": {"K74-D020": 153.40218708286048}, "K74-U070": {"K74-U080": 158.3780884201354}, "K73-D060": {"K73-D070": 32.37775094081504}, "K73-D150": {"K73-D160": 49.22005716913263}, "K74-D040": {"K74-D050": 79.90888973331126}, "K74-U050": {"K74-U060": 233.61543202104681}}