{"K76-U020": {"K76-U030": 139.42958942200943}, "K73-U070": {"K73-U080": 145.36226311500803}, "K76-U040": {"K76-U050": 177.5712587825328}, "K76-D030": {"K76-D040": 52.21431094501027}, "K75P-D050": {"K75P-D060": 81.92113407739095}, "K73-U080": {"K73-U090": 253.44575349582342, "K73-U110": 137.71078968539587}, "K74-D020": {"K74-D030": 131.84647505570385}, "K73-U100": {"K73-U110": 233.82238585890428}, "K76-D010": {"K76-D020": 154.9727246615875}, "K75A-D110": {"K75A-U011": 158.037875405753}, "K75A-D080": {"K75A-D090": 82.77247665181542}, "K75P-U030": {"K75P-U040": 102.48675590946118}, "K75P-D070": {"K75P-D080": 78.62671340630492}, "K75P-U010": {"K75P-U020": 83.14718367619238}, "K75A-D020": {"K75A-D030": 21.598206501511175}, "K74-D030": {"K74-D040": 102.30679208244746}, "K75A-D070": {"K75A-D080": 37.06921711382498}, "K74-U090": {"K74-U100": 175.2470432611912}, "K76-U010": {"K76-U020": 9.861614595446321}, "K74-U060": {"K74-U070": 133.83116193698297}, "K75A-D010": {"K75A-D020": 162.42493385708863}, "K74-D090": {"K74-U011": 74.75839878581232}, "K73-U110": {"K73-U120": 184.00684058692713}, "K73-U050": {"K73-U060": 86.11941615024352}, "K73-U060": {"K73-U070": 120.57326521763079}, "K74-U007": {"K74-U010": 224.4025080829917}, "K73-D030": {"K73-D040": 99.61840320285744}, "K73-D040": {"K73-D050": 72.75391396422856}, "K73-U090": {"K73-U100": 107.24667073840756}, "K75P-U140": {"K75P-D010": 135.0243595981239}, "K73-U030": {"K73-U040": 76.10335579937848}, "K73-U010": {"K73-U020": 65.04844744722098}, "K75P-U110": {"K75P-U120": 77.59161470718217}, "K76-D020": {"K76-D030": 108.00447539604625}, "K75A-U030": {"K75A-D010": 207.171085539645}, "K75P-D060": {"K75P-D070": 158.6388674488986}, "K73-D110": {"K73-D120": 66.6361618466193}, "K75P-U090": {"K75P-U100": 41.18142263607437}, "K74-U080": {"K74-U090": 220.1811391722904}, "K75P-U120": {"K75P-U130": 55.93932833340701}, "K73-U040": {"K73-U050": 95.84614660200039, "K73-U060": 191.02692710792974}, "K75P-U020": {"K75P-U030": 100.01492015787412}, "K73-D010": {"K73-D020": 68.23960729514988}, "K74-D080": {"K74-D090": 153.12614846066035}, "K74-D060": {"K74-D070": 135.21310908364893}, "K75P-D010": {"K75P-D020": 122.1979637973433}, "K73-D090": {"K73-D100": 78.81581200294468}, "K73-D100": {"K73-D110": 166.07330126030362}, "K75A-U010": {"K75A-U020": 39.108931165312654}, "K73-U020": {"K73-U030": 160.6308127554703}, "K75P-U100": {"K75P-U110": 59.37270133012593}, "K75A-D030": {"K75A-D040": 38.09563047179627}, "K75P-D080": {"K75P-U011": 133.55021569478149}, "K75P-D020": {"K75P-D030": 29.416060910246493}, "K75P-U080": {"K75P-U090": 42.23189268602479}, "K75P-D030": {"K75P-D040": 115.51573811347025}, "K75A-D050": {"K75A-D060": 65.27307165867893}, "K76-U030": {"K76-U040": 148.25947878004982}, "K74-U001": {"K74-U004": 136.7639611005171}, "K75P-U130": {"K75P-U140": 34.98925589934574}, "K73-D130": {"K73-D140": 122.20484387690718}, "K74-U030": {"K74-U040": 252.2335913730827}, "K75A-D100": {"K75A-D110": 85.28414155448645}, "K73-D140": {"K73-D150": 176.03240930840002}, "K74-U010": {"K74-U020": 137.5177355398392}, "K75A-D090": {"K75A-D100": 44.355382113668476}, "K75P-U050": {"K75P-U060": 136.778949266826}, "K74-D050": {"K74-D060": 93.82836463963719}, "K75P-U060": {"K75P-U070": 25.52137856950345}, "K74-U020": {"K74-U030": 114.64110749986033}, "K75P-D040": {"K75P-D050": 145.47694621023817}, "K74-U004": {"K74-U007": 91.00078655038214}, "K75P-U040": {"K75P-U050": 99.78598461295645}, "K75A-U020": {"K75A-U030": 119.90354750871691}, "K73-D070": {"K73-D080": 139.66694923882795}, "K74-U011": {"K74-D100": 160.07111646418483}, "K73-D120": {"K73-D130": 100.78663005662693}, "K74-U100": {"K74-D010": 97.51782358256654}, "K74-D070": {"K74-D080": 234.8543341353837}, "K74-U040": {"K74-U050": 149.49473459305443}, "K74-D100": {"K74-D110": 76.88809695040959}, "K73-D080": {"K73-D090": 231.55689507342876}, "K75A-D060": {"K75A-D070": 38.675817885706934}, "K75P-U070": {"K75P-U080": 95.57843530899112}, "K75A-D040": {"K75A-D050": 40.84539367589683}, "K73-D020": {"K73-D030": 93.40105706463265}, "K73-D050": {"K73-D060": 62.99680483752188}, "K74-D110": {"K74-U002": 155.96724490005957}, "K74-D010": {"K74-D020": 141.4818568500238}, "K74-U070": {"K74-U080": 146.0772466304735}, "K73-D060": {"K73-D070": 25.757787428577284}, "K73-D150": {"K73-D160": 46.456914914533016}, "K74-D040": {"K74-D050": 69.08090721412326}, "K74-U050": {"K74-U060": 195.6033097333773}}