{"K76-U020": {"K76-U030": 144.43612288532117}, "K73-U070": {"K73-U080": 139.30684238757303}, "K76-U040": {"K76-U050": 161.2508792386738}, "K76-D030": {"K76-D040": 44.27929716753343}, "K75P-D050": {"K75P-D060": 72.29131735339175}, "K73-U080": {"K73-U090": 246.87021959443578, "K73-U110": 137.71078968539587}, "K74-D020": {"K74-D030": 131.84647505570385}, "K73-U100": {"K73-U110": 213.01702422887186}, "K76-D010": {"K76-D020": 154.9727246615875}, "K75A-D110": {"K75A-U011": 177.06620961692687}, "K75A-D080": {"K75A-D090": 106.52395265190626}, "K75P-U030": {"K75P-U040": 83.4227019957173}, "K75P-D070": {"K75P-D080": 84.15485608091089}, "K75P-U010": {"K75P-U020": 90.12469670550965}, "K75A-D020": {"K75A-D030": 27.501197843709782}, "K74-D030": {"K74-D040": 81.46832847595215}, "K75A-D070": {"K75A-D080": 43.368709043068186}, "K74-U090": {"K74-U100": 174.76513671875}, "K76-U010": {"K76-U020": 8.211786716421766}, "K74-U060": {"K74-U070": 120.62080293893814}, "K75A-D010": {"K75A-D020": 215.66034901055187}, "K74-D090": {"K74-U011": 43.73338608031918}, "K73-U110": {"K73-U120": 100.51136236227445}, "K73-U050": {"K73-U060": 104.87648821126459}, "K73-U060": {"K73-U070": 113.06171243543068}, "K74-U007": {"K74-U010": 223.46758114904515}, "K73-D030": {"K73-D040": 101.55170485594013}, "K73-D040": {"K73-D050": 70.33134849058712}, "K73-U090": {"K73-U100": 78.94726287189624}, "K75P-U140": {"K75P-D010": 124.98981577831846}, "K73-U030": {"K73-U040": 79.9370150797845}, "K73-U010": {"K73-U020": 53.4295291648091}, "K75P-U110": {"K75P-U120": 80.64582520842886}, "K76-D020": {"K76-D030": 65.6193936883873}, "K75A-U030": {"K75A-D010": 217.75501535840226}, "K75P-D060": {"K75P-D070": 159.01736650399758}, "K73-D110": {"K73-D120": 70.57079239469363}, "K75P-U090": {"K75P-U100": 38.18306582008306}, "K74-U080": {"K74-U090": 217.1272735765204}, "K75P-U120": {"K75P-U130": 50.137600563916564}, "K73-U040": {"K73-U050": 89.55368998467782, "K73-U060": 204.8358257878055}, "K75P-U020": {"K75P-U030": 89.75351067961526}, "K73-D010": {"K73-D020": 86.64629989307699}, "K74-D080": {"K74-D090": 169.78836584091187}, "K74-D060": {"K74-D070": 138.0032933652401}, "K75P-D010": {"K75P-D020": 128.83937215083523}, "K73-D090": {"K73-D100": 73.78751917222486}, "K73-D100": {"K73-D110": 157.49830519209996}, "K75A-U010": {"K75A-U020": 34.03473314557189}, "K73-U020": {"K73-U030": 168.15266329333429}, "K75P-U100": {"K75P-U110": 57.096998305389796}, "K75A-D030": {"K75A-D040": 42.58137916262989}, "K75P-D080": {"K75P-U011": 138.8191671807369}, "K75P-D020": {"K75P-D030": 28.880219459861433}, "K75P-U080": {"K75P-U090": 34.746533218875115}, "K75P-D030": {"K75P-D040": 109.24701944202852}, "K75A-D050": {"K75A-D060": 58.35338058877854}, "K76-U030": {"K76-U040": 148.25947878004982}, "K74-U001": {"K74-U004": 134.12344360351562}, "K75P-U130": {"K75P-U140": 33.79914428570323}, "K73-D130": {"K73-D140": 127.90243784072933}, "K74-U030": {"K74-U040": 245.73147225379944}, "K75A-D100": {"K75A-D110": 93.68594473382481}, "K73-D140": {"K73-D150": 218.06318260169755}, "K74-U010": {"K74-U020": 144.15115094091743}, "K75A-D090": {"K75A-D100": 43.442501398104156}, "K75P-U050": {"K75P-U060": 125.13624605721407}, "K74-D050": {"K74-D060": 114.4293652176857}, "K75P-U060": {"K75P-U070": 24.614285189564033}, "K74-U020": {"K74-U030": 118.51216418668628}, "K75P-D040": {"K75P-D050": 156.4048775613453}, "K74-U004": {"K74-U007": 81.51326727867126}, "K75P-U040": {"K75P-U050": 93.81204112589579}, "K75A-U020": {"K75A-U030": 116.35263163052271}, "K73-D070": {"K73-D080": 137.0677110052273}, "K74-U011": {"K74-D100": 142.81996370851994}, "K73-D120": {"K73-D130": 97.57912661795902}, "K74-U100": {"K74-D010": 117.8750031888485}, "K74-D070": {"K74-D080": 232.01491744573286}, "K74-U040": {"K74-U050": 156.39457323551179}, "K74-D100": {"K74-D110": 89.75093123316765}, "K73-D080": {"K73-D090": 239.5997297326848}, "K75A-D060": {"K75A-D070": 38.512633934068965}, "K75P-U070": {"K75P-U080": 97.39289733596475}, "K75A-D040": {"K75A-D050": 45.34794169707261}, "K73-D020": {"K73-D030": 113.67595210205329}, "K73-D050": {"K73-D060": 70.94737715439406}, "K74-D110": {"K74-U002": 160.60364508628845}, "K74-D010": {"K74-D020": 137.18960523605347}, "K74-U070": {"K74-U080": 153.37976503372192}, "K73-D060": {"K73-D070": 27.446117496601904}, "K73-D150": {"K73-D160": 46.92983316350774}, "K74-D040": {"K74-D050": 76.29559056460857}, "K74-U050": {"K74-U060": 221.68885877244173}}