{"K76-U020": {"K76-U030": 108.01934338221614}, "K73-U070": {"K73-U080": 141.56532621843502}, "K76-U040": {"K76-U050": 164.54584966905475}, "K76-D030": {"K76-D040": 48.39327587905888}, "K75P-D050": {"K75P-D060": 76.39016749903183}, "K73-U080": {"K73-U090": 234.75156338455957, "K73-U110": 137.71078968539587}, "K74-D020": {"K74-D030": 131.84647505570385}, "K73-U100": {"K73-U110": 188.9705428911306}, "K76-D010": {"K76-D020": 154.9727246615875}, "K75A-D110": {"K75A-U011": 159.25949880293234}, "K75A-D080": {"K75A-D090": 86.89033266689466}, "K75P-U030": {"K75P-U040": 96.54189218903255}, "K75P-D070": {"K75P-D080": 77.80863724301686}, "K75P-U010": {"K75P-U020": 85.23310048770728}, "K75A-D020": {"K75A-D030": 16.402694090551265}, "K74-D030": {"K74-D040": 106.97467715085455}, "K75A-D070": {"K75A-D080": 35.653114418988096}, "K74-U090": {"K74-U100": 177.44907048713634}, "K76-U010": {"K76-U020": 9.154758253640981}, "K74-U060": {"K74-U070": 135.55932667642134}, "K75A-D010": {"K75A-D020": 186.383433153807}, "K74-D090": {"K74-U011": 63.598194691817675}, "K73-U110": {"K73-U120": 188.22643689247835}, "K73-U050": {"K73-U060": 89.55578047795072}, "K73-U060": {"K73-U070": 126.89811351643141}, "K74-U007": {"K74-U010": 230.35204615684074}, "K73-D030": {"K73-D040": 98.81656807327315}, "K73-D040": {"K73-D050": 69.14843572597377}, "K73-U090": {"K73-U100": 101.8306301819635}, "K75P-U140": {"K75P-D010": 132.2664039943421}, "K73-U030": {"K73-U040": 78.38981824708677}, "K73-U010": {"K73-U020": 66.7322617355371}, "K75P-U110": {"K75P-U120": 77.0712494558912}, "K76-D020": {"K76-D030": 114.81625823693324}, "K75A-U030": {"K75A-D010": 207.0048210222555}, "K75P-D060": {"K75P-D070": 153.27989480760613}, "K73-D110": {"K73-D120": 54.168587169099716}, "K75P-U090": {"K75P-U100": 32.755039996539224}, "K74-U080": {"K74-U090": 218.05647192423922}, "K75P-U120": {"K75P-U130": 58.463214441080495}, "K73-U040": {"K73-U050": 84.2879895641428, "K73-U060": 177.71208590185495}, "K75P-U020": {"K75P-U030": 99.26370563806763}, "K73-D010": {"K73-D020": 75.7468055605625}, "K74-D080": {"K74-D090": 151.52426887304702}, "K74-D060": {"K74-D070": 135.116942362168}, "K75P-D010": {"K75P-D020": 112.44511135257366}, "K73-D090": {"K73-D100": 72.25997339351557}, "K73-D100": {"K73-D110": 169.7574175831813}, "K75A-U010": {"K75A-U020": 35.0058491636299}, "K73-U020": {"K73-U030": 142.3738219474183}, "K75P-U100": {"K75P-U110": 57.28012431593936}, "K75A-D030": {"K75A-D040": 43.38100341292534}, "K75P-D080": {"K75P-U011": 127.90492933413324}, "K75P-D020": {"K75P-D030": 27.34572075701642}, "K75P-U080": {"K75P-U090": 41.48265469485205}, "K75P-D030": {"K75P-D040": 114.8133377475111}, "K75A-D050": {"K75A-D060": 69.09182899355189}, "K76-U030": {"K76-U040": 148.25947878004982}, "K74-U001": {"K74-U004": 140.05040951443857}, "K75P-U130": {"K75P-U140": 32.500312802427246}, "K73-D130": {"K73-D140": 120.28258835331512}, "K74-U030": {"K74-U040": 255.18845993855984}, "K75A-D100": {"K75A-D110": 90.84452315408917}, "K73-D140": {"K73-D150": 173.43980917244704}, "K74-U010": {"K74-U020": 157.97070263729165}, "K75A-D090": {"K75A-D100": 41.78604724759781}, "K75P-U050": {"K75P-U060": 136.3757452988146}, "K74-D050": {"K74-D060": 102.41516934872288}, "K75P-U060": {"K75P-U070": 32.388397807223974}, "K74-U020": {"K74-U030": 113.33780221727538}, "K75P-D040": {"K75P-D050": 148.0100363643632}, "K74-U004": {"K74-U007": 88.9488682501222}, "K75P-U040": {"K75P-U050": 89.99512671766345}, "K75A-U020": {"K75A-U030": 125.05524974739743}, "K73-D070": {"K73-D080": 129.6241770788701}, "K74-U011": {"K74-D100": 152.44157706796258}, "K73-D120": {"K73-D130": 102.49700175549101}, "K74-U100": {"K74-D010": 104.04845826982178}, "K74-D070": {"K74-D080": 234.7304797814103}, "K74-U040": {"K74-U050": 150.7011014902109}, "K74-D100": {"K74-D110": 75.30269445935485}, "K73-D080": {"K73-D090": 208.4776252014216}, "K75A-D060": {"K75A-D070": 38.750541437324685}, "K75P-U070": {"K75P-U080": 89.87156267593116}, "K75A-D040": {"K75A-D050": 45.43007426873159}, "K73-D020": {"K73-D030": 82.00842312568986}, "K73-D050": {"K73-D060": 67.53694553828934}, "K74-D110": {"K74-U002": 156.09165121249873}, "K74-D010": {"K74-D020": 134.81038847963146}, "K74-U070": {"K74-U080": 137.0925918996607}, "K73-D060": {"K73-D070": 26.847947714358288}, "K73-D150": {"K73-D160": 38.489762102813934}, "K74-D040": {"K74-D050": 71.14833500781819}, "K74-U050": {"K74-U060": 199.94636883859923}}