{"K76-U020": {"K76-U030": 148.79661912998753}, "K73-U070": {"K73-U080": 133.81456833479737}, "K76-U040": {"K76-U050": 181.64838025797468}, "K76-D030": {"K76-D040": 61.74650241966568}, "K75P-D050": {"K75P-D060": 77.90843477215684}, "K73-U080": {"K73-U090": 248.47194673791486, "K73-U110": 137.71078968539587}, "K74-D020": {"K74-D030": 131.84647505570385}, "K73-U100": {"K73-U110": 213.01587608659966}, "K76-D010": {"K76-D020": 154.9727246615875}, "K75A-D110": {"K75A-U011": 154.00077239069762}, "K75A-D080": {"K75A-D090": 73.80254574506691}, "K75P-U030": {"K75P-U040": 91.01615844684282}, "K75P-D070": {"K75P-D080": 79.60187837872095}, "K75P-U010": {"K75P-U020": 83.35857313845057}, "K75A-D020": {"K75A-D030": 20.292153192797358}, "K74-D030": {"K74-D040": 90.58897031307221}, "K75A-D070": {"K75A-D080": 37.92479580460024}, "K74-U090": {"K74-U100": 173.98006389075698}, "K76-U010": {"K76-U020": 9.639010925194558}, "K74-U060": {"K74-U070": 128.9581981786348}, "K75A-D010": {"K75A-D020": 180.0161134512002}, "K74-D090": {"K74-U011": 63.118652983700564}, "K73-U110": {"K73-U120": 195.72349813419174}, "K73-U050": {"K73-U060": 87.55886632511923}, "K73-U060": {"K73-U070": 119.12600385003434}, "K74-U007": {"K74-U010": 223.33097323267802}, "K73-D030": {"K73-D040": 95.97016314266541}, "K73-D040": {"K73-D050": 72.29684965003415}, "K73-U090": {"K73-U100": 92.41666790648895}, "K75P-U140": {"K75P-D010": 133.30741113059986}, "K73-U030": {"K73-U040": 75.73630126288842}, "K73-U010": {"K73-U020": 59.433938852703214}, "K75P-U110": {"K75P-U120": 70.76598661259355}, "K76-D020": {"K76-D030": 112.68033825696106}, "K75A-U030": {"K75A-D010": 209.7947453442212}, "K75P-D060": {"K75P-D070": 142.38460992415014}, "K73-D110": {"K73-D120": 64.78574658568053}, "K75P-U090": {"K75P-U100": 36.61627876747113}, "K74-U080": {"K74-U090": 210.26825727804788}, "K75P-U120": {"K75P-U130": 50.926261514197094}, "K73-U040": {"K73-U050": 86.18086803848414, "K73-U060": 169.74683612151745}, "K75P-U020": {"K75P-U030": 95.57486324279282}, "K73-D010": {"K73-D020": 68.92709229278161}, "K74-D080": {"K74-D090": 157.54554648863729}, "K74-D060": {"K74-D070": 131.14425922931656}, "K75P-D010": {"K75P-D020": 111.58567630502425}, "K73-D090": {"K73-D100": 72.00598210614677}, "K73-D100": {"K73-D110": 172.3662838796484}, "K75A-U010": {"K75A-U020": 36.99609031048434}, "K73-U020": {"K73-U030": 161.13702230560705}, "K75P-U100": {"K75P-U110": 51.013682244820714}, "K75A-D030": {"K75A-D040": 41.48521434266767}, "K75P-D080": {"K75P-U011": 122.70764575699741}, "K75P-D020": {"K75P-D030": 27.179754037369815}, "K75P-U080": {"K75P-U090": 36.05846461359083}, "K75P-D030": {"K75P-D040": 107.60647666582221}, "K75A-D050": {"K75A-D060": 64.43693925924222}, "K76-U030": {"K76-U040": 148.25947878004982}, "K74-U001": {"K74-U004": 137.08445416671415}, "K75P-U130": {"K75P-U140": 30.427022192360123}, "K73-D130": {"K73-D140": 122.23821467718501}, "K74-U030": {"K74-U040": 254.81311134603135}, "K75A-D100": {"K75A-D110": 89.98482650168776}, "K73-D140": {"K73-D150": 187.65069454700802}, "K74-U010": {"K74-U020": 153.77669778601702}, "K75A-D090": {"K75A-D100": 41.901263483751436}, "K75P-U050": {"K75P-U060": 129.34166274438127}, "K74-D050": {"K74-D060": 95.93187730267604}, "K75P-U060": {"K75P-U070": 24.152920091361796}, "K74-U020": {"K74-U030": 123.31391744278308}, "K75P-D040": {"K75P-D050": 149.55861528383514}, "K74-U004": {"K74-U007": 86.39177925413333}, "K75P-U040": {"K75P-U050": 92.78238369232471}, "K75A-U020": {"K75A-U030": 124.37971775137028}, "K73-D070": {"K73-D080": 139.28225045274579}, "K74-U011": {"K74-D100": 153.97569337990785}, "K73-D120": {"K73-D130": 103.72497236219415}, "K74-U100": {"K74-D010": 104.27286856030028}, "K74-D070": {"K74-D080": 236.2535873361453}, "K74-U040": {"K74-U050": 142.62646565184832}, "K74-D100": {"K74-D110": 80.45372728093727}, "K73-D080": {"K73-D090": 236.69627737023697}, "K75A-D060": {"K75A-D070": 35.593442707069315}, "K75P-U070": {"K75P-U080": 86.96004999893094}, "K75A-D040": {"K75A-D050": 45.235217096195825}, "K73-D020": {"K73-D030": 84.1171320432484}, "K73-D050": {"K73-D060": 65.90156326473495}, "K74-D110": {"K74-U002": 153.8313035144611}, "K74-D010": {"K74-D020": 136.0082134569653}, "K74-U070": {"K74-U080": 146.75666928358834}, "K73-D060": {"K73-D070": 24.151380361020507}, "K73-D150": {"K73-D160": 43.747052857111036}, "K74-D040": {"K74-D050": 74.08842658178838}, "K74-U050": {"K74-U060": 204.08397688239586}}