{"K76-U020": {"K76-U030": 165.17381074434633}, "K73-U070": {"K73-U080": 156.05086340101258}, "K76-U040": {"K76-U050": 195.9472246037989}, "K76-D030": {"K76-D040": 55.00612825324068}, "K75P-D050": {"K75P-D060": 89.72402289803793}, "K73-U080": {"K73-U090": 281.3748763211384, "K73-U110": 151.48186865393524}, "K74-D020": {"K74-D030": 145.0311221025016}, "K73-U100": {"K73-U110": 235.62088547892313}, "K76-D010": {"K76-D020": 170.469997127746}, "K75A-D110": {"K75A-U011": 167.05564229190594}, "K75A-D080": {"K75A-D090": 95.04680438574573}, "K75P-U030": {"K75P-U040": 100.35034231703382}, "K75P-D070": {"K75P-D080": 87.0517720851316}, "K75P-U010": {"K75P-U020": 90.15757960690388}, "K75A-D020": {"K75A-D030": 22.00208108606752}, "K74-D030": {"K74-D040": 124.61130778757581}, "K75A-D070": {"K75A-D080": 35.36534259445127}, "K74-U090": {"K74-U100": 186.1073811848434}, "K76-U010": {"K76-U020": 15.97334067297135}, "K74-U060": {"K74-U070": 147.6656763894685}, "K75A-D010": {"K75A-D020": 186.91947121460174}, "K74-D090": {"K74-U011": 76.98431089259672}, "K73-U110": {"K73-U120": 230.5561512218204}, "K73-U050": {"K73-U060": 109.53386732000577}, "K73-U060": {"K73-U070": 143.24932480013234}, "K74-U007": {"K74-U010": 243.7382285891715}, "K73-D030": {"K73-D040": 117.7029539325309}, "K73-D040": {"K73-D050": 70.80902498410006}, "K73-U090": {"K73-U100": 112.89193432377503}, "K75P-U140": {"K75P-D010": 139.73572228975002}, "K73-U030": {"K73-U040": 87.57671786470885}, "K73-U010": {"K73-U020": 61.532635964446385}, "K75P-U110": {"K75P-U120": 85.29399508839217}, "K76-D020": {"K76-D030": 119.69934177297141}, "K75A-U030": {"K75A-D010": 229.3336854811731}, "K75P-D060": {"K75P-D070": 170.38650741813058}, "K73-D110": {"K73-D120": 82.220122232694}, "K75P-U090": {"K75P-U100": 39.395690988184136}, "K74-U080": {"K74-U090": 207.96428744376854}, "K75P-U120": {"K75P-U130": 62.677073257391456}, "K73-U040": {"K73-U050": 89.76059153130134, "K73-U060": 194.0564755285347}, "K75P-U020": {"K75P-U030": 108.81496313546945}, "K73-D010": {"K73-D020": 78.88727381223143}, "K74-D080": {"K74-D090": 157.67734619208755}, "K74-D060": {"K74-D070": 147.23659043199373}, "K75P-D010": {"K75P-D020": 131.55351497801027}, "K73-D090": {"K73-D100": 84.64047942808772}, "K73-D100": {"K73-D110": 188.938405146605}, "K75A-U010": {"K75A-U020": 42.78057189604234}, "K73-U020": {"K73-U030": 171.25596432136714}, "K75P-U100": {"K75P-U110": 64.07087549225996}, "K75A-D030": {"K75A-D040": 45.32424991439398}, "K75P-D080": {"K75P-U011": 144.9969012267797}, "K75P-D020": {"K75P-D030": 31.34912113564443}, "K75P-U080": {"K75P-U090": 44.03505838267368}, "K75P-D030": {"K75P-D040": 118.8299765337259}, "K75A-D050": {"K75A-D060": 70.25072492005665}, "K76-U030": {"K76-U040": 163.0854266580546}, "K74-U001": {"K74-U004": 142.05939349660736}, "K75P-U130": {"K75P-U140": 41.22973974415409}, "K73-D130": {"K73-D140": 141.97421152847718}, "K74-U030": {"K74-U040": 283.4386331584313}, "K75A-D100": {"K75A-D110": 95.46912650000172}, "K73-D140": {"K73-D150": 193.84035661358888}, "K74-U010": {"K74-U020": 158.77249226761006}, "K75A-D090": {"K75A-D100": 43.229586344368826}, "K75P-U050": {"K75P-U060": 158.05022245106915}, "K74-D050": {"K74-D060": 100.41042532332703}, "K75P-U060": {"K75P-U070": 26.619049934121527}, "K74-U020": {"K74-U030": 135.10314140506168}, "K75P-D040": {"K75P-D050": 159.2553575891738}, "K74-U004": {"K74-U007": 99.06856472421302}, "K75P-U040": {"K75P-U050": 100.35765390318971}, "K75A-U020": {"K75A-U030": 135.43957343722346}, "K73-D070": {"K73-D080": 151.90352902737067}, "K74-U011": {"K74-D100": 168.49196936727992}, "K73-D120": {"K73-D130": 107.09596860412191}, "K74-U100": {"K74-D010": 119.82655126728339}, "K74-D070": {"K74-D080": 252.35441591696207}, "K74-U040": {"K74-U050": 175.70543164084512}, "K74-D100": {"K74-D110": 73.85445877773826}, "K73-D080": {"K73-D090": 248.57281488428194}, "K75A-D060": {"K75A-D070": 41.072276004325715}, "K75P-U070": {"K75P-U080": 106.78725964657085}, "K75A-D040": {"K75A-D050": 52.296367160787256}, "K73-D020": {"K73-D030": 99.89129851857281}, "K73-D050": {"K73-D060": 69.79348962547216}, "K74-D110": {"K74-U002": 166.18383991001002}, "K74-D010": {"K74-D020": 154.92642396616006}, "K74-U070": {"K74-U080": 154.17828412387112}, "K73-D060": {"K73-D070": 30.566153433275826}, "K73-D150": {"K73-D160": 47.705863674632745}, "K74-D040": {"K74-D050": 74.34720831405768}, "K74-U050": {"K74-U060": 227.9722434286748}}