{"K76-U020": {"K76-U030": 151.738165446726}, "K73-U070": {"K73-U080": 157.0785828153136}, "K76-U040": {"K76-U050": 177.88043760880117}, "K76-D030": {"K76-D040": 56.07753528030322}, "K75P-D050": {"K75P-D060": 79.32437619855912}, "K73-U080": {"K73-U090": 276.9047314744929, "K73-U110": 151.48186865393524}, "K74-D020": {"K74-D030": 145.03112256127412}, "K73-U100": {"K73-U110": 201.62411403192044}, "K76-D010": {"K76-D020": 170.469997127746}, "K75A-D110": {"K75A-U011": 186.3878548443428}, "K75A-D080": {"K75A-D090": 122.4793518419854}, "K75P-U030": {"K75P-U040": 109.15978897247405}, "K75P-D070": {"K75P-D080": 94.83559000659568}, "K75P-U010": {"K75P-U020": 92.45745122285805}, "K75A-D020": {"K75A-D030": 20.59817140634231}, "K74-D030": {"K74-D040": 133.80466491222248}, "K75A-D070": {"K75A-D080": 49.925953892510016}, "K74-U090": {"K74-U100": 186.46588620819273}, "K76-U010": {"K76-U020": 16.729529126836958}, "K74-U060": {"K74-U070": 157.36870661893622}, "K75A-D010": {"K75A-D020": 206.78373093769991}, "K74-D090": {"K74-U011": 76.31835048554929}, "K73-U110": {"K73-U120": 225.24375064086627}, "K73-U050": {"K73-U060": 109.68103901206356}, "K73-U060": {"K73-U070": 124.9007444508801}, "K74-U007": {"K74-U010": 256.994841079535}, "K73-D030": {"K73-D040": 116.22031221099931}, "K73-D040": {"K73-D050": 81.75414402761508}, "K73-U090": {"K73-U100": 136.80700890135353}, "K75P-U140": {"K75P-D010": 143.51468430486423}, "K73-U030": {"K73-U040": 86.8395494476695}, "K73-U010": {"K73-U020": 112.58148708137597}, "K75P-U110": {"K75P-U120": 87.88444371788857}, "K76-D020": {"K76-D030": 120.87341725934243}, "K75A-U030": {"K75A-D010": 231.7406874039121}, "K75P-D060": {"K75P-D070": 174.16176449448716}, "K73-D110": {"K73-D120": 87.07272966296014}, "K75P-U090": {"K75P-U100": 41.19440074585909}, "K74-U080": {"K74-U090": 224.28441260512182}, "K75P-U120": {"K75P-U130": 61.910452001872805}, "K73-U040": {"K73-U050": 101.93354171931432, "K73-U060": 196.64035680089773}, "K75P-U020": {"K75P-U030": 106.44230475398459}, "K73-D010": {"K73-D020": 80.0003153779871}, "K74-D080": {"K74-D090": 171.14779219380026}, "K74-D060": {"K74-D070": 159.03929179361018}, "K75P-D010": {"K75P-D020": 128.87171166834273}, "K73-D090": {"K73-D100": 72.8045039508693}, "K73-D100": {"K73-D110": 188.35782656904047}, "K75A-U010": {"K75A-U020": 49.58941844402206}, "K73-U020": {"K73-U030": 167.75745440804582}, "K75P-U100": {"K75P-U110": 66.45236805456102}, "K75A-D030": {"K75A-D040": 44.41761626340841}, "K75P-D080": {"K75P-U011": 142.80767976351143}, "K75P-D020": {"K75P-D030": 32.19269023835835}, "K75P-U080": {"K75P-U090": 42.88388925076934}, "K75P-D030": {"K75P-D040": 124.04056440849683}, "K75A-D050": {"K75A-D060": 79.41658836883698}, "K76-U030": {"K76-U040": 163.0854266580546}, "K74-U001": {"K74-U004": 173.78599197002578}, "K75P-U130": {"K75P-U140": 41.64692072241528}, "K73-D130": {"K73-D140": 142.5787719429011}, "K74-U030": {"K74-U040": 292.5619505831018}, "K75A-D100": {"K75A-D110": 96.98059227791721}, "K73-D140": {"K73-D150": 183.9399016032102}, "K74-U010": {"K74-U020": 159.59437456950937}, "K75A-D090": {"K75A-D100": 52.99767693492039}, "K75P-U050": {"K75P-U060": 154.2073299211671}, "K74-D050": {"K74-D060": 103.579995620817}, "K75P-U060": {"K75P-U070": 28.116624518173097}, "K74-U020": {"K74-U030": 130.5931132199459}, "K75P-D040": {"K75P-D050": 177.38554766376018}, "K74-U004": {"K74-U007": 96.32869035347015}, "K75P-U040": {"K75P-U050": 106.06572210300826}, "K75A-U020": {"K75A-U030": 144.18796951889632}, "K73-D070": {"K73-D080": 147.15884880483412}, "K74-U011": {"K74-D100": 166.22388540419485}, "K73-D120": {"K73-D130": 100.91917532662072}, "K74-U100": {"K74-D010": 117.35323016448524}, "K74-D070": {"K74-D080": 274.09297027937276}, "K74-U040": {"K74-U050": 197.84741474588984}, "K74-D100": {"K74-D110": 89.71226335222235}, "K73-D080": {"K73-D090": 270.12228063137525}, "K75A-D060": {"K75A-D070": 48.71613553683313}, "K75P-U070": {"K75P-U080": 100.09561380928048}, "K75A-D040": {"K75A-D050": 54.12810979870413}, "K73-D020": {"K73-D030": 96.51701408768898}, "K73-D050": {"K73-D060": 64.29878854327228, "K73-D070": 105.88418489503856}, "K74-D110": {"K74-U002": 159.91617079656532}, "K74-D010": {"K74-D020": 162.53433990425864}, "K74-U070": {"K74-U080": 150.90080537618874}, "K73-D060": {"K73-D070": 32.37775094081504}, "K73-D150": {"K73-D160": 47.315402078682574}, "K74-D040": {"K74-D050": 86.88568726849803}, "K74-U050": {"K74-U060": 234.90461107705747}}