{"K76-U020": {"K76-U030": 135.44341226137078}, "K73-U070": {"K73-U080": 140.11551796737086}, "K76-U040": {"K76-U050": 146.577872447674}, "K76-D030": {"K76-D040": 41.545672089417636}, "K75P-D050": {"K75P-D060": 78.83198935982705}, "K73-U080": {"K73-U090": 243.38371677080463, "K73-U110": 137.71078968539587}, "K74-D020": {"K74-D030": 131.84647505570385}, "K73-U100": {"K73-U110": 207.99069955475892}, "K76-D010": {"K76-D020": 154.9727246615875}, "K75A-D110": {"K75A-U011": 165.8904299097468}, "K75A-D080": {"K75A-D090": 87.94630842996509}, "K75P-U030": {"K75P-U040": 97.95002823561747}, "K75P-D070": {"K75P-D080": 79.66430731337884}, "K75P-U010": {"K75P-U020": 85.42824733417255}, "K75A-D020": {"K75A-D030": 23.397180628123124}, "K74-D030": {"K74-D040": 105.79675801678499}, "K75A-D070": {"K75A-D080": 34.24550383229799}, "K74-U090": {"K74-U100": 177.17990326614935}, "K76-U010": {"K76-U020": 8.444516981996623}, "K74-U060": {"K74-U070": 128.1623212989577}, "K75A-D010": {"K75A-D020": 174.6079634292876}, "K74-D090": {"K74-U011": 72.68983991579643}, "K73-U110": {"K73-U120": 194.96667111796953}, "K73-U050": {"K73-U060": 84.8649265061864}, "K73-U060": {"K73-U070": 113.29979172766078}, "K74-U007": {"K74-U010": 225.3428330416642}, "K73-D030": {"K73-D040": 98.54646916552721}, "K73-D040": {"K73-D050": 74.54914738723558}, "K73-U090": {"K73-U100": 106.27225254950665}, "K75P-U140": {"K75P-D010": 130.67951148986805}, "K73-U030": {"K73-U040": 77.80722397771001}, "K73-U010": {"K73-U020": 58.44700881887102}, "K75P-U110": {"K75P-U120": 77.77143724981875}, "K76-D020": {"K76-D030": 99.05570334516207}, "K75A-U030": {"K75A-D010": 207.84345028214565}, "K75P-D060": {"K75P-D070": 152.7669400710389}, "K73-D110": {"K73-D120": 56.202888664358206}, "K75P-U090": {"K75P-U100": 39.2914608141577}, "K74-U080": {"K74-U090": 198.25103949947143}, "K75P-U120": {"K75P-U130": 54.166393399842875}, "K73-U040": {"K73-U050": 85.83857628839885, "K73-U060": 183.11821931292783}, "K75P-U020": {"K75P-U030": 99.6394638629773}, "K73-D010": {"K73-D020": 69.63322893069797}, "K74-D080": {"K74-D090": 159.48223014274555}, "K74-D060": {"K74-D070": 131.92903020056374}, "K75P-D010": {"K75P-D020": 126.00937814220455}, "K73-D090": {"K73-D100": 76.00432796130606}, "K73-D100": {"K73-D110": 168.57639576851795}, "K75A-U010": {"K75A-U020": 40.7648603734347}, "K73-U020": {"K73-U030": 162.0184930998562}, "K75P-U100": {"K75P-U110": 55.413397736337494}, "K75A-D030": {"K75A-D040": 39.23296161350185}, "K75P-D080": {"K75P-U011": 129.9048191161745}, "K75P-D020": {"K75P-D030": 30.90043084854375}, "K75P-U080": {"K75P-U090": 40.86141694289564}, "K75P-D030": {"K75P-D040": 114.348310621134}, "K75A-D050": {"K75A-D060": 65.60675886129413}, "K76-U030": {"K76-U040": 148.25947878004982}, "K74-U001": {"K74-U004": 150.62695209590197}, "K75P-U130": {"K75P-U140": 34.1508608378032}, "K73-D130": {"K73-D140": 126.1620339043199}, "K74-U030": {"K74-U040": 260.1740448682857}, "K75A-D100": {"K75A-D110": 89.45786799535986}, "K73-D140": {"K73-D150": 172.33691814348006}, "K74-U010": {"K74-U020": 146.73504121453018}, "K75A-D090": {"K75A-D100": 42.40875589010824}, "K75P-U050": {"K75P-U060": 138.04088101907865}, "K74-D050": {"K74-D060": 96.29125557158196}, "K75P-U060": {"K75P-U070": 25.57068396382074}, "K74-U020": {"K74-U030": 116.11013063065839}, "K75P-D040": {"K75P-D050": 150.85230646037311}, "K74-U004": {"K74-U007": 83.46365163573101}, "K75P-U040": {"K75P-U050": 95.7900525916809}, "K75A-U020": {"K75A-U030": 124.10672820009329}, "K73-D070": {"K73-D080": 131.20258307464167}, "K74-U011": {"K74-D100": 165.0370033259143}, "K73-D120": {"K73-D130": 101.6396376292524}, "K74-U100": {"K74-D010": 103.99194558366557}, "K74-D070": {"K74-D080": 214.46128222183134}, "K74-U040": {"K74-U050": 159.33253321173666}, "K74-D100": {"K74-D110": 74.64950735938876}, "K73-D080": {"K73-D090": 239.23910842602604}, "K75A-D060": {"K75A-D070": 37.170123689731206}, "K75P-U070": {"K75P-U080": 91.21456061976096}, "K75A-D040": {"K75A-D050": 46.71839395807887}, "K73-D020": {"K73-D030": 83.22783580419454}, "K73-D050": {"K73-D060": 63.843230372800065}, "K74-D110": {"K74-U002": 155.6449030238927}, "K74-D010": {"K74-D020": 147.8702614531178}, "K74-U070": {"K74-U080": 137.610398750284}, "K73-D060": {"K73-D070": 29.899616482859734}, "K73-D150": {"K73-D160": 44.26694334275605}, "K74-D040": {"K74-D050": 73.13996800945725}, "K74-U050": {"K74-U060": 196.4722270688082}}