{"K76-U020": {"K76-U030": 160.62138055065833}, "K73-U070": {"K73-U080": 151.6371554588721}, "K76-U040": {"K76-U050": 187.04166004024222}, "K76-D030": {"K76-D040": 53.930476470007285}, "K75P-D050": {"K75P-D060": 87.17880081090388}, "K73-U080": {"K73-U090": 282.36413495161776, "K73-U110": 151.48186865393524}, "K74-D020": {"K74-D030": 145.03112256127412}, "K73-U100": {"K73-U110": 242.9811246956274}, "K76-D010": {"K76-D020": 170.469997127746}, "K75A-D110": {"K75A-U011": 174.83975167142148}, "K75A-D080": {"K75A-D090": 121.04182341882331}, "K75P-U030": {"K75P-U040": 110.13853503696728}, "K75P-D070": {"K75P-D080": 95.19151926250424}, "K75P-U010": {"K75P-U020": 92.31530157740971}, "K75A-D020": {"K75A-D030": 22.973774551377964}, "K74-D030": {"K74-D040": 136.5675090641773}, "K75A-D070": {"K75A-D080": 42.21342109131424}, "K74-U090": {"K74-U100": 213.946375063084}, "K76-U010": {"K76-U020": 13.40634458229828}, "K74-U060": {"K74-U070": 152.18695833541352}, "K75A-D010": {"K75A-D020": 195.1656366121239}, "K74-D090": {"K74-U011": 74.42058703527721}, "K73-U110": {"K73-U120": 228.66006241999702}, "K73-U050": {"K73-U060": 104.15618662020123}, "K73-U060": {"K73-U070": 146.13073902429736}, "K74-U007": {"K74-U010": 252.79641728088123}, "K73-D030": {"K73-D040": 118.75419561768774}, "K73-D040": {"K73-D050": 80.48846126548105}, "K73-U090": {"K73-U100": 123.03585314447369}, "K75P-U140": {"K75P-D010": 143.05860019439032}, "K73-U030": {"K73-U040": 85.58441112661747}, "K73-U010": {"K73-U020": 58.78356332115222}, "K75P-U110": {"K75P-U120": 82.35308507334601}, "K76-D020": {"K76-D030": 122.73551033518427}, "K75A-U030": {"K75A-D010": 231.1958770214299}, "K75P-D060": {"K75P-D070": 174.7860464110916}, "K73-D110": {"K73-D120": 79.07374326388829}, "K75P-U090": {"K75P-U100": 37.32843834095549}, "K74-U080": {"K74-U090": 235.90558320460786}, "K75P-U120": {"K75P-U130": 55.07298874029716}, "K73-U040": {"K73-U050": 100.34019954099679, "K73-U060": 207.5565184249903}, "K75P-U020": {"K75P-U030": 106.67286460537291}, "K73-D010": {"K73-D020": 75.60059151144911}, "K74-D080": {"K74-D090": 159.80947588634285}, "K74-D060": {"K74-D070": 147.2874427987569}, "K75P-D010": {"K75P-D020": 134.81020964970025}, "K73-D090": {"K73-D100": 86.5410306102674}, "K73-D100": {"K73-D110": 190.12233243860015}, "K75A-U010": {"K75A-U020": 39.83336575531725}, "K73-U020": {"K73-U030": 183.55175271097482}, "K75P-U100": {"K75P-U110": 67.48683863757017}, "K75A-D030": {"K75A-D040": 44.90109710340615}, "K75P-D080": {"K75P-U011": 145.70977816565923}, "K75P-D020": {"K75P-D030": 29.94471956015932}, "K75P-U080": {"K75P-U090": 43.53070449309327}, "K75P-D030": {"K75P-D040": 126.00064608190564}, "K75A-D050": {"K75A-D060": 76.03758182787537}, "K76-U030": {"K76-U040": 163.0854266580546}, "K74-U001": {"K74-U004": 151.65303931451768}, "K75P-U130": {"K75P-U140": 33.77149283251599}, "K73-D130": {"K73-D140": 143.52498681769686}, "K74-U030": {"K74-U040": 286.92655295254747}, "K75A-D100": {"K75A-D110": 97.51407457492394}, "K73-D140": {"K73-D150": 191.64983008222498}, "K74-U010": {"K74-U020": 167.20227565165834}, "K75A-D090": {"K75A-D100": 48.86267227260652}, "K75P-U050": {"K75P-U060": 158.24929546511743}, "K74-D050": {"K74-D060": 109.6344300768988}, "K75P-U060": {"K75P-U070": 27.946346703805983}, "K74-U020": {"K74-U030": 134.7564307185404}, "K75P-D040": {"K75P-D050": 161.87302199757133}, "K74-U004": {"K74-U007": 95.25753108894523}, "K75P-U040": {"K75P-U050": 104.88162932261869}, "K75A-U020": {"K75A-U030": 152.69708530937257}, "K73-D070": {"K73-D080": 154.96216750401877}, "K74-U011": {"K74-D100": 173.643851569863}, "K73-D120": {"K73-D130": 107.95726638294312}, "K74-U100": {"K74-D010": 120.78163074352264}, "K74-D070": {"K74-D080": 252.52850366473734}, "K74-U040": {"K74-U050": 171.85960922873025}, "K74-D100": {"K74-D110": 89.64176538575408}, "K73-D080": {"K73-D090": 268.9966487416386}, "K75A-D060": {"K75A-D070": 42.126099468294726}, "K75P-U070": {"K75P-U080": 95.99557473829881}, "K75A-D040": {"K75A-D050": 52.96707602738453}, "K73-D020": {"K73-D030": 103.61419653694392}, "K73-D050": {"K73-D060": 64.29878854327228, "K73-D070": 102.82810065989592}, "K74-D110": {"K74-U002": 171.95115973838847}, "K74-D010": {"K74-D020": 155.3285532047341}, "K74-U070": {"K74-U080": 146.92294525616674}, "K73-D060": {"K73-D070": 32.37775094081504}, "K73-D150": {"K73-D160": 48.31882928906383}, "K74-D040": {"K74-D050": 84.09943091545271}, "K74-U050": {"K74-U060": 237.63596125000203}}