{"K76-U020": {"K76-U030": 139.89001127955254}, "K73-U070": {"K73-U080": 154.0217421482329}, "K76-U040": {"K76-U050": 178.61696301229472}, "K76-D030": {"K76-D040": 60.708945960395475}, "K75P-D050": {"K75P-D060": 79.39987756191098}, "K73-U080": {"K73-U090": 276.19761041701514, "K73-U110": 151.48186865393524}, "K74-D020": {"K74-D030": 145.0308388971022}, "K73-U100": {"K73-U110": 200.63193489713865}, "K76-D010": {"K76-D020": 170.469997127746}, "K75A-D110": {"K75A-U011": 196.2156493930656}, "K75A-D080": {"K75A-D090": 113.32009519543074}, "K75P-U030": {"K75P-U040": 109.5579030977538}, "K75P-D070": {"K75P-D080": 93.93539260928102}, "K75P-U010": {"K75P-U020": 99.28099071149894}, "K75A-D020": {"K75A-D030": 19.501323882524126}, "K74-D030": {"K74-D040": 120.71801467103349}, "K75A-D070": {"K75A-D080": 45.558644757361364}, "K74-U090": {"K74-U100": 194.89312703407077}, "K76-U010": {"K76-U020": 12.2285731098122}, "K74-U060": {"K74-U070": 136.75566097036693}, "K75A-D010": {"K75A-D020": 194.55972392915686}, "K74-D090": {"K74-U011": 74.14155924688762}, "K73-U110": {"K73-U120": 222.68299847101662}, "K73-U050": {"K73-U060": 100.89832286508624}, "K73-U060": {"K73-U070": 121.42402095531168}, "K74-U007": {"K74-U010": 232.09954037463666}, "K73-D030": {"K73-D040": 114.44928750524457}, "K73-D040": {"K73-D050": 74.9538119738475}, "K73-U090": {"K73-U100": 132.9428376468672}, "K75P-U140": {"K75P-D010": 147.81032832697758}, "K73-U030": {"K73-U040": 83.62229083787402}, "K73-U010": {"K73-U020": 70.3637107149335}, "K75P-U110": {"K75P-U120": 83.92146711812302}, "K76-D020": {"K76-D030": 125.23587226005677}, "K75A-U030": {"K75A-D010": 233.88910538322034}, "K75P-D060": {"K75P-D070": 158.25135727532563}, "K73-D110": {"K73-D120": 77.19302583488181}, "K75P-U090": {"K75P-U100": 41.06818920860398}, "K74-U080": {"K74-U090": 221.73904806378573}, "K75P-U120": {"K75P-U130": 61.7402633203385}, "K73-U040": {"K73-U050": 99.56559762723032, "K73-U060": 207.3171815194918}, "K75P-U020": {"K75P-U030": 104.77113544250226}, "K73-D010": {"K73-D020": 73.90471823314724}, "K74-D080": {"K74-D090": 151.63339656023854}, "K74-D060": {"K74-D070": 147.86693098598008}, "K75P-D010": {"K75P-D020": 129.29897690007542}, "K73-D090": {"K73-D100": 75.95534545269264}, "K73-D100": {"K73-D110": 185.5617559072128}, "K75A-U010": {"K75A-U020": 42.23552841601293}, "K73-U020": {"K73-U030": 162.9175398954022}, "K75P-U100": {"K75P-U110": 61.08987657732091}, "K75A-D030": {"K75A-D040": 46.20751559399531}, "K75P-D080": {"K75P-U011": 133.59290542292553}, "K75P-D020": {"K75P-D030": 31.141304293734162}, "K75P-U080": {"K75P-U090": 43.991051726596694}, "K75P-D030": {"K75P-D040": 122.15256154122633}, "K75A-D050": {"K75A-D060": 74.64243420786104}, "K76-U030": {"K76-U040": 163.0854266580546}, "K74-U001": {"K74-U004": 151.47242706155458}, "K75P-U130": {"K75P-U140": 35.25447702893855}, "K73-D130": {"K73-D140": 137.0413378525409}, "K74-U030": {"K74-U040": 284.6279898860395}, "K75A-D100": {"K75A-D110": 104.4134721361651}, "K73-D140": {"K73-D150": 199.32031450882954}, "K74-U010": {"K74-U020": 165.08212669923304}, "K75A-D090": {"K75A-D100": 49.23587619408418}, "K75P-U050": {"K75P-U060": 149.08590426614805}, "K74-D050": {"K74-D060": 101.36851053473275}, "K75P-U060": {"K75P-U070": 26.95351079307334}, "K74-U020": {"K74-U030": 123.06502136427787}, "K75P-D040": {"K75P-D050": 165.40774398369157}, "K74-U004": {"K74-U007": 97.09428606968336}, "K75P-U040": {"K75P-U050": 98.94594116077697}, "K75A-U020": {"K75A-U030": 136.35602272316711}, "K73-D070": {"K73-D080": 149.89249807649088}, "K74-U011": {"K74-D100": 163.9883309927606}, "K73-D120": {"K73-D130": 104.82241980749409}, "K74-U100": {"K74-D010": 115.90625868911937}, "K74-D070": {"K74-D080": 254.4349101145111}, "K74-U040": {"K74-U050": 175.58449620614962}, "K74-D100": {"K74-D110": 85.93169932499828}, "K73-D080": {"K73-D090": 257.8265089383493}, "K75A-D060": {"K75A-D070": 45.130032620001884}, "K75P-U070": {"K75P-U080": 100.95493002069367}, "K75A-D040": {"K75A-D050": 51.18962609328813}, "K73-D020": {"K73-D030": 91.98892516176673}, "K73-D050": {"K73-D060": 75.6878694065557}, "K74-D110": {"K74-U002": 189.27708830568037}, "K74-D010": {"K74-D020": 157.36393184964382}, "K74-U070": {"K74-U080": 145.05557627345496}, "K73-D060": {"K73-D070": 28.392206017551707}, "K73-D150": {"K73-D160": 47.11403902980485}, "K74-D040": {"K74-D050": 76.51938328533778}, "K74-U050": {"K74-U060": 228.31342830600684}}