{"K76-U020": {"K76-U030": 158.60829221210287}, "K73-U070": {"K73-U080": 168.68771369865115}, "K76-U040": {"K76-U050": 205.29114606338894}, "K76-D030": {"K76-D040": 55.48917519360877}, "K75P-D050": {"K75P-D060": 93.5121416715273}, "K73-U080": {"K73-U090": 274.9763426233775, "K73-U110": 151.48186865231511}, "K74-D020": {"K74-D030": 144.96996692278597}, "K73-U100": {"K73-U110": 252.74458938541875}, "K76-D010": {"K76-D020": 170.469997127746}, "K75A-D110": {"K75A-U011": 176.03712667298856}, "K75A-D080": {"K75A-D090": 104.26943170023442}, "K75P-U030": {"K75P-U040": 110.98760769440341}, "K75P-D070": {"K75P-D080": 92.95584190013513}, "K75P-U010": {"K75P-U020": 97.6699618430143}, "K75A-D020": {"K75A-D030": 21.812826995440595}, "K74-D030": {"K74-D040": 110.17177123418394}, "K75A-D070": {"K75A-D080": 38.80161728580801}, "K74-U090": {"K74-U100": 192.34233952216113}, "K76-U010": {"K76-U020": 46.09872913655518}, "K74-U060": {"K74-U070": 148.22304197256508}, "K75A-D010": {"K75A-D020": 202.5587223468524}, "K74-D090": {"K74-U011": 77.5321585955335}, "K73-U110": {"K73-U120": 205.72096855327555}, "K73-U050": {"K73-U060": 115.53451225479016}, "K73-U060": {"K73-U070": 131.1428413458153}, "K74-U007": {"K74-U010": 217.6160638798307}, "K73-D030": {"K73-D040": 115.72633523778669}, "K73-D040": {"K73-D050": 78.6238887695737}, "K73-U090": {"K73-U100": 134.71066655875842}, "K75P-U140": {"K75P-D010": 152.68650646461634}, "K73-U030": {"K73-U040": 95.45842667782475}, "K73-U010": {"K73-U020": 64.58974601768698}, "K75P-U110": {"K75P-U120": 83.7230055789345}, "K76-D020": {"K76-D030": 134.26475791004708}, "K75A-U030": {"K75A-D010": 224.63876452403275}, "K75P-D060": {"K75P-D070": 152.1645366561805}, "K73-D110": {"K73-D120": 76.1072124069178}, "K75P-U090": {"K75P-U100": 41.21591657637282}, "K74-U080": {"K74-U090": 212.48136058227016}, "K75P-U120": {"K75P-U130": 61.42051055521322}, "K73-U040": {"K73-U050": 103.42632316139004, "K73-U060": 204.4484893665863}, "K75P-U020": {"K75P-U030": 106.44841567396693}, "K73-D010": {"K73-D020": 80.00464940517348}, "K74-D080": {"K74-D090": 159.81572210277244}, "K74-D060": {"K74-D070": 152.44188751567606}, "K75P-D010": {"K75P-D020": 123.68649971310204}, "K73-D090": {"K73-D100": 77.57817376967579}, "K73-D100": {"K73-D110": 190.69726579824732}, "K75A-U010": {"K75A-U020": 47.15355507275497}, "K73-U020": {"K73-U030": 170.266683625705}, "K75P-U100": {"K75P-U110": 60.60738349882464}, "K75A-D030": {"K75A-D040": 45.27377285559137}, "K75P-D080": {"K75P-U011": 148.97086990076187}, "K75P-D020": {"K75P-D030": 34.65455638208991}, "K75P-U080": {"K75P-U090": 44.38014207478294}, "K75P-D030": {"K75P-D040": 125.37498191996141}, "K75A-D050": {"K75A-D060": 72.38114801237687}, "K76-U030": {"K76-U040": 163.0854266580546}, "K74-U001": {"K74-U004": 196.44911024298278}, "K75P-U130": {"K75P-U140": 41.04972473475294}, "K73-D130": {"K73-D140": 144.50185658636028}, "K74-U030": {"K74-U040": 290.64616857802383}, "K75A-D100": {"K75A-D110": 95.92170186426063}, "K73-D140": {"K73-D150": 192.92682705043495}, "K74-U010": {"K74-U020": 167.5278304480392}, "K75A-D090": {"K75A-D100": 49.66509425737385}, "K75P-U050": {"K75P-U060": 144.2803156026526}, "K74-D050": {"K74-D060": 98.73754899400828}, "K75P-U060": {"K75P-U070": 27.06450355258454}, "K74-U020": {"K74-U030": 128.30084077198168}, "K75P-D040": {"K75P-D050": 170.42671553404065}, "K74-U004": {"K74-U007": 93.51611658203394}, "K75P-U040": {"K75P-U050": 101.36125680945074}, "K75A-U020": {"K75A-U030": 132.65926768557264}, "K73-D070": {"K73-D080": 154.45425174925631}, "K74-U011": {"K74-D100": 164.5962934289333}, "K73-D120": {"K73-D130": 114.83689478795839}, "K74-U100": {"K74-D010": 118.276660439187}, "K74-D070": {"K74-D080": 249.45450662622366}, "K74-U040": {"K74-U050": 186.63969324149167}, "K74-D100": {"K74-D110": 82.69068866614899}, "K73-D080": {"K73-D090": 261.4194269557279}, "K75A-D060": {"K75A-D070": 37.52416287225636}, "K75P-U070": {"K75P-U080": 110.01855653393959}, "K75A-D040": {"K75A-D050": 46.752126170836796}, "K73-D020": {"K73-D030": 84.76875175621122}, "K73-D050": {"K73-D060": 64.52191031605024}, "K74-D110": {"K74-U002": 174.32965155198164}, "K74-D010": {"K74-D020": 150.7143048704518}, "K74-U070": {"K74-U080": 150.637297427279}, "K73-D060": {"K73-D070": 28.974783417968542}, "K73-D150": {"K73-D160": 48.64942736439713}, "K74-D040": {"K74-D050": 81.04019614175243}, "K74-U050": {"K74-U060": 233.622507917219}}