{"K76-U020": {"K76-U030": 142.90456031858855}, "K73-U070": {"K73-U080": 159.69669188611297}, "K76-U040": {"K76-U050": 165.05629873724095}, "K76-D030": {"K76-D040": 57.88045820522391}, "K75P-D050": {"K75P-D060": 87.79861536227374}, "K73-U080": {"K73-U090": 256.2129789016399, "K73-U110": 151.48186865393524}, "K74-D020": {"K74-D030": 145.03112256127412}, "K73-U100": {"K73-U110": 221.3530613659227}, "K76-D010": {"K76-D020": 170.469997127746}, "K75A-D110": {"K75A-U011": 167.50187401216203}, "K75A-D080": {"K75A-D090": 130.74267393278578}, "K75P-U030": {"K75P-U040": 114.85650392789178}, "K75P-D070": {"K75P-D080": 94.15761661082409}, "K75P-U010": {"K75P-U020": 96.65620173159908}, "K75A-D020": {"K75A-D030": 18.907192710862}, "K74-D030": {"K74-D040": 127.887421319997}, "K75A-D070": {"K75A-D080": 50.49914874582191}, "K74-U090": {"K74-U100": 196.17547559540864}, "K76-U010": {"K76-U020": 51.77061353525528}, "K74-U060": {"K74-U070": 143.2176102429551}, "K75A-D010": {"K75A-D020": 198.75608515140487}, "K74-D090": {"K74-U011": 75.10678340521582}, "K73-U110": {"K73-U120": 230.86332265853358}, "K73-U050": {"K73-U060": 107.64851435032601}, "K73-U060": {"K73-U070": 132.99154447734307}, "K74-U007": {"K74-U010": 251.3362452300728}, "K73-D030": {"K73-D040": 113.54810998515953}, "K73-D040": {"K73-D050": 87.08374225090411}, "K73-U090": {"K73-U100": 140.83715496073862}, "K75P-U140": {"K75P-D010": 148.7369748276537}, "K73-U030": {"K73-U040": 98.36839233620677}, "K73-U010": {"K73-U020": 64.67356738120851}, "K75P-U110": {"K75P-U120": 83.3712196379224}, "K76-D020": {"K76-D030": 123.08709944378442}, "K75A-U030": {"K75A-D010": 234.83969329982997}, "K75P-D060": {"K75P-D070": 177.96162439992773}, "K73-D110": {"K73-D120": 88.64205345811743}, "K75P-U090": {"K75P-U100": 41.22162645814555}, "K74-U080": {"K74-U090": 245.42847418647244}, "K75P-U120": {"K75P-U130": 65.42758838330465}, "K73-U040": {"K73-U050": 98.35163028090219, "K73-U060": 215.8985628738265}, "K75P-U020": {"K75P-U030": 108.87859084961079}, "K73-D010": {"K73-D020": 80.98179819251196}, "K74-D080": {"K74-D090": 159.32968029497286}, "K74-D060": {"K74-D070": 144.4510385185804}, "K75P-D010": {"K75P-D020": 140.15251003917462}, "K73-D090": {"K73-D100": 81.7384158305988}, "K73-D100": {"K73-D110": 190.21544478651504}, "K75A-U010": {"K75A-U020": 39.55346301631916}, "K73-U020": {"K73-U030": 179.99702052084413}, "K75P-U100": {"K75P-U110": 63.358149445130415}, "K75A-D030": {"K75A-D040": 53.15761259522441}, "K75P-D080": {"K75P-U011": 140.89833504227445}, "K75P-D020": {"K75P-D030": 41.842731427894094}, "K75P-U080": {"K75P-U090": 44.426288280475816}, "K75P-D030": {"K75P-D040": 128.41788777195376}, "K75A-D050": {"K75A-D060": 82.71874732249448}, "K76-U030": {"K76-U040": 163.0854266580546}, "K74-U001": {"K74-U004": 151.25014059179563}, "K75P-U130": {"K75P-U140": 41.787427278888075}, "K73-D130": {"K73-D140": 139.76573603636592}, "K74-U030": {"K74-U040": 288.9269568342235}, "K75A-D100": {"K75A-D110": 96.70978661622256}, "K73-D140": {"K73-D150": 169.22753476837602}, "K74-U010": {"K74-U020": 170.5216570895024}, "K75A-D090": {"K75A-D100": 45.24753577538313}, "K75P-U050": {"K75P-U060": 149.7008260146921}, "K74-D050": {"K74-D060": 104.84477026228967}, "K75P-U060": {"K75P-U070": 30.925207543880465}, "K74-U020": {"K74-U030": 138.14487439831905}, "K75P-D040": {"K75P-D050": 164.3198960170596}, "K74-U004": {"K74-U007": 90.45597880569548}, "K75P-U040": {"K75P-U050": 112.12564534197168}, "K75A-U020": {"K75A-U030": 136.73215014163043}, "K73-D070": {"K73-D080": 146.58241584203006}, "K74-U011": {"K74-D100": 163.93863781939464}, "K73-D120": {"K73-D130": 98.41498581566073}, "K74-U100": {"K74-D010": 118.72238569526948}, "K74-D070": {"K74-D080": 255.08430743590876}, "K74-U040": {"K74-U050": 171.62577955903978}, "K74-D100": {"K74-D110": 85.72782161552962}, "K73-D080": {"K73-D090": 268.07586963143393}, "K75A-D060": {"K75A-D070": 39.47974697056989}, "K75P-U070": {"K75P-U080": 104.13296113656399}, "K75A-D040": {"K75A-D050": 53.37711395513045}, "K73-D020": {"K73-D030": 87.64840058127079}, "K73-D050": {"K73-D060": 64.29878854327228, "K73-D070": 103.99502554779572}, "K74-D110": {"K74-U002": 171.64848817283487}, "K74-D010": {"K74-D020": 154.53065445569072}, "K74-U070": {"K74-U080": 152.8495921709866}, "K73-D060": {"K73-D070": 32.37775094081504}, "K73-D150": {"K73-D160": 37.87521604118829}, "K74-D040": {"K74-D050": 79.18304396758128}, "K74-U050": {"K74-U060": 232.27440846940334}}