{"K76-U020": {"K76-U030": 160.1144448644422}, "K73-U070": {"K73-U080": 160.84106310633723}, "K76-U040": {"K76-U050": 173.98758328256454}, "K76-D030": {"K76-D040": 52.553483263942915}, "K75P-D050": {"K75P-D060": 91.46786605453008}, "K73-U080": {"K73-U090": 257.39712768292463, "K73-U110": 151.48186865393524}, "K74-D020": {"K74-D030": 145.03112256117407}, "K73-U100": {"K73-U110": 224.2095625408214}, "K76-D010": {"K76-D020": 170.469997127746}, "K75A-D110": {"K75A-U011": 180.44936252931925}, "K75A-D080": {"K75A-D090": 112.72955123620673}, "K75P-U030": {"K75P-U040": 104.86108186814674}, "K75P-D070": {"K75P-D080": 90.61274354228807}, "K75P-U010": {"K75P-U020": 93.42920638152448}, "K75A-D020": {"K75A-D030": 21.882973425097504}, "K74-D030": {"K74-D040": 121.59278563055932}, "K75A-D070": {"K75A-D080": 44.88931815200148}, "K74-U090": {"K74-U100": 182.70439797645506}, "K76-U010": {"K76-U020": 10.876153999852228}, "K74-U060": {"K74-U070": 139.00484301897805}, "K75A-D010": {"K75A-D020": 209.87480833297536}, "K74-D090": {"K74-U011": 76.70597540754291}, "K73-U110": {"K73-U120": 221.9445974801776}, "K73-U050": {"K73-U060": 109.57463484609488}, "K73-U060": {"K73-U070": 132.3583985297272}, "K74-U007": {"K74-U010": 253.44393224528386}, "K73-D030": {"K73-D040": 115.79164452549387}, "K73-D040": {"K73-D050": 83.61935140986967}, "K73-U090": {"K73-U100": 141.35798669926953}, "K75P-U140": {"K75P-D010": 142.83860549209766}, "K73-U030": {"K73-U040": 91.70407146427367}, "K73-U010": {"K73-U020": 64.59186103888695}, "K75P-U110": {"K75P-U120": 87.70758057839387}, "K76-D020": {"K76-D030": 125.71106897377152}, "K75A-U030": {"K75A-D010": 226.47472663985317}, "K75P-D060": {"K75P-D070": 157.9836627624374}, "K73-D110": {"K73-D120": 88.81682684918522}, "K75P-U090": {"K75P-U100": 42.215721714889355}, "K74-U080": {"K74-U090": 230.7634282431499}, "K75P-U120": {"K75P-U130": 66.51743324427204}, "K73-U040": {"K73-U050": 106.87735913967381, "K73-U060": 215.2399650400361}, "K75P-U020": {"K75P-U030": 103.0830535456347}, "K73-D010": {"K73-D020": 80.86207952626857}, "K74-D080": {"K74-D090": 174.03567140533698}, "K74-D060": {"K74-D070": 144.31900161170725}, "K75P-D010": {"K75P-D020": 144.9771599428081}, "K73-D090": {"K73-D100": 78.35208919346623}, "K73-D100": {"K73-D110": 190.15471427738777}, "K75A-U010": {"K75A-U020": 47.165673193001425}, "K73-U020": {"K73-U030": 172.6764349721572}, "K75P-U100": {"K75P-U110": 66.2699878548266}, "K75A-D030": {"K75A-D040": 46.30105001245291}, "K75P-D080": {"K75P-U011": 144.71516955830708}, "K75P-D020": {"K75P-D030": 36.84090808110597}, "K75P-U080": {"K75P-U090": 44.24905100300286}, "K75P-D030": {"K75P-D040": 123.08196943741692}, "K75A-D050": {"K75A-D060": 78.74022482377666}, "K76-U030": {"K76-U040": 163.0854266580546}, "K74-U001": {"K74-U004": 150.37549727360852}, "K75P-U130": {"K75P-U140": 38.394481270360764}, "K73-D130": {"K73-D140": 136.73429472952324}, "K74-U030": {"K74-U040": 292.4348895231482}, "K75A-D100": {"K75A-D110": 97.65625111295624}, "K73-D140": {"K73-D150": 186.28291781580165}, "K74-U010": {"K74-U020": 167.2136630809803}, "K75A-D090": {"K75A-D100": 47.20395312571022}, "K75P-U050": {"K75P-U060": 157.9413017202439}, "K74-D050": {"K74-D060": 96.54832760849064}, "K75P-U060": {"K75P-U070": 25.160855594246367}, "K74-U020": {"K74-U030": 121.94185163573566}, "K75P-D040": {"K75P-D050": 168.56131449350386}, "K74-U004": {"K74-U007": 100.27411834333705}, "K75P-U040": {"K75P-U050": 104.96203741236575}, "K75A-U020": {"K75A-U030": 142.84820508119483}, "K73-D070": {"K73-D080": 153.69478138536698}, "K74-U011": {"K74-D100": 166.54257294908024}, "K73-D120": {"K73-D130": 106.83601307205667}, "K74-U100": {"K74-D010": 118.46477735801707}, "K74-D070": {"K74-D080": 267.7433021000739}, "K74-U040": {"K74-U050": 173.06228086372107}, "K74-D100": {"K74-D110": 87.12963090893892}, "K73-D080": {"K73-D090": 260.1033842383777}, "K75A-D060": {"K75A-D070": 46.58763537508943}, "K75P-U070": {"K75P-U080": 113.63797899077576}, "K75A-D040": {"K75A-D050": 54.830140766848125}, "K73-D020": {"K73-D030": 95.76963706701389}, "K73-D050": {"K73-D060": 64.29878854327228, "K73-D070": 108.21337001038016}, "K74-D110": {"K74-U002": 172.1256808604397}, "K74-D010": {"K74-D020": 160.06898166300672}, "K74-U070": {"K74-U080": 156.89400487423563}, "K73-D060": {"K73-D070": 32.37775094081504}, "K73-D150": {"K73-D160": 49.40550787597536}, "K74-D040": {"K74-D050": 85.67488474516973}, "K74-U050": {"K74-U060": 228.85410892977666}}