{"K76-U020": {"K76-U030": 129.6226143530515}, "K73-U070": {"K73-U080": 150.09793760069152}, "K76-U040": {"K76-U050": 150.8213165152435}, "K76-D030": {"K76-D040": 52.106673565595244}, "K75P-D050": {"K75P-D060": 81.23699905139881}, "K73-U080": {"K73-U090": 247.0636632869717, "K73-U110": 137.71078968539587}, "K74-D020": {"K74-D030": 131.84647505570385}, "K73-U100": {"K73-U110": 222.49361158882212}, "K76-D010": {"K76-D020": 154.9727246615875}, "K75A-D110": {"K75A-U011": 157.73241088886863}, "K75A-D080": {"K75A-D090": 102.14386111827528}, "K75P-U030": {"K75P-U040": 92.69229140127622}, "K75P-D070": {"K75P-D080": 79.02868470682833}, "K75P-U010": {"K75P-U020": 84.66725850764078}, "K75A-D020": {"K75A-D030": 20.99528678164446}, "K74-D030": {"K74-D040": 94.08739217493448}, "K75A-D070": {"K75A-D080": 38.28579339584337}, "K74-U090": {"K74-U100": 169.8547608768083}, "K76-U010": {"K76-U020": 40.15078703758657}, "K74-U060": {"K74-U070": 126.2211738250023}, "K75A-D010": {"K75A-D020": 177.77600688972888}, "K74-D090": {"K74-U011": 64.81168406031081}, "K73-U110": {"K73-U120": 209.65378728088672}, "K73-U050": {"K73-U060": 92.11527134965546}, "K73-U060": {"K73-U070": 121.3336309038302}, "K74-U007": {"K74-U010": 226.1462794866223}, "K73-D030": {"K73-D040": 103.22225381647623}, "K73-D040": {"K73-D050": 76.65795586437167}, "K73-U090": {"K73-U100": 116.2178463843276}, "K75P-U140": {"K75P-D010": 132.0774334882405}, "K73-U030": {"K73-U040": 80.63196081226006}, "K73-U010": {"K73-U020": 60.28797334409794}, "K75P-U110": {"K75P-U120": 77.4491987483935}, "K76-D020": {"K76-D030": 104.79897913937793}, "K75A-U030": {"K75A-D010": 213.70739942539976}, "K75P-D060": {"K75P-D070": 153.4260939081495}, "K73-D110": {"K73-D120": 65.73919459790918}, "K75P-U090": {"K75P-U100": 37.63014631708979}, "K74-U080": {"K74-U090": 208.33459324011446}, "K75P-U120": {"K75P-U130": 55.006040435610224}, "K73-U040": {"K73-U050": 93.14512721762455, "K73-U060": 169.134322261861}, "K75P-U020": {"K75P-U030": 96.02203669436783}, "K73-D010": {"K73-D020": 67.97485118705825}, "K74-D080": {"K74-D090": 163.51470339021654}, "K74-D060": {"K74-D070": 130.3670229421785}, "K75P-D010": {"K75P-D020": 119.12877042192979}, "K73-D090": {"K73-D100": 72.63795613647275}, "K73-D100": {"K73-D110": 174.91148696809356}, "K75A-U010": {"K75A-U020": 37.260301896158396}, "K73-U020": {"K73-U030": 152.4314582711141}, "K75P-U100": {"K75P-U110": 61.19554743645508}, "K75A-D030": {"K75A-D040": 42.165706475415526}, "K75P-D080": {"K75P-U011": 129.2823193837935}, "K75P-D020": {"K75P-D030": 25.895447240262193}, "K75P-U080": {"K75P-U090": 38.4303865434671}, "K75P-D030": {"K75P-D040": 104.21487599201983}, "K75A-D050": {"K75A-D060": 63.637418450614895}, "K76-U030": {"K76-U040": 148.25947878004982}, "K74-U001": {"K74-U004": 139.82879346613146}, "K75P-U130": {"K75P-U140": 33.45726170759014}, "K73-D130": {"K73-D140": 123.40009011044978}, "K74-U030": {"K74-U040": 260.7330141187181}, "K75A-D100": {"K75A-D110": 87.09629561399986}, "K73-D140": {"K73-D150": 175.36595542373232}, "K74-U010": {"K74-U020": 146.74359141740575}, "K75A-D090": {"K75A-D100": 43.81679317643354}, "K75P-U050": {"K75P-U060": 137.13041059053668}, "K74-D050": {"K74-D060": 98.49482061516758}, "K75P-U060": {"K75P-U070": 25.68390509748548}, "K74-U020": {"K74-U030": 124.51775559971006}, "K75P-D040": {"K75P-D050": 152.56599348498364}, "K74-U004": {"K74-U007": 84.66434636863686}, "K75P-U040": {"K75P-U050": 92.10282877183275}, "K75A-U020": {"K75A-U030": 125.75962719540048}, "K73-D070": {"K73-D080": 141.28805079852282}, "K74-U011": {"K74-D100": 151.46927948235793}, "K73-D120": {"K73-D130": 101.54560862008081}, "K74-U100": {"K74-D010": 103.57102353384326}, "K74-D070": {"K74-D080": 240.7988196957736}, "K74-U040": {"K74-U050": 142.1638190866635}, "K74-D100": {"K74-D110": 80.36557249114803}, "K73-D080": {"K73-D090": 237.0186788571312}, "K75A-D060": {"K75A-D070": 39.12762969255397}, "K75P-U070": {"K75P-U080": 94.19425334819051}, "K75A-D040": {"K75A-D050": 45.56891254714371}, "K73-D020": {"K73-D030": 101.64213767501815}, "K73-D050": {"K73-D060": 67.28968653711026}, "K74-D110": {"K74-U002": 149.34111823583794}, "K74-D010": {"K74-D020": 134.30151996420346}, "K74-U070": {"K74-U080": 142.66633977539897}, "K73-D060": {"K73-D070": 26.463859857396983}, "K73-D150": {"K73-D160": 40.67149228076167}, "K74-D040": {"K74-D050": 72.08317501228024}, "K74-U050": {"K74-U060": 195.52569723253993}}