{"K76-U020": {"K76-U030": 131.6559751265425}, "K73-U070": {"K73-U080": 164.91471004536996}, "K76-U040": {"K76-U050": 148.06006397270318}, "K76-D030": {"K76-D040": 58.332694417514276}, "K75P-D050": {"K75P-D060": 88.17238582753421}, "K73-U080": {"K73-U090": 223.0600780598742, "K73-U110": 151.48186865393524}, "K74-D020": {"K74-D030": 145.03112256127412}, "K73-U100": {"K73-U110": 212.80620976479887}, "K76-D010": {"K76-D020": 170.469997127746}, "K75A-D110": {"K75A-U011": 190.3775961223907}, "K75A-D080": {"K75A-D090": 126.79055736210928}, "K75P-U030": {"K75P-U040": 104.54702536035272}, "K75P-D070": {"K75P-D080": 87.12902297881445}, "K75P-U010": {"K75P-U020": 97.49331933245332}, "K75A-D020": {"K75A-D030": 27.868705597235003}, "K74-D030": {"K74-D040": 128.60980072101017}, "K75A-D070": {"K75A-D080": 49.906633537071606}, "K74-U090": {"K74-U100": 187.50929758737348}, "K76-U010": {"K76-U020": 43.63703619522407}, "K74-U060": {"K74-U070": 155.66165236133833}, "K75A-D010": {"K75A-D020": 214.28206599692535}, "K74-D090": {"K74-U011": 75.475855778212}, "K73-U110": {"K73-U120": 222.31121959100042}, "K73-U050": {"K73-U060": 97.56370326523844}, "K73-U060": {"K73-U070": 140.3940116758865}, "K74-U007": {"K74-U010": 252.4298212744233}, "K73-D030": {"K73-D040": 115.13759866611801}, "K73-D040": {"K73-D050": 86.89519169552668}, "K73-U090": {"K73-U100": 128.30322947990967}, "K75P-U140": {"K75P-D010": 147.71960690445627}, "K73-U030": {"K73-U040": 90.34250662663223}, "K73-U010": {"K73-U020": 72.14205893586055}, "K75P-U110": {"K75P-U120": 85.89128032406401}, "K76-D020": {"K76-D030": 111.52220620284409}, "K75A-U030": {"K75A-D010": 230.9234155059907}, "K75P-D060": {"K75P-D070": 169.82195189761893}, "K73-D110": {"K73-D120": 80.5093813839754}, "K75P-U090": {"K75P-U100": 37.95779240264875}, "K74-U080": {"K74-U090": 222.30493678913382}, "K75P-U120": {"K75P-U130": 61.43406697256103}, "K73-U040": {"K73-U050": 110.64748219340538, "K73-U060": 213.36723164382488}, "K75P-U020": {"K75P-U030": 109.59446902337575}, "K73-D010": {"K73-D020": 76.99314002588224}, "K74-D080": {"K74-D090": 171.48678645835236}, "K74-D060": {"K74-D070": 154.15622297008798}, "K75P-D010": {"K75P-D020": 136.4373568878241}, "K73-D090": {"K73-D100": 82.32738021310931}, "K73-D100": {"K73-D110": 191.38995556883052}, "K75A-U010": {"K75A-U020": 43.837647234616895}, "K73-U020": {"K73-U030": 178.0083206960603}, "K75P-U100": {"K75P-U110": 61.64543304718084}, "K75A-D030": {"K75A-D040": 48.24763585138405}, "K75P-D080": {"K75P-U011": 146.9268182079167}, "K75P-D020": {"K75P-D030": 34.58398707518107}, "K75P-U080": {"K75P-U090": 43.60043167007187}, "K75P-D030": {"K75P-D040": 121.10719537169825}, "K75A-D050": {"K75A-D060": 75.81967418575991}, "K76-U030": {"K76-U040": 163.0854266580546}, "K74-U001": {"K74-U004": 172.6996534957209}, "K75P-U130": {"K75P-U140": 32.413733139730866}, "K73-D130": {"K73-D140": 135.06480884010733}, "K74-U030": {"K74-U040": 291.7433361998159}, "K75A-D100": {"K75A-D110": 100.27077893418735}, "K73-D140": {"K73-D150": 190.68884832180487}, "K74-U010": {"K74-U020": 160.10559906117234}, "K75A-D090": {"K75A-D100": 50.54726442245517}, "K75P-U050": {"K75P-U060": 156.7476642451499}, "K74-D050": {"K74-D060": 109.96115455272263}, "K75P-U060": {"K75P-U070": 26.439424686518173}, "K74-U020": {"K74-U030": 127.22777953734058}, "K75P-D040": {"K75P-D050": 173.8593627618859}, "K74-U004": {"K74-U007": 100.33582131812314}, "K75P-U040": {"K75P-U050": 106.24430940278558}, "K75A-U020": {"K75A-U030": 145.16938346528246}, "K73-D070": {"K73-D080": 162.06035022724132}, "K74-U011": {"K74-D100": 170.17776663478168}, "K73-D120": {"K73-D130": 106.58507059991612}, "K74-U100": {"K74-D010": 120.04222419184418}, "K74-D070": {"K74-D080": 281.50302202026677}, "K74-U040": {"K74-U050": 204.57039881477837}, "K74-D100": {"K74-D110": 90.19855598539309}, "K73-D080": {"K73-D090": 273.0588474900207}, "K75A-D060": {"K75A-D070": 44.140404944728864}, "K75P-U070": {"K75P-U080": 106.88911371351233}, "K75A-D040": {"K75A-D050": 55.478976199763736}, "K73-D020": {"K73-D030": 91.75798300885819}, "K73-D050": {"K73-D060": 64.29878854327228, "K73-D070": 107.02059677389138}, "K74-D110": {"K74-U002": 159.8810983452179}, "K74-D010": {"K74-D020": 161.7304723330591}, "K74-U070": {"K74-U080": 153.46721165893436}, "K73-D060": {"K73-D070": 32.37775094081504}, "K73-D150": {"K73-D160": 45.24141569800827}, "K74-D040": {"K74-D050": 85.70376601873507}, "K74-U050": {"K74-U060": 223.2307249154025}}