{"K76-U020": {"K76-U030": 144.69588509058298}, "K73-U070": {"K73-U080": 155.49242994033654}, "K76-U040": {"K76-U050": 179.40150714013956}, "K76-D030": {"K76-D040": 52.216479583859574}, "K75P-D050": {"K75P-D060": 82.50099823068076}, "K73-U080": {"K73-U090": 257.56683800216246, "K73-U110": 142.44666374267658}, "K74-D020": {"K74-D030": 131.84647505570385}, "K73-U100": {"K73-U110": 210.89711886872988}, "K76-D010": {"K76-D020": 164.46603625074076}, "K75A-D110": {"K75A-U011": 162.92464857908112}, "K75A-D080": {"K75A-D090": 94.10885837896193}, "K75P-U030": {"K75P-U040": 96.00135204400748}, "K75P-D070": {"K75P-D080": 90.42570702190922}, "K75P-U010": {"K75P-U020": 89.21098957236799}, "K75A-D020": {"K75A-D030": 19.330972863865018}, "K74-D030": {"K74-D040": 104.21708221510649}, "K75A-D070": {"K75A-D080": 38.3150939035732}, "K74-U090": {"K74-U100": 179.39583453292056}, "K76-U010": {"K76-U020": 65.2548319307363}, "K74-U060": {"K74-U070": 126.44608916906193}, "K75A-D010": {"K75A-D020": 183.88461622548488}, "K74-D090": {"K74-U011": 74.0087703317951}, "K73-U110": {"K73-U120": 207.67931349052395}, "K73-U050": {"K73-U060": 104.3375870857454}, "K73-U060": {"K73-U070": 136.27436902901007}, "K74-U007": {"K74-U010": 228.46769476374797}, "K73-D030": {"K73-D040": 96.42202188956156}, "K73-D040": {"K73-D050": 72.93829705414879}, "K73-U090": {"K73-U100": 108.36629895907315}, "K75P-U140": {"K75P-D010": 127.13217397241912}, "K73-U030": {"K73-U040": 80.14738151121813}, "K73-U010": {"K73-U020": 60.304868228202245}, "K75P-U110": {"K75P-U120": 80.05251918910582}, "K76-D020": {"K76-D030": 111.50221922533353}, "K75A-U030": {"K75A-D010": 211.2723201890552}, "K75P-D060": {"K75P-D070": 159.8074902476184}, "K73-D110": {"K73-D120": 62.1962894572869}, "K75P-U090": {"K75P-U100": 37.7851023634373}, "K74-U080": {"K74-U090": 200.7926966229373}, "K75P-U120": {"K75P-U130": 55.00220081562257}, "K73-U040": {"K73-U050": 91.57530475605056, "K73-U060": 195.99372619004185}, "K75P-U020": {"K75P-U030": 105.67164875349252}, "K73-D010": {"K73-D020": 67.48496353632375}, "K74-D080": {"K74-D090": 150.1509388692908}, "K74-D060": {"K74-D070": 134.31251446245662}, "K75P-D010": {"K75P-D020": 115.82085527474817}, "K73-D090": {"K73-D100": 74.41300867931321}, "K73-D100": {"K73-D110": 182.1519694383298}, "K75A-U010": {"K75A-U020": 39.356312761931555}, "K73-U020": {"K73-U030": 164.15680145344604}, "K75P-U100": {"K75P-U110": 57.17132064766182}, "K75A-D030": {"K75A-D040": 43.26077754030175}, "K75P-D080": {"K75P-U011": 141.63059785511797}, "K75P-D020": {"K75P-D030": 30.57473339516102}, "K75P-U080": {"K75P-U090": 40.644660378212066}, "K75P-D030": {"K75P-D040": 133.69222951034766}, "K75A-D050": {"K75A-D060": 72.01556026441658}, "K76-U030": {"K76-U040": 154.33085269557165}, "K74-U001": {"K74-U004": 147.11404807791254}, "K75P-U130": {"K75P-U140": 32.89111629814245}, "K73-D130": {"K73-D140": 126.92340410759637}, "K74-U030": {"K74-U040": 265.3893785788467}, "K75A-D100": {"K75A-D110": 91.84420505952366}, "K73-D140": {"K73-D150": 163.82069772322225}, "K74-U010": {"K74-U020": 155.9273144867679}, "K75A-D090": {"K75A-D100": 42.70901958626017}, "K75P-U050": {"K75P-U060": 136.23150926469415}, "K74-D050": {"K74-D060": 89.76598715221708}, "K75P-U060": {"K75P-U070": 26.355661577913104}, "K74-U020": {"K74-U030": 119.78615103609745}, "K75P-D040": {"K75P-D050": 152.23888397590758}, "K74-U004": {"K74-U007": 87.08029148894454}, "K75P-U040": {"K75P-U050": 94.3568563393755}, "K75A-U020": {"K75A-U030": 123.22267553884049}, "K73-D070": {"K73-D080": 138.1166208947617}, "K74-U011": {"K74-D100": 162.13330299332287}, "K73-D120": {"K73-D130": 103.48735612830458}, "K74-U100": {"K74-D010": 99.55938699763594}, "K74-D070": {"K74-D080": 221.7383472657435}, "K74-U040": {"K74-U050": 154.1793750402204}, "K74-D100": {"K74-D110": 75.99354177849497}, "K73-D080": {"K73-D090": 241.26553621893217}, "K75A-D060": {"K75A-D070": 38.96761866414222}, "K75P-U070": {"K75P-U080": 93.26672159399627}, "K75A-D040": {"K75A-D050": 45.227991816286966}, "K73-D020": {"K73-D030": 92.77248487293556}, "K73-D050": {"K73-D060": 66.38618858373287}, "K74-D110": {"K74-U002": 156.7123714493531}, "K74-D010": {"K74-D020": 145.01312315521574}, "K74-U070": {"K74-U080": 144.3018557170222}, "K73-D060": {"K73-D070": 27.271670073639513}, "K73-D150": {"K73-D160": 42.11839254065889}, "K74-D040": {"K74-D050": 71.5833330110049}, "K74-U050": {"K74-U060": 202.81810574310708}}