{"K76-U020": {"K76-U030": 149.91245928801996}, "K73-U070": {"K73-U080": 156.82833605639107}, "K76-U040": {"K76-U050": 178.7741595952634}, "K76-D030": {"K76-D040": 42.04469233701103}, "K75P-D050": {"K75P-D060": 89.88053671866118}, "K73-U080": {"K73-U090": 273.2027671369637, "K73-U110": 151.48186865393524}, "K74-D020": {"K74-D030": 145.03112256127406}, "K73-U100": {"K73-U110": 246.7148500646821}, "K76-D010": {"K76-D020": 170.469997127746}, "K75A-D110": {"K75A-U011": 174.27391715396985}, "K75A-D080": {"K75A-D090": 112.740295653779}, "K75P-U030": {"K75P-U040": 104.02121341659605}, "K75P-D070": {"K75P-D080": 96.33059800608551}, "K75P-U010": {"K75P-U020": 94.5532837220521}, "K75A-D020": {"K75A-D030": 23.15089258091607}, "K74-D030": {"K74-D040": 133.15637845217103}, "K75A-D070": {"K75A-D080": 46.64561755419224}, "K74-U090": {"K74-U100": 194.65616504028895}, "K76-U010": {"K76-U020": 13.422273005685465}, "K74-U060": {"K74-U070": 149.0019615853965}, "K75A-D010": {"K75A-D020": 203.90797457382672}, "K74-D090": {"K74-U011": 78.26460308903486}, "K73-U110": {"K73-U120": 234.31252463032737}, "K73-U050": {"K73-U060": 108.44462018844675}, "K73-U060": {"K73-U070": 135.8091350144202}, "K74-U007": {"K74-U010": 257.5431673481652}, "K73-D030": {"K73-D040": 107.87194589975888}, "K73-D040": {"K73-D050": 77.91676014081133}, "K73-U090": {"K73-U100": 107.76225665794807}, "K75P-U140": {"K75P-D010": 145.2521213482848}, "K73-U030": {"K73-U040": 93.19368686630028}, "K73-U010": {"K73-U020": 62.44498037971523}, "K75P-U110": {"K75P-U120": 80.38777298860414}, "K76-D020": {"K76-D030": 117.7937217595412}, "K75A-U030": {"K75A-D010": 225.1292927862102}, "K75P-D060": {"K75P-D070": 169.4411909767415}, "K73-D110": {"K73-D120": 83.99773533027795}, "K75P-U090": {"K75P-U100": 40.7581032368105}, "K74-U080": {"K74-U090": 225.51595549670014}, "K75P-U120": {"K75P-U130": 65.627587164901}, "K73-U040": {"K73-U050": 102.52368947390119, "K73-U060": 224.0432188822195}, "K75P-U020": {"K75P-U030": 103.86138999550833}, "K73-D010": {"K73-D020": 77.41066002878658}, "K74-D080": {"K74-D090": 166.6552990046917}, "K74-D060": {"K74-D070": 155.2571107268521}, "K75P-D010": {"K75P-D020": 132.78785403044307}, "K73-D090": {"K73-D100": 84.53430695540096}, "K73-D100": {"K73-D110": 189.151822648713}, "K75A-U010": {"K75A-U020": 46.68326204828752}, "K73-U020": {"K73-U030": 178.8466731624109}, "K75P-U100": {"K75P-U110": 65.94907380111137}, "K75A-D030": {"K75A-D040": 46.55036430523519}, "K75P-D080": {"K75P-U011": 143.3219274765457}, "K75P-D020": {"K75P-D030": 34.44822588889244}, "K75P-U080": {"K75P-U090": 39.53956116343885}, "K75P-D030": {"K75P-D040": 116.67689709516166}, "K75A-D050": {"K75A-D060": 72.77388107505921}, "K76-U030": {"K76-U040": 163.0854266580546}, "K74-U001": {"K74-U004": 155.5257797407873}, "K75P-U130": {"K75P-U140": 36.34527814932654}, "K73-D130": {"K73-D140": 142.48756849019952}, "K74-U030": {"K74-U040": 289.70369208560993}, "K75A-D100": {"K75A-D110": 95.9925122643455}, "K73-D140": {"K73-D150": 196.7177115893065}, "K74-U010": {"K74-U020": 165.93199882985368}, "K75A-D090": {"K75A-D100": 50.95843204645963}, "K75P-U050": {"K75P-U060": 159.67893212363504}, "K74-D050": {"K74-D060": 106.18237625779156}, "K75P-U060": {"K75P-U070": 26.83095631990585}, "K74-U020": {"K74-U030": 128.56620578127493}, "K75P-D040": {"K75P-D050": 172.00610223267896}, "K74-U004": {"K74-U007": 86.66923864261535}, "K75P-U040": {"K75P-U050": 103.63252788079225}, "K75A-U020": {"K75A-U030": 136.26409131581988}, "K73-D070": {"K73-D080": 150.49035032916134}, "K74-U011": {"K74-D100": 169.18863819605812}, "K73-D120": {"K73-D130": 110.27814425574908}, "K74-U100": {"K74-D010": 121.95045933976203}, "K74-D070": {"K74-D080": 269.6266103530521}, "K74-U040": {"K74-U050": 191.79124107803818}, "K74-D100": {"K74-D110": 83.4800049952166}, "K73-D080": {"K73-D090": 267.84366410324344}, "K75A-D060": {"K75A-D070": 47.02297172599396}, "K75P-U070": {"K75P-U080": 98.19836289102196}, "K75A-D040": {"K75A-D050": 56.3828659111433}, "K73-D020": {"K73-D030": 101.36081483319981}, "K73-D050": {"K73-D060": 64.29878854327228, "K73-D070": 107.5634628273493}, "K74-D110": {"K74-U002": 166.31818441787127}, "K74-D010": {"K74-D020": 160.30586030106568}, "K74-U070": {"K74-U080": 157.9511733555401}, "K73-D060": {"K73-D070": 32.37775094081504}, "K73-D150": {"K73-D160": 46.949536038900675}, "K74-D040": {"K74-D050": 85.662368670272}, "K74-U050": {"K74-U060": 212.84776023797954}}