{"K76-U020": {"K76-U030": 160.16363566593282}, "K73-U070": {"K73-U080": 162.49339431500093}, "K76-U040": {"K76-U050": 192.36687969961582}, "K76-D030": {"K76-D040": 63.22708229605344}, "K75P-D050": {"K75P-D060": 86.53185600777185}, "K73-U080": {"K73-U090": 272.83658157734476, "K73-U110": 151.48186806235748}, "K74-D020": {"K74-D030": 144.88905450808085}, "K73-U100": {"K73-U110": 240.77104950549884}, "K76-D010": {"K76-D020": 170.469997127746}, "K75A-D110": {"K75A-U011": 177.53769163962207}, "K75A-D080": {"K75A-D090": 85.66648459789798}, "K75P-U030": {"K75P-U040": 108.16913225739793}, "K75P-D070": {"K75P-D080": 85.98675419426151}, "K75P-U010": {"K75P-U020": 93.3794405084055}, "K75A-D020": {"K75A-D030": 22.24633235688035}, "K74-D030": {"K74-D040": 114.72766973139089}, "K75A-D070": {"K75A-D080": 37.596276775382634}, "K74-U090": {"K74-U100": 194.15815502462345}, "K76-U010": {"K76-U020": 12.653734952857615}, "K74-U060": {"K74-U070": 146.78016731490408}, "K75A-D010": {"K75A-D020": 192.52836756383417}, "K74-D090": {"K74-U011": 79.92510050218208}, "K73-U110": {"K73-U120": 215.72266179586723}, "K73-U050": {"K73-U060": 97.69231818913104}, "K73-U060": {"K73-U070": 148.31972978656017}, "K74-U007": {"K74-U010": 232.17156512700913}, "K73-D030": {"K73-D040": 108.98176769548884}, "K73-D040": {"K73-D050": 81.7678421132076}, "K73-U090": {"K73-U100": 102.13272944112}, "K75P-U140": {"K75P-D010": 144.95922675008327}, "K73-U030": {"K73-U040": 88.70475772281443}, "K73-U010": {"K73-U020": 60.84323450450479}, "K75P-U110": {"K75P-U120": 84.40873181082475}, "K76-D020": {"K76-D030": 127.75885270185968}, "K75A-U030": {"K75A-D010": 216.35356973371836}, "K75P-D060": {"K75P-D070": 172.67289070199692}, "K73-D110": {"K73-D120": 73.74399251792354}, "K75P-U090": {"K75P-U100": 39.70863954363336}, "K74-U080": {"K74-U090": 210.42373398030017}, "K75P-U120": {"K75P-U130": 62.48488093474269}, "K73-U040": {"K73-U050": 95.59267305530176, "K73-U060": 205.49566454565425}, "K75P-U020": {"K75P-U030": 108.07063113720145}, "K73-D010": {"K73-D020": 71.20496963697347}, "K74-D080": {"K74-D090": 158.40455706827495}, "K74-D060": {"K74-D070": 141.16339446086403}, "K75P-D010": {"K75P-D020": 130.6291884563316}, "K73-D090": {"K73-D100": 79.59720207341962}, "K73-D100": {"K73-D110": 183.11010623295337}, "K75A-U010": {"K75A-U020": 41.541984912414875}, "K73-U020": {"K73-U030": 179.12291744853133}, "K75P-U100": {"K75P-U110": 58.05888198430371}, "K75A-D030": {"K75A-D040": 42.78013210155956}, "K75P-D080": {"K75P-U011": 140.87867007501114}, "K75P-D020": {"K75P-D030": 32.58704803139666}, "K75P-U080": {"K75P-U090": 42.343502229398034}, "K75P-D030": {"K75P-D040": 121.0187903244336}, "K75A-D050": {"K75A-D060": 73.45293049329372}, "K76-U030": {"K76-U040": 163.08542665791566}, "K74-U001": {"K74-U004": 204.7101224922031}, "K75P-U130": {"K75P-U140": 35.619526873833436}, "K73-D130": {"K73-D140": 144.85019559265436}, "K74-U030": {"K74-U040": 289.2599124798411}, "K75A-D100": {"K75A-D110": 100.59479348599321}, "K73-D140": {"K73-D150": 197.15722732525631}, "K74-U010": {"K74-U020": 157.6331076225567}, "K75A-D090": {"K75A-D100": 47.21442845821893}, "K75P-U050": {"K75P-U060": 146.9602766866926}, "K74-D050": {"K74-D060": 99.21186418931173}, "K75P-U060": {"K75P-U070": 28.347972252691143}, "K74-U020": {"K74-U030": 131.23560589133544}, "K75P-D040": {"K75P-D050": 161.88937123272333}, "K74-U004": {"K74-U007": 92.20744792262451}, "K75P-U040": {"K75P-U050": 100.3207998924718}, "K75A-U020": {"K75A-U030": 136.24877556894526}, "K73-D070": {"K73-D080": 145.83428240755123}, "K74-U011": {"K74-D100": 166.31123826997913}, "K73-D120": {"K73-D130": 117.84964991489491}, "K74-U100": {"K74-D010": 117.09829964223184}, "K74-D070": {"K74-D080": 242.05011875937538}, "K74-U040": {"K74-U050": 170.18442859572838}, "K74-D100": {"K74-D110": 80.52810343872731}, "K73-D080": {"K73-D090": 264.564055288072}, "K75A-D060": {"K75A-D070": 38.766825402462544}, "K75P-U070": {"K75P-U080": 90.91663738827108}, "K75A-D040": {"K75A-D050": 51.37925265588849}, "K73-D020": {"K73-D030": 96.82831651281849}, "K73-D050": {"K73-D060": 71.53725878104468}, "K74-D110": {"K74-U002": 162.89264263913302}, "K74-D010": {"K74-D020": 151.23370971660714}, "K74-U070": {"K74-U080": 150.8747749191989}, "K73-D060": {"K73-D070": 28.55253301897659}, "K73-D150": {"K73-D160": 50.711016263926645}, "K74-D040": {"K74-D050": 80.39535155845559}, "K74-U050": {"K74-U060": 232.81991721658113}}