{"K76-U020": {"K76-U030": 152.42380710655883}, "K73-U070": {"K73-U080": 164.42946889148294}, "K76-U040": {"K76-U050": 186.91565767342325}, "K76-D030": {"K76-D040": 71.8008416928366}, "K75P-D050": {"K75P-D060": 84.8506467803282}, "K73-U080": {"K73-U090": 285.6744392480254, "K73-U110": 151.48186865393524}, "K74-D020": {"K74-D030": 145.03112256127412}, "K73-U100": {"K73-U110": 214.22198912306476}, "K76-D010": {"K76-D020": 170.469997127746}, "K75A-D110": {"K75A-U011": 183.99198310072285}, "K75A-D080": {"K75A-D090": 127.67827797844438}, "K75P-U030": {"K75P-U040": 107.2361051713963}, "K75P-D070": {"K75P-D080": 95.2064331511534}, "K75P-U010": {"K75P-U020": 94.02264717795565}, "K75A-D020": {"K75A-D030": 22.874750061316647}, "K74-D030": {"K74-D040": 124.79074060695393}, "K75A-D070": {"K75A-D080": 38.13443741663003}, "K74-U090": {"K74-U100": 194.34549368263407}, "K76-U010": {"K76-U020": 14.706257533540082}, "K74-U060": {"K74-U070": 154.43416646690474}, "K75A-D010": {"K75A-D020": 202.7054281298915}, "K74-D090": {"K74-U011": 78.44531573023977}, "K73-U110": {"K73-U120": 208.80700646477754}, "K73-U050": {"K73-U060": 113.73932390556976}, "K73-U060": {"K73-U070": 133.4695798526423}, "K74-U007": {"K74-U010": 257.3482044986763}, "K73-D030": {"K73-D040": 116.66087927283863}, "K73-D040": {"K73-D050": 80.67961296211959}, "K73-U090": {"K73-U100": 127.92950837391388}, "K75P-U140": {"K75P-D010": 143.3734108199954}, "K73-U030": {"K73-U040": 91.34672787091957}, "K73-U010": {"K73-U020": 65.4105748403228}, "K75P-U110": {"K75P-U120": 85.38025637067747}, "K76-D020": {"K76-D030": 129.0913748462792}, "K75A-U030": {"K75A-D010": 233.27641857425547}, "K75P-D060": {"K75P-D070": 177.24092709508642}, "K73-D110": {"K73-D120": 91.75108100034821}, "K75P-U090": {"K75P-U100": 44.436535636538984}, "K74-U080": {"K74-U090": 224.3249239523271}, "K75P-U120": {"K75P-U130": 63.835160232244995}, "K73-U040": {"K73-U050": 100.96789863827907, "K73-U060": 207.30663768843092}, "K75P-U020": {"K75P-U030": 106.35372045812157}, "K73-D010": {"K73-D020": 80.43288751816523}, "K74-D080": {"K74-D090": 166.6552990046917}, "K74-D060": {"K74-D070": 159.47443431309893}, "K75P-D010": {"K75P-D020": 135.81469649233912}, "K73-D090": {"K73-D100": 81.23182432015518}, "K73-D100": {"K73-D110": 185.83960197300627}, "K75A-U010": {"K75A-U020": 48.205661294521995}, "K73-U020": {"K73-U030": 177.32824576310446}, "K75P-U100": {"K75P-U110": 65.42058250733842}, "K75A-D030": {"K75A-D040": 43.49923297465276}, "K75P-D080": {"K75P-U011": 137.8753319061033}, "K75P-D020": {"K75P-D030": 32.949966324222956}, "K75P-U080": {"K75P-U090": 47.64841839099137}, "K75P-D030": {"K75P-D040": 120.56278425348634}, "K75A-D050": {"K75A-D060": 74.60217727202354}, "K76-U030": {"K76-U040": 163.0854266580546}, "K74-U001": {"K74-U004": 156.23535667913748}, "K75P-U130": {"K75P-U140": 40.21034287494672}, "K73-D130": {"K73-D140": 145.84018200108926}, "K74-U030": {"K74-U040": 285.0756523773687}, "K75A-D100": {"K75A-D110": 103.66914288875569}, "K73-D140": {"K73-D150": 179.15300109569108}, "K74-U010": {"K74-U020": 164.03009206112264}, "K75A-D090": {"K75A-D100": 52.84866190901266}, "K75P-U050": {"K75P-U060": 158.06431934334256}, "K74-D050": {"K74-D060": 104.64172476881117}, "K75P-U060": {"K75P-U070": 31.074888875576896}, "K74-U020": {"K74-U030": 129.77421385178505}, "K75P-D040": {"K75P-D050": 166.85651672893377}, "K74-U004": {"K74-U007": 90.97337497046661}, "K75P-U040": {"K75P-U050": 104.71920964454651}, "K75A-U020": {"K75A-U030": 139.79173464547114}, "K73-D070": {"K73-D080": 155.0178169658665}, "K74-U011": {"K74-D100": 174.34001724492637}, "K73-D120": {"K73-D130": 110.03959020132257}, "K74-U100": {"K74-D010": 121.44286637281789}, "K74-D070": {"K74-D080": 269.49769894737506}, "K74-U040": {"K74-U050": 194.17211697023436}, "K74-D100": {"K74-D110": 91.62876314962546}, "K73-D080": {"K73-D090": 268.1034693752227}, "K75A-D060": {"K75A-D070": 41.16008333590573}, "K75P-U070": {"K75P-U080": 107.66730861148976}, "K75A-D040": {"K75A-D050": 55.8111616269711}, "K73-D020": {"K73-D030": 105.58750435669508}, "K73-D050": {"K73-D060": 64.29878854327228, "K73-D070": 111.99403304733634}, "K74-D110": {"K74-U002": 163.50685644062816}, "K74-D010": {"K74-D020": 163.31377215947685}, "K74-U070": {"K74-U080": 152.4960560199861}, "K73-D060": {"K73-D070": 32.37775094081504}, "K73-D150": {"K73-D160": 49.79174636259261}, "K74-D040": {"K74-D050": 86.33912008456547}, "K74-U050": {"K74-U060": 220.83501154863205}}