{"K76-U020": {"K76-U030": 97.09350289431393}, "K73-U070": {"K73-U080": 144.24294524274902}, "K76-U040": {"K76-U050": 138.68858782947063}, "K76-D030": {"K76-D040": 47.08854186799363}, "K75P-D050": {"K75P-D060": 92.13648919761181}, "K73-U080": {"K73-U090": 275.43192846291686, "K73-U110": 137.71078968539587}, "K74-D020": {"K74-D030": 131.84647505570385}, "K73-U100": {"K73-U110": 217.1202761336317}, "K76-D010": {"K76-D020": 154.9727246615875}, "K75A-D110": {"K75A-U011": 187.006103515625}, "K75A-D080": {"K75A-D090": 114.67578125}, "K75P-U030": {"K75P-U040": 101.13953399658203}, "K75P-D070": {"K75P-D080": 88.30714654922485}, "K75P-U010": {"K75P-U020": 83.28094482421875}, "K75A-D020": {"K75A-D030": 24.675875782966614}, "K74-D030": {"K74-D040": 107.546875}, "K75A-D070": {"K75A-D080": 47.18760693073273}, "K74-U090": {"K74-U100": 185.0}, "K76-U010": {"K76-U020": 30.73241929705118}, "K74-U060": {"K74-U070": 131.94140625}, "K75A-D010": {"K75A-D020": 210.05892944335938}, "K74-D090": {"K74-U011": 75.7236328125}, "K73-U110": {"K73-U120": 183.23802372968527}, "K73-U050": {"K73-U060": 92.93307266657627}, "K73-U060": {"K73-U070": 111.71057971674038}, "K74-U007": {"K74-U010": 245.8701171875}, "K73-D030": {"K73-D040": 100.93531036376953}, "K73-D040": {"K73-D050": 71.88934516906738}, "K73-U090": {"K73-U100": 139.55938616231288}, "K75P-U140": {"K75P-D010": 136.88458251953125}, "K73-U030": {"K73-U040": 82.3330226176752}, "K73-U010": {"K73-U020": 70.24846172332764}, "K75P-U110": {"K75P-U120": 77.28394931880757}, "K76-D020": {"K76-D030": 108.88494729208932}, "K75A-U030": {"K75A-D010": 188.0989990234375}, "K75P-D060": {"K75P-D070": 128.16590381233254}, "K73-D110": {"K73-D120": 49.50347900390625}, "K75P-U090": {"K75P-U100": 39.41994938756852}, "K74-U080": {"K74-U090": 184.78271484375}, "K75P-U120": {"K75P-U130": 54.36949849128723}, "K73-U040": {"K73-U050": 102.58628163784135, "K73-U060": 225.89632844924927}, "K75P-U020": {"K75P-U030": 99.6171875}, "K73-D010": {"K73-D020": 67.04653263092041}, "K74-D080": {"K74-D090": 155.29296875}, "K74-D060": {"K74-D070": 130.34375}, "K75P-D010": {"K75P-D020": 136.36461639404297}, "K73-D090": {"K73-D100": 71.36339282989502}, "K73-D100": {"K73-D110": 171.93704223632812}, "K75A-U010": {"K75A-U020": 46.08906576037407}, "K73-U020": {"K73-U030": 183.78528052568436}, "K75P-U100": {"K75P-U110": 60.352737355278805}, "K75A-D030": {"K75A-D040": 37.91347552835941}, "K75P-D080": {"K75P-U011": 140.6804913431406}, "K75P-D020": {"K75P-D030": 22.76551914215088}, "K75P-U080": {"K75P-U090": 42.882576922304}, "K75P-D030": {"K75P-D040": 130.5368354012462}, "K75A-D050": {"K75A-D060": 69.73790353536606}, "K76-U030": {"K76-U040": 148.2594787800498}, "K74-U001": {"K74-U004": 124.40625}, "K75P-U130": {"K75P-U140": 42.67807054100558}, "K73-D130": {"K73-D140": 127.7818374633789}, "K74-U030": {"K74-U040": 264.765625}, "K75A-D100": {"K75A-D110": 91.90815544128418}, "K73-D140": {"K73-D150": 171.60687351226807}, "K74-U010": {"K74-U020": 167.96875}, "K75A-D090": {"K75A-D100": 47.40531154163182}, "K75P-U050": {"K75P-U060": 134.01654052734375}, "K74-D050": {"K74-D060": 99.03125}, "K75P-U060": {"K75P-U070": 24.00407118164003}, "K74-U020": {"K74-U030": 119.1875}, "K75P-D040": {"K75P-D050": 156.2839479446411}, "K74-U004": {"K74-U007": 89.875}, "K75P-U040": {"K75P-U050": 98.85804748535156}, "K75A-U020": {"K75A-U030": 127.52203369140625}, "K73-D070": {"K73-D080": 146.64242553710938}, "K74-U011": {"K74-D100": 176.1328125}, "K73-D120": {"K73-D130": 93.69086647033691}, "K74-U100": {"K74-D010": 122.05224609375}, "K74-D070": {"K74-D080": 218.5625}, "K74-U040": {"K74-U050": 193.5}, "K74-D100": {"K74-D110": 86.05859375}, "K73-D080": {"K73-D090": 236.560546875}, "K75A-D060": {"K75A-D070": 38.720797538757324}, "K75P-U070": {"K75P-U080": 115.51533447456495}, "K75A-D040": {"K75A-D050": 49.37431335449219}, "K73-D020": {"K73-D030": 65.10635042190552}, "K73-D050": {"K73-D060": 68.86340808868408}, "K74-D110": {"K74-U002": 154.484375}, "K74-D010": {"K74-D020": 131.9375}, "K74-U070": {"K74-U080": 138.25}, "K73-D060": {"K73-D070": 27.021484375}, "K73-D150": {"K73-D160": 44.2109375}, "K74-D040": {"K74-D050": 76.6875}, "K74-U050": {"K74-U060": 215.6875}}