{"K76-U020": {"K76-U030": 137.28887441883677}, "K73-U070": {"K73-U080": 161.79105884765244}, "K76-U040": {"K76-U050": 168.62117495454868}, "K76-D030": {"K76-D040": 52.16967048642171}, "K75P-D050": {"K75P-D060": 82.03467599288231}, "K73-U080": {"K73-U090": 258.23472848951815, "K73-U110": 151.48186865393524}, "K74-D020": {"K74-D030": 145.03112255727015}, "K73-U100": {"K73-U110": 212.73202011692746}, "K76-D010": {"K76-D020": 170.469997127746}, "K75A-D110": {"K75A-U011": 170.28087763065002}, "K75A-D080": {"K75A-D090": 125.47249751966642}, "K75P-U030": {"K75P-U040": 109.01694078150895}, "K75P-D070": {"K75P-D080": 95.2807866647062}, "K75P-U010": {"K75P-U020": 89.68734052311176}, "K75A-D020": {"K75A-D030": 26.376977800403363}, "K74-D030": {"K74-D040": 128.50392034403674}, "K75A-D070": {"K75A-D080": 45.13049752771148}, "K74-U090": {"K74-U100": 199.39051982421273}, "K76-U010": {"K76-U020": 41.695179843542284}, "K74-U060": {"K74-U070": 148.42536009978565}, "K75A-D010": {"K75A-D020": 187.55602559688526}, "K74-D090": {"K74-U011": 74.34847117824283}, "K73-U110": {"K73-U120": 169.64278496133716}, "K73-U050": {"K73-U060": 107.37320062822377}, "K73-U060": {"K73-U070": 131.73703248871493}, "K74-U007": {"K74-U010": 250.14347683153193}, "K73-D030": {"K73-D040": 124.50811599570211}, "K73-D040": {"K73-D050": 79.72005873862113}, "K73-U090": {"K73-U100": 150.8627472592611}, "K75P-U140": {"K75P-D010": 147.12606435099556}, "K73-U030": {"K73-U040": 89.77816751205556}, "K73-U010": {"K73-U020": 63.38632328886964}, "K75P-U110": {"K75P-U120": 84.24970881141675}, "K76-D020": {"K76-D030": 124.62280018374925}, "K75A-U030": {"K75A-D010": 235.9216030622183}, "K75P-D060": {"K75P-D070": 163.4958943559974}, "K73-D110": {"K73-D120": 75.69791646164846}, "K75P-U090": {"K75P-U100": 41.39150226767842}, "K74-U080": {"K74-U090": 208.2294901554345}, "K75P-U120": {"K75P-U130": 64.36720756651297}, "K73-U040": {"K73-U050": 105.37428407632936, "K73-U060": 211.5665127323246}, "K75P-U020": {"K75P-U030": 113.1437917284612}, "K73-D010": {"K73-D020": 76.44827007161668}, "K74-D080": {"K74-D090": 161.11112632626308}, "K74-D060": {"K74-D070": 148.62532670703808}, "K75P-D010": {"K75P-D020": 129.41090590906316}, "K73-D090": {"K73-D100": 84.9724558300475}, "K73-D100": {"K73-D110": 197.51239509650978}, "K75A-U010": {"K75A-U020": 49.21834142204005}, "K73-U020": {"K73-U030": 177.48610824908093}, "K75P-U100": {"K75P-U110": 63.52786114168208}, "K75A-D030": {"K75A-D040": 50.16318441535765}, "K75P-D080": {"K75P-U011": 141.94593891236443}, "K75P-D020": {"K75P-D030": 34.180116373043916}, "K75P-U080": {"K75P-U090": 49.27789473645755}, "K75P-D030": {"K75P-D040": 120.32577018657112}, "K75A-D050": {"K75A-D060": 79.0680143645536}, "K76-U030": {"K76-U040": 163.0854266580546}, "K74-U001": {"K74-U004": 136.92639499636635}, "K75P-U130": {"K75P-U140": 35.28027330452382}, "K73-D130": {"K73-D140": 134.236290068736}, "K74-U030": {"K74-U040": 292.417660746929}, "K75A-D100": {"K75A-D110": 96.9252725578851}, "K73-D140": {"K73-D150": 209.93007334407972}, "K74-U010": {"K74-U020": 164.88175135692876}, "K75A-D090": {"K75A-D100": 44.79732176927773}, "K75P-U050": {"K75P-U060": 158.75444062132746}, "K74-D050": {"K74-D060": 105.30657595468372}, "K75P-U060": {"K75P-U070": 28.147140589409037}, "K74-U020": {"K74-U030": 136.4078388677554}, "K75P-D040": {"K75P-D050": 166.6743301398119}, "K74-U004": {"K74-U007": 97.96325044788577}, "K75P-U040": {"K75P-U050": 103.73375407610256}, "K75A-U020": {"K75A-U030": 144.0762691673714}, "K73-D070": {"K73-D080": 155.42383421218068}, "K74-U011": {"K74-D100": 180.4302038447501}, "K73-D120": {"K73-D130": 108.02081448290171}, "K74-U100": {"K74-D010": 120.10050183047917}, "K74-D070": {"K74-D080": 266.38133047522655}, "K74-U040": {"K74-U050": 182.87574785732377}, "K74-D100": {"K74-D110": 84.08246070115244}, "K73-D080": {"K73-D090": 261.3110240591412}, "K75A-D060": {"K75A-D070": 48.21829822633508}, "K75P-U070": {"K75P-U080": 108.55061323433435}, "K75A-D040": {"K75A-D050": 48.438619860832134}, "K73-D020": {"K73-D030": 87.707090725622}, "K73-D050": {"K73-D060": 64.29878854327228, "K73-D070": 108.75597303525551}, "K74-D110": {"K74-U002": 163.80826957074368}, "K74-D010": {"K74-D020": 151.72343585811308}, "K74-U070": {"K74-U080": 158.24043934092205}, "K73-D060": {"K73-D070": 32.37775094081504}, "K73-D150": {"K73-D160": 40.683121623371946}, "K74-D040": {"K74-D050": 80.51622306948482}, "K74-U050": {"K74-U060": 231.6295808852745}}