{"K76-U020": {"K76-U030": 148.2737213815385}, "K73-U070": {"K73-U080": 164.4862577183112}, "K76-U040": {"K76-U050": 163.78579870013692}, "K76-D030": {"K76-D040": 68.4492948646019}, "K75P-D050": {"K75P-D060": 83.978718637328}, "K73-U080": {"K73-U090": 261.8992762067272, "K73-U110": 151.48186865393524}, "K74-D020": {"K74-D030": 145.03112256035828}, "K73-U100": {"K73-U110": 239.19424991351448}, "K76-D010": {"K76-D020": 170.469997127746}, "K75A-D110": {"K75A-U011": 172.30853091050577}, "K75A-D080": {"K75A-D090": 132.4363535868834}, "K75P-U030": {"K75P-U040": 102.94897607687956}, "K75P-D070": {"K75P-D080": 94.30000240481795}, "K75P-U010": {"K75P-U020": 93.75914165730386}, "K75A-D020": {"K75A-D030": 24.466841316252278}, "K74-D030": {"K74-D040": 136.45577115839973}, "K75A-D070": {"K75A-D080": 45.15703918828523}, "K74-U090": {"K74-U100": 190.69487724589945}, "K76-U010": {"K76-U020": 21.454690028542913}, "K74-U060": {"K74-U070": 143.3055587614694}, "K75A-D010": {"K75A-D020": 201.36553815423704}, "K74-D090": {"K74-U011": 75.55733518429291}, "K73-U110": {"K73-U120": 229.22489167746502}, "K73-U050": {"K73-U060": 108.03393455036658}, "K73-U060": {"K73-U070": 131.4038720998638}, "K74-U007": {"K74-U010": 254.19868962442905}, "K73-D030": {"K73-D040": 121.93594556986825}, "K73-D040": {"K73-D050": 81.11612993163014}, "K73-U090": {"K73-U100": 129.40021976198722}, "K75P-U140": {"K75P-D010": 143.35543562628627}, "K73-U030": {"K73-U040": 90.65543481051225}, "K73-U010": {"K73-U020": 53.44762615315136}, "K75P-U110": {"K75P-U120": 86.11562598463071}, "K76-D020": {"K76-D030": 102.69771560806066}, "K75A-U030": {"K75A-D010": 237.6923994194454}, "K75P-D060": {"K75P-D070": 174.20927896610306}, "K73-D110": {"K73-D120": 76.07469417733996}, "K75P-U090": {"K75P-U100": 44.06170084062911}, "K74-U080": {"K74-U090": 220.19052876295137}, "K75P-U120": {"K75P-U130": 65.37626288413581}, "K73-U040": {"K73-U050": 108.56790297537361, "K73-U060": 217.96182141823073}, "K75P-U020": {"K75P-U030": 114.4665337544972}, "K73-D010": {"K73-D020": 79.42434091024995}, "K74-D080": {"K74-D090": 157.11350535262403}, "K74-D060": {"K74-D070": 150.77148445051506}, "K75P-D010": {"K75P-D020": 145.1473413523028}, "K73-D090": {"K73-D100": 83.46670519547726}, "K73-D100": {"K73-D110": 193.03995952718992}, "K75A-U010": {"K75A-U020": 46.11861423485739}, "K73-U020": {"K73-U030": 173.2581600398148}, "K75P-U100": {"K75P-U110": 66.42868181828868}, "K75A-D030": {"K75A-D040": 43.92475835492671}, "K75P-D080": {"K75P-U011": 143.47392509819542}, "K75P-D020": {"K75P-D030": 34.96778845212456}, "K75P-U080": {"K75P-U090": 46.45736850838894}, "K75P-D030": {"K75P-D040": 124.65780508171929}, "K75A-D050": {"K75A-D060": 72.54330298135918}, "K76-U030": {"K76-U040": 163.0854266580546}, "K74-U001": {"K74-U004": 139.83494913493752}, "K75P-U130": {"K75P-U140": 38.5853342052349}, "K73-D130": {"K73-D140": 137.44940943291124}, "K74-U030": {"K74-U040": 288.1703754944541}, "K75A-D100": {"K75A-D110": 97.46601429962786}, "K73-D140": {"K73-D150": 201.40419484894878}, "K74-U010": {"K74-U020": 157.28885706528098}, "K75A-D090": {"K75A-D100": 49.35891700955798}, "K75P-U050": {"K75P-U060": 149.95294473290357}, "K74-D050": {"K74-D060": 102.43984253193305}, "K75P-U060": {"K75P-U070": 30.086290820629408}, "K74-U020": {"K74-U030": 125.2108967730209}, "K75P-D040": {"K75P-D050": 173.59260224705494}, "K74-U004": {"K74-U007": 94.31170957650872}, "K75P-U040": {"K75P-U050": 105.12132358856942}, "K75A-U020": {"K75A-U030": 144.31463361782633}, "K73-D070": {"K73-D080": 159.07570572369028}, "K74-U011": {"K74-D100": 180.0060610682865}, "K73-D120": {"K73-D130": 108.9198169148173}, "K74-U100": {"K74-D010": 122.50597134456625}, "K74-D070": {"K74-D080": 263.93241092479616}, "K74-U040": {"K74-U050": 172.86622661872508}, "K74-D100": {"K74-D110": 86.31274390773305}, "K73-D080": {"K73-D090": 252.475801050739}, "K75A-D060": {"K75A-D070": 51.04821311779471}, "K75P-U070": {"K75P-U080": 114.65817047040457}, "K75A-D040": {"K75A-D050": 50.59740572808458}, "K73-D020": {"K73-D030": 98.0960697290596}, "K73-D050": {"K73-D060": 64.29878854327228, "K73-D070": 102.43037008764489}, "K74-D110": {"K74-U002": 155.18501878005105}, "K74-D010": {"K74-D020": 154.62152577824924}, "K74-U070": {"K74-U080": 151.72602802377895}, "K73-D060": {"K73-D070": 32.37775094081504}, "K73-D150": {"K73-D160": 45.82442854880576}, "K74-D040": {"K74-D050": 82.91490593384307}, "K74-U050": {"K74-U060": 240.84050621694578}}