{"K76-U020": {"K76-U030": 161.76806351667364}, "K73-U070": {"K73-U080": 151.94813050237082}, "K76-U040": {"K76-U050": 168.86798593104797}, "K76-D030": {"K76-D040": 59.255700447600304}, "K75P-D050": {"K75P-D060": 90.20810179109802}, "K73-U080": {"K73-U090": 288.7953361115598, "K73-U110": 151.48186865393524}, "K74-D020": {"K74-D030": 145.03112256127412}, "K73-U100": {"K73-U110": 234.31819507888994}, "K76-D010": {"K76-D020": 170.469997127746}, "K75A-D110": {"K75A-U011": 163.746938741286}, "K75A-D080": {"K75A-D090": 98.31835411799484}, "K75P-U030": {"K75P-U040": 116.43849902450268}, "K75P-D070": {"K75P-D080": 90.14025607406327}, "K75P-U010": {"K75P-U020": 94.63825439768354}, "K75A-D020": {"K75A-D030": 20.98265168799903}, "K74-D030": {"K74-D040": 125.16894115961536}, "K75A-D070": {"K75A-D080": 40.820637041332205}, "K74-U090": {"K74-U100": 206.38121721464012}, "K76-U010": {"K76-U020": 36.52083442355823}, "K74-U060": {"K74-U070": 140.40493614033014}, "K75A-D010": {"K75A-D020": 197.31767712056615}, "K74-D090": {"K74-U011": 71.40013429952116}, "K73-U110": {"K73-U120": 202.4575128497566}, "K73-U050": {"K73-U060": 109.94251838820105}, "K73-U060": {"K73-U070": 136.16061264456317}, "K74-U007": {"K74-U010": 243.4208382591853}, "K73-D030": {"K73-D040": 114.72622123756182}, "K73-D040": {"K73-D050": 83.61999192968165}, "K73-U090": {"K73-U100": 108.43755916355587}, "K75P-U140": {"K75P-D010": 150.54321032532619}, "K73-U030": {"K73-U040": 88.36794542110614}, "K73-U010": {"K73-U020": 63.72232382318956}, "K75P-U110": {"K75P-U120": 85.09685066316683}, "K76-D020": {"K76-D030": 112.80044269562651}, "K75A-U030": {"K75A-D010": 239.90296684726826}, "K75P-D060": {"K75P-D070": 181.3101152595424}, "K73-D110": {"K73-D120": 69.51107552268618}, "K75P-U090": {"K75P-U100": 38.87917580076885}, "K74-U080": {"K74-U090": 228.81010378768883}, "K75P-U120": {"K75P-U130": 61.94856344879564}, "K73-U040": {"K73-U050": 83.65978333936394, "K73-U060": 215.90244125395998}, "K75P-U020": {"K75P-U030": 101.490549474559}, "K73-D010": {"K73-D020": 81.24439257114602}, "K74-D080": {"K74-D090": 164.2639140377774}, "K74-D060": {"K74-D070": 147.42285151285105}, "K75P-D010": {"K75P-D020": 130.74692143483728}, "K73-D090": {"K73-D100": 88.08548212554243}, "K73-D100": {"K73-D110": 185.68575651323403}, "K75A-U010": {"K75A-U020": 41.380566218316446}, "K73-U020": {"K73-U030": 183.8846145793992}, "K75P-U100": {"K75P-U110": 62.00430107465993}, "K75A-D030": {"K75A-D040": 45.598661926495495}, "K75P-D080": {"K75P-U011": 148.82208575355537}, "K75P-D020": {"K75P-D030": 35.837725493563106}, "K75P-U080": {"K75P-U090": 44.32555037434269}, "K75P-D030": {"K75P-D040": 119.8327122242307}, "K75A-D050": {"K75A-D060": 72.92468717330607}, "K76-U030": {"K76-U040": 163.0854266580546}, "K74-U001": {"K74-U004": 156.5142351390274}, "K75P-U130": {"K75P-U140": 36.49815772751244}, "K73-D130": {"K73-D140": 142.92242049569944}, "K74-U030": {"K74-U040": 286.2208431915185}, "K75A-D100": {"K75A-D110": 97.13890561489603}, "K73-D140": {"K73-D150": 182.40108555021502}, "K74-U010": {"K74-U020": 168.24759105683677}, "K75A-D090": {"K75A-D100": 46.1770200717242}, "K75P-U050": {"K75P-U060": 156.44875608760103}, "K74-D050": {"K74-D060": 108.53803737812305}, "K75P-U060": {"K75P-U070": 28.09457157643073}, "K74-U020": {"K74-U030": 134.04785291866352}, "K75P-D040": {"K75P-D050": 170.32809857272863}, "K74-U004": {"K74-U007": 90.81603421195743}, "K75P-U040": {"K75P-U050": 107.92508011906803}, "K75A-U020": {"K75A-U030": 139.60442134087444}, "K73-D070": {"K73-D080": 150.73448089553204}, "K74-U011": {"K74-D100": 173.5242928809958}, "K73-D120": {"K73-D130": 112.3030494128598}, "K74-U100": {"K74-D010": 119.14088367180572}, "K74-D070": {"K74-D080": 261.6342983971414}, "K74-U040": {"K74-U050": 181.75847355308994}, "K74-D100": {"K74-D110": 87.87826391033056}, "K73-D080": {"K73-D090": 265.48452288372744}, "K75A-D060": {"K75A-D070": 43.928263910341045}, "K75P-U070": {"K75P-U080": 102.95987794666071}, "K75A-D040": {"K75A-D050": 56.99233827744543}, "K73-D020": {"K73-D030": 80.68046196343484}, "K73-D050": {"K73-D060": 64.29878854327228, "K73-D070": 109.00789342815847}, "K74-D110": {"K74-U002": 178.66733731964183}, "K74-D010": {"K74-D020": 153.53440123334673}, "K74-U070": {"K74-U080": 165.7512779304421}, "K73-D060": {"K73-D070": 32.37775094081504}, "K73-D150": {"K73-D160": 49.23765162553165}, "K74-D040": {"K74-D050": 77.73015780033916}, "K74-U050": {"K74-U060": 232.52159499510603}}