{"K76-U020": {"K76-U030": 132.98865317563576}, "K73-U070": {"K73-U080": 162.98371214642575}, "K76-U040": {"K76-U050": 153.06796063771253}, "K76-D030": {"K76-D040": 69.64106871612498}, "K75P-D050": {"K75P-D060": 87.2505848625901}, "K73-U080": {"K73-U090": 261.7915467083355, "K73-U110": 151.48146223268918}, "K74-D020": {"K74-D030": 143.73273683937092}, "K73-U100": {"K73-U110": 222.1395916121844}, "K76-D010": {"K76-D020": 170.4699969906779}, "K75A-D110": {"K75A-U011": 175.88063859410485}, "K75A-D080": {"K75A-D090": 115.95458678905047}, "K75P-U030": {"K75P-U040": 104.63035418305685}, "K75P-D070": {"K75P-D080": 94.37432035251312}, "K75P-U010": {"K75P-U020": 97.2577430180817}, "K75A-D020": {"K75A-D030": 23.73510813062334}, "K74-D030": {"K74-D040": 116.8922776590268}, "K75A-D070": {"K75A-D080": 48.75825923775657}, "K74-U090": {"K74-U100": 188.407092945008}, "K76-U010": {"K76-U020": 9.251670032516534}, "K74-U060": {"K74-U070": 148.10843878229963}, "K75A-D010": {"K75A-D020": 197.00988913586792}, "K74-D090": {"K74-U011": 79.92510050218208}, "K73-U110": {"K73-U120": 194.2376427625161}, "K73-U050": {"K73-U060": 110.76277513511495}, "K73-U060": {"K73-U070": 127.6367302894098}, "K74-U007": {"K74-U010": 242.31385916218193}, "K73-D030": {"K73-D040": 113.35076685140507}, "K73-D040": {"K73-D050": 85.88898934660546}, "K73-U090": {"K73-U100": 121.97305569384805}, "K75P-U140": {"K75P-D010": 142.699489089975}, "K73-U030": {"K73-U040": 84.55233417828683}, "K73-U010": {"K73-U020": 67.30998757084458}, "K75P-U110": {"K75P-U120": 82.94441668344565}, "K76-D020": {"K76-D030": 107.34897837230501}, "K75A-U030": {"K75A-D010": 233.48010260040738}, "K75P-D060": {"K75P-D070": 174.02204331683402}, "K73-D110": {"K73-D120": 71.35393049930181}, "K75P-U090": {"K75P-U100": 41.540331590000356}, "K74-U080": {"K74-U090": 209.24880960265227}, "K75P-U120": {"K75P-U130": 65.60477975757485}, "K73-U040": {"K73-U050": 102.33571680582767, "K73-U060": 214.56572499967783}, "K75P-U020": {"K75P-U030": 107.11997606430525}, "K73-D010": {"K73-D020": 72.27511063819375}, "K74-D080": {"K74-D090": 164.2655648045648}, "K74-D060": {"K74-D070": 151.2908615984424}, "K75P-D010": {"K75P-D020": 149.07834317069896}, "K73-D090": {"K73-D100": 79.87534053095314}, "K73-D100": {"K73-D110": 187.98062570163478}, "K75A-U010": {"K75A-U020": 44.34359566264975}, "K73-U020": {"K73-U030": 175.39506773669837}, "K75P-U100": {"K75P-U110": 64.58890163284602}, "K75A-D030": {"K75A-D040": 49.9985441141138}, "K75P-D080": {"K75P-U011": 149.2053396084549}, "K75P-D020": {"K75P-D030": 30.253932812982367}, "K75P-U080": {"K75P-U090": 45.93892540016951}, "K75P-D030": {"K75P-D040": 123.56869011993714}, "K75A-D050": {"K75A-D060": 78.01016219356791}, "K76-U030": {"K76-U040": 163.0853609836609}, "K74-U001": {"K74-U004": 163.42335046941443}, "K75P-U130": {"K75P-U140": 38.65780689094092}, "K73-D130": {"K73-D140": 142.5724754182894}, "K74-U030": {"K74-U040": 275.012892061723}, "K75A-D100": {"K75A-D110": 103.15975806437453}, "K73-D140": {"K73-D150": 187.22991842655384}, "K74-U010": {"K74-U020": 168.36028584453857}, "K75A-D090": {"K75A-D100": 46.52198387951223}, "K75P-U050": {"K75P-U060": 141.53916311636206}, "K74-D050": {"K74-D060": 100.64110314034528}, "K75P-U060": {"K75P-U070": 26.43417347079374}, "K74-U020": {"K74-U030": 129.4016942451475}, "K75P-D040": {"K75P-D050": 172.46893520886962}, "K74-U004": {"K74-U007": 90.84821896644848}, "K75P-U040": {"K75P-U050": 107.75816288703285}, "K75A-U020": {"K75A-U030": 142.4066210969806}, "K73-D070": {"K73-D080": 157.987062198585}, "K74-U011": {"K74-D100": 170.62198897522248}, "K73-D120": {"K73-D130": 109.48571764550272}, "K74-U100": {"K74-D010": 117.67887468070212}, "K74-D070": {"K74-D080": 239.66027855414615}, "K74-U040": {"K74-U050": 184.6985466051073}, "K74-D100": {"K74-D110": 80.99767275545585}, "K73-D080": {"K73-D090": 260.3369639763667}, "K75A-D060": {"K75A-D070": 47.344074593932305}, "K75P-U070": {"K75P-U080": 108.24042260830734}, "K75A-D040": {"K75A-D050": 48.5150238238527}, "K73-D020": {"K73-D030": 105.40144131683276}, "K73-D050": {"K73-D060": 74.29776368130752}, "K74-D110": {"K74-U002": 165.8495543958741}, "K74-D010": {"K74-D020": 153.47355720880986}, "K74-U070": {"K74-U080": 150.03915327320516}, "K73-D060": {"K73-D070": 32.042129507398776}, "K73-D150": {"K73-D160": 46.50871933166322}, "K74-D040": {"K74-D050": 77.33636354000116}, "K74-U050": {"K74-U060": 229.1836004277483}}