{"K76-U020": {"K76-U030": 147.1175646800654}, "K73-U070": {"K73-U080": 154.88970895958656}, "K76-U040": {"K76-U050": 164.15949535853287}, "K76-D030": {"K76-D040": 58.96861165214601}, "K75P-D050": {"K75P-D060": 92.72919913692792}, "K73-U080": {"K73-U090": 269.8149893077701, "K73-U110": 151.48186865393524}, "K74-D020": {"K74-D030": 145.03112255197237}, "K73-U100": {"K73-U110": 232.5639368236595}, "K76-D010": {"K76-D020": 170.469997127746}, "K75A-D110": {"K75A-U011": 169.39275441398317}, "K75A-D080": {"K75A-D090": 94.99859897969768}, "K75P-U030": {"K75P-U040": 102.33967178442705}, "K75P-D070": {"K75P-D080": 92.30944308147255}, "K75P-U010": {"K75P-U020": 91.701177874497}, "K75A-D020": {"K75A-D030": 26.160448900824907}, "K74-D030": {"K74-D040": 129.656130866901}, "K75A-D070": {"K75A-D080": 41.45566502231127}, "K74-U090": {"K74-U100": 201.35448535557305}, "K76-U010": {"K76-U020": 28.39515418746266}, "K74-U060": {"K74-U070": 134.4358026212249}, "K75A-D010": {"K75A-D020": 193.85574195815246}, "K74-D090": {"K74-U011": 71.21249989063075}, "K73-U110": {"K73-U120": 229.2323940789572}, "K73-U050": {"K73-U060": 104.77953887920698}, "K73-U060": {"K73-U070": 143.91666236312994}, "K74-U007": {"K74-U010": 259.60024256725916}, "K73-D030": {"K73-D040": 120.49861822435028}, "K73-D040": {"K73-D050": 74.77207698457406}, "K73-U090": {"K73-U100": 114.94553982857596}, "K75P-U140": {"K75P-D010": 142.92528755065274}, "K73-U030": {"K73-U040": 87.81858165564608}, "K73-U010": {"K73-U020": 60.936010360168396}, "K75P-U110": {"K75P-U120": 80.8228711884589}, "K76-D020": {"K76-D030": 123.75384471338444}, "K75A-U030": {"K75A-D010": 229.71181604393217}, "K75P-D060": {"K75P-D070": 162.15032724094684}, "K73-D110": {"K73-D120": 74.19014621034307}, "K75P-U090": {"K75P-U100": 43.93620991088267}, "K74-U080": {"K74-U090": 217.05245698201784}, "K75P-U120": {"K75P-U130": 60.29136136381538}, "K73-U040": {"K73-U050": 104.80050459692845, "K73-U060": 205.34375347937856}, "K75P-U020": {"K75P-U030": 115.79584536310722}, "K73-D010": {"K73-D020": 76.69553646052768}, "K74-D080": {"K74-D090": 167.7487329578368}, "K74-D060": {"K74-D070": 145.70302805523258}, "K75P-D010": {"K75P-D020": 125.72017920185985}, "K73-D090": {"K73-D100": 81.71016237178789}, "K73-D100": {"K73-D110": 188.1849708131284}, "K75A-U010": {"K75A-U020": 44.525215812936466}, "K73-U020": {"K73-U030": 176.91543615359163}, "K75P-U100": {"K75P-U110": 61.05264241408405}, "K75A-D030": {"K75A-D040": 54.407986567942125}, "K75P-D080": {"K75P-U011": 136.73971440153232}, "K75P-D020": {"K75P-D030": 31.279161954104694}, "K75P-U080": {"K75P-U090": 45.72274685122401}, "K75P-D030": {"K75P-D040": 120.7512664433456}, "K75A-D050": {"K75A-D060": 76.76017652229163}, "K76-U030": {"K76-U040": 163.0854266580546}, "K74-U001": {"K74-U004": 135.51659121586607}, "K75P-U130": {"K75P-U140": 32.82022051828982}, "K73-D130": {"K73-D140": 131.29696865845457}, "K74-U030": {"K74-U040": 280.75624256504955}, "K75A-D100": {"K75A-D110": 101.16890380375543}, "K73-D140": {"K73-D150": 194.71882965179094}, "K74-U010": {"K74-U020": 163.0286867199035}, "K75A-D090": {"K75A-D100": 47.51427272026947}, "K75P-U050": {"K75P-U060": 158.73954109523865}, "K74-D050": {"K74-D060": 102.36813899319716}, "K75P-U060": {"K75P-U070": 30.000259086914706}, "K74-U020": {"K74-U030": 133.6464181999388}, "K75P-D040": {"K75P-D050": 155.29562456345835}, "K74-U004": {"K74-U007": 97.44737648399692}, "K75P-U040": {"K75P-U050": 93.80318826756414}, "K75A-U020": {"K75A-U030": 135.9588396361004}, "K73-D070": {"K73-D080": 154.92535786769412}, "K74-U011": {"K74-D100": 178.29079994627355}, "K73-D120": {"K73-D130": 110.64441580860039}, "K74-U100": {"K74-D010": 114.76255395127461}, "K74-D070": {"K74-D080": 259.6386039408293}, "K74-U040": {"K74-U050": 167.4131109033578}, "K74-D100": {"K74-D110": 85.38444540624478}, "K73-D080": {"K73-D090": 254.05482408341157}, "K75A-D060": {"K75A-D070": 44.20722177267598}, "K75P-U070": {"K75P-U080": 92.81363409736815}, "K75A-D040": {"K75A-D050": 50.468469751347946}, "K73-D020": {"K73-D030": 95.42546392833454}, "K73-D050": {"K73-D060": 64.29878854327228, "K73-D070": 104.66291609156914}, "K74-D110": {"K74-U002": 158.15095008733783}, "K74-D010": {"K74-D020": 146.57345172486333}, "K74-U070": {"K74-U080": 156.83140659373092}, "K73-D060": {"K73-D070": 32.37775094081504}, "K73-D150": {"K73-D160": 42.70024324969778}, "K74-D040": {"K74-D050": 73.83231566530402}, "K74-U050": {"K74-U060": 231.6295808852745}}