{"K76-U020": {"K76-U030": 150.3295966745413}, "K73-U070": {"K73-U080": 149.09249513129106}, "K76-U040": {"K76-U050": 154.1705940560929}, "K76-D030": {"K76-D040": 59.29658762357042}, "K75P-D050": {"K75P-D060": 83.72804393841452}, "K73-U080": {"K73-U090": 273.73908763040794, "K73-U110": 151.48186865393524}, "K74-D020": {"K74-D030": 145.03112256127412}, "K73-U100": {"K73-U110": 221.95724492657072}, "K76-D010": {"K76-D020": 170.469997127746}, "K75A-D110": {"K75A-U011": 174.6070369759035}, "K75A-D080": {"K75A-D090": 106.53456578991086}, "K75P-U030": {"K75P-U040": 112.7368428941362}, "K75P-D070": {"K75P-D080": 93.71657015561706}, "K75P-U010": {"K75P-U020": 93.54144138111717}, "K75A-D020": {"K75A-D030": 22.851071506978013}, "K74-D030": {"K74-D040": 123.32968609000734}, "K75A-D070": {"K75A-D080": 55.812968587240086}, "K74-U090": {"K74-U100": 204.62357468293348}, "K76-U010": {"K76-U020": 8.613904735079512}, "K74-U060": {"K74-U070": 144.88326237814462}, "K75A-D010": {"K75A-D020": 204.0381338777686}, "K74-D090": {"K74-U011": 79.48186716951295}, "K73-U110": {"K73-U120": 204.15910928615807}, "K73-U050": {"K73-U060": 94.91431719271347}, "K73-U060": {"K73-U070": 144.22651441041995}, "K74-U007": {"K74-U010": 258.23941207008886}, "K73-D030": {"K73-D040": 112.75753316596845}, "K73-D040": {"K73-D050": 89.00211168472883}, "K73-U090": {"K73-U100": 126.91047247325403}, "K75P-U140": {"K75P-D010": 140.1431386143276}, "K73-U030": {"K73-U040": 93.32663573001132}, "K73-U010": {"K73-U020": 70.77437251487673}, "K75P-U110": {"K75P-U120": 87.11097732551625}, "K76-D020": {"K76-D030": 117.75044368257363}, "K75A-U030": {"K75A-D010": 232.64432437671312}, "K75P-D060": {"K75P-D070": 179.24615612935847}, "K73-D110": {"K73-D120": 62.479439971053765}, "K75P-U090": {"K75P-U100": 42.35163692779215}, "K74-U080": {"K74-U090": 220.86208536586363}, "K75P-U120": {"K75P-U130": 61.50493993086476}, "K73-U040": {"K73-U050": 108.45559050039594, "K73-U060": 198.21125791193134}, "K75P-U020": {"K75P-U030": 103.1178844738536}, "K73-D010": {"K73-D020": 79.07064594042274}, "K74-D080": {"K74-D090": 162.6782557946741}, "K74-D060": {"K74-D070": 145.3318101289198}, "K75P-D010": {"K75P-D020": 136.1871679626483}, "K73-D090": {"K73-D100": 87.13239624963624}, "K73-D100": {"K73-D110": 193.4526700951522}, "K75A-U010": {"K75A-U020": 41.76435913791586}, "K73-U020": {"K73-U030": 174.3202349407272}, "K75P-U100": {"K75P-U110": 62.36412037105555}, "K75A-D030": {"K75A-D040": 47.69790131209629}, "K75P-D080": {"K75P-U011": 145.45601004682948}, "K75P-D020": {"K75P-D030": 34.081446411347656}, "K75P-U080": {"K75P-U090": 46.73937113037024}, "K75P-D030": {"K75P-D040": 124.42286990097298}, "K75A-D050": {"K75A-D060": 74.0937927428909}, "K76-U030": {"K76-U040": 163.0854266580546}, "K74-U001": {"K74-U004": 161.8493981930725}, "K75P-U130": {"K75P-U140": 34.30418247242992}, "K73-D130": {"K73-D140": 142.9334961385955}, "K74-U030": {"K74-U040": 293.1062691533584}, "K75A-D100": {"K75A-D110": 97.09414118336915}, "K73-D140": {"K73-D150": 191.03326489010644}, "K74-U010": {"K74-U020": 168.03185160940367}, "K75A-D090": {"K75A-D100": 49.22899652887082}, "K75P-U050": {"K75P-U060": 146.93846103059073}, "K74-D050": {"K74-D060": 108.24897808897163}, "K75P-U060": {"K75P-U070": 29.676171749480297}, "K74-U020": {"K74-U030": 134.2569831720063}, "K75P-D040": {"K75P-D050": 169.13684498469763}, "K74-U004": {"K74-U007": 97.23782974959154}, "K75P-U040": {"K75P-U050": 112.21352286925779}, "K75A-U020": {"K75A-U030": 144.66949312260294}, "K73-D070": {"K73-D080": 161.6994051833063}, "K74-U011": {"K74-D100": 171.03123438652}, "K73-D120": {"K73-D130": 109.06323686766947}, "K74-U100": {"K74-D010": 128.67348079020093}, "K74-D070": {"K74-D080": 252.7758116608727}, "K74-U040": {"K74-U050": 190.57022337005023}, "K74-D100": {"K74-D110": 88.06996480769783}, "K73-D080": {"K73-D090": 267.87295277435254}, "K75A-D060": {"K75A-D070": 51.319379926402554}, "K75P-U070": {"K75P-U080": 109.72204336252746}, "K75A-D040": {"K75A-D050": 51.87585692946341}, "K73-D020": {"K73-D030": 97.45628395469403}, "K73-D050": {"K73-D060": 64.29878854327228, "K73-D070": 107.57721378082287}, "K74-D110": {"K74-U002": 174.39091193361048}, "K74-D010": {"K74-D020": 157.7725769505263}, "K74-U070": {"K74-U080": 152.68870856248924}, "K73-D060": {"K73-D070": 32.37775094081504}, "K73-D150": {"K73-D160": 45.44161960566435}, "K74-D040": {"K74-D050": 84.52970113397188}, "K74-U050": {"K74-U060": 239.94664795979696}}