{"K76-U020": {"K76-U030": 134.63313732829505}, "K73-U070": {"K73-U080": 137.45010311248146}, "K76-U040": {"K76-U050": 169.61114192030084}, "K76-D030": {"K76-D040": 53.592298672063656}, "K75P-D050": {"K75P-D060": 80.16905609284086}, "K73-U080": {"K73-U090": 249.79981927257828, "K73-U110": 137.71078968539587}, "K74-D020": {"K74-D030": 131.84647505570385}, "K73-U100": {"K73-U110": 225.4732010322582}, "K76-D010": {"K76-D020": 154.9727246615875}, "K75A-D110": {"K75A-U011": 167.17845704546252}, "K75A-D080": {"K75A-D090": 86.66536547222582}, "K75P-U030": {"K75P-U040": 93.09900693010643}, "K75P-D070": {"K75P-D080": 80.14735311495346}, "K75P-U010": {"K75P-U020": 84.25867371529571}, "K75A-D020": {"K75A-D030": 19.928584188638713}, "K74-D030": {"K74-D040": 90.58897031307221}, "K75A-D070": {"K75A-D080": 37.45837491676444}, "K74-U090": {"K74-U100": 173.98006389075698}, "K76-U010": {"K76-U020": 14.69554688805656}, "K74-U060": {"K74-U070": 125.39658311024964}, "K75A-D010": {"K75A-D020": 182.56746676692276}, "K74-D090": {"K74-U011": 61.887225905803156}, "K73-U110": {"K73-U120": 190.09507319027443}, "K73-U050": {"K73-U060": 98.19388264816959}, "K73-U060": {"K73-U070": 137.86897313136356}, "K74-U007": {"K74-U010": 221.1455258140867}, "K73-D030": {"K73-D040": 99.85454985294486}, "K73-D040": {"K73-D050": 72.08253043214093}, "K73-U090": {"K73-U100": 92.53917769765879}, "K75P-U140": {"K75P-D010": 132.1329152976209}, "K73-U030": {"K73-U040": 77.57698393041558}, "K73-U010": {"K73-U020": 57.976051596201465}, "K75P-U110": {"K75P-U120": 73.10323365301983}, "K76-D020": {"K76-D030": 105.01719589971704}, "K75A-U030": {"K75A-D010": 204.82955465599616}, "K75P-D060": {"K75P-D070": 146.11883525010325}, "K73-D110": {"K73-D120": 61.382930423344234}, "K75P-U090": {"K75P-U100": 35.348606695238075}, "K74-U080": {"K74-U090": 214.20772503462703}, "K75P-U120": {"K75P-U130": 53.1490410054103}, "K73-U040": {"K73-U050": 80.57117697150767, "K73-U060": 171.1713438741683}, "K75P-U020": {"K75P-U030": 94.9972004919872}, "K73-D010": {"K73-D020": 69.05945023583351}, "K74-D080": {"K74-D090": 155.05060720959696}, "K74-D060": {"K74-D070": 131.141060776934}, "K75P-D010": {"K75P-D020": 115.97327033476613}, "K73-D090": {"K73-D100": 67.43463019203428}, "K73-D100": {"K73-D110": 171.4275109625289}, "K75A-U010": {"K75A-U020": 38.31028758377286}, "K73-U020": {"K73-U030": 168.4692304613439}, "K75P-U100": {"K75P-U110": 53.10732375714464}, "K75A-D030": {"K75A-D040": 40.29277910923206}, "K75P-D080": {"K75P-U011": 133.28639461932516}, "K75P-D020": {"K75P-D030": 29.248492632948505}, "K75P-U080": {"K75P-U090": 37.55962489456182}, "K75P-D030": {"K75P-D040": 109.01828386840948}, "K75A-D050": {"K75A-D060": 66.49616160849509}, "K76-U030": {"K76-U040": 148.25947878004982}, "K74-U001": {"K74-U004": 137.08445416671415}, "K75P-U130": {"K75P-U140": 33.74302855628636}, "K73-D130": {"K73-D140": 128.67119895024416}, "K74-U030": {"K74-U040": 250.78161894571775}, "K75A-D100": {"K75A-D110": 93.33884824753642}, "K73-D140": {"K73-D150": 186.6118828300089}, "K74-U010": {"K74-U020": 152.8629975400189}, "K75A-D090": {"K75A-D100": 43.42148636513987}, "K75P-U050": {"K75P-U060": 132.70575647454478}, "K74-D050": {"K74-D060": 96.70208589186228}, "K75P-U060": {"K75P-U070": 24.356252709938296}, "K74-U020": {"K74-U030": 120.23768604753676}, "K75P-D040": {"K75P-D050": 147.58672737338492}, "K74-U004": {"K74-U007": 83.16842147343391}, "K75P-U040": {"K75P-U050": 93.09469032892125}, "K75A-U020": {"K75A-U030": 121.48212120674398}, "K73-D070": {"K73-D080": 139.20250050305086}, "K74-U011": {"K74-D100": 149.14283133321956}, "K73-D120": {"K73-D130": 100.58638563233845}, "K74-U100": {"K74-D010": 104.25045501271639}, "K74-D070": {"K74-D080": 232.39287481793923}, "K74-U040": {"K74-U050": 145.1437847553683}, "K74-D100": {"K74-D110": 82.72636364548586}, "K73-D080": {"K73-D090": 237.56142300444031}, "K75A-D060": {"K75A-D070": 36.13558734557827}, "K75P-U070": {"K75P-U080": 86.46056199943996}, "K75A-D040": {"K75A-D050": 46.60198493677561}, "K73-D020": {"K73-D030": 79.16341844066997}, "K73-D050": {"K73-D060": 66.1863060205739}, "K74-D110": {"K74-U002": 156.42463574830222}, "K74-D010": {"K74-D020": 137.70673999583718}, "K74-U070": {"K74-U080": 152.0845943533448}, "K73-D060": {"K73-D070": 26.675477318202844}, "K73-D150": {"K73-D160": 42.57660846556918}, "K74-D040": {"K74-D050": 72.70176121208443}, "K74-U050": {"K74-U060": 209.8937986202418}}