{"K76-U020": {"K76-U030": 148.2649280850052}, "K73-U070": {"K73-U080": 152.5610272266716}, "K76-U040": {"K76-U050": 170.89093832128668}, "K76-D030": {"K76-D040": 55.81076473777248}, "K75P-D050": {"K75P-D060": 89.87282550053938}, "K73-U080": {"K73-U090": 279.6051592007586, "K73-U110": 151.48186865393524}, "K74-D020": {"K74-D030": 145.03112256127412}, "K73-U100": {"K73-U110": 242.38154789643121}, "K76-D010": {"K76-D020": 170.469997127746}, "K75A-D110": {"K75A-U011": 175.72421354104452}, "K75A-D080": {"K75A-D090": 126.3886708874362}, "K75P-U030": {"K75P-U040": 112.2317055966303}, "K75P-D070": {"K75P-D080": 94.50524524124747}, "K75P-U010": {"K75P-U020": 92.31530157740971}, "K75A-D020": {"K75A-D030": 24.37009203873823}, "K74-D030": {"K74-D040": 136.5675090641773}, "K75A-D070": {"K75A-D080": 45.80154106281701}, "K74-U090": {"K74-U100": 213.946375063084}, "K76-U010": {"K76-U020": 28.3637223942513}, "K74-U060": {"K74-U070": 152.18695833541352}, "K75A-D010": {"K75A-D020": 199.00626290235988}, "K74-D090": {"K74-U011": 74.42058703527721}, "K73-U110": {"K73-U120": 237.45568913366787}, "K73-U050": {"K73-U060": 105.28621646121204}, "K73-U060": {"K73-U070": 126.54308221059856}, "K74-U007": {"K74-U010": 252.79641728088123}, "K73-D030": {"K73-D040": 120.46021735298636}, "K73-D040": {"K73-D050": 82.2166188462729}, "K73-U090": {"K73-U100": 131.40213731139636}, "K75P-U140": {"K75P-D010": 143.5973754271694}, "K73-U030": {"K73-U040": 90.8270253342881}, "K73-U010": {"K73-U020": 63.97563603304411}, "K75P-U110": {"K75P-U120": 85.39794081753459}, "K76-D020": {"K76-D030": 124.89289793504688}, "K75A-U030": {"K75A-D010": 236.70682718989013}, "K75P-D060": {"K75P-D070": 178.4667239643106}, "K73-D110": {"K73-D120": 85.1144978566522}, "K75P-U090": {"K75P-U100": 41.83094945038103}, "K74-U080": {"K74-U090": 235.90558320460786}, "K75P-U120": {"K75P-U130": 60.25457989066827}, "K73-U040": {"K73-U050": 103.15448794543026, "K73-U060": 216.75584329522158}, "K75P-U020": {"K75P-U030": 107.64762733930323}, "K73-D010": {"K73-D020": 77.93976887715927}, "K74-D080": {"K74-D090": 159.80947588634285}, "K74-D060": {"K74-D070": 147.2874427987569}, "K75P-D010": {"K75P-D020": 137.99532055518551}, "K73-D090": {"K73-D100": 86.37891716086062}, "K73-D100": {"K73-D110": 191.77818819580267}, "K75A-U010": {"K75A-U020": 39.98151750590806}, "K73-U020": {"K73-U030": 181.91450951972197}, "K75P-U100": {"K75P-U110": 67.8084427624323}, "K75A-D030": {"K75A-D040": 47.82851494247674}, "K75P-D080": {"K75P-U011": 147.99893029364313}, "K75P-D020": {"K75P-D030": 33.154605411546484}, "K75P-U080": {"K75P-U090": 44.81576664089811}, "K75P-D030": {"K75P-D040": 128.2978602071417}, "K75A-D050": {"K75A-D060": 76.41953536430597}, "K76-U030": {"K76-U040": 163.0854266580546}, "K74-U001": {"K74-U004": 151.65303931451768}, "K75P-U130": {"K75P-U140": 34.61295965937507}, "K73-D130": {"K73-D140": 144.19442979744093}, "K74-U030": {"K74-U040": 286.92655295254747}, "K75A-D100": {"K75A-D110": 95.91614145052338}, "K73-D140": {"K73-D150": 191.4197943514746}, "K74-U010": {"K74-U020": 167.20227565165834}, "K75A-D090": {"K75A-D100": 48.30296919178502}, "K75P-U050": {"K75P-U060": 162.26588385013048}, "K74-D050": {"K74-D060": 109.6344300768988}, "K75P-U060": {"K75P-U070": 27.946346703805983}, "K74-U020": {"K74-U030": 134.7564307185404}, "K75P-D040": {"K75P-D050": 161.69395213774013}, "K74-U004": {"K74-U007": 95.25753108894523}, "K75P-U040": {"K75P-U050": 109.22176459582552}, "K75A-U020": {"K75A-U030": 156.21898367708064}, "K73-D070": {"K73-D080": 157.8125754513289}, "K74-U011": {"K74-D100": 173.643851569863}, "K73-D120": {"K73-D130": 108.11380848140345}, "K74-U100": {"K74-D010": 120.78163074352264}, "K74-D070": {"K74-D080": 252.52850366473734}, "K74-U040": {"K74-U050": 180.3217880319225}, "K74-D100": {"K74-D110": 89.64176538575408}, "K73-D080": {"K73-D090": 268.9966487416386}, "K75A-D060": {"K75A-D070": 44.40259193616633}, "K75P-U070": {"K75P-U080": 103.88218981603234}, "K75A-D040": {"K75A-D050": 53.35230669709392}, "K73-D020": {"K73-D030": 117.82935053078727}, "K73-D050": {"K73-D060": 64.29878854327228, "K73-D070": 102.82810065989592}, "K74-D110": {"K74-U002": 171.95115973838847}, "K74-D010": {"K74-D020": 155.3285532047341}, "K74-U070": {"K74-U080": 146.92294525616674}, "K73-D060": {"K73-D070": 32.37775094081504}, "K73-D150": {"K73-D160": 48.92092143229315}, "K74-D040": {"K74-D050": 84.09943091545271}, "K74-U050": {"K74-U060": 237.63596125000203}}