{"K76-U020": {"K76-U030": 139.13151025082848}, "K73-U070": {"K73-U080": 163.34325972129804}, "K76-U040": {"K76-U050": 156.2608861068166}, "K76-D030": {"K76-D040": 65.42208723356768}, "K75P-D050": {"K75P-D060": 80.80954391368736}, "K73-U080": {"K73-U090": 259.26170137502146, "K73-U110": 151.48186865393524}, "K74-D020": {"K74-D030": 145.03112256127412}, "K73-U100": {"K73-U110": 238.9526521363909}, "K76-D010": {"K76-D020": 170.469997127746}, "K75A-D110": {"K75A-U011": 180.60882847928195}, "K75A-D080": {"K75A-D090": 135.22994104461753}, "K75P-U030": {"K75P-U040": 114.60645486506215}, "K75P-D070": {"K75P-D080": 86.99678571266915}, "K75P-U010": {"K75P-U020": 90.73298518123718}, "K75A-D020": {"K75A-D030": 23.72322711842419}, "K74-D030": {"K74-D040": 140.39569020268803}, "K75A-D070": {"K75A-D080": 47.7930604428217}, "K74-U090": {"K74-U100": 212.3634260038074}, "K76-U010": {"K76-U020": 47.73868016142081}, "K74-U060": {"K74-U070": 145.40488111853705}, "K75A-D010": {"K75A-D020": 198.17138403390013}, "K74-D090": {"K74-U011": 73.94291922391608}, "K73-U110": {"K73-U120": 214.84155848751206}, "K73-U050": {"K73-U060": 98.2702365973101}, "K73-U060": {"K73-U070": 126.79608889871679}, "K74-U007": {"K74-U010": 254.42418378106527}, "K73-D030": {"K73-D040": 117.08915900915875}, "K73-D040": {"K73-D050": 85.45500331830127}, "K73-U090": {"K73-U100": 138.9080701066936}, "K75P-U140": {"K75P-D010": 145.5845143074128}, "K73-U030": {"K73-U040": 99.38767060994358}, "K73-U010": {"K73-U020": 69.33695222684125}, "K75P-U110": {"K75P-U120": 89.51421668424965}, "K76-D020": {"K76-D030": 126.28667021417812}, "K75A-U030": {"K75A-D010": 238.72116212604956}, "K75P-D060": {"K75P-D070": 180.35983228576907}, "K73-D110": {"K73-D120": 79.59812050002203}, "K75P-U090": {"K75P-U100": 37.94617529832472}, "K74-U080": {"K74-U090": 241.94516445013315}, "K75P-U120": {"K75P-U130": 61.03319535787119}, "K73-U040": {"K73-U050": 105.29870953674947, "K73-U060": 213.07950659708544}, "K75P-U020": {"K75P-U030": 108.4862525992258}, "K73-D010": {"K73-D020": 78.56676114836661}, "K74-D080": {"K74-D090": 161.56601961276894}, "K74-D060": {"K74-D070": 148.9721516034036}, "K75P-D010": {"K75P-D020": 137.6525421546051}, "K73-D090": {"K73-D100": 87.45607717219767}, "K73-D100": {"K73-D110": 196.08997631408877}, "K75A-U010": {"K75A-U020": 40.7602461605061}, "K73-U020": {"K73-U030": 186.6269714056728}, "K75P-U100": {"K75P-U110": 63.818487405086806}, "K75A-D030": {"K75A-D040": 46.37309343507381}, "K75P-D080": {"K75P-U011": 150.33166314537846}, "K75P-D020": {"K75P-D030": 35.67735716227882}, "K75P-U080": {"K75P-U090": 44.17603307492645}, "K75P-D030": {"K75P-D040": 126.65063389159079}, "K75A-D050": {"K75A-D060": 76.81985535508257}, "K76-U030": {"K76-U040": 163.0854266580546}, "K74-U001": {"K74-U004": 158.122962022658}, "K75P-U130": {"K75P-U140": 39.37083551947559}, "K73-D130": {"K73-D140": 138.71890410988786}, "K74-U030": {"K74-U040": 288.67836145792927}, "K75A-D100": {"K75A-D110": 95.82145603638324}, "K73-D140": {"K73-D150": 186.77751006168964}, "K74-U010": {"K74-U020": 171.88799463167692}, "K75A-D090": {"K75A-D100": 50.465708834791414}, "K75P-U050": {"K75P-U060": 163.56652327176602}, "K74-D050": {"K74-D060": 111.30492230766534}, "K75P-U060": {"K75P-U070": 33.607472395923914}, "K74-U020": {"K74-U030": 136.66835489511712}, "K75P-D040": {"K75P-D050": 150.24429568735826}, "K74-U004": {"K74-U007": 93.23858859937617}, "K75P-U040": {"K75P-U050": 107.11082048867347}, "K75A-U020": {"K75A-U030": 155.945902008638}, "K73-D070": {"K73-D080": 156.2002796922184}, "K74-U011": {"K74-D100": 170.73194874236088}, "K73-D120": {"K73-D130": 108.56857945334119}, "K74-U100": {"K74-D010": 126.10690088274711}, "K74-D070": {"K74-D080": 257.82312095924607}, "K74-U040": {"K74-U050": 183.73924448385492}, "K74-D100": {"K74-D110": 90.92418376194898}, "K73-D080": {"K73-D090": 272.017754289519}, "K75A-D060": {"K75A-D070": 42.22278801056367}, "K75P-U070": {"K75P-U080": 109.96266105851805}, "K75A-D040": {"K75A-D050": 55.805505543834364}, "K73-D020": {"K73-D030": 96.77516763959082}, "K73-D050": {"K73-D060": 64.29878854327228, "K73-D070": 103.70348127808415}, "K74-D110": {"K74-U002": 177.64303500209732}, "K74-D010": {"K74-D020": 155.47617022748236}, "K74-U070": {"K74-U080": 156.0796452616472}, "K73-D060": {"K73-D070": 32.37775094081504}, "K73-D150": {"K73-D160": 48.38735494816209}, "K74-D040": {"K74-D050": 83.82275421660827}, "K74-U050": {"K74-U060": 237.7530385802494}}