{"K76-U020": {"K76-U030": 157.78806408604376}, "K73-U070": {"K73-U080": 146.42371043392185}, "K76-U040": {"K76-U050": 189.61542717746437}, "K76-D030": {"K76-D040": 53.866968441259054}, "K75P-D050": {"K75P-D060": 83.06483643297753}, "K73-U080": {"K73-U090": 284.5676967364322, "K73-U110": 151.48186865393524}, "K74-D020": {"K74-D030": 145.03112256127412}, "K73-U100": {"K73-U110": 240.4356226927635}, "K76-D010": {"K76-D020": 170.469997127746}, "K75A-D110": {"K75A-U011": 177.4095710028845}, "K75A-D080": {"K75A-D090": 112.95216662221523}, "K75P-U030": {"K75P-U040": 109.90126722318875}, "K75P-D070": {"K75P-D080": 92.67458077553997}, "K75P-U010": {"K75P-U020": 94.83257469881003}, "K75A-D020": {"K75A-D030": 23.765140676155095}, "K74-D030": {"K74-D040": 141.92517330360957}, "K75A-D070": {"K75A-D080": 45.20691421842308}, "K74-U090": {"K74-U100": 205.17383653261498}, "K76-U010": {"K76-U020": 34.053814658543395}, "K74-U060": {"K74-U070": 135.42145359258106}, "K75A-D010": {"K75A-D020": 192.7139332830994}, "K74-D090": {"K74-U011": 72.84162820401761}, "K73-U110": {"K73-U120": 233.69969510351302}, "K73-U050": {"K73-U060": 100.95260107148545}, "K73-U060": {"K73-U070": 138.047797557546}, "K74-U007": {"K74-U010": 272.2756315763307}, "K73-D030": {"K73-D040": 115.5609710787317}, "K73-D040": {"K73-D050": 82.04800948900137}, "K73-U090": {"K73-U100": 120.99842031937617}, "K75P-U140": {"K75P-D010": 142.48054311228026}, "K73-U030": {"K73-U040": 86.7854908126632}, "K73-U010": {"K73-U020": 65.3062834223574}, "K75P-U110": {"K75P-U120": 82.54016692883107}, "K76-D020": {"K76-D030": 117.89686757592335}, "K75A-U030": {"K75A-D010": 232.2235441218998}, "K75P-D060": {"K75P-D070": 179.37353326078951}, "K73-D110": {"K73-D120": 79.24858461051289}, "K75P-U090": {"K75P-U100": 38.40270993178483}, "K74-U080": {"K74-U090": 240.33190005075886}, "K75P-U120": {"K75P-U130": 56.73231007171014}, "K73-U040": {"K73-U050": 100.86313387019766, "K73-U060": 211.81512377345547}, "K75P-U020": {"K75P-U030": 105.45245578559147}, "K73-D010": {"K73-D020": 76.29637878032493}, "K74-D080": {"K74-D090": 172.10579014137124}, "K74-D060": {"K74-D070": 150.23906365746407}, "K75P-D010": {"K75P-D020": 126.43190926566271}, "K73-D090": {"K73-D100": 68.56418743795783}, "K73-D100": {"K73-D110": 192.10870320449814}, "K75A-U010": {"K75A-U020": 40.15501800325451}, "K73-U020": {"K73-U030": 170.13077438057658}, "K75P-U100": {"K75P-U110": 62.09887118327085}, "K75A-D030": {"K75A-D040": 47.584515037048085}, "K75P-D080": {"K75P-U011": 143.65049870701588}, "K75P-D020": {"K75P-D030": 33.19440470991983}, "K75P-U080": {"K75P-U090": 45.35743634025453}, "K75P-D030": {"K75P-D040": 125.62394966524084}, "K75A-D050": {"K75A-D060": 73.29038389723476}, "K76-U030": {"K76-U040": 163.0854266580546}, "K74-U001": {"K74-U004": 146.66227051239613}, "K75P-U130": {"K75P-U140": 38.41910210124311}, "K73-D130": {"K73-D140": 140.96757469071449}, "K74-U030": {"K74-U040": 281.01909770995974}, "K75A-D100": {"K75A-D110": 97.73043451230559}, "K73-D140": {"K73-D150": 187.7335871368431}, "K74-U010": {"K74-U020": 162.06662070549768}, "K75A-D090": {"K75A-D100": 45.4848490596968}, "K75P-U050": {"K75P-U060": 153.36217888490285}, "K74-D050": {"K74-D060": 102.61262020802315}, "K75P-U060": {"K75P-U070": 28.305374490778245}, "K74-U020": {"K74-U030": 125.79850807764929}, "K75P-D040": {"K75P-D050": 161.9007121544822}, "K74-U004": {"K74-U007": 96.08460542921038}, "K75P-U040": {"K75P-U050": 108.6287755522849}, "K75A-U020": {"K75A-U030": 143.45456556455127}, "K73-D070": {"K73-D080": 151.73953446011018}, "K74-U011": {"K74-D100": 173.08817970355784}, "K73-D120": {"K73-D130": 109.55475407704834}, "K74-U100": {"K74-D010": 114.62276275696175}, "K74-D070": {"K74-D080": 254.6424645930901}, "K74-U040": {"K74-U050": 169.3614135065749}, "K74-D100": {"K74-D110": 87.82790363096623}, "K73-D080": {"K73-D090": 271.2966266052595}, "K75A-D060": {"K75A-D070": 44.282307287892124}, "K75P-U070": {"K75P-U080": 108.62671987645349}, "K75A-D040": {"K75A-D050": 52.40716370524981}, "K73-D020": {"K73-D030": 100.34697906823492}, "K73-D050": {"K73-D060": 64.29878854327228, "K73-D070": 106.667133880817}, "K74-D110": {"K74-U002": 163.95812887985306}, "K74-D010": {"K74-D020": 153.40218708286048}, "K74-U070": {"K74-U080": 153.25865448873992}, "K73-D060": {"K73-D070": 32.37775094081504}, "K73-D150": {"K73-D160": 46.17189227753871}, "K74-D040": {"K74-D050": 79.90888973331126}, "K74-U050": {"K74-U060": 230.72822631495643}}