{"K76-U020": {"K76-U030": 145.85950172195814}, "K73-U070": {"K73-U080": 118.92174615540495}, "K76-U040": {"K76-U050": 169.31746082186305}, "K76-D030": {"K76-D040": 47.962704168835245}, "K75P-D050": {"K75P-D060": 87.02351708016184}, "K73-U080": {"K73-U090": 270.7626109447807, "K73-U110": 137.71078968539587}, "K74-D020": {"K74-D030": 131.84647505570385}, "K73-U100": {"K73-U110": 231.33003333440445}, "K76-D010": {"K76-D020": 154.9727246615875}, "K75A-D110": {"K75A-U011": 136.8858838513935}, "K75A-D080": {"K75A-D090": 115.11006220803434}, "K75P-U030": {"K75P-U040": 92.45095050201729}, "K75P-D070": {"K75P-D080": 87.44585685065621}, "K75P-U010": {"K75P-U020": 84.71634802326912}, "K75A-D020": {"K75A-D030": 18.29215801198044}, "K74-D030": {"K74-D040": 97.9366569519043}, "K75A-D070": {"K75A-D080": 41.397844557582445}, "K74-U090": {"K74-U100": 178.5302734375}, "K76-U010": {"K76-U020": 21.383974407125784}, "K74-U060": {"K74-U070": 106.48321175575256}, "K75A-D010": {"K75A-D020": 171.2157698891277}, "K74-D090": {"K74-U011": 59.73417728510685}, "K73-U110": {"K73-U120": 195.61977710197894}, "K73-U050": {"K73-U060": 102.34542082274965}, "K73-U060": {"K73-U070": 126.35599859899668}, "K74-U007": {"K74-U010": 234.9251935388893}, "K73-D030": {"K73-D040": 103.28149099427804}, "K73-D040": {"K73-D050": 68.30157584939379}, "K73-U090": {"K73-U100": 114.59738738299477}, "K75P-U140": {"K75P-D010": 134.5950041427626}, "K73-U030": {"K73-U040": 85.00427371512706}, "K73-U010": {"K73-U020": 58.52559201114485}, "K75P-U110": {"K75P-U120": 73.7397165401745}, "K76-D020": {"K76-D030": 112.62493184014602}, "K75A-U030": {"K75A-D010": 185.0858160311778}, "K75P-D060": {"K75P-D070": 144.1886913184414}, "K73-D110": {"K73-D120": 61.42536036949225}, "K75P-U090": {"K75P-U100": 34.90172375413829}, "K74-U080": {"K74-U090": 185.92930802702904}, "K75P-U120": {"K75P-U130": 58.86444536009765}, "K73-U040": {"K73-U050": 100.83774889025018, "K73-U060": 209.1885637840439}, "K75P-U020": {"K75P-U030": 97.90831935405731}, "K73-D010": {"K73-D020": 69.29711464809824}, "K74-D080": {"K74-D090": 150.30692672729492}, "K74-D060": {"K74-D070": 122.01317346096039}, "K75P-D010": {"K75P-D020": 124.36992013199242}, "K73-D090": {"K73-D100": 82.2375975861516}, "K73-D100": {"K73-D110": 165.9728830735994}, "K75A-U010": {"K75A-U020": 35.40873005539758}, "K73-U020": {"K73-U030": 147.77045077339335}, "K75P-U100": {"K75P-U110": 56.756602250571916}, "K75A-D030": {"K75A-D040": 36.537860444477495}, "K75P-D080": {"K75P-U011": 129.80095345486967}, "K75P-D020": {"K75P-D030": 23.282936542630907}, "K75P-U080": {"K75P-U090": 39.40952701470731}, "K75P-D030": {"K75P-D040": 107.30770899978629}, "K75A-D050": {"K75A-D060": 69.31431151623111}, "K76-U030": {"K76-U040": 148.2594787800498}, "K74-U001": {"K74-U004": 140.4937744140625}, "K75P-U130": {"K75P-U140": 31.101003273442533}, "K73-D130": {"K73-D140": 139.8780109033384}, "K74-U030": {"K74-U040": 267.81422424316406}, "K75A-D100": {"K75A-D110": 85.79040923752366}, "K73-D140": {"K73-D150": 180.3454684746227}, "K74-U010": {"K74-U020": 146.67366021871567}, "K75A-D090": {"K75A-D100": 45.86441846584135}, "K75P-U050": {"K75P-U060": 138.32090977212988}, "K74-D050": {"K74-D060": 95.86984348297119}, "K75P-U060": {"K75P-U070": 24.505920002392564}, "K74-U020": {"K74-U030": 111.09731349349022}, "K75P-D040": {"K75P-D050": 146.4886771400684}, "K74-U004": {"K74-U007": 110.84910583496094}, "K75P-U040": {"K75P-U050": 94.82794081151951}, "K75A-U020": {"K75A-U030": 107.48538745211705}, "K73-D070": {"K73-D080": 151.08324834268655}, "K74-U011": {"K74-D100": 128.55970966815948}, "K73-D120": {"K73-D130": 89.92023010972731}, "K74-U100": {"K74-D010": 118.00005102157593}, "K74-D070": {"K74-D080": 236.2754644304514}, "K74-U040": {"K74-U050": 138.8647699356079}, "K74-D100": {"K74-D110": 79.02979946136475}, "K73-D080": {"K73-D090": 237.19135144591382}, "K75A-D060": {"K75A-D070": 39.92025935490138}, "K75P-U070": {"K75P-U080": 105.83961957157888}, "K75A-D040": {"K75A-D050": 47.62217074754542}, "K73-D020": {"K73-D030": 75.7198053849715}, "K73-D050": {"K73-D060": 68.6321378812198}, "K74-D110": {"K74-U002": 151.2072901725769}, "K74-D010": {"K74-D020": 148.37921047210693}, "K74-U070": {"K74-U080": 134.75953006744385}, "K73-D060": {"K73-D070": 27.88585120155404}, "K73-D150": {"K73-D160": 46.282956924719514}, "K74-D040": {"K74-D050": 75.72944903373718}, "K74-U050": {"K74-U060": 204.67874464392662}}