{"K76-U020": {"K76-U030": 138.11763664920403}, "K73-U070": {"K73-U080": 160.24764389816966}, "K76-U040": {"K76-U050": 170.3804527408534}, "K76-D030": {"K76-D040": 63.17862207289669}, "K75P-D050": {"K75P-D060": 82.18530671971402}, "K73-U080": {"K73-U090": 282.1136453819366, "K73-U110": 151.48186865393524}, "K74-D020": {"K74-D030": 145.03112256127412}, "K73-U100": {"K73-U110": 240.24707822835285}, "K76-D010": {"K76-D020": 170.469997127746}, "K75A-D110": {"K75A-U011": 168.11943239035696}, "K75A-D080": {"K75A-D090": 106.84367708016853}, "K75P-U030": {"K75P-U040": 116.20333193892277}, "K75P-D070": {"K75P-D080": 94.5383565561532}, "K75P-U010": {"K75P-U020": 96.43444101745929}, "K75A-D020": {"K75A-D030": 23.352658761559198}, "K74-D030": {"K74-D040": 142.47265597324864}, "K75A-D070": {"K75A-D080": 43.73512156599427}, "K74-U090": {"K74-U100": 204.75680759141815}, "K76-U010": {"K76-U020": 44.706012246058194}, "K74-U060": {"K74-U070": 137.27930823332295}, "K75A-D010": {"K75A-D020": 199.49510102550192}, "K74-D090": {"K74-U011": 70.92747226465596}, "K73-U110": {"K73-U120": 229.81604154275584}, "K73-U050": {"K73-U060": 102.57458827252542}, "K73-U060": {"K73-U070": 148.79055434789572}, "K74-U007": {"K74-U010": 269.58126157682784}, "K73-D030": {"K73-D040": 107.07215203994903}, "K73-D040": {"K73-D050": 86.170318349595}, "K73-U090": {"K73-U100": 128.3023282922961}, "K75P-U140": {"K75P-D010": 140.67840437847218}, "K73-U030": {"K73-U040": 92.64155855631441}, "K73-U010": {"K73-U020": 67.84608619092607}, "K75P-U110": {"K75P-U120": 79.47364035365224}, "K76-D020": {"K76-D030": 127.9147537902551}, "K75A-U030": {"K75A-D010": 224.45602947519092}, "K75P-D060": {"K75P-D070": 167.6861874686473}, "K73-D110": {"K73-D120": 84.16954667229294}, "K75P-U090": {"K75P-U100": 42.33396283969814}, "K74-U080": {"K74-U090": 238.02916962330286}, "K75P-U120": {"K75P-U130": 62.712440440818554}, "K73-U040": {"K73-U050": 100.98630376545422, "K73-U060": 210.27660407162116}, "K75P-U020": {"K75P-U030": 105.71792761683392}, "K73-D010": {"K73-D020": 79.06474301566968}, "K74-D080": {"K74-D090": 169.68073476400158}, "K74-D060": {"K74-D070": 141.44808966566217}, "K75P-D010": {"K75P-D020": 133.0782781344451}, "K73-D090": {"K73-D100": 81.39717716734116}, "K73-D100": {"K73-D110": 191.18471747635243}, "K75A-U010": {"K75A-U020": 44.95467674262318}, "K73-U020": {"K73-U030": 175.41740776474632}, "K75P-U100": {"K75P-U110": 60.712673407181}, "K75A-D030": {"K75A-D040": 42.84483340664782}, "K75P-D080": {"K75P-U011": 137.89352759796597}, "K75P-D020": {"K75P-D030": 32.58788035841782}, "K75P-U080": {"K75P-U090": 44.412175964456424}, "K75P-D030": {"K75P-D040": 123.34602116537364}, "K75A-D050": {"K75A-D060": 74.39496890873033}, "K76-U030": {"K76-U040": 163.0854266580546}, "K74-U001": {"K74-U004": 146.07678568318312}, "K75P-U130": {"K75P-U140": 35.40979466303632}, "K73-D130": {"K73-D140": 141.68757663508714}, "K74-U030": {"K74-U040": 282.10151000750454}, "K75A-D100": {"K75A-D110": 99.17156048251643}, "K73-D140": {"K73-D150": 187.84438280165344}, "K74-U010": {"K74-U020": 158.9594014743504}, "K75A-D090": {"K75A-D100": 48.50231204463214}, "K75P-U050": {"K75P-U060": 146.35330943908957}, "K74-D050": {"K74-D060": 101.01538011848399}, "K75P-U060": {"K75P-U070": 28.27296876030281}, "K74-U020": {"K74-U030": 121.55671238860631}, "K75P-D040": {"K75P-D050": 166.27905931686888}, "K74-U004": {"K74-U007": 96.1435303976604}, "K75P-U040": {"K75P-U050": 106.8284074978375}, "K75A-U020": {"K75A-U030": 142.33637757033443}, "K73-D070": {"K73-D080": 148.73184200619792}, "K74-U011": {"K74-D100": 172.97042555988187}, "K73-D120": {"K73-D130": 112.0628160399048}, "K74-U100": {"K74-D010": 114.71048648126558}, "K74-D070": {"K74-D080": 255.63939632040297}, "K74-U040": {"K74-U050": 162.44974494032567}, "K74-D100": {"K74-D110": 88.2851132678696}, "K73-D080": {"K73-D090": 269.4814245658141}, "K75A-D060": {"K75A-D070": 38.695201073479396}, "K75P-U070": {"K75P-U080": 111.47081638450325}, "K75A-D040": {"K75A-D050": 50.995959862310734}, "K73-D020": {"K73-D030": 92.6102084737645}, "K73-D050": {"K73-D060": 64.29878854327228, "K73-D070": 108.25301940023117}, "K74-D110": {"K74-U002": 162.517084392681}, "K74-D010": {"K74-D020": 153.24196837457444}, "K74-U070": {"K74-U080": 160.45025162030967}, "K73-D060": {"K73-D070": 32.37775094081504}, "K73-D150": {"K73-D160": 51.08056632863703}, "K74-D040": {"K74-D050": 81.75420068398213}, "K74-U050": {"K74-U060": 230.16388881894213}}