{"K76-U020": {"K76-U030": 113.99209261804577}, "K73-U070": {"K73-U080": 149.97178097099606}, "K76-U040": {"K76-U050": 116.75435131788254}, "K76-D030": {"K76-D040": 46.70833494394901}, "K75P-D050": {"K75P-D060": 101.54595679044724}, "K73-U080": {"K73-U090": 275.43192846291686, "K73-U110": 137.71078968539587}, "K74-D020": {"K74-D030": 131.84647505570385}, "K73-U100": {"K73-U110": 232.96220906905364}, "K76-D010": {"K76-D020": 154.9727246615875}, "K75A-D110": {"K75A-U011": 187.006103515625}, "K75A-D080": {"K75A-D090": 104.703125}, "K75P-U030": {"K75P-U040": 101.13953399658203}, "K75P-D070": {"K75P-D080": 85.6142930984497}, "K75P-U010": {"K75P-U020": 83.28094482421875}, "K75A-D020": {"K75A-D030": 24.351751565933228}, "K74-D030": {"K74-D040": 91.09375}, "K75A-D070": {"K75A-D080": 47.18760693073273}, "K74-U090": {"K74-U100": 185.0}, "K76-U010": {"K76-U020": 7.718708752818917}, "K74-U060": {"K74-U070": 133.765625}, "K75A-D010": {"K75A-D020": 210.05892944335938}, "K74-D090": {"K74-U011": 82.447265625}, "K73-U110": {"K73-U120": 199.95209491874107}, "K73-U050": {"K73-U060": 109.86660264352477}, "K73-U060": {"K73-U070": 111.71057971674038}, "K74-U007": {"K74-U010": 245.8701171875}, "K73-D030": {"K73-D040": 103.74124145507812}, "K73-D040": {"K73-D050": 72.77869033813477}, "K73-U090": {"K73-U100": 157.11877232462575}, "K75P-U140": {"K75P-D010": 136.88458251953125}, "K73-U030": {"K73-U040": 81.65672376560633}, "K73-U010": {"K73-U020": 70.24846172332764}, "K75P-U110": {"K75P-U120": 83.13579727523029}, "K76-D020": {"K76-D030": 108.88494729208932}, "K75A-U030": {"K75A-D010": 197.39599609375}, "K75P-D060": {"K75P-D070": 152.3318076246651}, "K73-D110": {"K73-D120": 49.50347900390625}, "K75P-U090": {"K75P-U100": 40.67979755027409}, "K74-U080": {"K74-U090": 184.78271484375}, "K75P-U120": {"K75P-U130": 54.36949849128723}, "K73-U040": {"K73-U050": 107.69025310273088, "K73-U060": 225.89632844924927}, "K75P-U020": {"K75P-U030": 99.6171875}, "K73-D010": {"K73-D020": 67.04653263092041}, "K74-D080": {"K74-D090": 155.29296875}, "K74-D060": {"K74-D070": 146.6875}, "K75P-D010": {"K75P-D020": 137.72923278808594}, "K73-D090": {"K73-D100": 69.72678565979004}, "K73-D100": {"K73-D110": 178.87408447265625}, "K75A-U010": {"K75A-U020": 46.08906576037407}, "K73-U020": {"K73-U030": 183.78528052568436}, "K75P-U100": {"K75P-U110": 61.70547471055761}, "K75A-D030": {"K75A-D040": 39.826951056718826}, "K75P-D080": {"K75P-U011": 126.3609826862812}, "K75P-D020": {"K75P-D030": 17.531038284301758}, "K75P-U080": {"K75P-U090": 42.882576922304}, "K75P-D030": {"K75P-D040": 137.07367080249242}, "K75A-D050": {"K75A-D060": 70.95161414146423}, "K76-U030": {"K76-U040": 148.2594787800498}, "K74-U001": {"K74-U004": 124.40625}, "K75P-U130": {"K75P-U140": 42.67807054100558}, "K73-D130": {"K73-D140": 127.7818374633789}, "K74-U030": {"K74-U040": 264.765625}, "K75A-D100": {"K75A-D110": 91.90815544128418}, "K73-D140": {"K73-D150": 171.60687351226807}, "K74-U010": {"K74-U020": 175.9375}, "K75A-D090": {"K75A-D100": 47.810623083263636}, "K75P-U050": {"K75P-U060": 134.01654052734375}, "K74-D050": {"K74-D060": 99.03125}, "K75P-U060": {"K75P-U070": 26.016284726560116}, "K74-U020": {"K74-U030": 119.1875}, "K75P-D040": {"K75P-D050": 160.56789588928223}, "K74-U004": {"K74-U007": 87.75}, "K75P-U040": {"K75P-U050": 93.71609497070312}, "K75A-U020": {"K75A-U030": 127.52203369140625}, "K73-D070": {"K73-D080": 146.5697021484375}, "K74-U011": {"K74-D100": 176.1328125}, "K73-D120": {"K73-D130": 87.38173294067383}, "K74-U100": {"K74-D010": 122.05224609375}, "K74-D070": {"K74-D080": 218.5625}, "K74-U040": {"K74-U050": 193.5}, "K74-D100": {"K74-D110": 86.05859375}, "K73-D080": {"K73-D090": 236.560546875}, "K75A-D060": {"K75A-D070": 47.8831901550293}, "K75P-U070": {"K75P-U080": 106.06133789825981}, "K75A-D040": {"K75A-D050": 50.748626708984375}, "K73-D020": {"K73-D030": 65.10635042190552}, "K73-D050": {"K73-D060": 68.86340808868408}, "K74-D110": {"K74-U002": 150.96875}, "K74-D010": {"K74-D020": 131.9375}, "K74-U070": {"K74-U080": 138.25}, "K73-D060": {"K73-D070": 27.021484375}, "K73-D150": {"K73-D160": 41.421875}, "K74-D040": {"K74-D050": 76.6875}, "K74-U050": {"K74-U060": 215.6875}}