{"K76-U020": {"K76-U030": 133.57390180910397}, "K73-U070": {"K73-U080": 153.81378998400044}, "K76-U040": {"K76-U050": 158.82367278339342}, "K76-D030": {"K76-D040": 54.72315269992639}, "K75P-D050": {"K75P-D060": 84.42741776986924}, "K73-U080": {"K73-U090": 251.36880060434342, "K73-U110": 151.48186865393524}, "K74-D020": {"K74-D030": 145.0311225563309}, "K73-U100": {"K73-U110": 252.1306052689033}, "K76-D010": {"K76-D020": 170.469997127746}, "K75A-D110": {"K75A-U011": 166.0739230008025}, "K75A-D080": {"K75A-D090": 117.7895031106993}, "K75P-U030": {"K75P-U040": 109.01694078150895}, "K75P-D070": {"K75P-D080": 92.08448102154483}, "K75P-U010": {"K75P-U020": 90.9748228034575}, "K75A-D020": {"K75A-D030": 25.814787407905385}, "K74-D030": {"K74-D040": 128.48213371559638}, "K75A-D070": {"K75A-D080": 43.99691052803887}, "K74-U090": {"K74-U100": 199.05613313801416}, "K76-U010": {"K76-U020": 11.928007203946564}, "K74-U060": {"K74-U070": 142.55040011087294}, "K75A-D010": {"K75A-D020": 187.55602559688526}, "K74-D090": {"K74-U011": 71.3771249114109}, "K73-U110": {"K73-U120": 201.5840369207559}, "K73-U050": {"K73-U060": 108.115407057889}, "K73-U060": {"K73-U070": 124.65623227210865}, "K74-U007": {"K74-U010": 250.14347683153193}, "K73-D030": {"K73-D040": 118.91098307529663}, "K73-D040": {"K73-D050": 79.72005873862113}, "K73-U090": {"K73-U100": 148.83672501143346}, "K75P-U140": {"K75P-D010": 145.8734048344395}, "K73-U030": {"K73-U040": 89.88292285438959}, "K73-U010": {"K73-U020": 63.584803654299606}, "K75P-U110": {"K75P-U120": 84.24970881141675}, "K76-D020": {"K76-D030": 129.063439184687}, "K75A-U030": {"K75A-D010": 228.81070425578156}, "K75P-D060": {"K75P-D070": 158.05048685925604}, "K73-D110": {"K73-D120": 70.3928895221515}, "K75P-U090": {"K75P-U100": 40.35089474304309}, "K74-U080": {"K74-U090": 205.5772112838161}, "K75P-U120": {"K75P-U130": 61.77062662532465}, "K73-U040": {"K73-U050": 103.99384861504248, "K73-U060": 206.40948248604204}, "K75P-U020": {"K75P-U030": 113.1437917284612}, "K73-D010": {"K73-D020": 76.44827007161668}, "K74-D080": {"K74-D090": 159.82347369584784}, "K74-D060": {"K74-D070": 147.29480745226454}, "K75P-D010": {"K75P-D020": 128.38989545451463}, "K73-D090": {"K73-D100": 85.87834053092281}, "K73-D100": {"K73-D110": 195.25821677389976}, "K75A-U010": {"K75A-U020": 46.015030605158486}, "K73-U020": {"K73-U030": 174.59822805086546}, "K75P-U100": {"K75P-U110": 60.02754327340661}, "K75A-D030": {"K75A-D040": 49.718634314619536}, "K75P-D080": {"K75P-U011": 140.41633035676202}, "K75P-D020": {"K75P-D030": 29.55922324804741}, "K75P-U080": {"K75P-U090": 48.56466670139779}, "K75P-D030": {"K75P-D040": 118.47458993895025}, "K75A-D050": {"K75A-D060": 77.05433872167112}, "K76-U030": {"K76-U040": 163.0854266580546}, "K74-U001": {"K74-U004": 136.92639499636635}, "K75P-U130": {"K75P-U140": 36.31052579495723}, "K73-D130": {"K73-D140": 133.28060502313085}, "K74-U030": {"K74-U040": 292.417660746929}, "K75A-D100": {"K75A-D110": 100.02379328133961}, "K73-D140": {"K73-D150": 195.6575268161556}, "K74-U010": {"K74-U020": 167.0686126188097}, "K75A-D090": {"K75A-D100": 43.41924641030859}, "K75P-U050": {"K75P-U060": 154.682025458429}, "K74-D050": {"K74-D060": 105.30657595468372}, "K75P-U060": {"K75P-U070": 28.707933988232263}, "K74-U020": {"K74-U030": 137.99759874195047}, "K75P-D040": {"K75P-D050": 163.6904391492619}, "K74-U004": {"K74-U007": 97.61142030603182}, "K75P-U040": {"K75P-U050": 103.64861564011396}, "K75A-U020": {"K75A-U030": 137.29415946589063}, "K73-D070": {"K73-D080": 151.89113060655782}, "K74-U011": {"K74-D100": 180.4302038447501}, "K73-D120": {"K73-D130": 104.5463847502081}, "K74-U100": {"K74-D010": 116.04629855614715}, "K74-D070": {"K74-D080": 263.31398824102035}, "K74-U040": {"K74-U050": 182.87574785732377}, "K74-D100": {"K74-D110": 84.08246070115244}, "K73-D080": {"K73-D090": 259.42336006571236}, "K75A-D060": {"K75A-D070": 45.43246694609269}, "K75P-U070": {"K75P-U080": 108.55061323433435}, "K75A-D040": {"K75A-D050": 51.911412703473445}, "K73-D020": {"K73-D030": 91.05290462676723}, "K73-D050": {"K73-D060": 64.29878854327228, "K73-D070": 101.13807809061962}, "K74-D110": {"K74-U002": 163.80826957074368}, "K74-D010": {"K74-D020": 149.39270650901454}, "K74-U070": {"K74-U080": 158.24043934092205}, "K73-D060": {"K73-D070": 32.37775094081504}, "K73-D150": {"K73-D160": 39.8256906926355}, "K74-D040": {"K74-D050": 80.51622306948482}, "K74-U050": {"K74-U060": 231.6295808852745}}