{"K76-U020": {"K76-U030": 150.29892836339374}, "K73-U070": {"K73-U080": 159.55597838123563}, "K76-U040": {"K76-U050": 194.71694305803584}, "K76-D030": {"K76-D040": 47.49391063629931}, "K75P-D050": {"K75P-D060": 86.36417164614677}, "K73-U080": {"K73-U090": 244.31908036980886, "K73-U110": 151.48186865393524}, "K74-D020": {"K74-D030": 145.03112256126207}, "K73-U100": {"K73-U110": 241.23053241826238}, "K76-D010": {"K76-D020": 170.469997127746}, "K75A-D110": {"K75A-U011": 175.83494799709734}, "K75A-D080": {"K75A-D090": 97.01352862609795}, "K75P-U030": {"K75P-U040": 109.42423949919046}, "K75P-D070": {"K75P-D080": 91.55972276310561}, "K75P-U010": {"K75P-U020": 90.0185749943735}, "K75A-D020": {"K75A-D030": 21.874946790324163}, "K74-D030": {"K74-D040": 121.48628338286346}, "K75A-D070": {"K75A-D080": 39.654066718415045}, "K74-U090": {"K74-U100": 186.84586980365427}, "K76-U010": {"K76-U020": 15.231405635524663}, "K74-U060": {"K74-U070": 136.63675865186747}, "K75A-D010": {"K75A-D020": 192.51996046732467}, "K74-D090": {"K74-U011": 74.57514690354006}, "K73-U110": {"K73-U120": 239.5706452449105}, "K73-U050": {"K73-U060": 106.20656408967875}, "K73-U060": {"K73-U070": 131.1972221083508}, "K74-U007": {"K74-U010": 248.4195871136507}, "K73-D030": {"K73-D040": 110.95173811541738}, "K73-D040": {"K73-D050": 77.88241951040638}, "K73-U090": {"K73-U100": 111.13328903608492}, "K75P-U140": {"K75P-D010": 145.23877019527805}, "K73-U030": {"K73-U040": 92.87636922607217}, "K73-U010": {"K73-U020": 67.74539780589781}, "K75P-U110": {"K75P-U120": 86.24659016400028}, "K76-D020": {"K76-D030": 123.6456545463939}, "K75A-U030": {"K75A-D010": 228.6154291146317}, "K75P-D060": {"K75P-D070": 172.18070093181262}, "K73-D110": {"K73-D120": 74.40819161904396}, "K75P-U090": {"K75P-U100": 40.33450817809502}, "K74-U080": {"K74-U090": 231.78519822207107}, "K75P-U120": {"K75P-U130": 63.10552046106964}, "K73-U040": {"K73-U050": 98.93082030184566, "K73-U060": 200.16442862184027}, "K75P-U020": {"K75P-U030": 107.42404751481838}, "K73-D010": {"K73-D020": 81.44851336047364}, "K74-D080": {"K74-D090": 180.50582861633222}, "K74-D060": {"K74-D070": 147.05189732793184}, "K75P-D010": {"K75P-D020": 130.65176761359658}, "K73-D090": {"K73-D100": 80.00930829985766}, "K73-D100": {"K73-D110": 185.06952448665976}, "K75A-U010": {"K75A-U020": 44.95561776295603}, "K73-U020": {"K73-U030": 170.71014451392176}, "K75P-U100": {"K75P-U110": 60.32702178835626}, "K75A-D030": {"K75A-D040": 47.47936077705435}, "K75P-D080": {"K75P-U011": 149.1791089096311}, "K75P-D020": {"K75P-D030": 31.39256340376975}, "K75P-U080": {"K75P-U090": 40.90729389008753}, "K75P-D030": {"K75P-D040": 123.44352271774157}, "K75A-D050": {"K75A-D060": 70.25464361201549}, "K76-U030": {"K76-U040": 163.0854266580546}, "K74-U001": {"K74-U004": 147.25985425373287}, "K75P-U130": {"K75P-U140": 38.092569328951114}, "K73-D130": {"K73-D140": 138.66310932647758}, "K74-U030": {"K74-U040": 283.8966245230714}, "K75A-D100": {"K75A-D110": 100.90996430870672}, "K73-D140": {"K73-D150": 166.50229816191037}, "K74-U010": {"K74-U020": 157.27733084345036}, "K75A-D090": {"K75A-D100": 51.45754555793328}, "K75P-U050": {"K75P-U060": 140.01163331169425}, "K74-D050": {"K74-D060": 100.11262746301365}, "K75P-U060": {"K75P-U070": 26.397593506366825}, "K74-U020": {"K74-U030": 129.2265338567573}, "K75P-D040": {"K75P-D050": 165.91395584403716}, "K74-U004": {"K74-U007": 88.99552472021949}, "K75P-U040": {"K75P-U050": 97.88562121247041}, "K75A-U020": {"K75A-U030": 137.11710639758874}, "K73-D070": {"K73-D080": 147.69524879122963}, "K74-U011": {"K74-D100": 169.14805488461207}, "K73-D120": {"K73-D130": 110.78547168291058}, "K74-U100": {"K74-D010": 119.90956125557678}, "K74-D070": {"K74-D080": 277.4712518254032}, "K74-U040": {"K74-U050": 176.83891367664242}, "K74-D100": {"K74-D110": 80.8652783019799}, "K73-D080": {"K73-D090": 253.2184588981016}, "K75A-D060": {"K75A-D070": 41.25522931951333}, "K75P-U070": {"K75P-U080": 95.68352201255883}, "K75A-D040": {"K75A-D050": 50.674204105647675}, "K73-D020": {"K73-D030": 106.17503631766026}, "K73-D050": {"K73-D060": 64.29878854327228, "K73-D070": 104.96595792585072}, "K74-D110": {"K74-U002": 172.04875076215293}, "K74-D010": {"K74-D020": 157.4415653088127}, "K74-U070": {"K74-U080": 157.31919493793856}, "K73-D060": {"K73-D070": 32.37775094081504}, "K73-D150": {"K73-D160": 50.558593211870615}, "K74-D040": {"K74-D050": 77.50572918229439}, "K74-U050": {"K74-U060": 219.2277187819438}}