{"K76-U020": {"K76-U030": 142.71396863908177}, "K73-U070": {"K73-U080": 157.68024310914683}, "K76-U040": {"K76-U050": 178.92232907696285}, "K76-D030": {"K76-D040": 54.85747122713683}, "K75P-D050": {"K75P-D060": 87.9855263763311}, "K73-U080": {"K73-U090": 271.8702828368022, "K73-U110": 151.4818286307537}, "K74-D020": {"K74-D030": 144.34110715484024}, "K73-U100": {"K73-U110": 234.8372754253738}, "K76-D010": {"K76-D020": 170.46999712129008}, "K75A-D110": {"K75A-U011": 181.55544698159218}, "K75A-D080": {"K75A-D090": 115.13121529913087}, "K75P-U030": {"K75P-U040": 104.63035418305685}, "K75P-D070": {"K75P-D080": 83.15957641421394}, "K75P-U010": {"K75P-U020": 98.31196871627353}, "K75A-D020": {"K75A-D030": 25.80084444450197}, "K74-D030": {"K74-D040": 117.52304989312412}, "K75A-D070": {"K75A-D080": 46.96243331398092}, "K74-U090": {"K74-U100": 188.407092945008}, "K76-U010": {"K76-U020": 16.936477355046964}, "K74-U060": {"K74-U070": 148.14759490406965}, "K75A-D010": {"K75A-D020": 197.89884826204297}, "K74-D090": {"K74-U011": 79.92510050218208}, "K73-U110": {"K73-U120": 225.49154992963426}, "K73-U050": {"K73-U060": 101.78971517990894}, "K73-U060": {"K73-U070": 138.65488332539724}, "K74-U007": {"K74-U010": 241.73247324596372}, "K73-D030": {"K73-D040": 111.91569016626457}, "K73-D040": {"K73-D050": 85.55009041194492}, "K73-U090": {"K73-U100": 120.79810559099433}, "K75P-U140": {"K75P-D010": 143.81932754659178}, "K73-U030": {"K73-U040": 88.56081682804292}, "K73-U010": {"K73-U020": 63.34310670578053}, "K75P-U110": {"K75P-U120": 84.23604994666705}, "K76-D020": {"K76-D030": 124.37447987234339}, "K75A-U030": {"K75A-D010": 228.75090750606304}, "K75P-D060": {"K75P-D070": 165.53036322234152}, "K73-D110": {"K73-D120": 69.80291533399102}, "K75P-U090": {"K75P-U100": 42.11891155619922}, "K74-U080": {"K74-U090": 207.13392864238705}, "K75P-U120": {"K75P-U130": 64.84749599894485}, "K73-U040": {"K73-U050": 100.88857119077137, "K73-U060": 210.2103321722886}, "K75P-U020": {"K75P-U030": 108.17797845787473}, "K73-D010": {"K73-D020": 71.53759957437437}, "K74-D080": {"K74-D090": 159.7190083241083}, "K74-D060": {"K74-D070": 151.12177543859815}, "K75P-D010": {"K75P-D020": 145.30710467297942}, "K73-D090": {"K73-D100": 82.68221504711028}, "K73-D100": {"K73-D110": 187.98062570163478}, "K75A-U010": {"K75A-U020": 42.00410142255426}, "K73-U020": {"K73-U030": 173.36500486672566}, "K75P-U100": {"K75P-U110": 63.01529325444312}, "K75A-D030": {"K75A-D040": 49.633538659188964}, "K75P-D080": {"K75P-U011": 146.7822979681712}, "K75P-D020": {"K75P-D030": 30.227180008064163}, "K75P-U080": {"K75P-U090": 44.601739035568194}, "K75P-D030": {"K75P-D040": 127.16697509743419}, "K75A-D050": {"K75A-D060": 82.02673461568072}, "K76-U030": {"K76-U040": 163.08541867358167}, "K74-U001": {"K74-U004": 204.7101224922031}, "K75P-U130": {"K75P-U140": 38.58955436673568}, "K73-D130": {"K73-D140": 140.3202690097457}, "K74-U030": {"K74-U040": 275.012892061723}, "K75A-D100": {"K75A-D110": 97.51840403214337}, "K73-D140": {"K73-D150": 195.87406947966198}, "K74-U010": {"K74-U020": 163.81084838066863}, "K75A-D090": {"K75A-D100": 45.16278617142068}, "K75P-U050": {"K75P-U060": 147.22872212425327}, "K74-D050": {"K74-D060": 100.64110314034528}, "K75P-U060": {"K75P-U070": 30.04536608349209}, "K74-U020": {"K74-U030": 129.4016942451475}, "K75P-D040": {"K75P-D050": 168.5644284267032}, "K74-U004": {"K74-U007": 93.42339706980364}, "K75P-U040": {"K75P-U050": 105.14270074464696}, "K75A-U020": {"K75A-U030": 141.2631866915561}, "K73-D070": {"K73-D080": 156.37005035764247}, "K74-U011": {"K74-D100": 170.05979007770023}, "K73-D120": {"K73-D130": 109.45458816357147}, "K74-U100": {"K74-D010": 117.67887468070212}, "K74-D070": {"K74-D080": 239.34582562885845}, "K74-U040": {"K74-U050": 176.97382275013695}, "K74-D100": {"K74-D110": 80.99767275545585}, "K73-D080": {"K73-D090": 261.57838185840484}, "K75A-D060": {"K75A-D070": 45.974267341078985}, "K75P-U070": {"K75P-U080": 105.96862876867706}, "K75A-D040": {"K75A-D050": 47.18352144146743}, "K73-D020": {"K73-D030": 97.26616746663454}, "K73-D050": {"K73-D060": 74.07445647617529}, "K74-D110": {"K74-U002": 165.8495543958741}, "K74-D010": {"K74-D020": 153.47355720880986}, "K74-U070": {"K74-U080": 150.03915327320516}, "K73-D060": {"K73-D070": 31.5879165566589}, "K73-D150": {"K73-D160": 45.863634678153815}, "K74-D040": {"K74-D050": 78.62272718600104}, "K74-U050": {"K74-U060": 229.6952403849735}}