{"K76-U020": {"K76-U030": 132.4158858633745}, "K73-U070": {"K73-U080": 147.26575685981373}, "K76-U040": {"K76-U050": 163.51441627017755}, "K76-D030": {"K76-D040": 59.14687145216253}, "K75P-D050": {"K75P-D060": 80.31329914625893}, "K73-U080": {"K73-U090": 242.08639428089154, "K73-U110": 137.71078968539587}, "K74-D020": {"K74-D030": 131.84647505570385}, "K73-U100": {"K73-U110": 216.8962585634262}, "K76-D010": {"K76-D020": 154.9727246615875}, "K75A-D110": {"K75A-U011": 155.7029275379852}, "K75A-D080": {"K75A-D090": 86.82130855173037}, "K75P-U030": {"K75P-U040": 93.9230622611486}, "K75P-D070": {"K75P-D080": 77.05391115127786}, "K75P-U010": {"K75P-U020": 84.66725850764078}, "K75A-D020": {"K75A-D030": 21.395758103480013}, "K74-D030": {"K74-D040": 94.08739217493448}, "K75A-D070": {"K75A-D080": 35.030558142311556}, "K74-U090": {"K74-U100": 169.8547608768083}, "K76-U010": {"K76-U020": 31.174331375360545}, "K74-U060": {"K74-U070": 126.2211738250023}, "K75A-D010": {"K75A-D020": 177.77600688972888}, "K74-D090": {"K74-U011": 64.81168406031081}, "K73-U110": {"K73-U120": 184.7412748514908}, "K73-U050": {"K73-U060": 91.72636589627912}, "K73-U060": {"K73-U070": 119.5943957124027}, "K74-U007": {"K74-U010": 226.1462794866223}, "K73-D030": {"K73-D040": 102.49002559134574}, "K73-D040": {"K73-D050": 76.3921602779345}, "K73-U090": {"K73-U100": 105.13674550033348}, "K75P-U140": {"K75P-D010": 131.7115041116346}, "K73-U030": {"K73-U040": 77.04072654003144}, "K73-U010": {"K73-U020": 60.02325840871932}, "K75P-U110": {"K75P-U120": 75.31648178195644}, "K76-D020": {"K76-D030": 108.71530654552916}, "K75A-U030": {"K75A-D010": 213.2366594828598}, "K75P-D060": {"K75P-D070": 150.0128602131369}, "K73-D110": {"K73-D120": 63.46527513811826}, "K75P-U090": {"K75P-U100": 36.092376665158454}, "K74-U080": {"K74-U090": 205.60113391610304}, "K75P-U120": {"K75P-U130": 55.05640347755984}, "K73-U040": {"K73-U050": 74.74174896846593, "K73-U060": 169.6208900356749}, "K75P-U020": {"K75P-U030": 95.61983302493104}, "K73-D010": {"K73-D020": 67.97485118705825}, "K74-D080": {"K74-D090": 161.66323305119488}, "K74-D060": {"K74-D070": 130.3670229421785}, "K75P-D010": {"K75P-D020": 116.19487363758681}, "K73-D090": {"K73-D100": 68.62107002348863}, "K73-D100": {"K73-D110": 171.82033827128421}, "K75A-U010": {"K75A-U020": 37.23427170654256}, "K73-U020": {"K73-U030": 147.40948119960242}, "K75P-U100": {"K75P-U110": 59.09673492517713}, "K75A-D030": {"K75A-D040": 41.08280002057792}, "K75P-D080": {"K75P-U011": 123.5034297477069}, "K75P-D020": {"K75P-D030": 25.80590251623597}, "K75P-U080": {"K75P-U090": 38.460751790187516}, "K75P-D030": {"K75P-D040": 102.69338839281787}, "K75A-D050": {"K75A-D060": 61.373676605553406}, "K76-U030": {"K76-U040": 148.25947878004982}, "K74-U001": {"K74-U004": 139.82879346613146}, "K75P-U130": {"K75P-U140": 29.700343784833215}, "K73-D130": {"K73-D140": 122.4600810994048}, "K74-U030": {"K74-U040": 260.7330141187181}, "K75A-D100": {"K75A-D110": 88.2001995026059}, "K73-D140": {"K73-D150": 172.21642389322318}, "K74-U010": {"K74-U020": 146.74359141740575}, "K75A-D090": {"K75A-D100": 43.66160247291117}, "K75P-U050": {"K75P-U060": 137.91736953148302}, "K74-D050": {"K74-D060": 98.49482061516758}, "K75P-U060": {"K75P-U070": 25.263963128963237}, "K74-U020": {"K74-U030": 122.46598003973904}, "K75P-D040": {"K75P-D050": 151.89845472283673}, "K74-U004": {"K74-U007": 85.39791173177318}, "K75P-U040": {"K75P-U050": 92.10282877183275}, "K75A-U020": {"K75A-U030": 123.78366447586043}, "K73-D070": {"K73-D080": 140.95924571867053}, "K74-U011": {"K74-D100": 151.46927948235793}, "K73-D120": {"K73-D130": 101.54560862008081}, "K74-U100": {"K74-D010": 102.01392118045894}, "K74-D070": {"K74-D080": 240.7988196957736}, "K74-U040": {"K74-U050": 142.1638190866635}, "K74-D100": {"K74-D110": 79.12901524203322}, "K73-D080": {"K73-D090": 237.0186788571312}, "K75A-D060": {"K75A-D070": 37.71486672329857}, "K75P-U070": {"K75P-U080": 91.4173452120343}, "K75A-D040": {"K75A-D050": 44.912021292429344}, "K73-D020": {"K73-D030": 95.4501315167647}, "K73-D050": {"K73-D060": 66.76071788339922}, "K74-D110": {"K74-U002": 149.34111823583794}, "K74-D010": {"K74-D020": 134.30151996420346}, "K74-U070": {"K74-U080": 141.39970579785907}, "K73-D060": {"K73-D070": 25.517473871657284}, "K73-D150": {"K73-D160": 40.67149228076167}, "K74-D040": {"K74-D050": 72.08317501228024}, "K74-U050": {"K74-U060": 195.52569723253993}}