{"K76-U020": {"K76-U030": 122.99641961492765}, "K73-U070": {"K73-U080": 147.07268117075}, "K76-U040": {"K76-U050": 151.08397037174126}, "K76-D030": {"K76-D040": 49.44567072890874}, "K75P-D050": {"K75P-D060": 78.86950501595287}, "K73-U080": {"K73-U090": 253.59372437148653, "K73-U110": 137.71078968539587}, "K74-D020": {"K74-D030": 131.84647505570385}, "K73-U100": {"K73-U110": 207.96429634578408}, "K76-D010": {"K76-D020": 154.9727246615875}, "K75A-D110": {"K75A-U011": 167.59424150502923}, "K75A-D080": {"K75A-D090": 110.32410134361437}, "K75P-U030": {"K75P-U040": 87.102388616531}, "K75P-D070": {"K75P-D080": 84.90950510659113}, "K75P-U010": {"K75P-U020": 88.5124421576364}, "K75A-D020": {"K75A-D030": 25.739431083258967}, "K74-D030": {"K74-D040": 83.72149562835693}, "K75A-D070": {"K75A-D080": 42.468989002841326}, "K74-U090": {"K74-U100": 179.488623046875}, "K76-U010": {"K76-U020": 6.405940295288498}, "K74-U060": {"K74-U070": 124.7383079274136}, "K75A-D010": {"K75A-D020": 197.63964948724077}, "K74-D090": {"K74-U011": 50.02763845255268}, "K73-U110": {"K73-U120": 198.77447175276242}, "K73-U050": {"K73-U060": 93.15047300157458}, "K73-U060": {"K73-U070": 120.22131047144157}, "K74-U007": {"K74-U010": 222.45286665765389}, "K73-D030": {"K73-D040": 100.86590458034568}, "K73-D040": {"K73-D050": 73.4409977446742}, "K73-U090": {"K73-U100": 94.58543701804159}, "K75P-U140": {"K75P-D010": 131.74973559523852}, "K73-U030": {"K73-U040": 76.06216442671787}, "K73-U010": {"K73-U020": 55.68021408503125}, "K75P-U110": {"K75P-U120": 78.83046002880687}, "K76-D020": {"K76-D030": 109.00018134537785}, "K75A-U030": {"K75A-D010": 208.66987355483852}, "K75P-D060": {"K75P-D070": 153.48135327225094}, "K73-D110": {"K73-D120": 68.00234183970183}, "K75P-U090": {"K75P-U100": 36.33246377017858}, "K74-U080": {"K74-U090": 214.78940377419949}, "K75P-U120": {"K75P-U130": 54.82223358128838}, "K73-U040": {"K73-U050": 93.55874376636405, "K73-U060": 196.8258967694413}, "K75P-U020": {"K75P-U030": 93.63930928543952}, "K73-D010": {"K73-D020": 80.71464133532906}, "K74-D080": {"K74-D090": 165.3385763311386}, "K74-D060": {"K74-D070": 138.0032933652401}, "K75P-D010": {"K75P-D020": 132.00989586012957}, "K73-D090": {"K73-D100": 73.92571137876571}, "K73-D100": {"K73-D110": 170.38773072863532}, "K75A-U010": {"K75A-U020": 36.68578193026886}, "K73-U020": {"K73-U030": 165.58374953327285}, "K75P-U100": {"K75P-U110": 57.85190080989587}, "K75A-D030": {"K75A-D040": 40.75160401533243}, "K75P-D080": {"K75P-U011": 136.25335102569798}, "K75P-D020": {"K75P-D030": 27.254777165074263}, "K75P-U080": {"K75P-U090": 35.857844180711346}, "K75P-D030": {"K75P-D040": 109.56509822180492}, "K75A-D050": {"K75A-D060": 59.13135977087122}, "K76-U030": {"K76-U040": 148.25947878004982}, "K74-U001": {"K74-U004": 140.51053221343992}, "K75P-U130": {"K75P-U140": 30.5036870639487}, "K73-D130": {"K73-D140": 128.3121940566564}, "K74-U030": {"K74-U040": 251.16249252557753}, "K75A-D100": {"K75A-D110": 93.65448325164634}, "K73-D140": {"K73-D150": 182.10155410497376}, "K74-U010": {"K74-U020": 156.26640311910234}, "K75A-D090": {"K75A-D100": 43.41414265056652}, "K75P-U050": {"K75P-U060": 136.6760465668027}, "K74-D050": {"K74-D060": 111.98642869591713}, "K75P-U060": {"K75P-U070": 25.02990189169595}, "K74-U020": {"K74-U030": 118.51216418668628}, "K75P-D040": {"K75P-D050": 147.5197245962343}, "K74-U004": {"K74-U007": 81.06194055080414}, "K75P-U040": {"K75P-U050": 92.75388018270021}, "K75A-U020": {"K75A-U030": 120.59315682673397}, "K73-D070": {"K73-D080": 135.16202519052962}, "K74-U011": {"K74-D100": 146.05287818915994}, "K73-D120": {"K73-D130": 101.11137562897477}, "K74-U100": {"K74-D010": 117.48750286996365}, "K74-D070": {"K74-D080": 232.21342570115957}, "K74-U040": {"K74-U050": 155.5436438886881}, "K74-D100": {"K74-D110": 87.87583810985089}, "K73-D080": {"K73-D090": 238.3056826776145}, "K75A-D060": {"K75A-D070": 40.703863999349984}, "K75P-U070": {"K75P-U080": 96.55824823002916}, "K75A-D040": {"K75A-D050": 46.98768454744935}, "K73-D020": {"K73-D030": 114.65476908239687}, "K73-D050": {"K73-D060": 69.34944673589816}, "K74-D110": {"K74-U002": 162.1432805776596}, "K74-D010": {"K74-D020": 137.9735802412033}, "K74-U070": {"K74-U080": 156.17106383862495}, "K73-D060": {"K73-D070": 26.602524547116456}, "K73-D150": {"K73-D160": 46.84866353857743}, "K74-D040": {"K74-D050": 77.82942835733294}, "K74-U050": {"K74-U060": 222.9815602405991}}