{"K76-U020": {"K76-U030": 153.6063748288223}, "K73-U070": {"K73-U080": 164.01613184889078}, "K76-U040": {"K76-U050": 170.14610490473342}, "K76-D030": {"K76-D040": 64.68066528452009}, "K75P-D050": {"K75P-D060": 84.33822638800777}, "K73-U080": {"K73-U090": 251.61001448482793, "K73-U110": 151.48186865393524}, "K74-D020": {"K74-D030": 145.03112255373975}, "K73-U100": {"K73-U110": 224.4615790495024}, "K76-D010": {"K76-D020": 170.469997127746}, "K75A-D110": {"K75A-U011": 177.9212935539129}, "K75A-D080": {"K75A-D090": 111.84444871152168}, "K75P-U030": {"K75P-U040": 107.34382073084733}, "K75P-D070": {"K75P-D080": 95.13313504517873}, "K75P-U010": {"K75P-U020": 93.7510600870473}, "K75A-D020": {"K75A-D030": 26.246073261872958}, "K74-D030": {"K74-D040": 134.88646600218982}, "K75A-D070": {"K75A-D080": 42.90123207512213}, "K74-U090": {"K74-U100": 199.05613313801416}, "K76-U010": {"K76-U020": 15.93075052281346}, "K74-U060": {"K74-U070": 136.0622223591024}, "K75A-D010": {"K75A-D020": 194.19138962578427}, "K74-D090": {"K74-U011": 71.3771249114109}, "K73-U110": {"K73-U120": 210.26589269865667}, "K73-U050": {"K73-U060": 109.05356462853084}, "K73-U060": {"K73-U070": 129.6147962480283}, "K74-U007": {"K74-U010": 257.73021831053325}, "K73-D030": {"K73-D040": 122.08875640191528}, "K73-D040": {"K73-D050": 77.12038235750498}, "K73-U090": {"K73-U100": 132.6630274938559}, "K75P-U140": {"K75P-D010": 146.9819812770858}, "K73-U030": {"K73-U040": 91.09010549829239}, "K73-U010": {"K73-U020": 65.13866578181826}, "K75P-U110": {"K75P-U120": 82.16507309638655}, "K76-D020": {"K76-D030": 116.36772671106522}, "K75A-U030": {"K75A-D010": 228.74531389602657}, "K75P-D060": {"K75P-D070": 153.97590970278523}, "K73-D110": {"K73-D120": 77.75027777295382}, "K75P-U090": {"K75P-U100": 41.46917036812445}, "K74-U080": {"K74-U090": 217.05245698201784}, "K75P-U120": {"K75P-U130": 61.73897885709268}, "K73-U040": {"K73-U050": 106.54215524918621, "K73-U060": 212.08113989283441}, "K75P-U020": {"K75P-U030": 114.00163474411686}, "K73-D010": {"K73-D020": 78.31538453302743}, "K74-D080": {"K74-D090": 166.70385966205313}, "K74-D060": {"K74-D070": 146.91645272473838}, "K75P-D010": {"K75P-D020": 132.1773023807246}, "K73-D090": {"K73-D100": 82.48976753213003}, "K73-D100": {"K73-D110": 187.32814372277056}, "K75A-U010": {"K75A-U020": 46.36114511684276}, "K73-U020": {"K73-U030": 183.9251529559683}, "K75P-U100": {"K75P-U110": 62.181760819092496}, "K75A-D030": {"K75A-D040": 51.72492220802982}, "K75P-D080": {"K75P-U011": 140.58435846513828}, "K75P-D020": {"K75P-D030": 30.01282734227928}, "K75P-U080": {"K75P-U090": 46.72556300936135}, "K75P-D030": {"K75P-D040": 118.60479591347902}, "K75A-D050": {"K75A-D060": 73.52087663464799}, "K76-U030": {"K76-U040": 163.0854266580546}, "K74-U001": {"K74-U004": 136.04493209427946}, "K75P-U130": {"K75P-U140": 35.71610101384497}, "K73-D130": {"K73-D140": 134.7525446133482}, "K74-U030": {"K74-U040": 281.39061830854456}, "K75A-D100": {"K75A-D110": 96.6084961063716}, "K73-D140": {"K73-D150": 194.49694668661184}, "K74-U010": {"K74-U020": 167.0686126188097}, "K75A-D090": {"K75A-D100": 45.398829095073516}, "K75P-U050": {"K75P-U060": 157.0555869857148}, "K74-D050": {"K74-D060": 107.87231599343667}, "K75P-U060": {"K75P-U070": 28.707933988232263}, "K74-U020": {"K74-U030": 136.34177637994495}, "K75P-D040": {"K75P-D050": 167.119258092266}, "K74-U004": {"K74-U007": 93.4153337111504}, "K75P-U040": {"K75P-U050": 98.07958249672696}, "K75A-U020": {"K75A-U030": 141.5761940947172}, "K73-D070": {"K73-D080": 156.25088588554897}, "K74-U011": {"K74-D100": 181.16689316083344}, "K73-D120": {"K73-D130": 110.6819564817384}, "K74-U100": {"K74-D010": 114.76255395127461}, "K74-D070": {"K74-D080": 260.1482691920717}, "K74-U040": {"K74-U050": 174.60215784854782}, "K74-D100": {"K74-D110": 85.38444540624478}, "K73-D080": {"K73-D090": 252.5193416750704}, "K75A-D060": {"K75A-D070": 45.795638205052704}, "K75P-U070": {"K75P-U080": 100.97594379815492}, "K75A-D040": {"K75A-D050": 51.81346049859182}, "K73-D020": {"K73-D030": 98.10278688338029}, "K73-D050": {"K73-D060": 64.29878854327228, "K73-D070": 104.66291609156914}, "K74-D110": {"K74-U002": 158.15095008733783}, "K74-D010": {"K74-D020": 149.40610655237703}, "K74-U070": {"K74-U080": 159.07826593435783}, "K73-D060": {"K73-D070": 32.37775094081504}, "K73-D150": {"K73-D160": 40.41782663651404}, "K74-D040": {"K74-D050": 73.27835812000664}, "K74-U050": {"K74-U060": 231.6295808852745}}