{"K76-U020": {"K76-U030": 124.0694487599922}, "K73-U070": {"K73-U080": 167.2519086310173}, "K76-U040": {"K76-U050": 165.87718211598144}, "K76-D030": {"K76-D040": 56.85566293238759}, "K75P-D050": {"K75P-D060": 93.39981259512419}, "K73-U080": {"K73-U090": 253.30134533766304, "K73-U110": 151.48186865393524}, "K74-D020": {"K74-D030": 145.03112256127412}, "K73-U100": {"K73-U110": 244.73371797903732}, "K76-D010": {"K76-D020": 170.469997127746}, "K75A-D110": {"K75A-U011": 175.70579765958595}, "K75A-D080": {"K75A-D090": 103.85574616800072}, "K75P-U030": {"K75P-U040": 111.13900039971979}, "K75P-D070": {"K75P-D080": 90.36126809505947}, "K75P-U010": {"K75P-U020": 93.85998942180132}, "K75A-D020": {"K75A-D030": 23.795505022847802}, "K74-D030": {"K74-D040": 127.13361862966372}, "K75A-D070": {"K75A-D080": 50.619482720898574}, "K74-U090": {"K74-U100": 196.7991945872182}, "K76-U010": {"K76-U020": 16.966145669516795}, "K74-U060": {"K74-U070": 149.01628355376823}, "K75A-D010": {"K75A-D020": 200.31271047901757}, "K74-D090": {"K74-U011": 74.9394669577419}, "K73-U110": {"K73-U120": 211.50719715655595}, "K73-U050": {"K73-U060": 101.93310122700635}, "K73-U060": {"K73-U070": 127.94277492817464}, "K74-U007": {"K74-U010": 254.8104099411177}, "K73-D030": {"K73-D040": 115.9756104310303}, "K73-D040": {"K73-D050": 80.68291474811767}, "K73-U090": {"K73-U100": 127.30839542152867}, "K75P-U140": {"K75P-D010": 151.83134620130113}, "K73-U030": {"K73-U040": 90.8714230557711}, "K73-U010": {"K73-U020": 70.71868687495336}, "K75P-U110": {"K75P-U120": 86.88032304387794}, "K76-D020": {"K76-D030": 122.13839203988996}, "K75A-U030": {"K75A-D010": 227.64756125690752}, "K75P-D060": {"K75P-D070": 172.60795131062292}, "K73-D110": {"K73-D120": 82.56362486466921}, "K75P-U090": {"K75P-U100": 47.348397702627025}, "K74-U080": {"K74-U090": 224.7091037222502}, "K75P-U120": {"K75P-U130": 64.03068995431519}, "K73-U040": {"K73-U050": 93.56850648817468, "K73-U060": 206.1212996094975}, "K75P-U020": {"K75P-U030": 111.27396595845195}, "K73-D010": {"K73-D020": 77.09250018145143}, "K74-D080": {"K74-D090": 168.92395510903344}, "K74-D060": {"K74-D070": 158.38934993949434}, "K75P-D010": {"K75P-D020": 128.41206982963126}, "K73-D090": {"K73-D100": 84.12645750628265}, "K73-D100": {"K73-D110": 187.09809295520117}, "K75A-U010": {"K75A-U020": 42.779861996762236}, "K73-U020": {"K73-U030": 179.83430297071783}, "K75P-U100": {"K75P-U110": 60.50064625106967}, "K75A-D030": {"K75A-D040": 47.42167414569204}, "K75P-D080": {"K75P-U011": 145.42077379053404}, "K75P-D020": {"K75P-D030": 35.53104124441781}, "K75P-U080": {"K75P-U090": 42.07388080591339}, "K75P-D030": {"K75P-D040": 123.88422258608477}, "K75A-D050": {"K75A-D060": 73.55775936331077}, "K76-U030": {"K76-U040": 163.0854266580546}, "K74-U001": {"K74-U004": 155.1631403017756}, "K75P-U130": {"K75P-U140": 40.42208382161207}, "K73-D130": {"K73-D140": 139.82248845913116}, "K74-U030": {"K74-U040": 295.35741842252935}, "K75A-D100": {"K75A-D110": 96.6069423217514}, "K73-D140": {"K73-D150": 190.30844546766508}, "K74-U010": {"K74-U020": 162.78734731326603}, "K75A-D090": {"K75A-D100": 44.2753044798833}, "K75P-U050": {"K75P-U060": 151.77089671072687}, "K74-D050": {"K74-D060": 103.63041598207676}, "K75P-U060": {"K75P-U070": 32.66453793644756}, "K74-U020": {"K74-U030": 130.82002597296122}, "K75P-D040": {"K75P-D050": 165.13607971357874}, "K74-U004": {"K74-U007": 96.35681690419639}, "K75P-U040": {"K75P-U050": 103.99792082909217}, "K75A-U020": {"K75A-U030": 145.65788772414777}, "K73-D070": {"K73-D080": 142.70685902232643}, "K74-U011": {"K74-D100": 163.73845194379908}, "K73-D120": {"K73-D130": 108.16860501710421}, "K74-U100": {"K74-D010": 115.6043656299615}, "K74-D070": {"K74-D080": 255.09150465439134}, "K74-U040": {"K74-U050": 177.1498585033143}, "K74-D100": {"K74-D110": 86.1397773143341}, "K73-D080": {"K73-D090": 273.2155742304471}, "K75A-D060": {"K75A-D070": 43.02231146978823}, "K75P-U070": {"K75P-U080": 110.24299734505962}, "K75A-D040": {"K75A-D050": 58.11637171447628}, "K73-D020": {"K73-D030": 102.93007730435004}, "K73-D050": {"K73-D060": 64.29878854327228, "K73-D070": 108.3443538046927}, "K74-D110": {"K74-U002": 187.82024506160658}, "K74-D010": {"K74-D020": 162.40447205787729}, "K74-U070": {"K74-U080": 158.35296204525108}, "K73-D060": {"K73-D070": 32.37775094081504}, "K73-D150": {"K73-D160": 42.34140214753036}, "K74-D040": {"K74-D050": 86.76550911943474}, "K74-U050": {"K74-U060": 241.26531293362464}}