{"K76-U020": {"K76-U030": 126.02091418132002}, "K73-U070": {"K73-U080": 149.99031515937068}, "K76-U040": {"K76-U050": 164.97479376213204}, "K76-D030": {"K76-D040": 42.522028492968715}, "K75P-D050": {"K75P-D060": 78.62757889705469}, "K73-U080": {"K73-U090": 253.3603900843437, "K73-U110": 137.71078968539587}, "K74-D020": {"K74-D030": 131.84647505570385}, "K73-U100": {"K73-U110": 190.1876383597386}, "K76-D010": {"K76-D020": 154.9727246615875}, "K75A-D110": {"K75A-U011": 171.70894012966573}, "K75A-D080": {"K75A-D090": 106.21440164804407}, "K75P-U030": {"K75P-U040": 84.78043179614556}, "K75P-D070": {"K75P-D080": 85.95816887049537}, "K75P-U010": {"K75P-U020": 90.21222703495869}, "K75A-D020": {"K75A-D030": 26.04381231473219}, "K74-D030": {"K74-D040": 81.46832847595215}, "K75A-D070": {"K75A-D080": 42.468989002841326}, "K74-U090": {"K74-U100": 179.488623046875}, "K76-U010": {"K76-U020": 5.8994036625658435}, "K74-U060": {"K74-U070": 124.7383079274136}, "K75A-D010": {"K75A-D020": 208.21488269854703}, "K74-D090": {"K74-U011": 50.02763845255268}, "K73-U110": {"K73-U120": 168.59756203675175}, "K73-U050": {"K73-U060": 97.37935161490095}, "K73-U060": {"K73-U070": 120.35087978140112}, "K74-U007": {"K74-U010": 221.05874073072656}, "K73-D030": {"K73-D040": 101.91619283998035}, "K73-D040": {"K73-D050": 70.6982136415284}, "K73-U090": {"K73-U100": 87.85245132790341}, "K75P-U140": {"K75P-D010": 129.35271813215473}, "K73-U030": {"K73-U040": 81.17842343141047}, "K73-U010": {"K73-U020": 55.08912676114583}, "K75P-U110": {"K75P-U120": 79.78884320805804}, "K76-D020": {"K76-D030": 108.86303161358119}, "K75A-U030": {"K75A-D010": 210.13040619627526}, "K75P-D060": {"K75P-D070": 151.79179416327278}, "K73-D110": {"K73-D120": 68.00234183970183}, "K75P-U090": {"K75P-U100": 36.32931530281751}, "K74-U080": {"K74-U090": 211.51778243728336}, "K75P-U120": {"K75P-U130": 53.22497972998567}, "K73-U040": {"K73-U050": 93.81599983133414, "K73-U060": 203.8270188881225}, "K75P-U020": {"K75P-U030": 93.63930928543952}, "K73-D010": {"K73-D020": 81.25264362386304}, "K74-D080": {"K74-D090": 165.70952925682067}, "K74-D060": {"K74-D070": 138.0032933652401}, "K75P-D010": {"K75P-D020": 131.43197019769087}, "K73-D090": {"K73-D100": 74.11816219600706}, "K73-D100": {"K73-D110": 165.45226448504087}, "K75A-U010": {"K75A-U020": 36.00655957512875}, "K73-U020": {"K73-U030": 168.20416614808096}, "K75P-U100": {"K75P-U110": 58.21384058816625}, "K75A-D030": {"K75A-D040": 38.677646723567186}, "K75P-D080": {"K75P-U011": 136.0251728747572}, "K75P-D020": {"K75P-D030": 29.57171078885358}, "K75P-U080": {"K75P-U090": 34.78638040041356}, "K75P-D030": {"K75P-D040": 110.83345459482089}, "K75A-D050": {"K75A-D060": 60.013253004297596}, "K76-U030": {"K76-U040": 148.25947878004982}, "K74-U001": {"K74-U004": 139.90059134826657}, "K75P-U130": {"K75P-U140": 29.70825563450457}, "K73-D130": {"K73-D140": 127.90243784072933}, "K74-U030": {"K74-U040": 251.16249252557753}, "K75A-D100": {"K75A-D110": 95.03907167578375}, "K73-D140": {"K73-D150": 202.3350601166375}, "K74-U010": {"K74-U020": 154.96267013233594}, "K75A-D090": {"K75A-D100": 44.008426132464365}, "K75P-U050": {"K75P-U060": 127.49389103813814}, "K74-D050": {"K74-D060": 111.98642869591713}, "K75P-U060": {"K75P-U070": 24.7900023354271}, "K74-U020": {"K74-U030": 118.51216418668628}, "K75P-D040": {"K75P-D050": 151.42116648247105}, "K74-U004": {"K74-U007": 81.51326727867126}, "K75P-U040": {"K75P-U050": 91.17097798077802}, "K75A-U020": {"K75A-U030": 116.29925490635662}, "K73-D070": {"K73-D080": 138.0148459142341}, "K74-U011": {"K74-D100": 143.05875354351105}, "K73-D120": {"K73-D130": 98.10909256054681}, "K74-U100": {"K74-D010": 117.48750286996365}, "K74-D070": {"K74-D080": 232.21342570115957}, "K74-U040": {"K74-U050": 155.5436438886881}, "K74-D100": {"K74-D110": 87.87583810985089}, "K73-D080": {"K73-D090": 237.1057810834747}, "K75A-D060": {"K75A-D070": 38.31523348659586}, "K75P-U070": {"K75P-U080": 92.66289194791382}, "K75A-D040": {"K75A-D050": 46.98768454744935}, "K73-D020": {"K73-D030": 114.65476908239687}, "K73-D050": {"K73-D060": 70.65363794555327}, "K74-D110": {"K74-U002": 162.1432805776596}, "K74-D010": {"K74-D020": 136.97064471244812}, "K74-U070": {"K74-U080": 154.96784870958328}, "K73-D060": {"K73-D070": 26.262375984094398}, "K73-D150": {"K73-D160": 46.84866353857743}, "K74-D040": {"K74-D050": 76.36603150814771}, "K74-U050": {"K74-U060": 220.64617804511008}}