{"K76-U020": {"K76-U030": 147.69614461324795}, "K73-U070": {"K73-U080": 161.5279514934415}, "K76-U040": {"K76-U050": 126.20496350455485}, "K76-D030": {"K76-D040": 65.32381659588803}, "K75P-D050": {"K75P-D060": 91.3542751525568}, "K73-U080": {"K73-U090": 245.71454005640925, "K73-U110": 151.48186865393524}, "K74-D020": {"K74-D030": 145.03112256127412}, "K73-U100": {"K73-U110": 216.59112667380228}, "K76-D010": {"K76-D020": 170.469997127746}, "K75A-D110": {"K75A-U011": 179.98287754446642}, "K75A-D080": {"K75A-D090": 115.16880461032511}, "K75P-U030": {"K75P-U040": 102.95076089245713}, "K75P-D070": {"K75P-D080": 93.94218104824168}, "K75P-U010": {"K75P-U020": 99.08246554920899}, "K75A-D020": {"K75A-D030": 24.89649101459146}, "K74-D030": {"K74-D040": 121.60635419737396}, "K75A-D070": {"K75A-D080": 40.70773895560982}, "K74-U090": {"K74-U100": 205.58621350851013}, "K76-U010": {"K76-U020": 19.33041036361778}, "K74-U060": {"K74-U070": 144.01384024050589}, "K75A-D010": {"K75A-D020": 195.9998223508488}, "K74-D090": {"K74-U011": 75.58209654413744}, "K73-U110": {"K73-U120": 200.18253466953723}, "K73-U050": {"K73-U060": 109.87657188692451}, "K73-U060": {"K73-U070": 141.73177029767172}, "K74-U007": {"K74-U010": 254.76256799737843}, "K73-D030": {"K73-D040": 108.3265189188547}, "K73-D040": {"K73-D050": 86.87561312141497}, "K73-U090": {"K73-U100": 121.46476110217853}, "K75P-U140": {"K75P-D010": 149.62817198388606}, "K73-U030": {"K73-U040": 73.12514968019664}, "K73-U010": {"K73-U020": 65.08289306613277}, "K75P-U110": {"K75P-U120": 83.5493496718606}, "K76-D020": {"K76-D030": 119.6832574503273}, "K75A-U030": {"K75A-D010": 229.00447679008525}, "K75P-D060": {"K75P-D070": 184.34613159385006}, "K73-D110": {"K73-D120": 83.00863649960569}, "K75P-U090": {"K75P-U100": 43.15501137297259}, "K74-U080": {"K74-U090": 211.39835102271687}, "K75P-U120": {"K75P-U130": 67.49828212869427}, "K73-U040": {"K73-U050": 94.96859475181418, "K73-U060": 181.6322135292857}, "K75P-U020": {"K75P-U030": 105.87726071613471}, "K73-D010": {"K73-D020": 76.33279073391545}, "K74-D080": {"K74-D090": 176.01550541867616}, "K74-D060": {"K74-D070": 145.83534458768867}, "K75P-D010": {"K75P-D020": 125.02295567155218}, "K73-D090": {"K73-D100": 87.82151518535801}, "K73-D100": {"K73-D110": 196.7155996613016}, "K75A-U010": {"K75A-U020": 46.50589051583242}, "K73-U020": {"K73-U030": 189.29861068534592}, "K75P-U100": {"K75P-U110": 67.93039960981896}, "K75A-D030": {"K75A-D040": 47.37685725185247}, "K75P-D080": {"K75P-U011": 140.8310567047203}, "K75P-D020": {"K75P-D030": 39.046169759794566}, "K75P-U080": {"K75P-U090": 44.2215489787221}, "K75P-D030": {"K75P-D040": 132.0353803540289}, "K75A-D050": {"K75A-D060": 75.40212090429418}, "K76-U030": {"K76-U040": 163.0854266580546}, "K74-U001": {"K74-U004": 154.3829571606043}, "K75P-U130": {"K75P-U140": 42.0965801000357}, "K73-D130": {"K73-D140": 133.74669948073}, "K74-U030": {"K74-U040": 295.5427560402722}, "K75A-D100": {"K75A-D110": 102.40172832262093}, "K73-D140": {"K73-D150": 186.28347072267465}, "K74-U010": {"K74-U020": 171.0619292611283}, "K75A-D090": {"K75A-D100": 53.474144832675606}, "K75P-U050": {"K75P-U060": 154.13862770079683}, "K74-D050": {"K74-D060": 111.62638390521545}, "K75P-U060": {"K75P-U070": 32.34516689143496}, "K74-U020": {"K74-U030": 126.60269803548036}, "K75P-D040": {"K75P-D050": 171.7430412807956}, "K74-U004": {"K74-U007": 93.51903076223026}, "K75P-U040": {"K75P-U050": 111.03381914894028}, "K75A-U020": {"K75A-U030": 146.6741355460978}, "K73-D070": {"K73-D080": 155.4875982954024}, "K74-U011": {"K74-D100": 167.76644893889267}, "K73-D120": {"K73-D130": 107.55526506776955}, "K74-U100": {"K74-D010": 122.08875291906858}, "K74-D070": {"K74-D080": 255.86811548388764}, "K74-U040": {"K74-U050": 197.1701660824911}, "K74-D100": {"K74-D110": 88.36549859687736}, "K73-D080": {"K73-D090": 271.2066418597454}, "K75A-D060": {"K75A-D070": 48.83347894316954}, "K75P-U070": {"K75P-U080": 93.76500157209492}, "K75A-D040": {"K75A-D050": 53.9850412183179}, "K73-D020": {"K73-D030": 102.17869975420226}, "K73-D050": {"K73-D060": 64.29878854327228, "K73-D070": 109.5043634633967}, "K74-D110": {"K74-U002": 162.2527996095463}, "K74-D010": {"K74-D020": 158.19175216725142}, "K74-U070": {"K74-U080": 155.15753476983573}, "K73-D060": {"K73-D070": 32.37775094081504}, "K73-D150": {"K73-D160": 52.26036096606312}, "K74-D040": {"K74-D050": 81.1062355341745}, "K74-U050": {"K74-U060": 232.9842740093769}}