{"K76-U020": {"K76-U030": 149.92893693921053}, "K73-U070": {"K73-U080": 145.10425502034485}, "K76-U040": {"K76-U050": 166.9663773746824}, "K76-D030": {"K76-D040": 51.65824601314574}, "K75P-D050": {"K75P-D060": 89.25844917777928}, "K73-U080": {"K73-U090": 266.0567803023906, "K73-U110": 151.48186865393524}, "K74-D020": {"K74-D030": 145.03112256127412}, "K73-U100": {"K73-U110": 238.83255401912743}, "K76-D010": {"K76-D020": 170.469997127746}, "K75A-D110": {"K75A-U011": 173.56884712873122}, "K75A-D080": {"K75A-D090": 133.0369469401558}, "K75P-U030": {"K75P-U040": 111.13522844070035}, "K75P-D070": {"K75P-D080": 88.98025678453583}, "K75P-U010": {"K75P-U020": 91.41271799680212}, "K75A-D020": {"K75A-D030": 23.486533381158303}, "K74-D030": {"K74-D040": 136.58612118241922}, "K75A-D070": {"K75A-D080": 47.85375439853952}, "K74-U090": {"K74-U100": 208.50708340342666}, "K76-U010": {"K76-U020": 64.31999783767579}, "K74-U060": {"K74-U070": 155.52995370601502}, "K75A-D010": {"K75A-D020": 193.83053896071314}, "K74-D090": {"K74-U011": 73.81328811423484}, "K73-U110": {"K73-U120": 245.09736411437206}, "K73-U050": {"K73-U060": 108.35070009911331}, "K73-U060": {"K73-U070": 140.89047553256165}, "K74-U007": {"K74-U010": 253.11532997639657}, "K73-D030": {"K73-D040": 116.82024310824288}, "K73-D040": {"K73-D050": 81.99833690942373}, "K73-U090": {"K73-U100": 135.40166124708156}, "K75P-U140": {"K75P-D010": 136.27222983709353}, "K73-U030": {"K73-U040": 94.99043142986143}, "K73-U010": {"K73-U020": 65.60884732838474}, "K75P-U110": {"K75P-U120": 90.42195662889432}, "K76-D020": {"K76-D030": 121.62368916966565}, "K75A-U030": {"K75A-D010": 238.0590459134446}, "K75P-D060": {"K75P-D070": 180.79579936642378}, "K73-D110": {"K73-D120": 77.88092984451605}, "K75P-U090": {"K75P-U100": 39.74038934671699}, "K74-U080": {"K74-U090": 236.45064800511983}, "K75P-U120": {"K75P-U130": 61.487883314087775}, "K73-U040": {"K73-U050": 107.35131429615532, "K73-U060": 218.7608275654617}, "K75P-U020": {"K75P-U030": 108.4862525992258}, "K73-D010": {"K73-D020": 77.93976887715927}, "K74-D080": {"K74-D090": 160.69941765149207}, "K74-D060": {"K74-D070": 146.17493644306325}, "K75P-D010": {"K75P-D020": 133.4942229076364}, "K73-D090": {"K73-D100": 87.04242250948012}, "K73-D100": {"K73-D110": 196.33521345967364}, "K75A-U010": {"K75A-U020": 39.98151750590806}, "K73-U020": {"K73-U030": 186.00427426510552}, "K75P-U100": {"K75P-U110": 66.83447186504677}, "K75A-D030": {"K75A-D040": 47.816685114168806}, "K75P-D080": {"K75P-U011": 150.3038824329809}, "K75P-D020": {"K75P-D030": 34.05599056781966}, "K75P-U080": {"K75P-U090": 44.35526745789891}, "K75P-D030": {"K75P-D040": 134.69627977338277}, "K75A-D050": {"K75A-D060": 76.31097455385519}, "K76-U030": {"K76-U040": 163.0854266580546}, "K74-U001": {"K74-U004": 151.65303931451768}, "K75P-U130": {"K75P-U140": 38.54413909369771}, "K73-D130": {"K73-D140": 137.30398109610826}, "K74-U030": {"K74-U040": 282.75747278092274}, "K75A-D100": {"K75A-D110": 94.96237938947043}, "K73-D140": {"K73-D150": 185.1367831499686}, "K74-U010": {"K74-U020": 168.66919516850925}, "K75A-D090": {"K75A-D100": 49.22622415618105}, "K75P-U050": {"K75P-U060": 161.83987094458942}, "K74-D050": {"K74-D060": 111.30492230766534}, "K75P-U060": {"K75P-U070": 31.10424737662853}, "K74-U020": {"K74-U030": 136.4215194056054}, "K75P-D040": {"K75P-D050": 162.02173774994682}, "K74-U004": {"K74-U007": 95.25753108894523}, "K75P-U040": {"K75P-U050": 108.27973843980612}, "K75A-U020": {"K75A-U030": 155.53131180777422}, "K73-D070": {"K73-D080": 156.5019135060645}, "K74-U011": {"K74-D100": 169.9387538681248}, "K73-D120": {"K73-D130": 108.75254935720636}, "K74-U100": {"K74-D010": 124.1662107944724}, "K74-D070": {"K74-D080": 255.65389296081926}, "K74-U040": {"K74-U050": 181.53532003546943}, "K74-D100": {"K74-D110": 89.64176538575408}, "K73-D080": {"K73-D090": 265.41561573041804}, "K75A-D060": {"K75A-D070": 44.23900239032879}, "K75P-U070": {"K75P-U080": 101.57977991165967}, "K75A-D040": {"K75A-D050": 54.27491354145526}, "K73-D020": {"K73-D030": 105.494696739502}, "K73-D050": {"K73-D060": 64.29878854327228, "K73-D070": 104.14703785172337}, "K74-D110": {"K74-U002": 174.06795526487608}, "K74-D010": {"K74-D020": 155.47617022748236}, "K74-U070": {"K74-U080": 152.81351266193423}, "K73-D060": {"K73-D070": 32.37775094081504}, "K73-D150": {"K73-D160": 47.50862358148915}, "K74-D040": {"K74-D050": 84.09943091545271}, "K74-U050": {"K74-U060": 239.7177347222245}}