{"K76-U020": {"K76-U030": 152.35222248991883}, "K73-U070": {"K73-U080": 165.26771065075428}, "K76-U040": {"K76-U050": 147.00721623828878}, "K76-D030": {"K76-D040": 50.44850328711847}, "K75P-D050": {"K75P-D060": 86.74829273371452}, "K73-U080": {"K73-U090": 288.24388482510557, "K73-U110": 151.4810189280722}, "K74-D020": {"K74-D030": 143.73273683937092}, "K73-U100": {"K73-U110": 225.8805207048975}, "K76-D010": {"K76-D020": 170.4699964620144}, "K75A-D110": {"K75A-U011": 172.37177785324212}, "K75A-D080": {"K75A-D090": 112.9480213215218}, "K75P-U030": {"K75P-U040": 105.01150464784094}, "K75P-D070": {"K75P-D080": 94.05634865495068}, "K75P-U010": {"K75P-U020": 95.84412718281692}, "K75A-D020": {"K75A-D030": 24.448022127055335}, "K74-D030": {"K74-D040": 121.0803085100298}, "K75A-D070": {"K75A-D080": 50.77069041698341}, "K74-U090": {"K74-U100": 188.8078810500089}, "K76-U010": {"K76-U020": 6.702995872100351}, "K74-U060": {"K74-U070": 143.07338121271562}, "K75A-D010": {"K75A-D020": 202.45418411835544}, "K74-D090": {"K74-U011": 79.92510050218208}, "K73-U110": {"K73-U120": 218.18164069928713}, "K73-U050": {"K73-U060": 110.42984439498449}, "K73-U060": {"K73-U070": 125.10662692938573}, "K74-U007": {"K74-U010": 239.17095462464658}, "K73-D030": {"K73-D040": 113.35076685140507}, "K73-D040": {"K73-D050": 83.60124700944206}, "K73-U090": {"K73-U100": 133.455603316367}, "K75P-U140": {"K75P-D010": 140.01356528117284}, "K73-U030": {"K73-U040": 86.6348123293451}, "K73-U010": {"K73-U020": 67.6054832660335}, "K75P-U110": {"K75P-U120": 82.99379631493962}, "K76-D020": {"K76-D030": 122.03365160675835}, "K75A-U030": {"K75A-D010": 230.96022304582635}, "K75P-D060": {"K75P-D070": 169.2156972796077}, "K73-D110": {"K73-D120": 67.81596357938496}, "K75P-U090": {"K75P-U100": 41.25066061728444}, "K74-U080": {"K74-U090": 206.70978844739142}, "K75P-U120": {"K75P-U130": 65.87678670564677}, "K73-U040": {"K73-U050": 96.6553781055386, "K73-U060": 212.7009945125896}, "K75P-U020": {"K75P-U030": 106.92219562700583}, "K73-D010": {"K73-D020": 72.27511063819375}, "K74-D080": {"K74-D090": 162.47284978284975}, "K74-D060": {"K74-D070": 149.034290664936}, "K75P-D010": {"K75P-D020": 150.4870479674433}, "K73-D090": {"K73-D100": 82.85844509994214}, "K73-D100": {"K73-D110": 185.5625008662158}, "K75A-U010": {"K75A-U020": 44.13732851405527}, "K73-U020": {"K73-U030": 175.39506773669837}, "K75P-U100": {"K75P-U110": 64.92100181427334}, "K75A-D030": {"K75A-D040": 45.658060448295124}, "K75P-D080": {"K75P-U011": 152.1683205042653}, "K75P-D020": {"K75P-D030": 32.5838676703486}, "K75P-U080": {"K75P-U090": 44.87800199862742}, "K75P-D030": {"K75P-D040": 126.10039796973547}, "K75A-D050": {"K75A-D060": 76.18171344851075}, "K76-U030": {"K76-U040": 163.0853030800962}, "K74-U001": {"K74-U004": 163.42335046941443}, "K75P-U130": {"K75P-U140": 37.07048756430562}, "K73-D130": {"K73-D140": 146.62567814355572}, "K74-U030": {"K74-U040": 275.012892061723}, "K75A-D100": {"K75A-D110": 100.61393424468382}, "K73-D140": {"K73-D150": 184.68879825172647}, "K74-U010": {"K74-U020": 169.8336509383762}, "K75A-D090": {"K75A-D100": 48.743189974706446}, "K75P-U050": {"K75P-U060": 134.31131248933585}, "K74-D050": {"K74-D060": 100.64110314034528}, "K75P-U060": {"K75P-U070": 26.825615186273986}, "K74-U020": {"K74-U030": 129.4016942451475}, "K75P-D040": {"K75P-D050": 170.60992800985514}, "K74-U004": {"K74-U007": 90.84821896644848}, "K75P-U040": {"K75P-U050": 106.74341097164549}, "K75A-U020": {"K75A-U030": 131.82151037834976}, "K73-D070": {"K73-D080": 157.987062198585}, "K74-U011": {"K74-D100": 169.2910988613583}, "K73-D120": {"K73-D130": 108.69524182833636}, "K74-U100": {"K74-D010": 117.67887468070212}, "K74-D070": {"K74-D080": 239.66027855414615}, "K74-U040": {"K74-U050": 177.78922716749975}, "K74-D100": {"K74-D110": 81.80852528383983}, "K73-D080": {"K73-D090": 258.907362933786}, "K75A-D060": {"K75A-D070": 42.744024682109895}, "K75P-U070": {"K75P-U080": 107.98540254276384}, "K75A-D040": {"K75A-D050": 47.42780424872522}, "K73-D020": {"K73-D030": 103.54604590759195}, "K73-D050": {"K73-D060": 71.53534112662211}, "K74-D110": {"K74-U002": 165.8495543958741}, "K74-D010": {"K74-D020": 151.58173023201095}, "K74-U070": {"K74-U080": 149.47683697022796}, "K73-D060": {"K73-D070": 32.05792167488753}, "K73-D150": {"K73-D160": 46.50871933166322}, "K74-D040": {"K74-D050": 77.33636354000116}, "K74-U050": {"K74-U060": 226.0484449197203}}