{"K76-U020": {"K76-U030": 128.28801123019204}, "K73-U070": {"K73-U080": 144.27812051144963}, "K76-U040": {"K76-U050": 170.7812461135583}, "K76-D030": {"K76-D040": 46.63230645491193}, "K75P-D050": {"K75P-D060": 76.21700209647155}, "K73-U080": {"K73-U090": 233.76824531320568, "K73-U110": 137.71078968539587}, "K74-D020": {"K74-D030": 131.84647505570385}, "K73-U100": {"K73-U110": 158.21568044186756}, "K76-D010": {"K76-D020": 154.9727246615875}, "K75A-D110": {"K75A-U011": 174.1946079814298}, "K75A-D080": {"K75A-D090": 86.70978518340246}, "K75P-U030": {"K75P-U040": 97.91073575542062}, "K75P-D070": {"K75P-D080": 75.81458762443717}, "K75P-U010": {"K75P-U020": 82.0946564732875}, "K75A-D020": {"K75A-D030": 18.69724235485296}, "K74-D030": {"K74-D040": 94.69641012333364}, "K75A-D070": {"K75A-D080": 35.18067559568652}, "K74-U090": {"K74-U100": 167.27563581634962}, "K76-U010": {"K76-U020": 16.567374313301833}, "K74-U060": {"K74-U070": 128.83959012824403}, "K75A-D010": {"K75A-D020": 167.45472778971532}, "K74-D090": {"K74-U011": 66.73475109402122}, "K73-U110": {"K73-U120": 207.79057491192816}, "K73-U050": {"K73-U060": 102.2921283098371}, "K73-U060": {"K73-U070": 120.08490567227106}, "K74-U007": {"K74-U010": 223.16231235692644}, "K73-D030": {"K73-D040": 97.7501727286027}, "K73-D040": {"K73-D050": 69.83693890678755}, "K73-U090": {"K73-U100": 107.21555651824865}, "K75P-U140": {"K75P-D010": 134.8804356166873}, "K73-U030": {"K73-U040": 83.11376349107131}, "K73-U010": {"K73-U020": 60.775255140465426}, "K75P-U110": {"K75P-U120": 71.5063208357509}, "K76-D020": {"K76-D030": 112.70334986713264}, "K75A-U030": {"K75A-D010": 193.46238183781128}, "K75P-D060": {"K75P-D070": 156.74481815478288}, "K73-D110": {"K73-D120": 71.42910344373578}, "K75P-U090": {"K75P-U100": 37.558492705898196}, "K74-U080": {"K74-U090": 213.17228149588965}, "K75P-U120": {"K75P-U130": 56.11105385270182}, "K73-U040": {"K73-U050": 92.42628087795025, "K73-U060": 186.36191673828608}, "K75P-U020": {"K75P-U030": 101.685050298}, "K73-D010": {"K73-D020": 70.35394647483648}, "K74-D080": {"K74-D090": 147.08684224907043}, "K74-D060": {"K74-D070": 138.94716891570948}, "K75P-D010": {"K75P-D020": 119.86485654732398}, "K73-D090": {"K73-D100": 69.36260138625478}, "K73-D100": {"K73-D110": 167.43379396595085}, "K75A-U010": {"K75A-U020": 41.01727644992495}, "K73-U020": {"K73-U030": 158.52929058738067}, "K75P-U100": {"K75P-U110": 52.75592492208534}, "K75A-D030": {"K75A-D040": 38.83960912928207}, "K75P-D080": {"K75P-U011": 131.27471258485022}, "K75P-D020": {"K75P-D030": 33.0960628527226}, "K75P-U080": {"K75P-U090": 40.78230290856017}, "K75P-D030": {"K75P-D040": 105.14850006262066}, "K75A-D050": {"K75A-D060": 69.91203850255461}, "K76-U030": {"K76-U040": 148.25947878004982}, "K74-U001": {"K74-U004": 136.98055439839456}, "K75P-U130": {"K75P-U140": 36.449918122642174}, "K73-D130": {"K73-D140": 126.8662639862376}, "K74-U030": {"K74-U040": 264.8000595009386}, "K75A-D100": {"K75A-D110": 86.41460799652727}, "K73-D140": {"K73-D150": 170.49380828962495}, "K74-U010": {"K74-U020": 151.99705443542615}, "K75A-D090": {"K75A-D100": 38.51661129512039}, "K75P-U050": {"K75P-U060": 133.27388157428118}, "K74-D050": {"K74-D060": 98.15688334872736}, "K75P-U060": {"K75P-U070": 24.796874012990664}, "K74-U020": {"K74-U030": 115.88443043927937}, "K75P-D040": {"K75P-D050": 150.3051888524324}, "K74-U004": {"K74-U007": 89.68328552541304}, "K75P-U040": {"K75P-U050": 91.32342263708162}, "K75A-U020": {"K75A-U030": 126.68101967602404}, "K73-D070": {"K73-D080": 133.94105157886585}, "K74-U011": {"K74-D100": 148.40808915857508}, "K73-D120": {"K73-D130": 92.7236748117841}, "K74-U100": {"K74-D010": 101.8649838081314}, "K74-D070": {"K74-D080": 233.04996778458332}, "K74-U040": {"K74-U050": 143.7274440770592}, "K74-D100": {"K74-D110": 76.12819783478271}, "K73-D080": {"K73-D090": 213.43128078712817}, "K75A-D060": {"K75A-D070": 32.70477426193958}, "K75P-U070": {"K75P-U080": 89.5449194548808}, "K75A-D040": {"K75A-D050": 44.580994947811334}, "K73-D020": {"K73-D030": 87.64233184293656}, "K73-D050": {"K73-D060": 62.599486047789604}, "K74-D110": {"K74-U002": 159.54167776173745}, "K74-D010": {"K74-D020": 135.01021304601764}, "K74-U070": {"K74-U080": 140.68576712404393}, "K73-D060": {"K73-D070": 27.547466544038468}, "K73-D150": {"K73-D160": 34.50989380758955}, "K74-D040": {"K74-D050": 69.53519203253826}, "K74-U050": {"K74-U060": 194.2081589535618}}