{"K76-U020": {"K76-U030": 122.14449694866258}, "K73-U070": {"K73-U080": 123.46086823841976}, "K76-U040": {"K76-U050": 139.21155754066768}, "K76-D030": {"K76-D040": 64.00585482228624}, "K75P-D050": {"K75P-D060": 72.15661745437752}, "K73-U080": {"K73-U090": 247.7403328980061, "K73-U110": 137.71078968539587}, "K74-D020": {"K74-D030": 131.84647505570385}, "K73-U100": {"K73-U110": 219.59890677085008}, "K76-D010": {"K76-D020": 154.9727246615875}, "K75A-D110": {"K75A-U011": 145.3053677407121}, "K75A-D080": {"K75A-D090": 87.13187888800215}, "K75P-U030": {"K75P-U040": 100.36273762550432}, "K75P-D070": {"K75P-D080": 94.68073210633203}, "K75P-U010": {"K75P-U020": 91.17908700581728}, "K75A-D020": {"K75A-D030": 10.911519751497554}, "K74-D030": {"K74-D040": 97.9366569519043}, "K75A-D070": {"K75A-D080": 28.549730569697807}, "K74-U090": {"K74-U100": 178.5302734375}, "K76-U010": {"K76-U020": 9.79724997500696}, "K74-U060": {"K74-U070": 120.62080293893814}, "K75A-D010": {"K75A-D020": 164.69424280903525}, "K74-D090": {"K74-U011": 59.73417728510685}, "K73-U110": {"K73-U120": 167.74485198634494}, "K73-U050": {"K73-U060": 80.59045937226597}, "K73-U060": {"K73-U070": 103.84835155976367}, "K74-U007": {"K74-U010": 234.9251935388893}, "K73-D030": {"K73-D040": 98.07129659357119}, "K73-D040": {"K73-D050": 68.32539396234844}, "K73-U090": {"K73-U100": 100.44997958892965}, "K75P-U140": {"K75P-D010": 125.19937551784533}, "K73-U030": {"K73-U040": 67.23693899825625}, "K73-U010": {"K73-U020": 57.69069900139311}, "K75P-U110": {"K75P-U120": 73.09246456752182}, "K76-D020": {"K76-D030": 130.7805557209375}, "K75A-U030": {"K75A-D010": 223.32098293774357}, "K75P-D060": {"K75P-D070": 169.4433966037013}, "K73-D110": {"K73-D120": 78.60634009237306}, "K75P-U090": {"K75P-U100": 40.85783943365841}, "K74-U080": {"K74-U090": 202.46465401351452}, "K75P-U120": {"K75P-U130": 59.233055670012206}, "K73-U040": {"K73-U050": 87.61992965282032, "K73-U060": 160.1904463091257}, "K75P-U020": {"K75P-U030": 79.23853991925716}, "K73-D010": {"K73-D020": 70.32427866202457}, "K74-D080": {"K74-D090": 156.15346336364746}, "K74-D060": {"K74-D070": 138.0065867304802}, "K75P-D010": {"K75P-D020": 111.18496006599621}, "K73-D090": {"K73-D100": 76.3093993965379}, "K73-D100": {"K73-D110": 163.9864415367997}, "K75A-U010": {"K75A-U020": 40.49538070355779}, "K73-U020": {"K73-U030": 183.22130634667417}, "K75P-U100": {"K75P-U110": 58.83614382033037}, "K75A-D030": {"K75A-D040": 50.16616351736124}, "K75P-D080": {"K75P-U011": 140.7002383637174}, "K75P-D020": {"K75P-D030": 26.885022941739305}, "K75P-U080": {"K75P-U090": 43.8562686074506}, "K75P-D030": {"K75P-D040": 97.53846362497329}, "K75A-D050": {"K75A-D060": 64.28928893952889}, "K76-U030": {"K76-U040": 148.2594787800498}, "K74-U001": {"K74-U004": 140.4937744140625}, "K75P-U130": {"K75P-U140": 29.59532817614754}, "K73-D130": {"K73-D140": 139.8780109033384}, "K74-U030": {"K74-U040": 263.703556060791}, "K75A-D100": {"K75A-D110": 95.23690057734522}, "K73-D140": {"K73-D150": 180.3454684746227}, "K74-U010": {"K74-U020": 157.41841505467892}, "K75A-D090": {"K75A-D100": 43.716104616460335}, "K75P-U050": {"K75P-U060": 156.16045488606494}, "K74-D050": {"K74-D060": 98.4349217414856}, "K75P-U060": {"K75P-U070": 25.18824000029907}, "K74-U020": {"K74-U030": 111.09731349349022}, "K75P-D040": {"K75P-D050": 150.18608464250855}, "K74-U004": {"K74-U007": 82.21227645874023}, "K75P-U040": {"K75P-U050": 91.35349260143994}, "K75A-U020": {"K75A-U030": 119.93567343151463}, "K73-D070": {"K73-D080": 125.27081208567164}, "K74-U011": {"K74-D100": 142.81996370851994}, "K73-D120": {"K73-D130": 97.96011505486365}, "K74-U100": {"K74-D010": 121.00002551078796}, "K74-D070": {"K74-D080": 248.9547165269032}, "K74-U040": {"K74-U050": 138.8647699356079}, "K74-D100": {"K74-D110": 87.01489973068237}, "K73-D080": {"K73-D090": 246.39891893073923}, "K75A-D060": {"K75A-D070": 39.59359425655254}, "K75P-U070": {"K75P-U080": 106.32687202790297}, "K75A-D040": {"K75A-D050": 33.202771343443175}, "K73-D020": {"K73-D030": 97.96497567312144}, "K73-D050": {"K73-D060": 69.15803447030495}, "K74-D110": {"K74-U002": 160.60364508628845}, "K74-D010": {"K74-D020": 148.37921047210693}, "K74-U070": {"K74-U080": 134.75953006744385}, "K73-D060": {"K73-D070": 27.558932850048564}, "K73-D150": {"K73-D160": 52.91036961558994}, "K74-D040": {"K74-D050": 75.72944903373718}, "K74-U050": {"K74-U060": 223.20984308049083}}