{"K76-U020": {"K76-U030": 144.77393478268547}, "K73-U070": {"K73-U080": 151.80665259420812}, "K76-U040": {"K76-U050": 147.1843597842138}, "K76-D030": {"K76-D040": 51.98859987383241}, "K75P-D050": {"K75P-D060": 81.97094720370228}, "K73-U080": {"K73-U090": 274.0828146706418, "K73-U110": 151.48186865393524}, "K74-D020": {"K74-D030": 145.0311117389068}, "K73-U100": {"K73-U110": 223.3416720098916}, "K76-D010": {"K76-D020": 170.469997127746}, "K75A-D110": {"K75A-U011": 162.6441584061274}, "K75A-D080": {"K75A-D090": 84.16974374677014}, "K75P-U030": {"K75P-U040": 98.44055860021172}, "K75P-D070": {"K75P-D080": 82.89635868790994}, "K75P-U010": {"K75P-U020": 95.83004403306322}, "K75A-D020": {"K75A-D030": 22.000850008202132}, "K74-D030": {"K74-D040": 119.99153238026099}, "K75A-D070": {"K75A-D080": 34.22648589908035}, "K74-U090": {"K74-U100": 189.77895257940094}, "K76-U010": {"K76-U020": 11.618581604194715}, "K74-U060": {"K74-U070": 135.77918359325682}, "K75A-D010": {"K75A-D020": 194.00146425399979}, "K74-D090": {"K74-U011": 73.63681086548843}, "K73-U110": {"K73-U120": 202.00676245261596}, "K73-U050": {"K73-U060": 101.55705739262262}, "K73-U060": {"K73-U070": 133.29781156020698}, "K74-U007": {"K74-U010": 249.9749792526173}, "K73-D030": {"K73-D040": 117.64299274017397}, "K73-D040": {"K73-D050": 74.23639071567216}, "K73-U090": {"K73-U100": 101.90074538696526}, "K75P-U140": {"K75P-D010": 136.40845591486263}, "K73-U030": {"K73-U040": 84.61650113398254}, "K73-U010": {"K73-U020": 63.58185125581049}, "K75P-U110": {"K75P-U120": 86.45493484321034}, "K76-D020": {"K76-D030": 128.1941408931364}, "K75A-U030": {"K75A-D010": 225.02413213454315}, "K75P-D060": {"K75P-D070": 161.30800436527605}, "K73-D110": {"K73-D120": 84.58637354523769}, "K75P-U090": {"K75P-U100": 42.024444849173406}, "K74-U080": {"K74-U090": 226.83007525555973}, "K75P-U120": {"K75P-U130": 60.65699198203974}, "K73-U040": {"K73-U050": 91.11561943204904, "K73-U060": 202.8597634543656}, "K75P-U020": {"K75P-U030": 107.65382729673406}, "K73-D010": {"K73-D020": 76.51581906176418}, "K74-D080": {"K74-D090": 162.1201966474718}, "K74-D060": {"K74-D070": 149.0657554102759}, "K75P-D010": {"K75P-D020": 138.4171499698719}, "K73-D090": {"K73-D100": 80.82764134494967}, "K73-D100": {"K73-D110": 175.94549992516454}, "K75A-U010": {"K75A-U020": 41.23679612342103}, "K73-U020": {"K73-U030": 162.65407595423798}, "K75P-U100": {"K75P-U110": 62.22789279599128}, "K75A-D030": {"K75A-D040": 43.98287987561849}, "K75P-D080": {"K75P-U011": 137.6026324503289}, "K75P-D020": {"K75P-D030": 31.630315458445285}, "K75P-U080": {"K75P-U090": 45.20087144494285}, "K75P-D030": {"K75P-D040": 117.31480707321252}, "K75A-D050": {"K75A-D060": 74.41677447044987}, "K76-U030": {"K76-U040": 163.0854266580546}, "K74-U001": {"K74-U004": 150.57713595455212}, "K75P-U130": {"K75P-U140": 32.923705764193315}, "K73-D130": {"K73-D140": 134.7385772374955}, "K74-U030": {"K74-U040": 288.3700202353775}, "K75A-D100": {"K75A-D110": 97.49097995251284}, "K73-D140": {"K73-D150": 177.62887345364427}, "K74-U010": {"K74-U020": 172.41471940010015}, "K75A-D090": {"K75A-D100": 46.77810292138885}, "K75P-U050": {"K75P-U060": 151.3980822361911}, "K74-D050": {"K74-D060": 93.19084072097495}, "K75P-U060": {"K75P-U070": 27.027575500429247}, "K74-U020": {"K74-U030": 131.28342295262763}, "K75P-D040": {"K75P-D050": 160.5285052893301}, "K74-U004": {"K74-U007": 86.98834528693035}, "K75P-U040": {"K75P-U050": 100.38387994988821}, "K75A-U020": {"K75A-U030": 135.54512559465599}, "K73-D070": {"K73-D080": 144.16353736274118}, "K74-U011": {"K74-D100": 170.43605196133245}, "K73-D120": {"K73-D130": 115.55078636156443}, "K74-U100": {"K74-D010": 118.74918789933918}, "K74-D070": {"K74-D080": 253.53752270202034}, "K74-U040": {"K74-U050": 156.8242362868716}, "K74-D100": {"K74-D110": 79.80396103999091}, "K73-D080": {"K73-D090": 258.5852839023056}, "K75A-D060": {"K75A-D070": 40.40498597856741}, "K75P-U070": {"K75P-U080": 100.51254088497247}, "K75A-D040": {"K75A-D050": 54.19021648089593}, "K73-D020": {"K73-D030": 102.73135386190802}, "K73-D050": {"K73-D060": 71.70932377561522}, "K74-D110": {"K74-U002": 173.73623778316838}, "K74-D010": {"K74-D020": 163.64799681345457}, "K74-U070": {"K74-U080": 150.3687041743077}, "K73-D060": {"K73-D070": 25.440416420421286}, "K73-D150": {"K73-D160": 48.69325583988155}, "K74-D040": {"K74-D050": 75.41459173802073}, "K74-U050": {"K74-U060": 227.41038490729312}}