{"K76-U020": {"K76-U030": 146.2162120846246}, "K73-U070": {"K73-U080": 158.33518412920426}, "K76-U040": {"K76-U050": 163.2814091689467}, "K76-D030": {"K76-D040": 46.04585099054549}, "K75P-D050": {"K75P-D060": 88.81002051149896}, "K73-U080": {"K73-U090": 263.7893639670502, "K73-U110": 151.48186865393524}, "K74-D020": {"K74-D030": 145.03111282114352}, "K73-U100": {"K73-U110": 233.55275432801218}, "K76-D010": {"K76-D020": 170.469997127746}, "K75A-D110": {"K75A-U011": 162.6441584061274}, "K75A-D080": {"K75A-D090": 94.56649243488383}, "K75P-U030": {"K75P-U040": 99.37650274019055}, "K75P-D070": {"K75P-D080": 85.64805053720706}, "K75P-U010": {"K75P-U020": 95.10133566678121}, "K75A-D020": {"K75A-D030": 21.23076500738192}, "K74-D030": {"K74-D040": 121.95414122801142}, "K75A-D070": {"K75A-D080": 40.72662965854796}, "K74-U090": {"K74-U100": 189.77895257940094}, "K76-U010": {"K76-U020": 10.561931390512152}, "K74-U060": {"K74-U070": 135.77918359325682}, "K75A-D010": {"K75A-D020": 197.18280962734437}, "K74-D090": {"K74-U011": 70.29381680104564}, "K73-U110": {"K73-U120": 223.0606307301226}, "K73-U050": {"K73-U060": 105.92597123779278}, "K73-U060": {"K73-U070": 133.21151233994672}, "K74-U007": {"K74-U010": 243.01748132735557}, "K73-D030": {"K73-D040": 117.53869346615656}, "K73-D040": {"K73-D050": 74.29275164410494}, "K73-U090": {"K73-U100": 121.21010660299434}, "K75P-U140": {"K75P-D010": 138.82761032337635}, "K73-U030": {"K73-U040": 89.32417639400595}, "K73-U010": {"K73-U020": 63.98907260893725}, "K75P-U110": {"K75P-U120": 86.60414750070034}, "K76-D020": {"K76-D030": 117.51127408735037}, "K75A-U030": {"K75A-D010": 225.84171892108884}, "K75P-D060": {"K75P-D070": 162.0424835358736}, "K73-D110": {"K73-D120": 79.2048295189292}, "K75P-U090": {"K75P-U100": 42.316638265542664}, "K74-U080": {"K74-U090": 219.47136095700338}, "K75P-U120": {"K75P-U130": 60.68550243941627}, "K73-U040": {"K73-U050": 109.35704183327212, "K73-U060": 212.62840839803616}, "K75P-U020": {"K75P-U030": 111.06591608938723}, "K73-D010": {"K73-D020": 75.46423715558777}, "K74-D080": {"K74-D090": 162.1201966474718}, "K74-D060": {"K74-D070": 153.48092391221385}, "K75P-D010": {"K75P-D020": 139.71190232803662}, "K73-D090": {"K73-D100": 80.22487721045471}, "K73-D100": {"K73-D110": 178.7938549393833}, "K75A-U010": {"K75A-U020": 42.44831193657653}, "K73-U020": {"K73-U030": 153.66180152293276}, "K75P-U100": {"K75P-U110": 64.47420046344989}, "K75A-D030": {"K75A-D040": 43.81013269925098}, "K75P-D080": {"K75P-U011": 145.20441905628974}, "K75P-D020": {"K75P-D030": 29.355999969206618}, "K75P-U080": {"K75P-U090": 45.29540257952431}, "K75P-D030": {"K75P-D040": 120.82130492073475}, "K75A-D050": {"K75A-D060": 77.20352858895794}, "K76-U030": {"K76-U040": 163.0854266580546}, "K74-U001": {"K74-U004": 150.57713595455212}, "K75P-U130": {"K75P-U140": 33.585601016698504}, "K73-D130": {"K73-D140": 134.7385772374955}, "K74-U030": {"K74-U040": 295.7962447515903}, "K75A-D100": {"K75A-D110": 96.75469376153539}, "K73-D140": {"K73-D150": 168.68774874770668}, "K74-U010": {"K74-U020": 171.12324746009014}, "K75A-D090": {"K75A-D100": 47.71029262924996}, "K75P-U050": {"K75P-U060": 151.3980822361911}, "K74-D050": {"K74-D060": 93.19084072097495}, "K75P-U060": {"K75P-U070": 29.934322285831627}, "K74-U020": {"K74-U030": 131.28342295262763}, "K75P-D040": {"K75P-D050": 164.4693803559216}, "K74-U004": {"K74-U007": 90.910813342755}, "K75P-U040": {"K75P-U050": 102.33549195489938}, "K75A-U020": {"K75A-U030": 135.30061303519037}, "K73-D070": {"K73-D080": 147.46246526382038}, "K74-U011": {"K74-D100": 168.7924467651992}, "K73-D120": {"K73-D130": 114.29813695286718}, "K74-U100": {"K74-D010": 117.52684219846473}, "K74-D070": {"K74-D080": 253.53752270202034}, "K74-U040": {"K74-U050": 160.01663139236604}, "K74-D100": {"K74-D110": 79.80396103999091}, "K73-D080": {"K73-D090": 258.5852839023056}, "K75A-D060": {"K75A-D070": 40.442971300538076}, "K75P-U070": {"K75P-U080": 106.10724926716742}, "K75A-D040": {"K75A-D050": 54.850075349525696}, "K73-D020": {"K73-D030": 103.89821847571723}, "K73-D050": {"K73-D060": 71.97755225824832}, "K74-D110": {"K74-U002": 173.73623778316838}, "K74-D010": {"K74-D020": 162.79319713210913}, "K74-U070": {"K74-U080": 152.57665038118927}, "K73-D060": {"K73-D070": 25.866374778379157}, "K73-D150": {"K73-D160": 47.19653723030406}, "K74-D040": {"K74-D050": 75.5178193077968}, "K74-U050": {"K74-U060": 227.41038490729312}}