{"K76-U020": {"K76-U030": 145.55767513104175}, "K73-U070": {"K73-U080": 152.00535241729415}, "K76-U040": {"K76-U050": 198.22153324175696}, "K76-D030": {"K76-D040": 59.29216805858935}, "K75P-D050": {"K75P-D060": 93.20496066345439}, "K73-U080": {"K73-U090": 230.60463493125016, "K73-U110": 151.48186865393524}, "K74-D020": {"K74-D030": 145.03112256127412}, "K73-U100": {"K73-U110": 233.24540166217372}, "K76-D010": {"K76-D020": 170.469997127746}, "K75A-D110": {"K75A-U011": 171.0140915595535}, "K75A-D080": {"K75A-D090": 108.98332964267706}, "K75P-U030": {"K75P-U040": 107.00756183645758}, "K75P-D070": {"K75P-D080": 91.8606110389089}, "K75P-U010": {"K75P-U020": 98.83671131522757}, "K75A-D020": {"K75A-D030": 24.99246213826682}, "K74-D030": {"K74-D040": 129.23436046463013}, "K75A-D070": {"K75A-D080": 43.60398316340648}, "K74-U090": {"K74-U100": 189.2801615686739}, "K76-U010": {"K76-U020": 15.607797089931776}, "K74-U060": {"K74-U070": 152.06690304809814}, "K75A-D010": {"K75A-D020": 200.824767674255}, "K74-D090": {"K74-U011": 75.32675855948932}, "K73-U110": {"K73-U120": 238.67951585161103}, "K73-U050": {"K73-U060": 101.38036148221491}, "K73-U060": {"K73-U070": 134.23406995654196}, "K74-U007": {"K74-U010": 256.49936894700596}, "K73-D030": {"K73-D040": 108.95171581799727}, "K73-D040": {"K73-D050": 79.8715543111728}, "K73-U090": {"K73-U100": 131.59825900785893}, "K75P-U140": {"K75P-D010": 145.03438221340633}, "K73-U030": {"K73-U040": 93.00135911983193}, "K73-U010": {"K73-U020": 70.33411034433234}, "K75P-U110": {"K75P-U120": 87.17769837084853}, "K76-D020": {"K76-D030": 119.9470334605787}, "K75A-U030": {"K75A-D010": 225.76690004166184}, "K75P-D060": {"K75P-D070": 170.89648633925717}, "K73-D110": {"K73-D120": 80.92276632292442}, "K75P-U090": {"K75P-U100": 39.21206711656902}, "K74-U080": {"K74-U090": 212.6707058109177}, "K75P-U120": {"K75P-U130": 60.239372935168376}, "K73-U040": {"K73-U050": 106.00027285917224, "K73-U060": 206.90553538520618}, "K75P-U020": {"K75P-U030": 108.05020734124358}, "K73-D010": {"K73-D020": 78.24277398963052}, "K74-D080": {"K74-D090": 166.88194025233315}, "K74-D060": {"K74-D070": 154.10114249530224}, "K75P-D010": {"K75P-D020": 131.74224496542826}, "K73-D090": {"K73-D100": 83.53159720597782}, "K73-D100": {"K73-D110": 194.86426990281433}, "K75A-U010": {"K75A-U020": 41.35456788693127}, "K73-U020": {"K73-U030": 179.7097358928607}, "K75P-U100": {"K75P-U110": 67.46615126984219}, "K75A-D030": {"K75A-D040": 48.037684605694196}, "K75P-D080": {"K75P-U011": 146.37634214323487}, "K75P-D020": {"K75P-D030": 36.77703326669341}, "K75P-U080": {"K75P-U090": 45.84974203788367}, "K75P-D030": {"K75P-D040": 118.31630049853145}, "K75A-D050": {"K75A-D060": 74.34587684387967}, "K76-U030": {"K76-U040": 163.0854266580546}, "K74-U001": {"K74-U004": 157.6595292799944}, "K75P-U130": {"K75P-U140": 37.21892491134995}, "K73-D130": {"K73-D140": 140.95582715305954}, "K74-U030": {"K74-U040": 297.1569560043194}, "K75A-D100": {"K75A-D110": 97.55362813158443}, "K73-D140": {"K73-D150": 183.31123168844138}, "K74-U010": {"K74-U020": 160.8419105891585}, "K75A-D090": {"K75A-D100": 49.42253402525299}, "K75P-U050": {"K75P-U060": 154.44355301793112}, "K74-D050": {"K74-D060": 104.55810977494403}, "K75P-U060": {"K75P-U070": 29.016017725302838}, "K74-U020": {"K74-U030": 130.07950904085988}, "K75P-D040": {"K75P-D050": 167.97667376762809}, "K74-U004": {"K74-U007": 96.02336181375892}, "K75P-U040": {"K75P-U050": 105.02364334333359}, "K75A-U020": {"K75A-U030": 146.1858516399901}, "K73-D070": {"K73-D080": 149.41895018409352}, "K74-U011": {"K74-D100": 168.49793832032657}, "K73-D120": {"K73-D130": 101.59233584864789}, "K74-U100": {"K74-D010": 114.47353616026881}, "K74-D070": {"K74-D080": 253.89718622503446}, "K74-U040": {"K74-U050": 171.99589494762208}, "K74-D100": {"K74-D110": 91.28620243252269}, "K73-D080": {"K73-D090": 270.86814825259637}, "K75A-D060": {"K75A-D070": 49.5512426388046}, "K75P-U070": {"K75P-U080": 101.10241393688045}, "K75A-D040": {"K75A-D050": 56.14368746270052}, "K73-D020": {"K73-D030": 96.39860321016633}, "K73-D050": {"K73-D060": 64.29878854327228, "K73-D070": 100.65481079060302}, "K74-D110": {"K74-U002": 179.92105864991123}, "K74-D010": {"K74-D020": 157.88099547434965}, "K74-U070": {"K74-U080": 163.50473822806967}, "K73-D060": {"K73-D070": 32.37775094081504}, "K73-D150": {"K73-D160": 43.13095393686439}, "K74-D040": {"K74-D050": 81.86442308987263}, "K74-U050": {"K74-U060": 229.72905263417607}}