{"K76-U020": {"K76-U030": 162.23605267764367}, "K73-U070": {"K73-U080": 160.74129333388515}, "K76-U040": {"K76-U050": 189.1645141374642}, "K76-D030": {"K76-D040": 65.48494887971793}, "K75P-D050": {"K75P-D060": 87.58528184008385}, "K73-U080": {"K73-U090": 276.92276411753227, "K73-U110": 151.48186865393524}, "K74-D020": {"K74-D030": 145.03112256127412}, "K73-U100": {"K73-U110": 232.47638512445428}, "K76-D010": {"K76-D020": 170.469997127746}, "K75A-D110": {"K75A-U011": 166.23302282044943}, "K75A-D080": {"K75A-D090": 99.05531267646954}, "K75P-U030": {"K75P-U040": 110.40693650987164}, "K75P-D070": {"K75P-D080": 95.79072599111586}, "K75P-U010": {"K75P-U020": 98.07916192408493}, "K75A-D020": {"K75A-D030": 21.220815165055555}, "K74-D030": {"K74-D040": 123.65148806583905}, "K75A-D070": {"K75A-D080": 41.45059189772112}, "K74-U090": {"K74-U100": 198.6530098268832}, "K76-U010": {"K76-U020": 20.673701227282226}, "K74-U060": {"K74-U070": 138.14253805617986}, "K75A-D010": {"K75A-D020": 202.94695773622465}, "K74-D090": {"K74-U011": 73.55198156135091}, "K73-U110": {"K73-U120": 191.656235984645}, "K73-U050": {"K73-U060": 94.31286394225403}, "K73-U060": {"K73-U070": 126.9044687228793}, "K74-U007": {"K74-U010": 243.89167082772866}, "K73-D030": {"K73-D040": 111.5123235021}, "K73-D040": {"K73-D050": 80.71318032474476}, "K73-U090": {"K73-U100": 112.23866210690599}, "K75P-U140": {"K75P-D010": 145.50358056175833}, "K73-U030": {"K73-U040": 95.70550762784829}, "K73-U010": {"K73-U020": 62.25730909726785}, "K75P-U110": {"K75P-U120": 87.15507352211068}, "K76-D020": {"K76-D030": 132.8180800194572}, "K75A-U030": {"K75A-D010": 228.429413693728}, "K75P-D060": {"K75P-D070": 176.19514132439195}, "K73-D110": {"K73-D120": 87.65925946166828}, "K75P-U090": {"K75P-U100": 37.07459049284496}, "K74-U080": {"K74-U090": 236.39324829628353}, "K75P-U120": {"K75P-U130": 61.830694431799756}, "K73-U040": {"K73-U050": 103.21592663009285, "K73-U060": 210.88219527114506}, "K75P-U020": {"K75P-U030": 108.14574703421597}, "K73-D010": {"K73-D020": 77.22856898577228}, "K74-D080": {"K74-D090": 161.575021012571}, "K74-D060": {"K74-D070": 143.0148186933458}, "K75P-D010": {"K75P-D020": 128.24616540825164}, "K73-D090": {"K73-D100": 82.90567641748783}, "K73-D100": {"K73-D110": 176.18263808446898}, "K75A-U010": {"K75A-U020": 39.06126587362588}, "K73-U020": {"K73-U030": 175.622536576282}, "K75P-U100": {"K75P-U110": 58.8650777351733}, "K75A-D030": {"K75A-D040": 47.025114527130896}, "K75P-D080": {"K75P-U011": 134.51191430554297}, "K75P-D020": {"K75P-D030": 32.30788775032137}, "K75P-U080": {"K75P-U090": 41.15053918571385}, "K75P-D030": {"K75P-D040": 122.78557175757467}, "K75A-D050": {"K75A-D060": 73.15355738003717}, "K76-U030": {"K76-U040": 163.0854266580546}, "K74-U001": {"K74-U004": 157.30471960465792}, "K75P-U130": {"K75P-U140": 31.32223525414401}, "K73-D130": {"K73-D140": 135.5311182339902}, "K74-U030": {"K74-U040": 270.9988176094099}, "K75A-D100": {"K75A-D110": 97.28158055660882}, "K73-D140": {"K73-D150": 200.97425117618081}, "K74-U010": {"K74-U020": 169.62229399405953}, "K75A-D090": {"K75A-D100": 44.25802742202046}, "K75P-U050": {"K75P-U060": 153.96952778331388}, "K74-D050": {"K74-D060": 99.68540715204445}, "K75P-U060": {"K75P-U070": 28.399271370033755}, "K74-U020": {"K74-U030": 137.2387493314656}, "K75P-D040": {"K75P-D050": 166.25127439629824}, "K74-U004": {"K74-U007": 90.99133185888331}, "K75P-U040": {"K75P-U050": 112.48928107619273}, "K75A-U020": {"K75A-U030": 133.51439796135932}, "K73-D070": {"K73-D080": 149.52733939293572}, "K74-U011": {"K74-D100": 164.66590597536734}, "K73-D120": {"K73-D130": 104.54629729627109}, "K74-U100": {"K74-D010": 116.60176705153117}, "K74-D070": {"K74-D080": 251.33618201964046}, "K74-U040": {"K74-U050": 156.12738975877897}, "K74-D100": {"K74-D110": 82.89780368063255}, "K73-D080": {"K73-D090": 266.95169029362825}, "K75A-D060": {"K75A-D070": 44.744256508464424}, "K75P-U070": {"K75P-U080": 101.73839098953664}, "K75A-D040": {"K75A-D050": 50.53064332976071}, "K73-D020": {"K73-D030": 101.84756215065872}, "K73-D050": {"K73-D060": 64.29878854327228, "K73-D070": 103.58777031127681}, "K74-D110": {"K74-U002": 180.3179972105114}, "K74-D010": {"K74-D020": 150.90583321595744}, "K74-U070": {"K74-U080": 172.18184834772418}, "K73-D060": {"K73-D070": 32.37775094081504}, "K73-D150": {"K73-D160": 47.14835431295288}, "K74-D040": {"K74-D050": 80.67289378713738}, "K74-U050": {"K74-U060": 231.40544255481896}}