{"K76-U020": {"K76-U030": 157.32954941631277}, "K73-U070": {"K73-U080": 151.34951794480736}, "K76-U040": {"K76-U050": 184.07376657930973}, "K76-D030": {"K76-D040": 60.869955814969316}, "K75P-D050": {"K75P-D060": 91.51253266289623}, "K73-U080": {"K73-U090": 268.54501606351545, "K73-U110": 151.48186865393524}, "K74-D020": {"K74-D030": 145.03112256127412}, "K73-U100": {"K73-U110": 242.3947789582716}, "K76-D010": {"K76-D020": 170.469997127746}, "K75A-D110": {"K75A-U011": 183.56123543182858}, "K75A-D080": {"K75A-D090": 100.96358616388088}, "K75P-U030": {"K75P-U040": 110.15941965229884}, "K75P-D070": {"K75P-D080": 95.58717041751059}, "K75P-U010": {"K75P-U020": 97.00498444982341}, "K75A-D020": {"K75A-D030": 20.73613499326231}, "K74-D030": {"K74-D040": 127.76135406534127}, "K75A-D070": {"K75A-D080": 49.665056348826276}, "K74-U090": {"K74-U100": 191.437710101989}, "K76-U010": {"K76-U020": 15.762574419461277}, "K74-U060": {"K74-U070": 131.22858756061788}, "K75A-D010": {"K75A-D020": 184.80823838819106}, "K74-D090": {"K74-U011": 70.34998811391583}, "K73-U110": {"K73-U120": 234.01635564949416}, "K73-U050": {"K73-U060": 96.37443025357919}, "K73-U060": {"K73-U070": 137.0774744163769}, "K74-U007": {"K74-U010": 243.94839198185142}, "K73-D030": {"K73-D040": 111.25919255112683}, "K73-D040": {"K73-D050": 87.60466898002267}, "K73-U090": {"K73-U100": 131.59251263573452}, "K75P-U140": {"K75P-D010": 149.27166985833983}, "K73-U030": {"K73-U040": 86.58360859989338}, "K73-U010": {"K73-U020": 66.1656831223621}, "K75P-U110": {"K75P-U120": 86.35466573053282}, "K76-D020": {"K76-D030": 117.01496977499812}, "K75A-U030": {"K75A-D010": 235.9197325796803}, "K75P-D060": {"K75P-D070": 183.1822105074411}, "K73-D110": {"K73-D120": 85.65230872423228}, "K75P-U090": {"K75P-U100": 44.429045170956776}, "K74-U080": {"K74-U090": 219.12200246703318}, "K75P-U120": {"K75P-U130": 68.69828627170183}, "K73-U040": {"K73-U050": 96.78964851512137, "K73-U060": 200.01390620337662}, "K75P-U020": {"K75P-U030": 107.680394187039}, "K73-D010": {"K73-D020": 76.40893753493506}, "K74-D080": {"K74-D090": 159.1140933335397}, "K74-D060": {"K74-D070": 144.79249058982344}, "K75P-D010": {"K75P-D020": 131.65888320242328}, "K73-D090": {"K73-D100": 86.45327318595444}, "K73-D100": {"K73-D110": 188.6234774614934}, "K75A-U010": {"K75A-U020": 41.25390477426923}, "K73-U020": {"K73-U030": 190.7053143093603}, "K75P-U100": {"K75P-U110": 63.41030961086435}, "K75A-D030": {"K75A-D040": 42.694460611249625}, "K75P-D080": {"K75P-U011": 144.21089727553607}, "K75P-D020": {"K75P-D030": 35.42085435670673}, "K75P-U080": {"K75P-U090": 43.663831764963284}, "K75P-D030": {"K75P-D040": 133.94560971684498}, "K75A-D050": {"K75A-D060": 78.45557617754608}, "K76-U030": {"K76-U040": 163.0854266580546}, "K74-U001": {"K74-U004": 154.92303967471585}, "K75P-U130": {"K75P-U140": 33.8617787247307}, "K73-D130": {"K73-D140": 139.36748305016673}, "K74-U030": {"K74-U040": 279.5035352179553}, "K75A-D100": {"K75A-D110": 104.2332635428731}, "K73-D140": {"K73-D150": 207.90867676259063}, "K74-U010": {"K74-U020": 166.33691773883643}, "K75A-D090": {"K75A-D100": 40.62030690224085}, "K75P-U050": {"K75P-U060": 153.2643990112571}, "K74-D050": {"K74-D060": 107.25423364031073}, "K75P-U060": {"K75P-U070": 30.40636204016723}, "K74-U020": {"K74-U030": 137.11419530294748}, "K75P-D040": {"K75P-D050": 171.94864400153807}, "K74-U004": {"K74-U007": 91.96688894051697}, "K75P-U040": {"K75P-U050": 105.43136083883402}, "K75A-U020": {"K75A-U030": 137.81693947730943}, "K73-D070": {"K73-D080": 160.4797362588928}, "K74-U011": {"K74-D100": 176.26416855922133}, "K73-D120": {"K73-D130": 112.78577081960991}, "K74-U100": {"K74-D010": 116.05389339936455}, "K74-D070": {"K74-D080": 265.68021317836445}, "K74-U040": {"K74-U050": 188.19272722020258}, "K74-D100": {"K74-D110": 89.685554390631}, "K73-D080": {"K73-D090": 268.0717300674454}, "K75A-D060": {"K75A-D070": 44.58045445232712}, "K75P-U070": {"K75P-U080": 107.88275179744821}, "K75A-D040": {"K75A-D050": 55.69868982641034}, "K73-D020": {"K73-D030": 90.22415645232016}, "K73-D050": {"K73-D060": 64.29878854327228, "K73-D070": 106.1977407422701}, "K74-D110": {"K74-U002": 173.7692120138753}, "K74-D010": {"K74-D020": 152.69477849910976}, "K74-U070": {"K74-U080": 167.1595351236581}, "K73-D060": {"K73-D070": 32.37775094081504}, "K73-D150": {"K73-D160": 49.419442344556394}, "K74-D040": {"K74-D050": 77.15142781827471}, "K74-U050": {"K74-U060": 228.52033847628906}}