{"K76-U020": {"K76-U030": 152.17247567974712}, "K73-U070": {"K73-U080": 171.78026745533916}, "K76-U040": {"K76-U050": 179.80186164888386}, "K76-D030": {"K76-D040": 50.963548997730115}, "K75P-D050": {"K75P-D060": 79.8898343643577}, "K73-U080": {"K73-U090": 257.10591332978055, "K73-U110": 151.48186865393524}, "K74-D020": {"K74-D030": 145.03112256127412}, "K73-U100": {"K73-U110": 220.90012556049652}, "K76-D010": {"K76-D020": 170.469997127746}, "K75A-D110": {"K75A-U011": 176.12787287304238}, "K75A-D080": {"K75A-D090": 112.00827483876824}, "K75P-U030": {"K75P-U040": 114.24975416912544}, "K75P-D070": {"K75P-D080": 101.37348347304972}, "K75P-U010": {"K75P-U020": 94.289055320188}, "K75A-D020": {"K75A-D030": 21.703066392414357}, "K74-D030": {"K74-D040": 128.95521865880715}, "K75A-D070": {"K75A-D080": 48.733579063964996}, "K74-U090": {"K74-U100": 199.69820839431117}, "K76-U010": {"K76-U020": 11.828499234198215}, "K74-U060": {"K74-U070": 136.42912020180236}, "K75A-D010": {"K75A-D020": 209.5464861906227}, "K74-D090": {"K74-U011": 73.1833147260955}, "K73-U110": {"K73-U120": 223.06655001035568}, "K73-U050": {"K73-U060": 103.57050865733356}, "K73-U060": {"K73-U070": 134.25174635794303}, "K74-U007": {"K74-U010": 249.65018531421697}, "K73-D030": {"K73-D040": 112.87924925498014}, "K73-D040": {"K73-D050": 85.56871969243522}, "K73-U090": {"K73-U100": 135.21707505251075}, "K75P-U140": {"K75P-D010": 137.47049440251953}, "K73-U030": {"K73-U040": 87.72801457942043}, "K73-U010": {"K73-U020": 66.81103568562078}, "K75P-U110": {"K75P-U120": 84.16356960690915}, "K76-D020": {"K76-D030": 122.8810530999084}, "K75A-U030": {"K75A-D010": 235.18552209884552}, "K75P-D060": {"K75P-D070": 170.97389375051927}, "K73-D110": {"K73-D120": 85.58953959574772}, "K75P-U090": {"K75P-U100": 38.74483869226701}, "K74-U080": {"K74-U090": 231.68883581862048}, "K75P-U120": {"K75P-U130": 62.989424858315225}, "K73-U040": {"K73-U050": 91.44339736787575, "K73-U060": 211.5102410190381}, "K75P-U020": {"K75P-U030": 107.16910851929049}, "K73-D010": {"K73-D020": 77.73052314633993}, "K74-D080": {"K74-D090": 157.7411266361354}, "K74-D060": {"K74-D070": 144.94567749154638}, "K75P-D010": {"K75P-D020": 128.34055876915377}, "K73-D090": {"K73-D100": 85.70244840318225}, "K73-D100": {"K73-D110": 182.76627516251227}, "K75A-U010": {"K75A-U020": 41.5428443330617}, "K73-U020": {"K73-U030": 163.6823379502713}, "K75P-U100": {"K75P-U110": 65.86459787310889}, "K75A-D030": {"K75A-D040": 46.34262563042057}, "K75P-D080": {"K75P-U011": 145.5142321292379}, "K75P-D020": {"K75P-D030": 33.012222763359986}, "K75P-U080": {"K75P-U090": 47.07108993300446}, "K75P-D030": {"K75P-D040": 118.66654704607572}, "K75A-D050": {"K75A-D060": 75.60940889732638}, "K76-U030": {"K76-U040": 163.0854266580546}, "K74-U001": {"K74-U004": 156.2998057277707}, "K75P-U130": {"K75P-U140": 32.76509892809078}, "K73-D130": {"K73-D140": 131.59213932172563}, "K74-U030": {"K74-U040": 273.85117717388937}, "K75A-D100": {"K75A-D110": 101.51618738160063}, "K73-D140": {"K73-D150": 197.5772787979075}, "K74-U010": {"K74-U020": 161.57650255560554}, "K75A-D090": {"K75A-D100": 46.58163014390573}, "K75P-U050": {"K75P-U060": 155.93595647713232}, "K74-D050": {"K74-D060": 111.96699269140785}, "K75P-U060": {"K75P-U070": 28.002800097051317}, "K74-U020": {"K74-U030": 137.83851860939433}, "K75P-D040": {"K75P-D050": 169.19124971688615}, "K74-U004": {"K74-U007": 89.38975403289356}, "K75P-U040": {"K75P-U050": 106.83621377087002}, "K75A-U020": {"K75A-U030": 134.69886738750876}, "K73-D070": {"K73-D080": 155.1185394174096}, "K74-U011": {"K74-D100": 176.21235615295305}, "K73-D120": {"K73-D130": 104.28223630581078}, "K74-U100": {"K74-D010": 126.74132347413567}, "K74-D070": {"K74-D080": 260.29318786632484}, "K74-U040": {"K74-U050": 184.2183168466317}, "K74-D100": {"K74-D110": 82.14695601212371}, "K73-D080": {"K73-D090": 242.06783888752588}, "K75A-D060": {"K75A-D070": 46.27592546254798}, "K75P-U070": {"K75P-U080": 109.82410443790836}, "K75A-D040": {"K75A-D050": 49.50373914717188}, "K73-D020": {"K73-D030": 97.14010857093976}, "K73-D050": {"K73-D060": 64.29878854327228, "K73-D070": 110.01847003367043}, "K74-D110": {"K74-U002": 171.03965555811516}, "K74-D010": {"K74-D020": 152.0957705842789}, "K74-U070": {"K74-U080": 159.75888020957814}, "K73-D060": {"K73-D070": 32.37775094081504}, "K73-D150": {"K73-D160": 49.4722276869464}, "K74-D040": {"K74-D050": 84.83277884768188}, "K74-U050": {"K74-U060": 235.4756323001775}}