{"K76-U020": {"K76-U030": 171.12930054248392}, "K73-U070": {"K73-U080": 157.42222854298225}, "K76-U040": {"K76-U050": 209.1350068696176}, "K76-D030": {"K76-D040": 61.284753231606864}, "K75P-D050": {"K75P-D060": 96.68310955792352}, "K73-U080": {"K73-U090": 243.5099379766629, "K73-U110": 151.48186865392267}, "K74-D020": {"K74-D030": 145.01853115763194}, "K73-U100": {"K73-U110": 228.96011682006778}, "K76-D010": {"K76-D020": 170.469997127746}, "K75A-D110": {"K75A-U011": 167.73698473621974}, "K75A-D080": {"K75A-D090": 106.710224457364}, "K75P-U030": {"K75P-U040": 112.40054921744532}, "K75P-D070": {"K75P-D080": 97.18491792171248}, "K75P-U010": {"K75P-U020": 95.41196156970089}, "K75A-D020": {"K75A-D030": 22.354091762322334}, "K74-D030": {"K74-D040": 117.8494212297201}, "K75A-D070": {"K75A-D080": 39.55957147339787}, "K74-U090": {"K74-U100": 192.9839589604899}, "K76-U010": {"K76-U020": 38.79716615504998}, "K74-U060": {"K74-U070": 149.07799759799997}, "K75A-D010": {"K75A-D020": 199.6279243627336}, "K74-D090": {"K74-U011": 77.81118269616893}, "K73-U110": {"K73-U120": 219.49524160700616}, "K73-U050": {"K73-U060": 106.75219845100189}, "K73-U060": {"K73-U070": 132.8907913534666}, "K74-U007": {"K74-U010": 237.72549951155696}, "K73-D030": {"K73-D040": 117.85150535183115}, "K73-D040": {"K73-D050": 79.58561834210438}, "K73-U090": {"K73-U100": 125.66230601922739}, "K75P-U140": {"K75P-D010": 145.1772796405231}, "K73-U030": {"K73-U040": 90.8560570062339}, "K73-U010": {"K73-U020": 63.438185660998656}, "K75P-U110": {"K75P-U120": 86.44957822785908}, "K76-D020": {"K76-D030": 121.69362469146965}, "K75A-U030": {"K75A-D010": 239.43358338226827}, "K75P-D060": {"K75P-D070": 168.2365530543504}, "K73-D110": {"K73-D120": 74.75487032551081}, "K75P-U090": {"K75P-U100": 42.318077481536264}, "K74-U080": {"K74-U090": 214.99244642428198}, "K75P-U120": {"K75P-U130": 64.86322316975725}, "K73-U040": {"K73-U050": 95.39337542918773, "K73-U060": 212.7812575331569}, "K75P-U020": {"K75P-U030": 107.70771612676978}, "K73-D010": {"K73-D020": 74.8711103484732}, "K74-D080": {"K74-D090": 168.26756457001952}, "K74-D060": {"K74-D070": 157.9405662540069}, "K75P-D010": {"K75P-D020": 129.3813287168594}, "K73-D090": {"K73-D100": 77.12662350009218}, "K73-D100": {"K73-D110": 192.71980343308635}, "K75A-U010": {"K75A-U020": 42.40119531919764}, "K73-U020": {"K73-U030": 152.63446708833993}, "K75P-U100": {"K75P-U110": 64.52519615636923}, "K75A-D030": {"K75A-D040": 47.6186705205056}, "K75P-D080": {"K75P-U011": 144.77368215245394}, "K75P-D020": {"K75P-D030": 26.07295172043636}, "K75P-U080": {"K75P-U090": 44.396428706384015}, "K75P-D030": {"K75P-D040": 127.340311163767}, "K75A-D050": {"K75A-D060": 75.87775222457876}, "K76-U030": {"K76-U040": 163.0854266580546}, "K74-U001": {"K74-U004": 176.34155910737894}, "K75P-U130": {"K75P-U140": 36.859612486293095}, "K73-D130": {"K73-D140": 133.923059153206}, "K74-U030": {"K74-U040": 288.86307601774627}, "K75A-D100": {"K75A-D110": 100.93388419392492}, "K73-D140": {"K73-D150": 203.8541159085533}, "K74-U010": {"K74-U020": 161.7204995569585}, "K75A-D090": {"K75A-D100": 45.757520857120994}, "K75P-U050": {"K75P-U060": 160.85869995239332}, "K74-D050": {"K74-D060": 95.00707321663204}, "K75P-U060": {"K75P-U070": 27.10002794892007}, "K74-U020": {"K74-U030": 133.92277946863243}, "K75P-D040": {"K75P-D050": 169.4462726941131}, "K74-U004": {"K74-U007": 95.71450492383056}, "K75P-U040": {"K75P-U050": 103.42284888007131}, "K75A-U020": {"K75A-U030": 133.59400823887583}, "K73-D070": {"K73-D080": 150.99452409362343}, "K74-U011": {"K74-D100": 162.03299767743596}, "K73-D120": {"K73-D130": 110.13773912189238}, "K74-U100": {"K74-D010": 121.33181691415056}, "K74-D070": {"K74-D080": 259.76423533051707}, "K74-U040": {"K74-U050": 176.12449146216844}, "K74-D100": {"K74-D110": 81.30141203762261}, "K73-D080": {"K73-D090": 264.43470437270105}, "K75A-D060": {"K75A-D070": 41.61899924503034}, "K75P-U070": {"K75P-U080": 107.63642757769878}, "K75A-D040": {"K75A-D050": 50.61366567223557}, "K73-D020": {"K73-D030": 83.93740662448988}, "K73-D050": {"K73-D060": 69.0106886472224}, "K74-D110": {"K74-U002": 174.61401775710513}, "K74-D010": {"K74-D020": 152.37032825055934}, "K74-U070": {"K74-U080": 151.496210916096}, "K73-D060": {"K73-D070": 29.469797538802617}, "K73-D150": {"K73-D160": 49.70478609648473}, "K74-D040": {"K74-D050": 81.91841685999215}, "K74-U050": {"K74-U060": 231.26510827165265}}