{"K76-U020": {"K76-U030": 162.0999879038854}, "K73-U070": {"K73-U080": 141.77304636255045}, "K76-U040": {"K76-U050": 171.89207187843925}, "K76-D030": {"K76-D040": 52.99167325032018}, "K75P-D050": {"K75P-D060": 86.84277394385012}, "K73-U080": {"K73-U090": 282.23247952802683, "K73-U110": 151.48186865393524}, "K74-D020": {"K74-D030": 145.0311225612633}, "K73-U100": {"K73-U110": 257.206025580296}, "K76-D010": {"K76-D020": 170.469997127746}, "K75A-D110": {"K75A-U011": 185.1849732985254}, "K75A-D080": {"K75A-D090": 98.45699662703838}, "K75P-U030": {"K75P-U040": 108.10957059490984}, "K75P-D070": {"K75P-D080": 101.31571818245284}, "K75P-U010": {"K75P-U020": 91.90803981358485}, "K75A-D020": {"K75A-D030": 24.952451636656388}, "K74-D030": {"K74-D040": 121.48628338286346}, "K75A-D070": {"K75A-D080": 39.205170374078286}, "K74-U090": {"K74-U100": 186.42128282328886}, "K76-U010": {"K76-U020": 30.053172080793168}, "K74-U060": {"K74-U070": 136.10777450801262}, "K75A-D010": {"K75A-D020": 205.3754922173644}, "K74-D090": {"K74-U011": 74.57514690354006}, "K73-U110": {"K73-U120": 224.79223640825654}, "K73-U050": {"K73-U060": 114.79971918129013}, "K73-U060": {"K73-U070": 140.2216654356244}, "K74-U007": {"K74-U010": 251.7376284022856}, "K73-D030": {"K73-D040": 115.90115295579555}, "K73-D040": {"K73-D050": 76.22443449969423}, "K73-U090": {"K73-U100": 117.93105201393412}, "K75P-U140": {"K75P-D010": 146.71314881382165}, "K73-U030": {"K73-U040": 92.43138612148906}, "K73-U010": {"K73-U020": 65.76179550044955}, "K75P-U110": {"K75P-U120": 80.29041514709772}, "K76-D020": {"K76-D030": 122.13434592184248}, "K75A-U030": {"K75A-D010": 227.332287164109}, "K75P-D060": {"K75P-D070": 168.66012238390346}, "K73-D110": {"K73-D120": 74.62351926848014}, "K75P-U090": {"K75P-U100": 40.38243466158391}, "K74-U080": {"K74-U090": 231.78519822207107}, "K75P-U120": {"K75P-U130": 61.41178480766441}, "K73-U040": {"K73-U050": 109.74565799318302, "K73-U060": 196.23726160807897}, "K75P-U020": {"K75P-U030": 108.01164276333654}, "K73-D010": {"K73-D020": 78.26151961580675}, "K74-D080": {"K74-D090": 179.4957211792291}, "K74-D060": {"K74-D070": 146.92003683562478}, "K75P-D010": {"K75P-D020": 123.7455988781933}, "K73-D090": {"K73-D100": 78.25732235594435}, "K73-D100": {"K73-D110": 184.69178335077495}, "K75A-U010": {"K75A-U020": 44.61825422032}, "K73-U020": {"K73-U030": 157.23638607419804}, "K75P-U100": {"K75P-U110": 60.06713610177402}, "K75A-D030": {"K75A-D040": 43.08684980355493}, "K75P-D080": {"K75P-U011": 148.961636546239}, "K75P-D020": {"K75P-D030": 35.47141801531415}, "K75P-U080": {"K75P-U090": 38.0988268123735}, "K75P-D030": {"K75P-D040": 126.41888678652035}, "K75A-D050": {"K75A-D060": 76.8808649678869}, "K76-U030": {"K76-U040": 163.0854266580546}, "K74-U001": {"K74-U004": 143.33893375097122}, "K75P-U130": {"K75P-U140": 38.445337213706615}, "K73-D130": {"K73-D140": 128.7678357835726}, "K74-U030": {"K74-U040": 295.067219839849}, "K75A-D100": {"K75A-D110": 96.7848001533517}, "K73-D140": {"K73-D150": 186.3519078073457}, "K74-U010": {"K74-U020": 166.61257418487529}, "K75A-D090": {"K75A-D100": 51.804246092771436}, "K75P-U050": {"K75P-U060": 139.75913335422234}, "K74-D050": {"K74-D060": 98.51310542053696}, "K75P-U060": {"K75P-U070": 26.96261564742814}, "K74-U020": {"K74-U030": 132.92823886341847}, "K75P-D040": {"K75P-D050": 169.52983986693982}, "K74-U004": {"K74-U007": 90.957773768936}, "K75P-U040": {"K75P-U050": 98.57035318210103}, "K75A-U020": {"K75A-U030": 141.27741958430698}, "K73-D070": {"K73-D080": 149.6958826128599}, "K74-U011": {"K74-D100": 166.514398809794}, "K73-D120": {"K73-D130": 110.88780797115764}, "K74-U100": {"K74-D010": 122.6586051300191}, "K74-D070": {"K74-D080": 276.80211832264706}, "K74-U040": {"K74-U050": 179.17016807027233}, "K74-D100": {"K74-D110": 79.63298788214334}, "K73-D080": {"K73-D090": 240.18111551526604}, "K75A-D060": {"K75A-D070": 40.084416062312336}, "K75P-U070": {"K75P-U080": 104.69619204863304}, "K75A-D040": {"K75A-D050": 52.177948003698546}, "K73-D020": {"K73-D030": 97.15328435193743}, "K73-D050": {"K73-D060": 64.29878854327228, "K73-D070": 105.63636424607205}, "K74-D110": {"K74-U002": 170.5367393056095}, "K74-D010": {"K74-D020": 160.61740877793142}, "K74-U070": {"K74-U080": 156.08354789973023}, "K73-D060": {"K73-D070": 32.37775094081504}, "K73-D150": {"K73-D160": 44.932033006308316}, "K74-D040": {"K74-D050": 75.90787657389262}, "K74-U050": {"K74-U060": 211.68090699203702}}