{"K76-U020": {"K76-U030": 154.2054674615192}, "K73-U070": {"K73-U080": 159.70417097026933}, "K76-U040": {"K76-U050": 186.4465328489709}, "K76-D030": {"K76-D040": 55.94764422746471}, "K75P-D050": {"K75P-D060": 92.77066906602437}, "K73-U080": {"K73-U090": 285.2691894987225, "K73-U110": 151.48186865393524}, "K74-D020": {"K74-D030": 145.03112256123933}, "K73-U100": {"K73-U110": 238.3746302688268}, "K76-D010": {"K76-D020": 170.469997127746}, "K75A-D110": {"K75A-U011": 187.13699675548636}, "K75A-D080": {"K75A-D090": 115.03239401504322}, "K75P-U030": {"K75P-U040": 107.02794523232198}, "K75P-D070": {"K75P-D080": 95.40401820752355}, "K75P-U010": {"K75P-U020": 92.36929145213136}, "K75A-D020": {"K75A-D030": 23.89784109080587}, "K74-D030": {"K74-D040": 121.04015636075306}, "K75A-D070": {"K75A-D080": 46.22932984521604}, "K74-U090": {"K74-U100": 184.01395817880956}, "K76-U010": {"K76-U020": 10.913350911980519}, "K74-U060": {"K74-U070": 142.20943056083502}, "K75A-D010": {"K75A-D020": 211.5812694190426}, "K74-D090": {"K74-U011": 74.11704046488893}, "K73-U110": {"K73-U120": 222.8381089831875}, "K73-U050": {"K73-U060": 110.46091738428701}, "K73-U060": {"K73-U070": 129.60602897588814}, "K74-U007": {"K74-U010": 253.44393224528386}, "K73-D030": {"K73-D040": 115.52490585827297}, "K73-D040": {"K73-D050": 83.27257181401394}, "K73-U090": {"K73-U100": 143.5369389010391}, "K75P-U140": {"K75P-D010": 146.99961514132593}, "K73-U030": {"K73-U040": 92.43153279129253}, "K73-U010": {"K73-U020": 61.62254515000562}, "K75P-U110": {"K75P-U120": 89.65369257320376}, "K76-D020": {"K76-D030": 125.95226081097897}, "K75A-U030": {"K75A-D010": 224.06284133356695}, "K75P-D060": {"K75P-D070": 174.79402403285104}, "K73-D110": {"K73-D120": 87.50078678974572}, "K75P-U090": {"K75P-U100": 42.553844204779175}, "K74-U080": {"K74-U090": 234.62913918925628}, "K75P-U120": {"K75P-U130": 65.63939096820268}, "K73-U040": {"K73-U050": 107.83899308453866, "K73-U060": 210.2406844608419}, "K75P-U020": {"K75P-U030": 102.1734460347677}, "K73-D010": {"K73-D020": 83.47674641047094}, "K74-D080": {"K74-D090": 177.33489383832296}, "K74-D060": {"K74-D070": 145.0075680355273}, "K75P-D010": {"K75P-D020": 149.3054266057301}, "K73-D090": {"K73-D100": 77.33355405478258}, "K73-D100": {"K73-D110": 186.0384293192603}, "K75A-U010": {"K75A-U020": 45.000103463163114}, "K73-U020": {"K73-U030": 172.02904898523235}, "K75P-U100": {"K75P-U110": 66.85384599759743}, "K75A-D030": {"K75A-D040": 46.31561771793796}, "K75P-D080": {"K75P-U011": 148.55583679696562}, "K75P-D020": {"K75P-D030": 31.282547762005475}, "K75P-U080": {"K75P-U090": 44.8332081076925}, "K75P-D030": {"K75P-D040": 114.0039141235253}, "K75A-D050": {"K75A-D060": 85.3615067696639}, "K76-U030": {"K76-U040": 163.0854266580546}, "K74-U001": {"K74-U004": 151.32473751246064}, "K75P-U130": {"K75P-U140": 36.91329969719226}, "K73-D130": {"K73-D140": 138.79120795882386}, "K74-U030": {"K74-U040": 291.35140057083333}, "K75A-D100": {"K75A-D110": 96.57690964554946}, "K73-D140": {"K73-D150": 192.2405575001447}, "K74-U010": {"K74-U020": 164.3566595214193}, "K75A-D090": {"K75A-D100": 47.869838531995256}, "K75P-U050": {"K75P-U060": 154.78868525278685}, "K74-D050": {"K74-D060": 97.66447774393073}, "K75P-U060": {"K75P-U070": 32.096024689933884}, "K74-U020": {"K74-U030": 129.33110797238555}, "K75P-D040": {"K75P-D050": 171.6819585149512}, "K74-U004": {"K74-U007": 98.60670650900335}, "K75P-U040": {"K75P-U050": 99.48506582934239}, "K75A-U020": {"K75A-U030": 144.26082513712885}, "K73-D070": {"K73-D080": 154.02415383203027}, "K74-U011": {"K74-D100": 168.47831565417223}, "K73-D120": {"K73-D130": 112.97143789072416}, "K74-U100": {"K74-D010": 123.88952269399445}, "K74-D070": {"K74-D080": 273.5388708113654}, "K74-U040": {"K74-U050": 192.51455922721868}, "K74-D100": {"K74-D110": 85.72571083935483}, "K73-D080": {"K73-D090": 256.36226710977735}, "K75A-D060": {"K75A-D070": 47.80499481263655}, "K75P-U070": {"K75P-U080": 110.60308501499074}, "K75A-D040": {"K75A-D050": 58.358224898812374}, "K73-D020": {"K73-D030": 100.85157503020953}, "K73-D050": {"K73-D060": 64.29878854327228, "K73-D070": 106.27455358451782}, "K74-D110": {"K74-U002": 176.90980149695616}, "K74-D010": {"K74-D020": 162.10208349670606}, "K74-U070": {"K74-U080": 158.86632955331777}, "K73-D060": {"K73-D070": 32.37775094081504}, "K73-D150": {"K73-D160": 51.294746880004595}, "K74-D040": {"K74-D050": 81.58059188130585}, "K74-U050": {"K74-U060": 227.79224540980712}}