{"K76-U020": {"K76-U030": 145.17588543621721}, "K73-U070": {"K73-U080": 168.4597192013847}, "K76-U040": {"K76-U050": 157.13876843830727}, "K76-D030": {"K76-D040": 62.396667279023426}, "K75P-D050": {"K75P-D060": 84.58646118231142}, "K73-U080": {"K73-U090": 295.860549241384, "K73-U110": 151.48186865393524}, "K74-D020": {"K74-D030": 145.03112256127412}, "K73-U100": {"K73-U110": 231.04147578548796}, "K76-D010": {"K76-D020": 170.469997127746}, "K75A-D110": {"K75A-U011": 185.71118722481015}, "K75A-D080": {"K75A-D090": 105.39716644605832}, "K75P-U030": {"K75P-U040": 111.86934294760515}, "K75P-D070": {"K75P-D080": 95.85655937229642}, "K75P-U010": {"K75P-U020": 91.156799349892}, "K75A-D020": {"K75A-D030": 22.280973608976126}, "K74-D030": {"K74-D040": 143.53481865577996}, "K75A-D070": {"K75A-D080": 50.96104647730807}, "K74-U090": {"K74-U100": 198.3670943328676}, "K76-U010": {"K76-U020": 41.61908427435948}, "K74-U060": {"K74-U070": 145.53861946856114}, "K75A-D010": {"K75A-D020": 204.41681462812556}, "K74-D090": {"K74-U011": 73.47958689335289}, "K73-U110": {"K73-U120": 208.67963971494882}, "K73-U050": {"K73-U060": 106.81875472794351}, "K73-U060": {"K73-U070": 138.24948974007714}, "K74-U007": {"K74-U010": 268.55525312655186}, "K73-D030": {"K73-D040": 111.72583841901982}, "K73-D040": {"K73-D050": 83.16840858613024}, "K73-U090": {"K73-U100": 129.61392341654627}, "K75P-U140": {"K75P-D010": 154.88525426733344}, "K73-U030": {"K73-U040": 92.65983363901488}, "K73-U010": {"K73-U020": 65.68764853872717}, "K75P-U110": {"K75P-U120": 86.09673986646314}, "K76-D020": {"K76-D030": 127.22751215095158}, "K75A-U030": {"K75A-D010": 238.78526439698322}, "K75P-D060": {"K75P-D070": 171.1793305992593}, "K73-D110": {"K73-D120": 87.66501311049402}, "K75P-U090": {"K75P-U100": 43.6732421332964}, "K74-U080": {"K74-U090": 232.7541081911103}, "K75P-U120": {"K75P-U130": 62.94759682080711}, "K73-U040": {"K73-U050": 105.61319078352673, "K73-U060": 209.95525787065608}, "K75P-U020": {"K75P-U030": 106.19497594973741}, "K73-D010": {"K73-D020": 75.94371972074607}, "K74-D080": {"K74-D090": 166.41754460152362}, "K74-D060": {"K74-D070": 151.55382359009917}, "K75P-D010": {"K75P-D020": 146.0537176737699}, "K73-D090": {"K73-D100": 80.88019706169395}, "K73-D100": {"K73-D110": 192.92316231622718}, "K75A-U010": {"K75A-U020": 48.98944193744468}, "K73-U020": {"K73-U030": 171.81860608986253}, "K75P-U100": {"K75P-U110": 59.612123422486285}, "K75A-D030": {"K75A-D040": 46.272976294798276}, "K75P-D080": {"K75P-U011": 148.209510067867}, "K75P-D020": {"K75P-D030": 37.23687044298443}, "K75P-U080": {"K75P-U090": 46.56175121914133}, "K75P-D030": {"K75P-D040": 115.08379971312486}, "K75A-D050": {"K75A-D060": 77.56627712874514}, "K76-U030": {"K76-U040": 163.0854266580546}, "K74-U001": {"K74-U004": 156.02039513774076}, "K75P-U130": {"K75P-U140": 35.430823769277715}, "K73-D130": {"K73-D140": 143.7003428429381}, "K74-U030": {"K74-U040": 284.6314246455719}, "K75A-D100": {"K75A-D110": 104.34557539589439}, "K73-D140": {"K73-D150": 172.7464671069964}, "K74-U010": {"K74-U020": 175.5471913818887}, "K75A-D090": {"K75A-D100": 48.99323837687769}, "K75P-U050": {"K75P-U060": 157.63413201039734}, "K74-D050": {"K74-D060": 102.69211368189664}, "K75P-U060": {"K75P-U070": 28.859313141034942}, "K74-U020": {"K74-U030": 130.10069695150796}, "K75P-D040": {"K75P-D050": 165.23480126038552}, "K74-U004": {"K74-U007": 101.7504883847133}, "K75P-U040": {"K75P-U050": 110.48872564778256}, "K75A-U020": {"K75A-U030": 151.795869357257}, "K73-D070": {"K73-D080": 163.48926757671933}, "K74-U011": {"K74-D100": 170.38666626002453}, "K73-D120": {"K73-D130": 106.27250446435843}, "K74-U100": {"K74-D010": 120.07289738082258}, "K74-D070": {"K74-D080": 257.33986912632395}, "K74-U040": {"K74-U050": 170.4546138636144}, "K74-D100": {"K74-D110": 89.07779239439489}, "K73-D080": {"K73-D090": 274.64195612543915}, "K75A-D060": {"K75A-D070": 43.1353399908344}, "K75P-U070": {"K75P-U080": 114.08462597842599}, "K75A-D040": {"K75A-D050": 58.27601360568324}, "K73-D020": {"K73-D030": 91.42110092922846}, "K73-D050": {"K73-D060": 64.29878854327228, "K73-D070": 110.87856881751998}, "K74-D110": {"K74-U002": 163.52871342760722}, "K74-D010": {"K74-D020": 153.84451334367708}, "K74-U070": {"K74-U080": 150.81946432410354}, "K73-D060": {"K73-D070": 32.37775094081504}, "K73-D150": {"K73-D160": 41.77150839040454}, "K74-D040": {"K74-D050": 82.522541888906}, "K74-U050": {"K74-U060": 230.6241787585137}}