{"K76-U020": {"K76-U030": 136.02890487862393}, "K73-U070": {"K73-U080": 144.22366978709096}, "K76-U040": {"K76-U050": 131.19316299397556}, "K76-D030": {"K76-D040": 47.347369159823344}, "K75P-D050": {"K75P-D060": 74.69526396450127}, "K73-U080": {"K73-U090": 255.8560561850555, "K73-U110": 137.71078968539587}, "K74-D020": {"K74-D030": 131.84647505570385}, "K73-U100": {"K73-U110": 215.3342878683202}, "K76-D010": {"K76-D020": 154.9727246615875}, "K75A-D110": {"K75A-U011": 150.76721953539587}, "K75A-D080": {"K75A-D090": 83.77502300465324}, "K75P-U030": {"K75P-U040": 101.24199873024254}, "K75P-D070": {"K75P-D080": 78.50720359065151}, "K75P-U010": {"K75P-U020": 84.93904001128136}, "K75A-D020": {"K75A-D030": 17.40448975656298}, "K74-D030": {"K74-D040": 101.2901007541298}, "K75A-D070": {"K75A-D080": 34.901093086760525}, "K74-U090": {"K74-U100": 176.32279063376404}, "K76-U010": {"K76-U020": 13.582427860562024}, "K74-U060": {"K74-U070": 134.14520196172055}, "K75A-D010": {"K75A-D020": 163.20011771360026}, "K74-D090": {"K74-U011": 67.79782442284349}, "K73-U110": {"K73-U120": 210.59657494295033}, "K73-U050": {"K73-U060": 93.8275289838502}, "K73-U060": {"K73-U070": 131.87626851302772}, "K74-U007": {"K74-U010": 221.40190069565742}, "K73-D030": {"K73-D040": 98.90128952415755}, "K73-D040": {"K73-D050": 69.94715472488167}, "K73-U090": {"K73-U100": 93.0067231303732}, "K75P-U140": {"K75P-D010": 127.61771417272595}, "K73-U030": {"K73-U040": 80.23116790339478}, "K73-U010": {"K73-U020": 58.04643771152136}, "K75P-U110": {"K75P-U120": 74.39251763739858}, "K76-D020": {"K76-D030": 110.74775478166305}, "K75A-U030": {"K75A-D010": 199.56579819468269}, "K75P-D060": {"K75P-D070": 155.1477304419739}, "K73-D110": {"K73-D120": 63.87976230381416}, "K75P-U090": {"K75P-U100": 35.269690677531536}, "K74-U080": {"K74-U090": 221.81799642573105}, "K75P-U120": {"K75P-U130": 57.026209396375904}, "K73-U040": {"K73-U050": 91.97609972641358, "K73-U060": 183.45799250694947}, "K75P-U020": {"K75P-U030": 99.14929460002375}, "K73-D010": {"K73-D020": 70.4291366938177}, "K74-D080": {"K74-D090": 148.71585833191338}, "K74-D060": {"K74-D070": 130.68585638115923}, "K75P-D010": {"K75P-D020": 125.13572742457625}, "K73-D090": {"K73-D100": 76.22815478081851}, "K73-D100": {"K73-D110": 166.79049429043988}, "K75A-U010": {"K75A-U020": 37.59689758183857}, "K73-U020": {"K73-U030": 155.65438617622982}, "K75P-U100": {"K75P-U110": 54.61019707372657}, "K75A-D030": {"K75A-D040": 42.23845918591782}, "K75P-D080": {"K75P-U011": 124.54513404925078}, "K75P-D020": {"K75P-D030": 30.990784003217108}, "K75P-U080": {"K75P-U090": 37.33310221236524}, "K75P-D030": {"K75P-D040": 107.07129784096965}, "K75A-D050": {"K75A-D060": 64.58182019888464}, "K76-U030": {"K76-U040": 148.25947878004982}, "K74-U001": {"K74-U004": 135.41209530722202}, "K75P-U130": {"K75P-U140": 30.429831278874882}, "K73-D130": {"K73-D140": 127.55873598456712}, "K74-U030": {"K74-U040": 259.8254957562657}, "K75A-D100": {"K75A-D110": 90.59035793206994}, "K73-D140": {"K73-D150": 163.50054560229106}, "K74-U010": {"K74-U020": 145.8855609636135}, "K75A-D090": {"K75A-D100": 45.67047092377746}, "K75P-U050": {"K75P-U060": 143.176372096068}, "K74-D050": {"K74-D060": 97.28504619469551}, "K75P-U060": {"K75P-U070": 26.860797659761907}, "K74-U020": {"K74-U030": 109.49906207385997}, "K75P-D040": {"K75P-D050": 146.42520668041197}, "K74-U004": {"K74-U007": 84.56741604283216}, "K75P-U040": {"K75P-U050": 95.07586250178919}, "K75A-U020": {"K75A-U030": 113.41276536419961}, "K73-D070": {"K73-D080": 137.14220887005277}, "K74-U011": {"K74-D100": 160.22320431466954}, "K73-D120": {"K73-D130": 104.33940804143359}, "K74-U100": {"K74-D010": 100.36989291198692}, "K74-D070": {"K74-D080": 230.73682486711732}, "K74-U040": {"K74-U050": 142.18619917923553}, "K74-D100": {"K74-D110": 76.67461142964126}, "K73-D080": {"K73-D090": 232.46282120122186}, "K75A-D060": {"K75A-D070": 34.73050930852541}, "K75P-U070": {"K75P-U080": 95.17241852165634}, "K75A-D040": {"K75A-D050": 39.95801947233643}, "K73-D020": {"K73-D030": 79.11885813517324}, "K73-D050": {"K73-D060": 61.89776836340892}, "K74-D110": {"K74-U002": 149.59201504806882}, "K74-D010": {"K74-D020": 132.239145350161}, "K74-U070": {"K74-U080": 142.48906466249642}, "K73-D060": {"K73-D070": 29.813171901848428}, "K73-D150": {"K73-D160": 41.06303744775829}, "K74-D040": {"K74-D050": 77.54737905225548}, "K74-U050": {"K74-U060": 196.53959755666244}}