{"K76-U020": {"K76-U030": 152.68276697165356}, "K73-U070": {"K73-U080": 150.88925283526345}, "K76-U040": {"K76-U050": 173.9941921590626}, "K76-D030": {"K76-D040": 55.92666117209179}, "K75P-D050": {"K75P-D060": 85.18587698179996}, "K73-U080": {"K73-U090": 268.88136864628103, "K73-U110": 151.48186865393524}, "K74-D020": {"K74-D030": 145.03112256127412}, "K73-U100": {"K73-U110": 223.68396222281498}, "K76-D010": {"K76-D020": 170.469997127746}, "K75A-D110": {"K75A-U011": 187.66883791431232}, "K75A-D080": {"K75A-D090": 110.50905992502332}, "K75P-U030": {"K75P-U040": 106.96822357410326}, "K75P-D070": {"K75P-D080": 90.5701372531881}, "K75P-U010": {"K75P-U020": 96.08326431935834}, "K75A-D020": {"K75A-D030": 27.97018275641603}, "K74-D030": {"K74-D040": 127.62664472561642}, "K75A-D070": {"K75A-D080": 48.271990260217386}, "K74-U090": {"K74-U100": 194.41457794119526}, "K76-U010": {"K76-U020": 10.064826398604898}, "K74-U060": {"K74-U070": 147.59093841268407}, "K75A-D010": {"K75A-D020": 211.18536318273232}, "K74-D090": {"K74-U011": 71.96806897608488}, "K73-U110": {"K73-U120": 224.70649081808293}, "K73-U050": {"K73-U060": 98.41880780657709}, "K73-U060": {"K73-U070": 141.4170687731033}, "K74-U007": {"K74-U010": 245.74826649679963}, "K73-D030": {"K73-D040": 117.13689537272043}, "K73-D040": {"K73-D050": 82.36552882287614}, "K73-U090": {"K73-U100": 130.03009823479158}, "K75P-U140": {"K75P-D010": 152.14811468101237}, "K73-U030": {"K73-U040": 93.09554086693387}, "K73-U010": {"K73-U020": 67.01032443156814}, "K75P-U110": {"K75P-U120": 87.51730180118446}, "K76-D020": {"K76-D030": 120.75520162586103}, "K75A-U030": {"K75A-D010": 237.68666315392724}, "K75P-D060": {"K75P-D070": 171.86341691309312}, "K73-D110": {"K73-D120": 83.39403902891806}, "K75P-U090": {"K75P-U100": 35.948572860143905}, "K74-U080": {"K74-U090": 215.64100912461564}, "K75P-U120": {"K75P-U130": 60.19296951478151}, "K73-U040": {"K73-U050": 110.95657397670554, "K73-U060": 209.86345895202595}, "K75P-U020": {"K75P-U030": 107.37547535102665}, "K73-D010": {"K73-D020": 75.3664434209646}, "K74-D080": {"K74-D090": 170.0681078125171}, "K74-D060": {"K74-D070": 154.5806006730792}, "K75P-D010": {"K75P-D020": 136.12941969427592}, "K73-D090": {"K73-D100": 76.69951576783504}, "K73-D100": {"K73-D110": 188.94887137745488}, "K75A-U010": {"K75A-U020": 44.72599160843629}, "K73-U020": {"K73-U030": 175.89746173851285}, "K75P-U100": {"K75P-U110": 66.19217730309141}, "K75A-D030": {"K75A-D040": 47.92526388209307}, "K75P-D080": {"K75P-U011": 145.50877234932616}, "K75P-D020": {"K75P-D030": 36.59114230692926}, "K75P-U080": {"K75P-U090": 38.805994190692005}, "K75P-D030": {"K75P-D040": 131.35941935118598}, "K75A-D050": {"K75A-D060": 76.72017140994936}, "K76-U030": {"K76-U040": 163.0854266580546}, "K74-U001": {"K74-U004": 169.5317193315339}, "K75P-U130": {"K75P-U140": 38.83581251656903}, "K73-D130": {"K73-D140": 136.7383279560966}, "K74-U030": {"K74-U040": 293.6990025798343}, "K75A-D100": {"K75A-D110": 98.07568966878375}, "K73-D140": {"K73-D150": 186.05626413968048}, "K74-U010": {"K74-U020": 162.41428171559465}, "K75A-D090": {"K75A-D100": 48.40388306006654}, "K75P-U050": {"K75P-U060": 156.7476642451499}, "K74-D050": {"K74-D060": 106.84453518770533}, "K75P-U060": {"K75P-U070": 32.4135980549425}, "K74-U020": {"K74-U030": 131.65333353900425}, "K75P-D040": {"K75P-D050": 170.51367253079698}, "K74-U004": {"K74-U007": 96.7935723668206}, "K75P-U040": {"K75P-U050": 104.18991139916761}, "K75A-U020": {"K75A-U030": 146.6042724953134}, "K73-D070": {"K73-D080": 156.38211520568376}, "K74-U011": {"K74-D100": 165.49799097417315}, "K73-D120": {"K73-D130": 113.01042522879894}, "K74-U100": {"K74-D010": 119.03800177265975}, "K74-D070": {"K74-D080": 270.49300305277444}, "K74-U040": {"K74-U050": 200.37972073597348}, "K74-D100": {"K74-D110": 86.70083034816841}, "K73-D080": {"K73-D090": 268.9145598543823}, "K75A-D060": {"K75A-D070": 47.716357069808495}, "K75P-U070": {"K75P-U080": 103.24022090169902}, "K75A-D040": {"K75A-D050": 54.88173628466499}, "K73-D020": {"K73-D030": 83.34644048338956}, "K73-D050": {"K73-D060": 64.29878854327228, "K73-D070": 109.03366705911283}, "K74-D110": {"K74-U002": 155.29092069366385}, "K74-D010": {"K74-D020": 159.2166825897779}, "K74-U070": {"K74-U080": 159.51658181248416}, "K73-D060": {"K73-D070": 32.37775094081504}, "K73-D150": {"K73-D160": 40.42835271717464}, "K74-D040": {"K74-D050": 82.23514542765787}, "K74-U050": {"K74-U060": 227.27900861699558}}