{"K76-U020": {"K76-U030": 139.42958942200943}, "K73-U070": {"K73-U080": 141.60907064943808}, "K76-U040": {"K76-U050": 178.19028753614757}, "K76-D030": {"K76-D040": 47.82910962930829}, "K75P-D050": {"K75P-D060": 81.92113407739095}, "K73-U080": {"K73-U090": 248.97447568331563, "K73-U110": 137.71078968539587}, "K74-D020": {"K74-D030": 131.84647505570385}, "K73-U100": {"K73-U110": 236.54236743333922}, "K76-D010": {"K76-D020": 154.9727246615875}, "K75A-D110": {"K75A-U011": 156.8297330668765}, "K75A-D080": {"K75A-D090": 82.19164072423936}, "K75P-U030": {"K75P-U040": 102.48675590946118}, "K75P-D070": {"K75P-D080": 79.91318711427286}, "K75P-U010": {"K75P-U020": 83.14718367619238}, "K75A-D020": {"K75A-D030": 21.26939074260639}, "K74-D030": {"K74-D040": 102.30679208244746}, "K75A-D070": {"K75A-D080": 36.48821386042521}, "K74-U090": {"K74-U100": 171.05227029021245}, "K76-U010": {"K76-U020": 9.861614595446321}, "K74-U060": {"K74-U070": 133.83116193698297}, "K75A-D010": {"K75A-D020": 162.42493385708863}, "K74-D090": {"K74-U011": 70.34759778575076}, "K73-U110": {"K73-U120": 183.23646815801467}, "K73-U050": {"K73-U060": 97.76865744588254}, "K73-U060": {"K73-U070": 122.16880391586824}, "K74-U007": {"K74-U010": 223.22500898110192}, "K73-D030": {"K73-D040": 98.7982257809527}, "K73-D040": {"K73-D050": 71.43693082003526}, "K73-U090": {"K73-U100": 108.99934573755145}, "K75P-U140": {"K75P-D010": 134.80484399791547}, "K73-U030": {"K73-U040": 78.89074869599243}, "K73-U010": {"K73-U020": 65.9427193858011}, "K75P-U110": {"K75P-U120": 76.06668684112782}, "K76-D020": {"K76-D030": 114.37069664562242}, "K75A-U030": {"K75A-D010": 207.171085539645}, "K75P-D060": {"K75P-D070": 159.4876304987762}, "K73-D110": {"K73-D120": 66.6361618466193}, "K75P-U090": {"K75P-U100": 37.614598951856024}, "K74-U080": {"K74-U090": 220.1811391722904}, "K75P-U120": {"K75P-U130": 53.75518354825149}, "K73-U040": {"K73-U050": 102.19679805995062, "K73-U060": 188.69658567547748}, "K75P-U020": {"K75P-U030": 100.23880017541569}, "K73-D010": {"K73-D020": 67.59956366127764}, "K74-D080": {"K74-D090": 147.93436002834065}, "K74-D060": {"K74-D070": 135.21310908364893}, "K75P-D010": {"K75P-D020": 120.02217752758432}, "K73-D090": {"K73-D100": 74.43927407770947}, "K73-D100": {"K73-D110": 165.1925569558929}, "K75A-U010": {"K75A-U020": 39.108931165312654}, "K73-U020": {"K73-U030": 162.70893382094692}, "K75P-U100": {"K75P-U110": 59.398396703859156}, "K75A-D030": {"K75A-D040": 37.32847830199586}, "K75P-D080": {"K75P-U011": 131.75335270960676}, "K75P-D020": {"K75P-D030": 27.41983663956996}, "K75P-U080": {"K75P-U090": 42.146547428916435}, "K75P-D030": {"K75P-D040": 118.58733100428428}, "K75A-D050": {"K75A-D060": 65.27307165867893}, "K76-U030": {"K76-U040": 148.25947878004982}, "K74-U001": {"K74-U004": 136.7639611005171}, "K75P-U130": {"K75P-U140": 36.37209314039197}, "K73-D130": {"K73-D140": 118.00538208545242}, "K74-U030": {"K74-U040": 257.37065708120303}, "K75A-D100": {"K75A-D110": 85.28414155448645}, "K73-D140": {"K73-D150": 176.03240930840002}, "K74-U010": {"K74-U020": 137.5177355398392}, "K75A-D090": {"K75A-D100": 44.355382113668476}, "K75P-U050": {"K75P-U060": 139.19623366274814}, "K74-D050": {"K74-D060": 93.10909214770022}, "K75P-U060": {"K75P-U070": 24.715196940333954}, "K74-U020": {"K74-U030": 115.66803395044485}, "K75P-D040": {"K75P-D050": 145.52994023359796}, "K74-U004": {"K74-U007": 92.88976283375794}, "K75P-U040": {"K75P-U050": 98.08146248513142}, "K75A-U020": {"K75A-U030": 116.22660186261346}, "K73-D070": {"K73-D080": 139.66694923882795}, "K74-U011": {"K74-D100": 161.0790182935387}, "K73-D120": {"K73-D130": 97.5304527612055}, "K74-U100": {"K74-D010": 101.97262170687227}, "K74-D070": {"K74-D080": 237.06037126153745}, "K74-U040": {"K74-U050": 149.49473459305443}, "K74-D100": {"K74-D110": 75.54232994489955}, "K73-D080": {"K73-D090": 231.55689507342876}, "K75A-D060": {"K75A-D070": 38.05656529099621}, "K75P-U070": {"K75P-U080": 96.30937256554569}, "K75A-D040": {"K75A-D050": 40.45110330357633}, "K73-D020": {"K73-D030": 88.0011745162585}, "K73-D050": {"K73-D060": 62.99680483752188}, "K74-D110": {"K74-U002": 155.96724490005957}, "K74-D010": {"K74-D020": 141.4818568500238}, "K74-U070": {"K74-U080": 146.0772466304735}, "K73-D060": {"K73-D070": 22.76270052910776}, "K73-D150": {"K73-D160": 44.952127682814464}, "K74-D040": {"K74-D050": 71.12457680755958}, "K74-U050": {"K74-U060": 193.670344148197}}