{"K76-U020": {"K76-U030": 161.4047219527244}, "K73-U070": {"K73-U080": 152.83137684334307}, "K76-U040": {"K76-U050": 177.45646264314615}, "K76-D030": {"K76-D040": 56.4309158835423}, "K75P-D050": {"K75P-D060": 84.4184206807468}, "K73-U080": {"K73-U090": 256.45232159135946, "K73-U110": 151.48186865393524}, "K74-D020": {"K74-D030": 145.03112256127412}, "K73-U100": {"K73-U110": 244.5644067988747}, "K76-D010": {"K76-D020": 170.469997127746}, "K75A-D110": {"K75A-U011": 182.70969517281588}, "K75A-D080": {"K75A-D090": 129.48612501480758}, "K75P-U030": {"K75P-U040": 114.94227590792373}, "K75P-D070": {"K75P-D080": 95.07031410445555}, "K75P-U010": {"K75P-U020": 94.07231444297535}, "K75A-D020": {"K75A-D030": 23.798939106364315}, "K74-D030": {"K74-D040": 141.92517330360957}, "K75A-D070": {"K75A-D080": 49.61867604950138}, "K74-U090": {"K74-U100": 205.17383653261498}, "K76-U010": {"K76-U020": 12.77590686420513}, "K74-U060": {"K74-U070": 135.42145359258106}, "K75A-D010": {"K75A-D020": 208.52876133905642}, "K74-D090": {"K74-U011": 72.84162820401761}, "K73-U110": {"K73-U120": 227.91976557919605}, "K73-U050": {"K73-U060": 106.76784484649879}, "K73-U060": {"K73-U070": 138.8796926797118}, "K74-U007": {"K74-U010": 275.0284795292563}, "K73-D030": {"K73-D040": 115.07513179524236}, "K73-D040": {"K73-D050": 85.26690458602407}, "K73-U090": {"K73-U100": 130.44668147517237}, "K75P-U140": {"K75P-D010": 147.2955323899592}, "K73-U030": {"K73-U040": 90.02131084424107}, "K73-U010": {"K73-U020": 65.81656153763383}, "K75P-U110": {"K75P-U120": 86.80376392374782}, "K76-D020": {"K76-D030": 125.27308124357705}, "K75A-U030": {"K75A-D010": 232.23727124655534}, "K75P-D060": {"K75P-D070": 176.14538878405975}, "K73-D110": {"K73-D120": 87.76404587125901}, "K75P-U090": {"K75P-U100": 41.5504370230809}, "K74-U080": {"K74-U090": 236.09740747007268}, "K75P-U120": {"K75P-U130": 63.006020533013476}, "K73-U040": {"K73-U050": 100.10083665858619, "K73-U060": 219.19091764647334}, "K75P-U020": {"K75P-U030": 107.78267334856045}, "K73-D010": {"K73-D020": 76.43590730121157}, "K74-D080": {"K74-D090": 172.10579014137124}, "K74-D060": {"K74-D070": 150.23906365746407}, "K75P-D010": {"K75P-D020": 140.42357056693533}, "K73-D090": {"K73-D100": 81.21134251599732}, "K73-D100": {"K73-D110": 192.10870320449814}, "K75A-U010": {"K75A-U020": 45.934369370268804}, "K73-U020": {"K73-U030": 174.88844222301313}, "K75P-U100": {"K75P-U110": 63.32289319655588}, "K75A-D030": {"K75A-D040": 48.445099895083885}, "K75P-D080": {"K75P-U011": 150.1409381417991}, "K75P-D020": {"K75P-D030": 33.73238944476123}, "K75P-U080": {"K75P-U090": 44.031737092255874}, "K75P-D030": {"K75P-D040": 130.34810644982886}, "K75A-D050": {"K75A-D060": 75.50018238357745}, "K76-U030": {"K76-U040": 163.0854266580546}, "K74-U001": {"K74-U004": 146.66227051239613}, "K75P-U130": {"K75P-U140": 39.10885856004133}, "K73-D130": {"K73-D140": 143.81799344532652}, "K74-U030": {"K74-U040": 281.8101085666219}, "K75A-D100": {"K75A-D110": 97.6227586571674}, "K73-D140": {"K73-D150": 183.63948852790548}, "K74-U010": {"K74-U020": 162.22957856166408}, "K75A-D090": {"K75A-D100": 50.960616060290405}, "K75P-U050": {"K75P-U060": 160.3927540120217}, "K74-D050": {"K74-D060": 102.61262020802315}, "K75P-U060": {"K75P-U070": 26.561552340768554}, "K74-U020": {"K74-U030": 129.02056453072143}, "K75P-D040": {"K75P-D050": 161.09393640024425}, "K74-U004": {"K74-U007": 98.69400603245599}, "K75P-U040": {"K75P-U050": 109.20342660775914}, "K75A-U020": {"K75A-U030": 145.83647792426865}, "K73-D070": {"K73-D080": 154.91511365156086}, "K74-U011": {"K74-D100": 171.42019967061984}, "K73-D120": {"K73-D130": 108.25686815534277}, "K74-U100": {"K74-D010": 117.40804219061968}, "K74-D070": {"K74-D080": 254.6424645930901}, "K74-U040": {"K74-U050": 169.3614135065749}, "K74-D100": {"K74-D110": 87.82790363096623}, "K73-D080": {"K73-D090": 270.88514067251054}, "K75A-D060": {"K75A-D070": 46.41825416720455}, "K75P-U070": {"K75P-U080": 107.03785844997961}, "K75A-D040": {"K75A-D050": 58.82750948498445}, "K73-D020": {"K73-D030": 97.82560443260924}, "K73-D050": {"K73-D060": 64.29878854327228, "K73-D070": 106.6424184073434}, "K74-D110": {"K74-U002": 163.95812887985306}, "K74-D010": {"K74-D020": 150.22549668430793}, "K74-U070": {"K74-U080": 153.25865448873992}, "K73-D060": {"K73-D070": 32.37775094081504}, "K73-D150": {"K73-D160": 44.702102530598566}, "K74-D040": {"K74-D050": 80.9654330370125}, "K74-U050": {"K74-U060": 230.45358479439605}}