{"K76-U020": {"K76-U030": 147.24811020793146}, "K73-U070": {"K73-U080": 140.82341898953715}, "K76-U040": {"K76-U050": 181.85754883464557}, "K76-D030": {"K76-D040": 47.60653352652592}, "K75P-D050": {"K75P-D060": 87.09865493914965}, "K73-U080": {"K73-U090": 262.0278946840815, "K73-U110": 147.1603581540155}, "K74-D020": {"K74-D030": 134.35155808176222}, "K73-U100": {"K73-U110": 209.8234827207963}, "K76-D010": {"K76-D020": 169.46870566311102}, "K75A-D110": {"K75A-U011": 174.7886607394616}, "K75A-D080": {"K75A-D090": 101.45572878419323}, "K75P-U030": {"K75P-U040": 97.94609515564606}, "K75P-D070": {"K75P-D080": 93.70524041897183}, "K75P-U010": {"K75P-U020": 94.13195023258758}, "K75A-D020": {"K75A-D030": 20.06691129598184}, "K74-D030": {"K74-D040": 111.50537399359584}, "K75A-D070": {"K75A-D080": 41.88052262728796}, "K74-U090": {"K74-U100": 179.39583453292056}, "K76-U010": {"K76-U020": 51.87822970678047}, "K74-U060": {"K74-U070": 129.18433222694017}, "K75A-D010": {"K75A-D020": 183.25594670554065}, "K74-D090": {"K74-U011": 73.8678932986156}, "K73-U110": {"K73-U120": 216.31080937767916}, "K73-U050": {"K73-U060": 103.40337179826179}, "K73-U060": {"K73-U070": 138.15471975512358}, "K74-U007": {"K74-U010": 230.04092528737314}, "K73-D030": {"K73-D040": 105.41679270556719}, "K73-D040": {"K73-D050": 73.04558669722702}, "K73-U090": {"K73-U100": 120.57625187234312}, "K75P-U140": {"K75P-D010": 133.2298693433042}, "K73-U030": {"K73-U040": 86.47295307493965}, "K73-U010": {"K73-U020": 60.627943264843815}, "K75P-U110": {"K75P-U120": 73.47527445037758}, "K76-D020": {"K76-D030": 111.87117930859742}, "K75A-U030": {"K75A-D010": 215.64757935313474}, "K75P-D060": {"K75P-D070": 168.3309799163162}, "K73-D110": {"K73-D120": 68.21458551292594}, "K75P-U090": {"K75P-U100": 40.0997040945861}, "K74-U080": {"K74-U090": 203.92342696064355}, "K75P-U120": {"K75P-U130": 56.03194455961697}, "K73-U040": {"K73-U050": 100.5408757054003, "K73-U060": 208.96518375328645}, "K75P-U020": {"K75P-U030": 110.39653194129605}, "K73-D010": {"K73-D020": 68.10646718269138}, "K74-D080": {"K74-D090": 158.05033443571295}, "K74-D060": {"K74-D070": 143.93122304313087}, "K75P-D010": {"K75P-D020": 123.67810349529142}, "K73-D090": {"K73-D100": 75.00170781138188}, "K73-D100": {"K73-D110": 181.87409524504716}, "K75A-U010": {"K75A-U020": 42.377430122792966}, "K73-U020": {"K73-U030": 166.70400917729128}, "K75P-U100": {"K75P-U110": 59.73338245521438}, "K75A-D030": {"K75A-D040": 43.26077754030175}, "K75P-D080": {"K75P-U011": 141.63059785511797}, "K75P-D020": {"K75P-D030": 30.912980645072384}, "K75P-U080": {"K75P-U090": 40.644660378212066}, "K75P-D030": {"K75P-D040": 131.68770590338158}, "K75A-D050": {"K75A-D060": 71.64704343275969}, "K76-U030": {"K76-U040": 159.69372533252286}, "K74-U001": {"K74-U004": 148.13264327012126}, "K75P-U130": {"K75P-U140": 35.82726426289013}, "K73-D130": {"K73-D140": 130.51106369683674}, "K74-U030": {"K74-U040": 265.3893785788467}, "K75A-D100": {"K75A-D110": 93.95282548839275}, "K73-D140": {"K73-D150": 165.14862795090002}, "K74-U010": {"K74-U020": 161.413124734282}, "K75A-D090": {"K75A-D100": 43.27811762763415}, "K75P-U050": {"K75P-U060": 135.58835833822474}, "K74-D050": {"K74-D060": 91.34938843699538}, "K75P-U060": {"K75P-U070": 26.641217605141907}, "K74-U020": {"K74-U030": 121.35878233923896}, "K75P-D040": {"K75P-D050": 157.40544641843664}, "K74-U004": {"K74-U007": 87.08029148894454}, "K75P-U040": {"K75P-U050": 98.26198344426426}, "K75A-U020": {"K75A-U030": 131.44744345993325}, "K73-D070": {"K73-D080": 142.7849588052855}, "K74-U011": {"K74-D100": 162.13330299332287}, "K73-D120": {"K73-D130": 103.11498261753404}, "K74-U100": {"K74-D010": 103.31410346808511}, "K74-D070": {"K74-D080": 230.9278896410543}, "K74-U040": {"K74-U050": 154.1793750402204}, "K74-D100": {"K74-D110": 78.75876884058093}, "K73-D080": {"K73-D090": 244.63898259703896}, "K75A-D060": {"K75A-D070": 41.120856797727996}, "K75P-U070": {"K75P-U080": 94.45524004202329}, "K75A-D040": {"K75A-D050": 44.49967337119244}, "K73-D020": {"K73-D030": 98.33434147237003}, "K73-D050": {"K73-D060": 69.65272549680842}, "K74-D110": {"K74-U002": 162.3811343044178}, "K74-D010": {"K74-D020": 148.72262975572477}, "K74-U070": {"K74-U080": 145.93167014531997}, "K73-D060": {"K73-D070": 27.861582735314887}, "K73-D150": {"K73-D160": 42.966553286593}, "K74-D040": {"K74-D050": 71.5833330110049}, "K74-U050": {"K74-U060": 202.81810574310708}}