{"KAT": {"DIH": 113.30670012506478, "SUW": 120.91291180103963}}