{"KAT": {"DIH": 133.43750521647715, "SUW": 117.70795126714816}}