{"KAT": {"DIH": 129.69987115640907, "SUW": 110.79715176467971}}