{"KAT": {"DIH": 144.84855926690108, "SUW": 123.57830447223}}