{"KAT": {"DIH": 125.37141296875605, "SUW": 126.90249543834197}}