{"KAT": {"DIH": 140.1250548936463, "SUW": 116.05438821699981}}