{"KAT": {"DIH": 127.31151795281608, "SUW": 127.2533622981161}}