{"KAT": {"DIH": 138.13274851572137, "SUW": 113.41028931558753}}