{"KAT": {"DIH": 135.8741560432772, "SUW": 118.96836491748289}}