{"KAT": {"DIH": 117.01291847003328, "SUW": 136.35483549844366}}