{"KAT": {"DIH": 133.30572175090407, "SUW": 108.5273478576293}}