{"KAT": {"DIH": 147.86241884802604, "SUW": 120.29671395367627}}