{"KAT": {"DIH": 132.8122987801419, "SUW": 133.2494713657897}}