{"KAT": {"DIH": 112.4871198005546, "SUW": 116.74994675117141}}