{"KAT": {"DIH": 120.7241805445349, "SUW": 133.0067348324299}}