{"KAT": {"DIH": 112.64497269053388, "SUW": 113.11111960625036}}