{"KAT": {"DIH": 146.10346867104832, "SUW": 110.4413343456259}}