{"KAT": {"DIH": 149.86698648245698, "SUW": 117.91936631474854}}