{"KAT": {"DIH": 144.9167929022554, "SUW": 127.63973201636654}}