{"KAT": {"DIH": 142.8653427887287, "SUW": 134.46356444119246}}