{"KAT": {"DIH": 119.60148625797663, "SUW": 119.3955897307231}}