{"KAT": {"DIH": 116.19592076515828, "SUW": 115.25536165824471}}