{"KAT": {"DIH": 133.55451321988744, "SUW": 126.93854108441067}}