{"KAT": {"DIH": 140.98145399705015, "SUW": 126.21336710000908}}