{"KAT": {"DIH": 136.36865481313376, "SUW": 120.6781159787522}}