{"KAT": {"DIH": 124.2380246202813, "SUW": 115.26075791916855}}