{"KAT": {"DIH": 151.5207275701486, "SUW": 118.02236540586694}}