{"KAT": {"DIH": 134.83248586009023, "SUW": 131.0894481124403}}