{"KAT": {"DIH": 124.8141535703924, "SUW": 122.11638820014642}}