{"KAT": {"DIH": 131.91020162047263, "SUW": 124.03252336302012}}