{"KAT": {"DIH": 145.97695975508955, "SUW": 120.46016048842303}}