{"KAT": {"DIH": 112.82593250857194, "SUW": 111.77790531272917}}