{"KAT": {"DIH": 142.24468112809123, "SUW": 118.07077528691858}}