{"KAT": {"DIH": 111.25103612063549, "SUW": 110.86433923636574}}