{"KAT": {"DIH": 106.81382561475039, "SUW": 123.16747884410717}}