{"KAT": {"DIH": 138.48552723276816, "SUW": 132.83290969284138}}