{"KAT": {"DIH": 116.43960466435192, "SUW": 113.11044711878021}}