{"KAT": {"DIH": 127.58090528682507, "SUW": 120.75452556423008}}