{"KAT": {"DIH": 134.6630590795287, "SUW": 131.03191096652844}}