{"KAT": {"DIH": 140.17169581110738, "SUW": 125.19943720977756}}