{"KAT": {"DIH": 129.29819171375388, "SUW": 119.46369775822673}}