{"KAT": {"DIH": 142.24468112809123, "SUW": 130.47963006693882}}