{"KOB": {"CHH": 153.79025569809636, "NTK": 111.06631445011222}, "KOT": {"TAW": 320.6334607893461, "MKK": 137.9909267884819, "SKM": 111.40663934754767, "LOF": 112.45412549326352}, "KOW": {"TSY": 661.66956150993, "HOK": 177.72150059192205, "OLY": 121.82868609035276}}