{"KOB": {"CHH": 136.32070126539236, "NTK": 111.25218121768208}, "KOT": {"TAW": 320.6334607893461, "MKK": 137.9909267884819, "SKM": 123.86755382150008, "LOF": 108.76619095018764}, "KOW": {"TSY": 661.66956150993, "HOK": 177.72150059192205, "OLY": 121.82868609035276}}