{"KOB": {"CHH": 111.38687108951521, "NTK": 102.74733343619137}, "KOT": {"TAW": 320.6334607687821, "MKK": 137.99092678740607, "SKM": 114.29815565632543, "LOF": 89.35054155609282}, "KOW": {"TSY": 661.66956150993, "HOK": 177.72150059192205, "OLY": 121.82868592446073}}