{"KOB": {"CHH": 103.91028631620239, "NTK": 73.84460409557057}, "KOT": {"TAW": 291.48496435395145, "MKK": 125.44629708043833, "SKM": 111.82587150788042, "LOF": 374.26310989767524}, "KOW": {"TSY": 601.5177831908458, "HOK": 161.565000538111, "OLY": 110.75335099122985}}