{"KOB": {"CHH": 105.44518833164832, "NTK": 111.53154681123924}, "KOT": {"TAW": 320.6334607893461, "MKK": 137.9909267884819, "SKM": 100.1528885971381, "LOF": 102.53909914048165}, "KOW": {"TSY": 661.66956150993, "HOK": 177.72150059192205, "OLY": 121.82868609035276}}