{"KOB": {"CHH": 105.05705389329368, "NTK": 103.01103439470549}, "KOT": {"TAW": 291.48496435395145, "MKK": 125.44629708043833, "SKM": 102.35598675379774, "LOF": 99.06714191537796}, "KOW": {"TSY": 601.5177831908458, "HOK": 161.565000538111, "OLY": 110.75335099122985}}