{"KOB": {"CHH": 106.33010323060167, "NTK": 97.26533929043971}, "KOT": {"TAW": 308.0859888531071, "MKK": 135.12111788592952, "SKM": 109.67513544137014, "LOF": 101.47842402152104}, "KOW": {"TSY": 653.5439482035886, "HOK": 177.22221377647628, "OLY": 117.53787435041177}}