{"KOB": {"CHH": 122.66346015868305, "NTK": 114.838913628663}, "KOT": {"TAW": 320.6334607884748, "MKK": 137.99092678846608, "SKM": 132.5765166367973, "LOF": 110.27320581630178}, "KOW": {"TSY": 661.66956150993, "HOK": 177.72150059192205, "OLY": 121.82868607963447}}