{"KOB": {"CHH": 144.08146113527283, "NTK": 86.76923824435036}, "KOT": {"TAW": 320.6334607893461, "MKK": 137.9909267884819, "SKM": 91.64164737382733, "LOF": 109.51388523695869}, "KOW": {"TSY": 661.66956150993, "HOK": 177.72150059192205, "OLY": 121.82868609035276}}