{"KOB": {"CHH": 128.58837890625, "NTK": 14.75}, "KOT": {"TAW": 291.48496435395145, "MKK": 125.44629708043831, "SKM": 29.260986328125, "LOF": 92.88238525390625}, "KOW": {"TSY": 601.5177831908458, "HOK": 161.565000538111, "OLY": 110.75335099122985}}