{"KOB": {"CHH": 104.7442429458979, "NTK": 89.86168019272682}, "KOT": {"TAW": 291.48496435395145, "MKK": 125.44629708043833, "SKM": 77.80278712975183, "LOF": 89.68237291321827}, "KOW": {"TSY": 601.5177831908458, "HOK": 161.565000538111, "OLY": 110.75335099122985}}