{"KOB": {"CHH": 375.14261982106325, "NTK": 107.49696309591386}, "KOT": {"TAW": 320.6334607893461, "MKK": 137.9909267884819, "SKM": 109.05220206228621, "LOF": 94.13614328475867}, "KOW": {"TSY": 661.66956150993, "HOK": 177.72150059192205, "OLY": 121.82868609035276}}