{"KOB": {"CHH": 101.90420214005921, "NTK": 94.70690967259767}, "KOT": {"TAW": 320.6334515199279, "MKK": 137.9909266652008, "SKM": 83.35662706311737, "LOF": 114.3545912464006}, "KOW": {"TSY": 661.6695615087503, "HOK": 177.72150059192205, "OLY": 121.82865032537113}}