{"KOB": {"CHH": 152.38253377475036, "NTK": 96.46385435506757}, "KOT": {"TAW": 320.6334607893461, "MKK": 137.9909267884819, "SKM": 100.08984912512044, "LOF": 110.60088090295392}, "KOW": {"TSY": 661.66956150993, "HOK": 177.72150059192205, "OLY": 121.82868609035276}}