{"KOB": {"CHH": 106.95380213217285, "NTK": 80.92127141969341}, "KOT": {"TAW": 320.6334607893461, "MKK": 137.9909267884819, "SKM": 94.34327169538804, "LOF": 105.04805695604121}, "KOW": {"TSY": 661.66956150993, "HOK": 177.72150059192205, "OLY": 121.82868609035276}}