{"KOB": {"CHH": 84.18234229377163, "NTK": 102.29846229202057}, "KOT": {"TAW": 320.6334607893461, "MKK": 137.9909267884819, "SKM": 103.46879587331868, "LOF": 91.07078300291653}, "KOW": {"TSY": 661.66956150993, "HOK": 177.72150059192205, "OLY": 121.82868609035276}}