{"KOB": {"CHH": 139.31774524799488, "NTK": 98.75678185296228}, "KOT": {"TAW": 320.6334607893461, "MKK": 137.9909267884819, "SKM": 99.05164865978173, "LOF": 103.4795535675266}, "KOW": {"TSY": 661.66956150993, "HOK": 177.72150059192205, "OLY": 121.82868609035276}}