{"KOB": {"CHH": 125.50474435302544, "NTK": 92.32529471273745}, "KOT": {"TAW": 320.6334607893461, "MKK": 137.9909267884819, "SKM": 101.00007883831671, "LOF": 99.10118317318666}, "KOW": {"TSY": 661.66956150993, "HOK": 177.72150059192205, "OLY": 121.82868609035276}}