{"KOB": {"CHH": 50.35368152947332, "NTK": 77.58263451287755}, "KOT": {"TAW": 291.48496435395145, "MKK": 125.44629708043833, "SKM": 76.49094081594265, "LOF": 89.91307155809167}, "KOW": {"TSY": 601.5177831908458, "HOK": 161.565000538111, "OLY": 110.75335099122985}}