{"KOB": {"CHH": 111.85072050719847, "NTK": 103.14351670692906}, "KOT": {"TAW": 320.6334607893461, "MKK": 137.9909267884819, "SKM": 93.44029386061025, "LOF": 273.89450934539957}, "KOW": {"TSY": 661.66956150993, "HOK": 177.72150059192205, "OLY": 121.82868609035276}}