{"KOB": {"CHH": 138.35377505878313, "NTK": 1501.4508223550774}, "KOT": {"TAW": 320.6334607893461, "MKK": 137.9909267884819, "SKM": 105.33457920295723, "LOF": 99.0167687423502}, "KOW": {"TSY": 661.66956150993, "HOK": 177.72150059192205, "OLY": 121.82868609035276}}