{"KOB": {"CHH": 148.89969788682887, "NTK": 84.90341389833914}, "KOT": {"TAW": 320.6334607893461, "MKK": 137.9909267884819, "SKM": 103.82888496809582, "LOF": 93.7094604229529}, "KOW": {"TSY": 661.66956150993, "HOK": 177.72150059192205, "OLY": 121.82868609035276}}