{"KOB": {"CHH": 143.46090727845203, "NTK": 115.04371470459088}, "KOT": {"TAW": 320.6334607893461, "MKK": 137.9909267884819, "SKM": 117.97744008436226, "LOF": 104.5405298831241}, "KOW": {"TSY": 661.66956150993, "HOK": 177.72150059192205, "OLY": 121.82868609035276}}