{"KOB": {"CHH": 87.45061969386984, "NTK": 82.82624837444807}, "KOT": {"TAW": 291.48496435395145, "MKK": 125.44629708043833, "SKM": 75.17967099502245, "LOF": 92.49844985373613}, "KOW": {"TSY": 601.5177831908458, "HOK": 161.565000538111, "OLY": 110.75335099122985}}