{"KOB": {"CHH": 102.49360327321988, "NTK": 82.79219776879856}, "KOT": {"TAW": 291.48496435395145, "MKK": 125.44629708043833, "SKM": 61.5607505209216, "LOF": 82.57083075705958}, "KOW": {"TSY": 601.5177831908458, "HOK": 161.565000538111, "OLY": 110.75335099122985}}