{"KOB": {"CHH": 119.12960961945139, "NTK": 93.0971236067173}, "KOT": {"TAW": 320.6334607893461, "MKK": 137.9909267884819, "SKM": 123.0557896161238, "LOF": 95.46419577642675}, "KOW": {"TSY": 661.66956150993, "HOK": 177.72150059192205, "OLY": 121.82868609035276}}