{"KOB": {"CHH": 124.3205170960714, "NTK": 80.80711619205076}, "KOT": {"TAW": 320.6325049562098, "MKK": 137.99087677651227, "SKM": 85.79830501619429, "LOF": 94.67170720483128}, "KOW": {"TSY": 661.6695523607463, "HOK": 177.72150059191245, "OLY": 121.82599755890404}}