{"KOB": {"CHH": 98.22167138083682, "NTK": 74.89271638567095}, "KOT": {"TAW": 291.48496435395145, "MKK": 125.44629708043833, "SKM": 107.9210329800195, "LOF": 231.8834163871304}, "KOW": {"TSY": 601.5177831908458, "HOK": 161.565000538111, "OLY": 110.75335099122985}}