{"KOB": {"CHH": 99.57202849990105, "NTK": 87.3977750232081}, "KOT": {"TAW": 291.48496435395145, "MKK": 125.44629708043833, "SKM": 105.2197467928044, "LOF": 80.04184472347507}, "KOW": {"TSY": 601.5177831908458, "HOK": 161.565000538111, "OLY": 110.75335099122985}}