{"KOB": {"CHH": 143.50810675706606, "NTK": 122.09526749602239}, "KOT": {"TAW": 320.6334607893461, "MKK": 137.9909267884819, "SKM": 115.36837860478136, "LOF": 200.3282999410285}, "KOW": {"TSY": 661.66956150993, "HOK": 177.72150059192205, "OLY": 121.82868609035276}}