{"KOB": {"CHH": 75.76410806439446, "NTK": 112.51282110979469}, "KOT": {"TAW": 320.6334607893461, "MKK": 137.9909267884819, "SKM": 119.22354534771236, "LOF": 94.79277239086767}, "KOW": {"TSY": 661.66956150993, "HOK": 177.72150059192205, "OLY": 121.82868609035276}}