{"KOB": {"CHH": 152.48550884629262, "NTK": 82.12892560350255}, "KOT": {"TAW": 320.6334607893461, "MKK": 137.9909267884819, "SKM": 98.75980321648878, "LOF": 82.54882862638769}, "KOW": {"TSY": 661.66956150993, "HOK": 177.72150059192205, "OLY": 121.82868609035276}}