{"KOB": {"CHH": 128.26301719820734, "NTK": 98.92184444111166}, "KOT": {"TAW": 320.4982584709131, "MKK": 137.98219323472725, "SKM": 97.22591410183688, "LOF": 93.70563562997823}, "KOW": {"TSY": 661.6577340431788, "HOK": 177.72148585663749, "OLY": 121.69608647272669}}