{"KOB": {"CHH": 117.09304393054795, "NTK": 115.10882213781338}, "KOT": {"TAW": 320.56879393956706, "MKK": 137.98912862721224, "SKM": 100.7033226916532, "LOF": 93.70563562997823}, "KOW": {"TSY": 661.6679637945529, "HOK": 177.72149973506933, "OLY": 121.78245146252111}}