{"KOB": {"CHH": 120.74642038772944, "NTK": 81.61319197251915}, "KOT": {"TAW": 320.6334607893461, "MKK": 137.9909267884819, "SKM": 112.73410932040915, "LOF": 106.40044878538524}, "KOW": {"TSY": 661.66956150993, "HOK": 177.72150059192205, "OLY": 121.82868609035276}}