{"KOB": {"CHH": 160.08032331918614, "NTK": 98.94772578554725}, "KOT": {"TAW": 320.6334607893461, "MKK": 137.9909267884819, "SKM": 113.68313955479798, "LOF": 105.50594135298657}, "KOW": {"TSY": 661.66956150993, "HOK": 177.72150059192205, "OLY": 121.82868609035276}}