{"KOB": {"CHH": 101.90420214005921, "NTK": 94.70690967259767}, "KOT": {"TAW": 320.63345403194035, "MKK": 137.99092672296533, "SKM": 88.22096435680564, "LOF": 112.53649701862602}, "KOW": {"TSY": 661.6695615095601, "HOK": 177.72150059192205, "OLY": 121.82866262494835}}