{"KOB": {"CHH": 119.22326625363277, "NTK": 95.28524914707552}, "KOT": {"TAW": 320.6334607893461, "MKK": 137.9909267884819, "SKM": 80.41672778067026, "LOF": 111.06510170805663}, "KOW": {"TSY": 661.66956150993, "HOK": 177.72150059192205, "OLY": 121.82868609035276}}