{"KOB": {"CHH": 222.6500542064638, "NTK": 124.73883740819001}, "KOT": {"TAW": 320.6334607893461, "MKK": 137.9909267884819, "SKM": 115.08374655249773, "LOF": 108.92681838167377}, "KOW": {"TSY": 661.66956150993, "HOK": 177.72150059192205, "OLY": 121.82868609035276}}