{"KOB": {"CHH": 122.66346015868305, "NTK": 114.838913628663}, "KOT": {"TAW": 320.63346078864043, "MKK": 137.9909267884704, "SKM": 132.51886497311756, "LOF": 110.27320581630178}, "KOW": {"TSY": 661.66956150993, "HOK": 177.72150059192205, "OLY": 121.82868608253914}}