{"KOB": {"CHH": 152.48550884629262, "NTK": 76.58769511500283}, "KOT": {"TAW": 320.6334607893461, "MKK": 137.9909267884819, "SKM": 88.38247310677626, "LOF": 85.66780332837817}, "KOW": {"TSY": 661.66956150993, "HOK": 177.72150059192205, "OLY": 121.82868609035276}}