{"KOB": {"CHH": 144.08146113527283, "NTK": 90.82622005475355}, "KOT": {"TAW": 320.6334607893461, "MKK": 137.9909267884819, "SKM": 107.60171107520895, "LOF": 109.80729231835463}, "KOW": {"TSY": 661.66956150993, "HOK": 177.72150059192205, "OLY": 121.82868609035276}}