{"KOB": {"CHH": 107.61482564991096, "NTK": 87.3977750232081}, "KOT": {"TAW": 291.48496435395145, "MKK": 125.44629708043833, "SKM": 109.92799490217155, "LOF": 81.53766025112756}, "KOW": {"TSY": 601.5177831908458, "HOK": 161.565000538111, "OLY": 110.75335099122985}}