{"KOB": {"CHH": 118.61922266082347, "NTK": 79.46644192186105}, "KOT": {"TAW": 291.48496435395145, "MKK": 125.44629708043833, "SKM": 99.2348606905043, "LOF": 115.15882363197765}, "KOW": {"TSY": 601.5177831908458, "HOK": 161.565000538111, "OLY": 110.75335099122985}}