{"KOB": {"CHH": 97.51442305660461, "NTK": 306.62851294479276}, "KOT": {"TAW": 320.6334607893461, "MKK": 137.9909267884819, "SKM": 124.77254840209136, "LOF": 98.62046773433642}, "KOW": {"TSY": 661.66956150993, "HOK": 177.72150059192205, "OLY": 121.82868609035276}}