{"KOB": {"CHH": 117.09304393054795, "NTK": 115.10882213781338}, "KOT": {"TAW": 320.5863186558573, "MKK": 137.98961592891638, "SKM": 100.7033226916532, "LOF": 94.7850720669804}, "KOW": {"TSY": 661.6685132488712, "HOK": 177.72150002974104, "OLY": 121.79835155103247}}