{"KOB": {"CHH": 150.2329300084715, "NTK": 102.32409721211828}, "KOT": {"TAW": 320.6334607893461, "MKK": 137.9909267884819, "SKM": 114.70955153371294, "LOF": 112.42408544303319}, "KOW": {"TSY": 661.66956150993, "HOK": 177.72150059192205, "OLY": 121.82868609035276}}