{"KOB": {"CHH": 140.13427687132207, "NTK": 94.548670121441}, "KOT": {"TAW": 320.6334607893461, "MKK": 137.9909267884819, "SKM": 125.47967063015426, "LOF": 108.02885884891357}, "KOW": {"TSY": 661.66956150993, "HOK": 177.72150059192205, "OLY": 121.82868609035276}}