{"KOB": {"CHH": 106.98256010453001, "NTK": 78.898488536342}, "KOT": {"TAW": 291.48496435395145, "MKK": 125.44629708043833, "SKM": 107.16507259143017, "LOF": 1348.6488180026047}, "KOW": {"TSY": 601.5177831908458, "HOK": 161.565000538111, "OLY": 110.75335099122985}}