{"KSR": {"TWW": 711.7006106110247, "YUL": 251.52075768895537}}