{"KSR": {"TWW": 711.6635432949486, "YUL": 251.44991689220987}}