{"KSR": {"TWW": 712.0342164548763, "YUL": 252.15832485881842}}