{"KSR": {"TWW": 712.0342164360512, "YUL": 252.15832483227626}}