{"KSR": {"TWW": 704.9514833473795, "YUL": 246.91416698366015}}