{"KSR": {"TWW": 712.0342161514496, "YUL": 252.15832397339258}}