{"KSR": {"TWW": 712.034177721967, "YUL": 252.1582648989534}}