{"KSR": {"TWW": 712.0342144285885, "YUL": 252.15831954538407}}