{"KSR": {"TWW": 712.0342161176429, "YUL": 252.15832350884597}}