{"KSR": {"TWW": 712.0342043006508, "YUL": 252.15829904854462}}