{"KSR": {"TWW": 712.0292854667707, "YUL": 252.15069157703365}}