{"KSR": {"TWW": 712.034007425377, "YUL": 252.15819949671263}}