{"KSR": {"TWW": 712.0342164556275, "YUL": 252.15832485950796}}