{"KSR": {"TWW": 712.0342148137415, "YUL": 252.15832055509742}}