{"KSR": {"TWW": 712.0309812338669, "YUL": 252.15426822031}}