{"KSR": {"TWW": 701.2390128155173, "YUL": 246.3314827752152}}