{"KSR": {"TWW": 711.8906100785085, "YUL": 251.91131827461817}}