{"KSR": {"TWW": 705.6597566582125, "YUL": 247.4385827712606}}