{"KSR": {"TWW": 711.9841440081187, "YUL": 252.06262944769986}}