{"KSR": {"TWW": 712.0214887113623, "YUL": 252.13129764882018}}