{"KSR": {"TWW": 712.0342164557088, "YUL": 252.15832485965944}}