{"KWF": {"LAK": 97.68104616631884, "KWH": 124.68388248136903}, "KWH": {"TWH": 160.18407451898878, "KWF": 103.13994660756998}, "KWT": {"NTK": 95.78120629600178, "LAT": 107.73356136836351}}