{"KWF": {"LAK": 133.37890718185173, "KWH": 115.2070429894103}, "KWH": {"TWH": 106.52334405318386, "KWF": 86.98523369042468}, "KWT": {"NTK": 95.46437876083043, "LAT": 99.49047298433445}}