{"KWF": {"LAK": 103.98305342834563, "KWH": 111.08841346232796}, "KWH": {"TWH": 115.34782323783284, "KWF": 98.88814841413009}, "KWT": {"NTK": 113.09314575335384, "LAT": 116.94153034828477}}