{"KWF": {"LAK": 129.93386943083297, "KWH": 117.5162138863055}, "KWH": {"TWH": 109.38249558721182, "KWF": 103.17008353960254}, "KWT": {"NTK": 110.7661309116897, "LAT": 111.08372289063891}}