{"KWF": {"LAK": 116.01467280480372, "KWH": 100.18711858154816}, "KWH": {"TWH": 142.47547105417735, "KWF": 72.77257827484198}, "KWT": {"NTK": 115.61522816905934, "LAT": 101.17213753319264}}