{"KWF": {"LAK": 111.82813693864837, "KWH": 135.67254999372048}, "KWH": {"TWH": 185.38990274941958, "KWF": 175.71206254124954}, "KWT": {"NTK": 100.21364880379176, "LAT": 90.62730831950462}}