{"KWF": {"LAK": 119.4877756856041, "KWH": 104.06611337774594}, "KWH": {"TWH": 145.9862676602204, "KWF": 104.51392687591392}, "KWT": {"NTK": 108.76413769574133, "LAT": 113.36301139503362}}