{"KWF": {"LAK": 121.29488493390586, "KWH": 110.73580908821609}, "KWH": {"TWH": 145.7523399881216, "KWF": 100.6914080555271}, "KWT": {"NTK": 84.26374998708395, "LAT": 86.97562779131245}}