{"KWF": {"LAK": 125.99234028172444, "KWH": 90.89633199620016}, "KWH": {"TWH": 129.67667262157337, "KWF": 109.56527994502846}, "KWT": {"NTK": 85.63480475096627, "LAT": 104.3371895039149}}