{"KWF": {"LAK": 95.93597853083055, "KWH": 104.85848862625747}, "KWH": {"TWH": 127.42850302949898, "KWF": 117.64342412609638}, "KWT": {"NTK": 119.14552589065165, "LAT": 100.7719254184783}}