{"KWF": {"LAK": 119.68924252780889, "KWH": 105.48784297331231}, "KWH": {"TWH": 119.22922491915783, "KWF": 90.44560427204979}, "KWT": {"NTK": 117.35347733922265, "LAT": 114.88303827787868}}