{"KWF": {"LAK": 100.95870860486846, "KWH": 105.13352728687953}, "KWH": {"TWH": 138.20231634233554, "KWF": 100.54332181473059}, "KWT": {"NTK": 112.38381015080726, "LAT": 107.77932955970387}}