{"KWF": {"LAK": 101.22755928565009, "KWH": 98.745213177973}, "KWH": {"TWH": 116.84829123726672, "KWF": 79.72904921930134}, "KWT": {"NTK": 94.89001361727377, "LAT": 53.29492757949239}}