{"KWF": {"LAK": 58.670517811288654, "KWH": 61.52235202516234}, "KWH": {"TWH": 95.03784294477319, "KWF": 94.42689788690436}, "KWT": {"NTK": 67.3243603506732, "LAT": 77.0435514525143}}