{"KWF": {"LAK": 128.1299436046221, "KWH": 112.59744334875339}, "KWH": {"TWH": 138.73524026620663, "KWF": 118.4701675832923}, "KWT": {"NTK": 95.172595252211, "LAT": 78.88166030578172}}