{"KWF": {"LAK": 102.4365522382008, "KWH": 105.07177337907083}, "KWH": {"TWH": 96.47430027363937, "KWF": 105.90437844239757}, "KWT": {"NTK": 94.55377778743923, "LAT": 103.85048441979612}}