{"KWF": {"LAK": 122.48368780914329, "KWH": 112.63098509095293}, "KWH": {"TWH": 143.8099438669776, "KWF": 95.7824043419429}, "KWT": {"NTK": 118.69730409417926, "LAT": 126.54357877098991}}