{"KWF": {"LAK": 123.11907081219142, "KWH": 96.9839799185614}, "KWH": {"TWH": 88.26072358677837, "KWF": 95.0738158625019}, "KWT": {"NTK": 258.6769004028405, "LAT": 103.29539576981408}}