{"KWF": {"LAK": 112.62449643678653, "KWH": 116.13396677976179}, "KWH": {"TWH": 135.75030721908547, "KWF": 119.07760745840737}, "KWT": {"NTK": 113.9539908823684, "LAT": 112.96613424035726}}