{"KWF": {"LAK": 121.73555935294466, "KWH": 89.66857527620849}, "KWH": {"TWH": 92.48058769367007, "KWF": 79.58960798523422}, "KWT": {"NTK": 7081.881548180112, "LAT": 86.14278767536626}}