{"KWF": {"LAK": 96.84762409053556, "KWH": 112.23119647689873}, "KWH": {"TWH": 119.76097386860656, "KWF": 103.70449903174911}, "KWT": {"NTK": 117.55983866911643, "LAT": 105.64874859811994}}