{"KWF": {"LAK": 117.2258453742995, "KWH": 115.57345146680082}, "KWH": {"TWH": 124.19408307634015, "KWF": 110.69538602205475}, "KWT": {"NTK": 88.05431171356304, "LAT": 88.44790755860478}}