{"KWF": {"LAK": 126.55586685512704, "KWH": 124.2821501826924}, "KWH": {"TWH": 136.51144824509817, "KWF": 121.44059575558285}, "KWT": {"NTK": 103.2035868689695, "LAT": 100.78277144974525}}