{"KWF": {"LAK": 122.88295309300922, "KWH": 106.32736978026416}, "KWH": {"TWH": 158.30607894908593, "KWF": 80.85842030537998}, "KWT": {"NTK": 113.79469796562148, "LAT": 93.94091053480574}}