{"KWF": {"LAK": 117.99785576353543, "KWH": 110.75099105935615}, "KWH": {"TWH": 128.82655877099182, "KWF": 100.4242957465307}, "KWT": {"NTK": 1055.8275917737137, "LAT": 80.41778709481221}}