{"KWF": {"LAK": 140.47064208113324, "KWH": 107.9583030835051}, "KWH": {"TWH": 136.66934085279348, "KWF": 110.07077725073319}, "KWT": {"NTK": 92.98059886549215, "LAT": 114.11565499051684}}