{"KWF": {"LAK": 125.88880192644235, "KWH": 109.03913429041586}, "KWH": {"TWH": 147.02540199964204, "KWF": 84.66149822759411}, "KWT": {"NTK": 117.30584442134196, "LAT": 96.3644524909975}}