{"KWF": {"LAK": 101.0859375, "KWH": 116.0703125}, "KWH": {"TWH": 123.1123046875, "KWF": 23.018310546875}, "KWT": {"NTK": 85.2236328125, "LAT": 121.3515625}}