{"KWF": {"LAK": 110.24579551407794, "KWH": 104.85848862625747}, "KWH": {"TWH": 132.8950874538942, "KWF": 116.19117354213806}, "KWT": {"NTK": 119.14552589065165, "LAT": 103.89473287663047}}