{"KWF": {"LAK": 108.25093930477722, "KWH": 108.61145605871168}, "KWH": {"TWH": 122.47120341815571, "KWF": 102.77556381626167}, "KWT": {"NTK": 108.70902680686795, "LAT": 104.35241091715334}}