{"KWF": {"LAK": 128.52340739059431, "KWH": 88.71288490645694}, "KWH": {"TWH": 110.48536588251145, "KWF": 103.67056513289235}, "KWT": {"NTK": 114.78455429562673, "LAT": 78.19734660110947}}