{"KWF": {"LAK": 76.32311942714382, "KWH": 65.3549432826043}, "KWH": {"TWH": 91.7735287560657, "KWF": 89.01820855955329}, "KWT": {"NTK": 51.3607546502099, "LAT": 81.03674282472808}}