{"KWF": {"LAK": 94.31719495903921, "KWH": 102.43858158473695}, "KWH": {"TWH": 137.5844367676194, "KWF": 89.2168400411758}, "KWT": {"NTK": 100.90348106411707, "LAT": 108.13780124223986}}