{"KWF": {"LAK": 91.40935897488038, "KWH": 115.79369079694735}, "KWH": {"TWH": 121.54908129574471, "KWF": 95.8934464187693}, "KWT": {"NTK": 100.38743516029332, "LAT": 74.44842067709925}}