{"KWF": {"LAK": 95.51463262214556, "KWH": 122.58598821773846}, "KWH": {"TWH": 128.3236370143243, "KWF": 109.62149705823717}, "KWT": {"NTK": 101.50432161250737, "LAT": 78.99319031777722}}