{"KWF": {"LAK": 125.93528168221954, "KWH": 112.36932279334265}, "KWH": {"TWH": 102.44687024627544, "KWF": 110.86254653834203}, "KWT": {"NTK": 101.8802040070432, "LAT": 109.19889238003486}}