{"KWF": {"LAK": 129.81456713834956, "KWH": 119.46254150736802}, "KWH": {"TWH": 129.12180093375596, "KWF": 115.0167688627082}, "KWT": {"NTK": 81.96759323918745, "LAT": 106.81752493428053}}