{"KWF": {"LAK": 133.02757816259782, "KWH": 116.09915146260755}, "KWH": {"TWH": 118.2217684095348, "KWF": 114.39079642645136}, "KWT": {"NTK": 104.82128549770705, "LAT": 113.53110282782825}}