{"KWF": {"LAK": 150.06098031229936, "KWH": 118.72662862072382}, "KWH": {"TWH": 150.61076621597923, "KWF": 116.47645067265796}, "KWT": {"NTK": 105.16023577047807, "LAT": 104.36528643456495}}