{"KWF": {"LAK": 154.3899781247771, "KWH": 118.96744274163434}, "KWH": {"TWH": 146.07951469956, "KWF": 117.07383408073107}, "KWT": {"NTK": 105.16023577047807, "LAT": 100.68365159396105}}