{"KWF": {"LAK": 135.47106665153487, "KWH": 96.93743677423012}, "KWH": {"TWH": 112.63682929426031, "KWF": 108.28315775764278}, "KWT": {"NTK": 118.03111511873195, "LAT": 82.47985074689868}}