{"KWF": {"LAK": 119.37729299813313, "KWH": 120.17077227274399}, "KWH": {"TWH": 128.62950262540804, "KWF": 102.14880336122151}, "KWT": {"NTK": 97.67201184714055, "LAT": 91.05207713878806}}