{"KWF": {"LAK": 119.58722846837982, "KWH": 93.79729672117155}, "KWH": {"TWH": 134.1950495529382, "KWF": 107.48715156481212}, "KWT": {"NTK": 95.63679170495611, "LAT": 111.01215732735565}}