{"KWF": {"LAK": 112.72939454890324, "KWH": 108.54423173853006}, "KWH": {"TWH": 128.45254169258249, "KWF": 84.53098378046198}, "KWT": {"NTK": 1705.6347131597715, "LAT": 82.1643170024859}}