{"KWF": {"LAK": 143.32929735021025, "KWH": 100.33380498326095}, "KWH": {"TWH": 129.2650574815465, "KWF": 106.2974160776915}, "KWT": {"NTK": 116.08720324617286, "LAT": 98.90019294001047}}