{"KWF": {"LAK": 135.9339664291949, "KWH": 104.53419326001105}, "KWH": {"TWH": 147.69376459241872, "KWF": 116.64527655010002}, "KWT": {"NTK": 116.1632080725067, "LAT": 112.34891702167306}}