{"KWF": {"LAK": 130.8917871254061, "KWH": 95.30798813130468}, "KWH": {"TWH": 149.99894948027983, "KWF": 95.7824043419429}, "KWT": {"NTK": 120.68757368476136, "LAT": 126.54357877098991}}