{"KWF": {"LAK": 90.09283275879844, "KWH": 109.43126604378153}, "KWH": {"TWH": 136.44884349524256, "KWF": 88.6425386096443}, "KWT": {"NTK": 122.41915207612973, "LAT": 119.91491126585497}}