{"KWF": {"LAK": 100.10314750977604, "KWH": 120.43366178244635}, "KWH": {"TWH": 136.44884349524256, "KWF": 109.43523285141274}, "KWT": {"NTK": 121.35461341792193, "LAT": 119.91491126585497}}