{"KWF": {"LAK": 119.58722846837982, "KWH": 93.79729672117155}, "KWH": {"TWH": 120.77554459764437, "KWF": 107.48715156481212}, "KWT": {"NTK": 90.331021152913, "LAT": 111.01215732735565}}