{"KWF": {"LAK": 130.14101646366655, "KWH": 113.64770482142232}, "KWH": {"TWH": 106.52334405318386, "KWF": 86.98523369042468}, "KWT": {"NTK": 95.46437876083043, "LAT": 100.541425685901}}