{"KWF": {"LAK": 145.26140220408726, "KWH": 108.89147851151988}, "KWH": {"TWH": 124.38351137967929, "KWF": 117.31634877119924}, "KWT": {"NTK": 106.67913730879407, "LAT": 109.91715047222824}}