{"KWF": {"LAK": 120.53025385375535, "KWH": 89.55255191241284}, "KWH": {"TWH": 131.0167217254869, "KWF": 107.08572396090236}, "KWT": {"NTK": 95.63679170495611, "LAT": 107.29925559308045}}