{"KWF": {"LAK": 136.08356177571014, "KWH": 110.1200053917061}, "KWH": {"TWH": 142.46913941337635, "KWF": 116.66849169795383}, "KWT": {"NTK": 116.94238979685444, "LAT": 108.27020095042276}}