{"KWF": {"LAK": 81.21705692281222, "KWH": 122.10529499434843}, "KWH": {"TWH": 122.7116151938942, "KWF": 134.7541372289842}, "KWT": {"NTK": 93.5757499779642, "LAT": 102.3389192895843}}