{"KWF": {"LAK": 128.52340739059431, "KWH": 94.85541346476165}, "KWH": {"TWH": 122.76151764723495, "KWF": 103.67056513289235}, "KWT": {"NTK": 124.32661024151449, "LAT": 107.26659341715977}}