{"KWF": {"LAK": 99.94048442030778, "KWH": 97.43272304492189}, "KWH": {"TWH": 120.20948921374836, "KWF": 101.58777708562707}, "KWT": {"NTK": 88.76545950013838, "LAT": 101.62972767511617}}