{"KWF": {"LAK": 87.26745802578057, "KWH": 108.13513527559437}, "KWH": {"TWH": 108.50240465883374, "KWF": 96.6332395915634}, "KWT": {"NTK": 105.17418391246164, "LAT": 113.014521040213}}