{"KWF": {"LAK": 128.01942090181166, "KWH": 108.9161768148169}, "KWH": {"TWH": 119.44844942996454, "KWF": 92.45711064185888}, "KWT": {"NTK": 93.52446691303449, "LAT": 99.69422939251965}}