{"KWF": {"LAK": 121.86630780723928, "KWH": 223.2552647238383}, "KWH": {"TWH": 200.3031056117604, "KWF": 304.2463351163177}, "KWT": {"NTK": 107.41775375105897, "LAT": 86.16035002423102}}