{"KWF": {"LAK": 128.79234757157897, "KWH": 98.93547038635678}, "KWH": {"TWH": 155.63214907902668, "KWF": 94.52374751697374}, "KWT": {"NTK": 121.81881631628524, "LAT": 128.61626892405164}}