{"KWF": {"LAK": 141.65941746571042, "KWH": 123.92732719452852}, "KWH": {"TWH": 151.39049195976287, "KWF": 122.95354394991455}, "KWT": {"NTK": 113.3928754150456, "LAT": 108.46490687680668}}