{"KWF": {"LAK": 135.2764153325029, "KWH": 122.11713502756811}, "KWH": {"TWH": 149.4514427637866, "KWF": 110.6581895549231}, "KWT": {"NTK": 111.83540617756823, "LAT": 114.31462540187286}}