{"KWF": {"LAK": 135.47106665153487, "KWH": 93.04159641581124}, "KWH": {"TWH": 112.63682929426031, "KWF": 108.28315775764278}, "KWT": {"NTK": 121.8344514660246, "LAT": 82.47985074689868}}