{"KWF": {"LAK": 106.20705122124302, "KWH": 123.7879823503832}, "KWH": {"TWH": 99.18911201098425, "KWF": 104.65090050683696}, "KWT": {"NTK": 117.1992760739566, "LAT": 114.29367281728142}}