{"KWF": {"LAK": 118.45957782541566, "KWH": 94.93781448238741}, "KWH": {"TWH": 99.23177078472682, "KWF": 96.98098339930495}, "KWT": {"NTK": 142.6814233183831, "LAT": 97.95966676703007}}