{"KWF": {"LAK": 106.34332192348356, "KWH": 110.18813643704739}, "KWH": {"TWH": 102.44687024627544, "KWF": 105.90437844239757}, "KWT": {"NTK": 98.53356000782577, "LAT": 103.85048441979612}}