{"KWF": {"LAK": 149.0218271712066, "KWH": 119.00308198374853}, "KWH": {"TWH": 136.07995393595488, "KWF": 107.70558507728076}, "KWT": {"NTK": 112.10988994658442, "LAT": 110.34101957426269}}