{"KWF": {"LAK": 110.90825584046942, "KWH": 99.26034213460244}, "KWH": {"TWH": 105.46479567547836, "KWF": 103.71543978904151}, "KWT": {"NTK": 75.85930118381462, "LAT": 95.64001116164934}}