{"KWF": {"LAK": 122.24380100201293, "KWH": 112.98293433928009}, "KWH": {"TWH": 114.40390868307892, "KWF": 86.98523369042468}, "KWT": {"NTK": 95.94614679627264, "LAT": 101.48728311731091}}