{"KWF": {"LAK": 114.49895282431439, "KWH": 113.91706901122753}, "KWH": {"TWH": 156.38643390803804, "KWF": 104.98810955732247}, "KWT": {"NTK": 82.55591263295744, "LAT": 106.59163344138942}}