{"KWF": {"LAK": 120.24170932386383, "KWH": 164.54396432609119}, "KWH": {"TWH": 193.320867591876, "KWF": 223.64661842283445}, "KWT": {"NTK": 103.14462362409486, "LAT": 91.14482508580818}}