{"KWF": {"LAK": 108.1482209034106, "KWH": 104.65429038037095}, "KWH": {"TWH": 113.91475484221303, "KWF": 95.84367194571345}, "KWT": {"NTK": 410.8031463361784, "LAT": 93.44831541569555}}