{"KWF": {"LAK": 114.68267508116408, "KWH": 112.83932549546304}, "KWH": {"TWH": 136.44884349524256, "KWF": 91.6334562738119}, "KWT": {"NTK": 124.42156186349857, "LAT": 117.74497031280828}}