{"KWF": {"LAK": 105.82641704496648, "KWH": 101.67782616679612}, "KWH": {"TWH": 86.97174850320127, "KWF": 106.50937287941096}, "KWT": {"NTK": 112.01057412058064, "LAT": 110.04598222251438}}