{"KWF": {"LAK": 113.29992173379813, "KWH": 111.33522086137427}, "KWH": {"TWH": 147.02540199964204, "KWF": 89.3953484048347}, "KWT": {"NTK": 117.30584442134196, "LAT": 96.3644524909975}}