{"KWF": {"LAK": 106.6963460991187, "KWH": 123.17918411534488}, "KWH": {"TWH": 105.55020080988581, "KWF": 104.65090050683696}, "KWT": {"NTK": 118.67934846656094, "LAT": 114.29367281728142}}