{"KWF": {"LAK": 119.23025897533492, "KWH": 98.0510195610577}, "KWH": {"TWH": 137.0952034027792, "KWF": 113.38205793324187}, "KWT": {"NTK": 108.50247800583006, "LAT": 103.7252202738501}}