{"KWF": {"LAK": 101.11294154968695, "KWH": 125.41549423323212}, "KWH": {"TWH": 144.1656670670899, "KWF": 106.02595194681298}, "KWT": {"NTK": 99.40308566640161, "LAT": 113.429766237537}}