{"LAK": {"NAC": 297.32505973367427, "MEF": 125.99402220766481, "KWF": 150.50726841384414, "TSY": 180.92058554925833}, "LAT": {"YAT": 107.24360869020154, "KWT": 127.84355856483187}}