{"LAK": {"NAC": 292.31642938518365, "MEF": 122.75914153872671, "KWF": 102.55969874411396, "TSY": 178.1776351143833}, "LAT": {"YAT": 99.86873043686883, "KWT": 99.43446171549445}}