{"LAK": {"NAC": 270.29550884882934, "MEF": 114.54008346068767, "KWF": 116.0953050048552, "TSY": 164.47325959027893}, "LAT": {"YAT": 84.04034685213034, "KWT": 90.364977466079}}