{"LAK": {"NAC": 297.32505857257695, "MEF": 125.98424703554713, "KWF": 145.24705647390996, "TSY": 180.9205845801104}, "LAT": {"YAT": 105.76590406392116, "KWT": 113.64056683230585}}