{"LAK": {"NAC": 270.29550884882934, "MEF": 114.54008346068767, "KWF": 103.0712829626852, "TSY": 164.47325959027893}, "LAT": {"YAT": 91.59106444368742, "KWT": 100.16215978221356}}