{"LAK": {"NAC": 293.2680691514041, "MEF": 122.75914153872671, "KWF": 105.50372886970256, "TSY": 178.1776351143833}, "LAT": {"YAT": 89.88185739318195, "KWT": 99.43446171549445}}