{"LAK": {"NAC": 297.325059733712, "MEF": 125.99409180675624, "KWF": 128.67796246210307, "TSY": 180.92058554930654}, "LAT": {"YAT": 111.39727826303127, "KWT": 120.7421070362665}}