{"LAK": {"NAC": 297.325059733712, "MEF": 125.99409180673422, "KWF": 118.25180639104494, "TSY": 180.92058554930654}, "LAT": {"YAT": 135.57027994084186, "KWT": 79.14795288016194}}