{"LAK": {"NAC": 297.325059733712, "MEF": 125.99409180675624, "KWF": 108.66835853584307, "TSY": 180.92058554930654}, "LAT": {"YAT": 92.29801200198627, "KWT": 95.01625377627302}}