{"LAK": {"NAC": 297.325059733712, "MEF": 125.99409180674022, "KWF": 130.54561017316456, "TSY": 180.92058554930654}, "LAT": {"YAT": 135.57027994084186, "KWT": 79.14795288016194}}