{"LAK": {"NAC": 270.29550884882934, "MEF": 114.5400834606877, "KWF": 115.35566434266902, "TSY": 164.4732595902789}, "LAT": {"YAT": 106.58205364537807, "KWT": 4425.30456493955}}