{"LAK": {"NAC": 270.29550884882934, "MEF": 114.54008346068767, "KWF": 121.78259293527967, "TSY": 164.47325959027893}, "LAT": {"YAT": 76.25337570982278, "KWT": 103.62720296969694}}