{"LAK": {"NAC": 297.3250133468477, "MEF": 125.95923436467744, "KWF": 158.91260346759236, "TSY": 180.9205541869291}, "LAT": {"YAT": 120.90849562090784, "KWT": 105.9102425683208}}