{"LAK": {"NAC": 297.325059733712, "MEF": 125.99409180675624, "KWF": 130.22889369859166, "TSY": 180.92058554930654}, "LAT": {"YAT": 103.50155776993265, "KWT": 115.59392360288071}}