{"LAK": {"NAC": 297.325059733712, "MEF": 125.99409180637576, "KWF": 119.471691940798, "TSY": 180.92058554930654}, "LAT": {"YAT": 71.52162597157708, "KWT": 125.741481733597}}