{"LAK": {"NAC": 297.30182771429077, "MEF": 125.76185537798622, "KWF": 133.64462581085124, "TSY": 180.90487827158853}, "LAT": {"YAT": 76.81523726849481, "KWT": 112.96766017889176}}