{"LAK": {"NAC": 297.325059733712, "MEF": 125.99409180675624, "KWF": 154.86040676593842, "TSY": 180.92058554930654}, "LAT": {"YAT": 67.66037158618153, "KWT": 94.98702876046772}}