{"LAK": {"NAC": 297.325059733712, "MEF": 125.99409180675543, "KWF": 105.07810972699092, "TSY": 180.92058554930654}, "LAT": {"YAT": 69.99941094484045, "KWT": 97.64133280069318}}