{"LAK": {"NAC": 297.325059733712, "MEF": 125.99409180675624, "KWF": 149.5366924091658, "TSY": 180.92058554930654}, "LAT": {"YAT": 117.51070144042119, "KWT": 107.75180026043597}}