{"LAK": {"NAC": 297.325059733712, "MEF": 125.99409180675624, "KWF": 172.34457199945425, "TSY": 180.92058554930654}, "LAT": {"YAT": 108.37686981527955, "KWT": 110.08384535712518}}