{"LAK": {"NAC": 270.29550884882934, "MEF": 114.5400834606877, "KWF": 119.05837197601795, "TSY": 164.4732595902789}, "LAT": {"YAT": 112.68214130401611, "KWT": 115.107421875}}