{"LAK": {"NAC": 270.29550884882934, "MEF": 114.54008346068767, "KWF": 103.36770450667397, "TSY": 164.47325959027893}, "LAT": {"YAT": 79.83165789488916, "KWT": 113.24729274246916}}