{"LAK": {"NAC": 297.3250567366191, "MEF": 125.98193776822643, "KWF": 148.51035889942074, "TSY": 180.92058390796416}, "LAT": {"YAT": 124.50306975144204, "KWT": 113.64056683230585}}