{"LAK": {"NAC": 297.325059733712, "MEF": 125.99409180675624, "KWF": 133.85616281386586, "TSY": 180.92058554930654}, "LAT": {"YAT": 79.78470405009826, "KWT": 101.62679490051484}}