{"LAK": {"NAC": 297.3250587931927, "MEF": 125.98424703554713, "KWF": 130.72235082651895, "TSY": 180.9205845801104}, "LAT": {"YAT": 105.76590406392116, "KWT": 113.64056683230585}}