{"LAK": {"NAC": 296.5732911882125, "MEF": 124.60155179038888, "KWF": 106.28102038445907, "TSY": 180.29308647116687}, "LAT": {"YAT": 91.64887403962963, "KWT": 106.1169139895505}}