{"LAK": {"NAC": 297.32485696549327, "MEF": 125.93506042251798, "KWF": 149.7439548982622, "TSY": 180.92039749368578}, "LAT": {"YAT": 108.36197347486015, "KWT": 104.18765775787551}}