{"LAK": {"NAC": 297.325059733712, "MEF": 125.9940918044741, "KWF": 113.6680707417734, "TSY": 180.92058554930654}, "LAT": {"YAT": 85.49062783381333, "KWT": 111.73653530728203}}