{"LAK": {"NAC": 297.325059733712, "MEF": 125.9940918066089, "KWF": 132.5178693741218, "TSY": 180.92058554930654}, "LAT": {"YAT": 77.47821818516482, "KWT": 126.93060020421358}}