{"LAK": {"NAC": 297.325059733712, "MEF": 125.99409180246187, "KWF": 112.39015720099424, "TSY": 180.92058554930654}, "LAT": {"YAT": 105.54398498001646, "KWT": 106.37226581145929}}