{"LAK": {"NAC": 296.8811479252801, "MEF": 124.74080579202564, "KWF": 106.28102038445907, "TSY": 180.67747954960677}, "LAT": {"YAT": 95.68398663566667, "KWT": 101.81810726854407}}