{"LAK": {"NAC": 297.325059733712, "MEF": 125.99409180675624, "KWF": 131.65381023743706, "TSY": 180.92058554930654}, "LAT": {"YAT": 121.1028909951219, "KWT": 119.08816039134021}}