{"LAK": {"NAC": 297.325059733712, "MEF": 125.9940918028913, "KWF": 116.77602733280534, "TSY": 180.92058554930654}, "LAT": {"YAT": 105.54398498001646, "KWT": 106.37226581145929}}