{"LAK": {"NAC": 297.325059733712, "MEF": 125.99409180675624, "KWF": 118.92746607440945, "TSY": 180.92058554930654}, "LAT": {"YAT": 92.7805408022601, "KWT": 102.83265052070817}}