{"LAK": {"NAC": 297.32505966619266, "MEF": 125.99261415941218, "KWF": 127.78122093955119, "TSY": 180.9205855036564}, "LAT": {"YAT": 109.39760582163436, "KWT": 125.28461857112124}}