{"LAK": {"NAC": 297.325059733712, "MEF": 125.99409180675624, "KWF": 133.71552968977903, "TSY": 180.92058554930654}, "LAT": {"YAT": 97.10766074400473, "KWT": 114.27384582769268}}