{"LAK": {"NAC": 297.325059733712, "MEF": 125.99409039559585, "KWF": 134.00645216137596, "TSY": 180.92058554930654}, "LAT": {"YAT": 86.59304708553742, "KWT": 111.34229339838733}}