{"LAK": {"NAC": 297.325059733712, "MEF": 125.99409180675624, "KWF": 129.64423463487316, "TSY": 180.92058554930654}, "LAT": {"YAT": 115.31179539305533, "KWT": 123.79299602943827}}