{"LAK": {"NAC": 270.29550884882934, "MEF": 114.54008346068767, "KWF": 109.16838474777315, "TSY": 164.47325959027893}, "LAT": {"YAT": 55.422205629798874, "KWT": 102.06294039130952}}