{"LAK": {"NAC": 297.325059733712, "MEF": 125.99409180675624, "KWF": 137.3212865911823, "TSY": 180.92058554930654}, "LAT": {"YAT": 70.6849878010659, "KWT": 107.34884861567821}}