{"LAK": {"NAC": 297.325059733712, "MEF": 125.99409180675624, "KWF": 86.62382265395044, "TSY": 180.92058554930654}, "LAT": {"YAT": 87.90482850379495, "KWT": 88.44223040557374}}