{"LAK": {"NAC": 270.29550884882934, "MEF": 114.54008346068767, "KWF": 131.03192802778227, "TSY": 164.47325959027893}, "LAT": {"YAT": 175.75169296554319, "KWT": 331.12374246700125}}