{"LAK": {"NAC": 270.29550884882934, "MEF": 114.54008346068767, "KWF": 126.84511448507676, "TSY": 164.47325959027893}, "LAT": {"YAT": 92.30061955755541, "KWT": 99.33804215134612}}