{"LAK": {"NAC": 270.29550884882934, "MEF": 114.5400834606877, "KWF": 128.00364824850112, "TSY": 164.4732595902789}, "LAT": {"YAT": 118.85408717545215, "KWT": 118.97210693359375}}