{"LAK": {"NAC": 297.32370879789295, "MEF": 125.90411865595863, "KWF": 119.26413470206526, "TSY": 180.91945792700017}, "LAT": {"YAT": 99.96046245467349, "KWT": 93.84863889969208}}