{"LAK": {"NAC": 297.3250519976907, "MEF": 125.97350883578318, "KWF": 161.9812879278748, "TSY": 180.92058131271466}, "LAT": {"YAT": 121.71614506370648, "KWT": 110.86729648033983}}