{"LAK": {"NAC": 297.325059733712, "MEF": 125.99409006458288, "KWF": 140.995619952316, "TSY": 180.92058554930654}, "LAT": {"YAT": 96.21449676170825, "KWT": 106.49665851652756}}