{"LAK": {"NAC": 297.32505968449044, "MEF": 125.99261415941218, "KWF": 127.78122093955119, "TSY": 180.92058551602767}, "LAT": {"YAT": 109.39760582163436, "KWT": 125.95615671400913}}