{"LAK": {"NAC": 270.29550884882934, "MEF": 114.5400834606877, "KWF": 31.735806465148926, "TSY": 164.4732595902789}, "LAT": {"YAT": 35.65704345703125, "KWT": 108.859375}}