{"LAK": {"NAC": 297.325059733712, "MEF": 125.99409180675624, "KWF": 122.68206724036773, "TSY": 180.92058554930654}, "LAT": {"YAT": 99.17718671842381, "KWT": 109.10700322975966}}