{"LAK": {"NAC": 270.29550884882934, "MEF": 114.54008346068767, "KWF": 120.33699602077343, "TSY": 164.47325959027893}, "LAT": {"YAT": 73.00029869469512, "KWT": 123.83778799735023}}