{"LAK": {"NAC": 297.3250597324803, "MEF": 125.99378757227187, "KWF": 133.33010850606857, "TSY": 180.9205855478961}, "LAT": {"YAT": 114.56771273044683, "KWT": 123.61977097805527}}