{"LAK": {"NAC": 297.325059733712, "MEF": 125.99409180675624, "KWF": 92.9214403885554, "TSY": 180.92058554930654}, "LAT": {"YAT": 91.44291108807391, "KWT": 104.30174736909692}}