{"LAK": {"NAC": 297.325059733712, "MEF": 125.99409180675624, "KWF": 151.32801531995776, "TSY": 180.92058554930654}, "LAT": {"YAT": 105.43918007150197, "KWT": 105.33772326534427}}