{"LAK": {"NAC": 270.29550884882934, "MEF": 114.5400834606877, "KWF": 114.1149322553542, "TSY": 164.4732595902789}, "LAT": {"YAT": 92.69775670567226, "KWT": 153.01019191359023}}