{"LAK": {"NAC": 297.32505959254536, "MEF": 125.9918396388792, "KWF": 135.75459375253234, "TSY": 180.92058546340758}, "LAT": {"YAT": 109.39760582163436, "KWT": 125.14957619013471}}