{"LAK": {"NAC": 297.325059733712, "MEF": 125.99409180675624, "KWF": 134.66390692611196, "TSY": 180.92058554930654}, "LAT": {"YAT": 107.0576973915338, "KWT": 111.59781604624155}}