{"LAK": {"NAC": 297.325059733712, "MEF": 125.99409180675624, "KWF": 133.47693551989894, "TSY": 180.92058554930654}, "LAT": {"YAT": 106.87233793106722, "KWT": 98.96170501348821}}