{"LAK": {"NAC": 297.325059733712, "MEF": 125.99409180675624, "KWF": 136.61283588655672, "TSY": 180.92058554930654}, "LAT": {"YAT": 100.53207390304432, "KWT": 121.46264666364422}}