{"LAK": {"NAC": 297.325059733712, "MEF": 125.99409180675624, "KWF": 121.8370297643647, "TSY": 180.92058554930654}, "LAT": {"YAT": 100.80653431151171, "KWT": 113.37143855727352}}