{"LAK": {"NAC": 297.325059733712, "MEF": 125.9940918067559, "KWF": 113.10879403027961, "TSY": 180.92058554930654}, "LAT": {"YAT": 75.81218495193694, "KWT": 92.28947956856148}}