{"LAK": {"NAC": 270.29550884882934, "MEF": 114.54008346068767, "KWF": 112.42759611966149, "TSY": 164.47325959027893}, "LAT": {"YAT": 97.46442914254723, "KWT": 101.79250181924718}}