{"LCK": {"MEF": 119.73451639493355, "CSW": 107.8578383920179}}