{"LCK": {"MEF": 109.83147152487808, "CSW": 108.61375009063238}}