{"LCK": {"MEF": 105.46903700152825, "CSW": 95.0601802305147}}