{"LCK": {"MEF": 103.98541201648933, "CSW": 101.5559373779388}}