{"LCK": {"MEF": 114.52552996627969, "CSW": 99.46823824099377}}