{"LCK": {"MEF": 17.142822265625, "CSW": 49.7109375}}