{"LCK": {"MEF": 83.52691827078874, "CSW": 99.20473606845547}}