{"LCK": {"MEF": 115.50489381458624, "CSW": 448.9493166211445}}