{"LCK": {"MEF": 106.15199857907166, "CSW": 79.86990556603116}}