{"LCK": {"MEF": 73.30918453532004, "CSW": 60.65569470200141}}