{"LCK": {"MEF": 124.63879768325418, "CSW": 98.11357707377924}}