{"LCK": {"MEF": 91.50744769583123, "CSW": 92.77889519349806}}