{"LCK": {"MEF": 90.32702055982824, "CSW": 102.22892698551325}}