{"LCK": {"MEF": 112.18781738256867, "CSW": 78.69015562051501}}