{"LCK": {"MEF": 102.72586611606229, "CSW": 663.0945231232197}}