{"LCK": {"MEF": 78.26725909884662, "CSW": 129.91380248895464}}