{"LCK": {"MEF": 113.11494799964746, "CSW": 82.59280606380659}}