{"LCK": {"MEF": 120.81088515998309, "CSW": 114.58443853229971}}