{"LCK": {"MEF": 107.4886188718926, "CSW": 78.69015562051501}}