{"LCK": {"MEF": 107.48641681138163, "CSW": 88.7363724433137}}