{"LCK": {"MEF": 89.25065497747386, "CSW": 57.581581987378435}}