{"LCK": {"MEF": 124.94802858604434, "CSW": 116.82676733360313}}