{"LCK": {"MEF": 107.43310820677644, "CSW": 92.32055656404012}}