{"LCK": {"MEF": 101.05528221824082, "CSW": 104.49258188501112}}