{"LCK": {"MEF": 113.04727559226517, "CSW": 102.0659069573953}}