{"LCK": {"MEF": 101.42312432826573, "CSW": 82.35063689166722}}