{"LCK": {"MEF": 77.46623879913477, "CSW": 72.27493552309978}}