{"LCK": {"MEF": 34.28564453125, "CSW": 49.7109375}}