{"LCK": {"MEF": 116.87683094161677, "CSW": 94.82427834851738}}