{"LCK": {"MEF": 125.18637796470307, "CSW": 101.52215602549292}}