{"LCK": {"MEF": 123.01153528162767, "CSW": 111.02428510893768}}