{"LCK": {"MEF": 127.08471912515756, "CSW": 101.1744794865585}}