{"LCK": {"MEF": 109.0818614365307, "CSW": 104.13645561159842}}