{"LCK": {"MEF": 102.84983780872108, "CSW": 92.51539881413707}}