{"LCK": {"MEF": 81.70860835976156, "CSW": 59.289812578811265}}