{"LCK": {"MEF": 110.06040146844832, "CSW": 119.007833459974}}