{"LCK": {"MEF": 93.61910001046104, "CSW": 110.17032492559242}}