{"LCK": {"MEF": 125.77555548335356, "CSW": 116.47016794174029}}