{"LCK": {"MEF": 79.55868084889211, "CSW": 91.89368197650371}}