{"LCK": {"MEF": 108.76870734672559, "CSW": 92.4458652706272}}