{"LCK": {"MEF": 117.10827455766385, "CSW": 95.0434111026199}}