{"LCK": {"MEF": 105.85591521324208, "CSW": 97.17997895070508}}