{"LCK": {"MEF": 125.76278341677906, "CSW": 74.77416824211238}}