{"LCK": {"MEF": 99.00062898412592, "CSW": 108.72136139407112}}