{"LCK": {"MEF": 86.46894668328002, "CSW": 98.58207266953274}}