{"LCK": {"MEF": 94.79302962015682, "CSW": 104.210504655064}}