{"LCK": {"MEF": 123.32917656928532, "CSW": 83.17992876781703}}