{"LCK": {"MEF": 112.19128627686041, "CSW": 92.77889519349806}}