{"LCK": {"MEF": 90.20669412664128, "CSW": 92.07813426752043}}