{"LCK": {"MEF": 117.62567927268654, "CSW": 106.89391110991599}}