{"LCK": {"MEF": 105.3255884668409, "CSW": 104.210504655064}}