{"LCK": {"MEF": 95.7159837581352, "CSW": 100.82469443584333}}