{"LCK": {"MEF": 79.03142253654035, "CSW": 87.66369636819502}}