{"LCK": {"MEF": 114.5812074576179, "CSW": 94.85180636449711}}