{"LCK": {"MEF": 129.85923944316954, "CSW": 111.39334358232956}}