{"LCK": {"MEF": 86.80579223119388, "CSW": 87.00473567409276}}