{"LCK": {"MEF": 99.84922069355093, "CSW": 101.45469757129429}}