{"LCK": {"MEF": 105.76661376753182, "CSW": 105.25629570431093}}