{"LCK": {"MEF": 116.87683094161677, "CSW": 100.28300902446226}}