{"LCK": {"MEF": 117.67077804067048, "CSW": 94.85180636449711}}