{"LCK": {"MEF": 92.41682594795924, "CSW": 860.5247230771189}}