{"LCK": {"MEF": 95.40958637426733, "CSW": 101.12278295007111}}