{"LCK": {"MEF": 107.48641681138163, "CSW": 91.86273519898234}}