{"LOP": {"TIS": 158.0923212624655, "YUL": 127.36331270681244}, "LOF": {"WTS": 104.29907986588448, "KOT": 112.78070361881205}, "LOW": {"SHS": 237.9570188328725}}