{"LOP": {"TIS": 173.82822388299095, "YUL": 131.70515456058743}, "LOF": {"WTS": 114.83343916745291, "KOT": 108.25150834400412}, "LOW": {"SHS": 261.7515314079777}}