{"LOP": {"TIS": 158.0923212624655, "YUL": 99.85333987289258}, "LOF": {"WTS": 103.38730818469017, "KOT": 102.91671075550252}, "LOW": {"SHS": 237.9570188328725}}