{"LOP": {"TIS": 173.901553388692, "YUL": 121.39502777934656}, "LOF": {"WTS": 102.48015720025197, "KOT": 111.15999103230165}, "LOW": {"SHS": 261.7527207161594}}