{"LOP": {"TIS": 158.0923212624655, "YUL": 111.09234144730871}, "LOF": {"WTS": 104.88415467751797, "KOT": 98.8003404401148}, "LOW": {"SHS": 237.9570188328725}}