{"LOP": {"TIS": 173.90155338871187, "YUL": 123.15285250149282}, "LOF": {"WTS": 112.51042566322099, "KOT": 118.79805974928153}, "LOW": {"SHS": 261.7527207161594}}