{"LOP": {"TIS": 173.90155338870343, "YUL": 121.49490719604782}, "LOF": {"WTS": 99.27633636277892, "KOT": 111.48479799419742}, "LOW": {"SHS": 261.7527207161594}}