{"LOP": {"TIS": 158.0923212624655, "YUL": 119.93795575958491}, "LOF": {"WTS": 67.34335576356628, "KOT": 103.67984914756664}, "LOW": {"SHS": 237.9570188328725}}