{"LOP": {"TIS": 158.0923212624655, "YUL": 93.66293158419943}, "LOF": {"WTS": 82.0622617687794, "KOT": 102.2630447063685}, "LOW": {"SHS": 237.9570188328725}}