{"LOP": {"TIS": 173.9015533717123, "YUL": 112.751415507475}, "LOF": {"WTS": 92.25423548841273, "KOT": 105.94478637406701}, "LOW": {"SHS": 261.7527207161594}}