{"LOP": {"TIS": 158.0923212624655, "YUL": 107.91714456767131}, "LOF": {"WTS": 100.29404449552757, "KOT": 101.64775172383506}, "LOW": {"SHS": 237.9570188328725}}