{"LOP": {"TIS": 173.90155042005748, "YUL": 122.26870054701526}, "LOF": {"WTS": 125.83755629308023, "KOT": 97.67779969874547}, "LOW": {"SHS": 261.7527207161568}}