{"LOP": {"TIS": 173.90155338871187, "YUL": 119.00629764640401}, "LOF": {"WTS": 97.88105294691648, "KOT": 117.3984057237262}, "LOW": {"SHS": 261.7527207161594}}