{"LOP": {"TIS": 172.98225069835078, "YUL": 125.49245779462365}, "LOF": {"WTS": 93.01985748198034, "KOT": 113.13679394331703}, "LOW": {"SHS": 261.4009992321136}}