{"LOP": {"TIS": 158.0923212624655, "YUL": 109.10608673095703}, "LOF": {"WTS": 118.74703486174813, "KOT": 118.04138177706045}, "LOW": {"SHS": 237.95701883287254}}