{"LOP": {"TIS": 173.90067545009143, "YUL": 121.80413389712123}, "LOF": {"WTS": 126.40529529969567, "KOT": 120.49065850496791}, "LOW": {"SHS": 261.75271997096445}}