{"LOP": {"TIS": 173.90151203667313, "YUL": 124.32556258886154}, "LOF": {"WTS": 116.57008370459201, "KOT": 120.6195693730311}, "LOW": {"SHS": 261.7527207155832}}