{"LOP": {"TIS": 173.90155338871187, "YUL": 124.89588627378222}, "LOF": {"WTS": 99.42375475777149, "KOT": 129.3626530955012}, "LOW": {"SHS": 261.7527207161594}}