{"LOP": {"TIS": 158.0923212624655, "YUL": 107.46776653622346}, "LOF": {"WTS": 86.81873066799749, "KOT": 100.69028232456658}, "LOW": {"SHS": 237.9570188328725}}