{"LOP": {"TIS": 158.0923212624655, "YUL": 106.36167843214662}, "LOF": {"WTS": 96.62267916789567, "KOT": 95.7913591761965}, "LOW": {"SHS": 237.9570188328725}}