{"LOP": {"TIS": 173.90155337494224, "YUL": 116.40864656105475}, "LOF": {"WTS": 100.01695116219756, "KOT": 115.42665690602287}, "LOW": {"SHS": 261.7527207161594}}