{"LOP": {"TIS": 158.0923212624655, "YUL": 104.6357352261878}, "LOF": {"WTS": 107.70169955108895, "KOT": 114.93930599471275}, "LOW": {"SHS": 237.9570188328725}}