{"LOP": {"TIS": 173.90155338870636, "YUL": 124.31560861132695}, "LOF": {"WTS": 89.34870272650103, "KOT": 101.87631819477767}, "LOW": {"SHS": 261.7527207161594}}