{"LOP": {"TIS": 173.90155338871187, "YUL": 131.80839213363623}, "LOF": {"WTS": 128.39382461833904, "KOT": 117.22700358047169}, "LOW": {"SHS": 261.7527207161594}}