{"LOP": {"TIS": 173.90103497473595, "YUL": 119.3794430249111}, "LOF": {"WTS": 101.183287415429, "KOT": 112.00384894059849}, "LOW": {"SHS": 261.7527201125515}}