{"LOP": {"TIS": 173.90155338587698, "YUL": 128.41235311130384}, "LOF": {"WTS": 104.91708045579512, "KOT": 103.13209027195307}, "LOW": {"SHS": 261.7527207161594}}