{"LOP": {"TIS": 158.0923212624655, "YUL": 106.96418504024828}, "LOF": {"WTS": 91.59102551604627, "KOT": 118.71708935309645}, "LOW": {"SHS": 237.9570188328725}}