{"LOP": {"TIS": 173.901553388692, "YUL": 120.2166975326073}, "LOF": {"WTS": 103.77387818964601, "KOT": 105.99765573703928}, "LOW": {"SHS": 261.7527207161594}}