{"LOP": {"TIS": 173.90155338828646, "YUL": 119.79743158286195}, "LOF": {"WTS": 92.56241303925557, "KOT": 84.95483523976627}, "LOW": {"SHS": 261.7527207161594}}