{"LOP": {"TIS": 173.90155338871187, "YUL": 120.50106725084315}, "LOF": {"WTS": 111.13263702701438, "KOT": 125.85198124160965}, "LOW": {"SHS": 261.7527207161594}}