{"LOP": {"TIS": 173.90155338871187, "YUL": 115.6668286972251}, "LOF": {"WTS": 88.97294765222483, "KOT": 100.58709399533674}, "LOW": {"SHS": 261.7527207161594}}