{"LOP": {"TIS": 158.0923212624655, "YUL": 93.66293158419943}, "LOF": {"WTS": 92.91611304493125, "KOT": 98.10252432885001}, "LOW": {"SHS": 237.9570188328725}}