{"LOP": {"TIS": 173.90155338871187, "YUL": 126.8676866741223}, "LOF": {"WTS": 104.35369510662045, "KOT": 113.55082418624298}, "LOW": {"SHS": 261.7527207161594}}