{"LOP": {"TIS": 173.90155338840177, "YUL": 119.79743158286195}, "LOF": {"WTS": 100.82555456179702, "KOT": 90.42935171578964}, "LOW": {"SHS": 261.7527207161594}}