{"LOP": {"TIS": 173.89809947461956, "YUL": 128.29946523476266}, "LOF": {"WTS": 118.51583231086707, "KOT": 115.45044674929832}, "LOW": {"SHS": 261.75271390568525}}