{"LOP": {"TIS": 173.9015533887087, "YUL": 126.39807867765735}, "LOF": {"WTS": 92.13648385885732, "KOT": 118.36193637597576}, "LOW": {"SHS": 261.7527207161594}}