{"LOP": {"TIS": 173.90155338871185, "YUL": 129.59773261805654}, "LOF": {"WTS": 119.01638598500674, "KOT": 104.03046377226337}, "LOW": {"SHS": 261.7527207161594}}