{"LOP": {"TIS": 173.90155302779294, "YUL": 120.28799508658729}, "LOF": {"WTS": 112.32974547748954, "KOT": 120.56033353903163}, "LOW": {"SHS": 261.7527207161594}}