{"LOP": {"TIS": 173.90155338871187, "YUL": 127.38091800671006}, "LOF": {"WTS": 107.41556342350832, "KOT": 120.390495748594}, "LOW": {"SHS": 261.7527207161594}}