{"LOP": {"TIS": 173.90149666437884, "YUL": 123.47284732095727}, "LOF": {"WTS": 112.49394198160765, "KOT": 113.30998227866344}, "LOW": {"SHS": 261.7527207151835}}