{"LOP": {"TIS": 173.90155338871187, "YUL": 124.53442579635234}, "LOF": {"WTS": 124.05206629471718, "KOT": 124.93412160882852}, "LOW": {"SHS": 261.7527207161594}}