{"LOP": {"TIS": 173.90155338871187, "YUL": 129.01218150569733}, "LOF": {"WTS": 103.15983384352425, "KOT": 117.89231415310806}, "LOW": {"SHS": 261.7527207161594}}