{"LOP": {"TIS": 173.3587143430806, "YUL": 126.72889081364515}, "LOF": {"WTS": 106.12284854494123, "KOT": 118.6615705062103}, "LOW": {"SHS": 261.68754601508067}}