{"LOP": {"TIS": 173.90155338871187, "YUL": 123.22650957895814}, "LOF": {"WTS": 117.57694223567394, "KOT": 84.4974456064837}, "LOW": {"SHS": 261.7527207161594}}