{"LOP": {"TIS": 173.90155338871142, "YUL": 126.43142893058639}, "LOF": {"WTS": 120.64065136733754, "KOT": 117.78766776386847}, "LOW": {"SHS": 261.7527207161594}}