{"LOP": {"TIS": 173.90155338871187, "YUL": 127.45577146529315}, "LOF": {"WTS": 121.33624699232996, "KOT": 87.86603274207992}, "LOW": {"SHS": 261.7527207161594}}