{"LOP": {"TIS": 158.0923212624655, "YUL": 154.93014785613533}, "LOF": {"WTS": 99.65783855557643, "KOT": 122.65705396624574}, "LOW": {"SHS": 237.9570188328725}}