{"LOP": {"TIS": 173.90155338871187, "YUL": 127.55007309985915}, "LOF": {"WTS": 95.48308434797225, "KOT": 105.35076267121792}, "LOW": {"SHS": 261.7527207161594}}