{"LOP": {"TIS": 173.90155338871187, "YUL": 123.22108777963926}, "LOF": {"WTS": 104.46318179014915, "KOT": 123.8558636820217}, "LOW": {"SHS": 261.7527207161594}}