{"LOP": {"TIS": 173.90155338871153, "YUL": 127.86828603752774}, "LOF": {"WTS": 110.9189276075434, "KOT": 99.06720979986011}, "LOW": {"SHS": 261.7527207161594}}