{"LOP": {"TIS": 173.89570415486813, "YUL": 128.40921633921317}, "LOF": {"WTS": 112.51538344402397, "KOT": 100.15878745879047}, "LOW": {"SHS": 261.7526909459266}}