{"LOP": {"TIS": 173.90155338871187, "YUL": 121.26960779825731}, "LOF": {"WTS": 113.20308905428718, "KOT": 105.72994461556227}, "LOW": {"SHS": 261.7527207161594}}