{"LOP": {"TIS": 173.89771570638706, "YUL": 128.29946523476266}, "LOF": {"WTS": 120.68425812318563, "KOT": 115.45044674929832}, "LOW": {"SHS": 261.7527131489659}}