{"LOP": {"TIS": 173.90155338871187, "YUL": 126.60513586580726}, "LOF": {"WTS": 119.79190974751825, "KOT": 107.42166526879035}, "LOW": {"SHS": 261.7527207161594}}