{"LOP": {"TIS": 158.0923212624655, "YUL": 107.50631691508806}, "LOF": {"WTS": 96.95616528878955, "KOT": 97.34290336275933}, "LOW": {"SHS": 237.9570188328725}}