{"LOP": {"TIS": 173.90155337494224, "YUL": 116.40864656105475}, "LOF": {"WTS": 95.60772351355283, "KOT": 113.5851743400254}, "LOW": {"SHS": 261.7527207161594}}