{"LOP": {"TIS": 173.90155338871165, "YUL": 129.28918246922194}, "LOF": {"WTS": 118.16028380668047, "KOT": 95.2538805389227}, "LOW": {"SHS": 261.7527207161594}}