{"LOP": {"TIS": 173.9015533775585, "YUL": 116.40864656105475}, "LOF": {"WTS": 106.09373044138002, "KOT": 115.42665690602287}, "LOW": {"SHS": 261.7527207161594}}