{"LOP": {"TIS": 158.0923212624655, "YUL": 314.3192244711539}, "LOF": {"WTS": 98.8344974566619, "KOT": 722.8327836318483}, "LOW": {"SHS": 237.9570188328725}}