{"LOP": {"TIS": 173.9015533886846, "YUL": 115.83634778135433}, "LOF": {"WTS": 115.30430909960668, "KOT": 115.98500630745328}, "LOW": {"SHS": 261.7527207161594}}