{"LR150": {"LR140": 2.1528394394075567, "LR160": 1.8638759785088925}, "LR295": {"LR060": 2.2061130684299455, "LR280": 2.7273154160724133, "LR070": 2.5225804146933424}, "LR350": {"LR360": 2.2633109205587436, "LR100": 2.6237492027045084}, "LR265": {"LR260": 2.170054086558047, "LR270": 2.2106849794690993}, "LR212": {"LR160": 3.2689339727508737, "LR220": 2.150047779539423, "LR170": 3.2522522861998224}, "LR530": {"LR520": 2.3210946878328738, "LR540": 1.4632353992762148}, "LR550": {"LR480": 2.0780591523816843, "LR540": 1.8352398694574792}, "LR480": {"LR468": 1.442172711805124, "LR550": 1.7307395392404175}, "LR140": {"LR130": 1.2602192122741867, "LR150": 1.7446542539380747, "LR140": 0.17360734645904835}, "LR080": {"LR075": 1.788084796562415, "LR090": 1.6327955540148023, "LR230": 1.535015711382869}, "LR490": {"LR468": 2.3707319029204976, "LR500": 2.3184014530183554}, "LR590": {"LR580": 1.720445474330385}, "LR390": {"LR400": 2.356722242235414, "LR380": 3.8749779019445874, "LR425": 3.3175778325010254}, "LR600": {"LR590": 4.055711508565503}, "LR310": {"LR320": 1.6812674756377894, "LR300": 1.63494383365341}, "LR340": {"LR330": 2.0962648138320863, "LR100": 2.6227815649721062}, "LR430": {"LR435": 2.1887328565094615, "LR425": 2.1706351237024957, "LR445": 3.1810801009799694}, "LR468": {"LR480": 1.3723130126202108, "LR460": 2.693495519820882, "LR490": 2.2637613288776737}, "LR500": {"LR490": 2.231402075531079, "LR455": 1.3043176339557063, "LR510": 2.254065742022612}, "LR050": {"LR200": 1.9030853892578243, "LR040": 1.7275982471879836}, "LR320": {"LR330": 1.5087277609883993, "LR310": 1.5616698182091953}, "LR120": {"LR130": 1.5985287893233324, "LR110": 2.1313512096465024, "LR100": 3.128819743383271}, "LR160": {"LR170": 2.5215127839168625, "LR150": 1.8887321787796842, "LR212": 2.690349268922732}, "LR030": {"LR040": 1.282827283187246, "LR020": 1.9603964467840442}, "LR445": {"LR448": 1.9730547276653614, "LR430": 4.090590867346639, "LR425": 2.9119045419915373}, "LR230": {"LR220": 1.7320704043932238, "LR075": 1.9605028294441673, "LR080": 1.398215084282357}, "LR200": {"LR170": 2.044892977468787, "LR050": 2.251901394428164, "LR060": 1.6263257436808107}, "LR130": {"LR120": 1.6991497421522284, "LR140": 2.001767183495935}, "LR400": {"LR390": 2.1669935720715214, "LR560": 2.460859073295535}, "LR170": {"LR200": 1.66432465762054, "LR160": 2.173527379906901, "LR212": 2.3010983180774884}, "LR070": {"LR075": 1.832798348544093, "LR295": 2.3320885220845544}, "LR455": {"LR450": 1.8019200133511197, "LR500": 2.4475241051380205}, "LR460": {"LR448": 1.5920154670403646, "LR468": 3.155292158379067}, "LR020": {"LR030": 1.8841208616502894, "LR015": 1.754644129699641}, "LR280": {"LR295": 2.102121643177127, "LR300": 2.1074321076085836, "LR270": 2.2534513947812593}, "LR380": {"LR390": 3.3197432221784324, "LR370": 2.030146725596257, "LR425": 111.76731144941814}, "LR560": {"LR570": 2.273807979800246, "LR400": 2.5180086530453893}, "LR360": {"LR350": 2.31200158580287, "LR370": 2.2700857972918635}, "LR920": {"LR265": 2.930915595463232}, "LR540": {"LR530": 2.082678977612141, "LR550": 2.2108194086525668}, "LR270": {"LR280": 2.4022008886949413, "LR265": 1.8889437856272568}, "LR370": {"LR380": 2.3522868702744146, "LR360": 2.4878888626534286}, "LR090": {"LR100": 2.6993287753387394, "LR080": 1.7274085620579491}, "LR100": {"LR090": 2.30137942074984, "LR350": 2.4880443211970293, "LR340": 1.5321495471795792, "LR110": 4.289158467989912, "LR120": 3.003940394944149}, "LR040": {"LR030": 1.7355717386018548, "LR050": 1.5506364314950654}, "LR075": {"LR070": 1.5840067158134734, "LR230": 2.24357879340978, "LR080": 2.232886748225337}, "LR510": {"LR500": 4.2579973119674435, "LR520": 1.6328897299507386}, "LR001": {"LR240": 4.248350422269852, "LR010": 2.7685348881802203}, "LR425": {"LR390": 3.211184525540429, "LR445": 2.6452534975458692, "LR430": 3.166304941066899, "LR380": 111.76731144941814}, "LR330": {"LR320": 1.7545411436719003, "LR340": 1.5285960393549023}, "LR260": {"LR265": 1.859398117663988, "LR250": 1.9610562866699162}, "LR435": {"LR430": 3.8763054321943153, "LR450": 1.333356516214636}, "LR580": {"LR590": 1.30483187276074, "LR570": 1.9515586317828824}, "LR448": {"LR460": 2.232954960779331, "LR445": 2.457554402828921}, "LR250": {"LR260": 1.9382551560262988, "LR240": 2.1194063827702165}, "LR015": {"LR020": 1.452397790325863, "LR010": 1.6170997192330767}, "LR570": {"LR580": 1.4386790322070127, "LR560": 1.9593549126053165}, "LR220": {"LR212": 1.752999034144242, "LR230": 1.0538073688879168}, "LR060": {"LR295": 2.1611410722825175, "LR190": 2.186610193654319}, "LR275": {"LR270": 1.8920987915155174}, "LR520": {"LR510": 1.8086690477262422, "LR530": 2.0744058597049078}, "LR300": {"LR310": 1.723014149695691, "LR280": 2.775695061480717}, "LR450": {"LR455": 2.0564576076470003, "LR435": 1.451391772213381}, "LR180": {"LR170": 1.8184452309367447}, "LR240": {"LR250": 2.432450437732413}, "LR190": {"LR180": 1.5146214007889445}, "LR110": {"LR120": 2.7140676376313237}, "LR010": {"LR015": 1.8302447008927303}}