{"LR150": {"LR140": 2.2671561719666697, "LR160": 1.8873342220378357}, "LR295": {"LR060": 1.9463531614971807, "LR280": 2.709262740170181, "LR070": 2.178258043504383}, "LR350": {"LR360": 2.1962188305433927, "LR100": 2.323758976910883}, "LR265": {"LR260": 1.8958346026842237, "LR270": 2.316558127422435}, "LR212": {"LR160": 3.826251392063958, "LR220": 1.8172883218387894, "LR170": 3.2239402196588713}, "LR530": {"LR520": 2.246596869775895, "LR540": 1.7990974469807555}, "LR550": {"LR480": 1.9744669610471692, "LR540": 1.8993097771469816}, "LR480": {"LR468": 1.2428615822852795, "LR550": 1.8854990551098787}, "LR140": {"LR130": 1.7648756134281662, "LR150": 1.9210087374529103, "LR140": 0.16358475739483752}, "LR080": {"LR075": 1.746818309291379, "LR090": 1.816119459155097, "LR230": 1.376967028684218}, "LR490": {"LR468": 2.5153129045601945, "LR500": 2.1050580671872776}, "LR590": {"LR580": 1.8471601980501284}, "LR390": {"LR400": 2.118474088118187, "LR380": 4.087808746070878, "LR425": 3.515647253952017}, "LR600": {"LR590": 3.9973468360540183}, "LR310": {"LR320": 1.9273441475316588, "LR300": 1.7825117303511562}, "LR340": {"LR330": 1.5266875990262732, "LR100": 2.655830427944712}, "LR430": {"LR435": 2.6455657728539195, "LR425": 2.2866623661093213, "LR445": 2.7076525623562686}, "LR468": {"LR480": 1.612353088135451, "LR460": 3.2807594806680385, "LR490": 2.49650983825022}, "LR500": {"LR490": 1.9507435247927944, "LR455": 1.5731184255388697, "LR510": 2.075122327224323}, "LR050": {"LR200": 1.900402704844197, "LR040": 1.6810309121150637}, "LR320": {"LR330": 1.4664653570716788, "LR310": 1.4403108279052752}, "LR120": {"LR130": 1.6439277862164947, "LR110": 2.545908143899026, "LR100": 3.2157713948687183}, "LR160": {"LR170": 2.627760127038626, "LR150": 1.821320781708882, "LR212": 2.7438957373667963}, "LR030": {"LR040": 1.6493501957854497, "LR020": 2.3883769582149763}, "LR445": {"LR448": 2.061189803826929, "LR430": 2.866846138532622, "LR425": 2.6609830242522476}, "LR230": {"LR220": 1.5726459265178985, "LR075": 1.904322200750514, "LR080": 1.4114213118766266}, "LR200": {"LR170": 2.2608299560271137, "LR050": 1.7773734099218959, "LR060": 1.998551509849264}, "LR130": {"LR120": 1.6598469133141271, "LR140": 1.8600430502752914}, "LR400": {"LR390": 2.5463159085136313, "LR560": 2.6389684517625938}, "LR170": {"LR200": 2.0121650701513945, "LR160": 2.3293138764160273, "LR212": 2.7403361504997736}, "LR070": {"LR075": 1.4564143850813207, "LR295": 2.4407783549122977}, "LR455": {"LR450": 1.7268872272470266, "LR500": 3.062934400762071}, "LR460": {"LR448": 1.8447766429665329, "LR468": 2.9968895346589095}, "LR020": {"LR030": 1.7613359482089073, "LR015": 1.6331930130969525}, "LR280": {"LR295": 2.1263226432065454, "LR300": 2.251281703204664, "LR270": 2.304754781017407}, "LR380": {"LR390": 3.5107373503311385, "LR370": 2.1690442194382213, "LR425": 111.76731144941814}, "LR560": {"LR570": 1.8860206524696939, "LR400": 2.350876879820696}, "LR360": {"LR350": 2.391453972338103, "LR370": 2.4740492444225657}, "LR920": {"LR265": 2.7964453597437844}, "LR540": {"LR530": 2.030985453805889, "LR550": 2.463962294896052}, "LR270": {"LR280": 1.8902795362559466, "LR265": 2.062818477078557}, "LR370": {"LR380": 2.228033776391428, "LR360": 2.27008212384864}, "LR090": {"LR100": 2.520437934698474, "LR080": 1.2110798096806912}, "LR100": {"LR090": 2.21542850469965, "LR350": 2.320101743564001, "LR340": 2.0079708868959076, "LR110": 3.020460516522828, "LR120": 3.181027081823576}, "LR040": {"LR030": 1.3308143927665521, "LR050": 1.5619884465055542}, "LR075": {"LR070": 1.5984399594486993, "LR230": 2.2141249509486465, "LR080": 2.3320616250715007}, "LR510": {"LR500": 4.596766561238182, "LR520": 2.238620379367089}, "LR001": {"LR240": 4.3933761849114585, "LR010": 2.118361402570078}, "LR425": {"LR390": 3.2831606016493593, "LR445": 3.165585903896514, "LR430": 2.796054825697575, "LR380": 111.76731144941814}, "LR330": {"LR320": 1.7581717883809547, "LR340": 1.2836759418172479}, "LR260": {"LR265": 2.067736078845694, "LR250": 2.1232917960031705}, "LR435": {"LR430": 3.438165794821336, "LR450": 1.3675419357040424}, "LR580": {"LR590": 1.7797541146356743, "LR570": 2.0785812795947445}, "LR448": {"LR460": 1.6886032382401233, "LR445": 2.3910999601568754}, "LR250": {"LR260": 1.8044563823077777, "LR240": 2.123291971279481}, "LR015": {"LR020": 1.359042814990262, "LR010": 1.567019635625515}, "LR570": {"LR580": 1.6956218016540467, "LR560": 2.08709208181705}, "LR220": {"LR212": 1.5714334319001517, "LR230": 1.6037642125400147}, "LR060": {"LR295": 2.234242348462721, "LR190": 2.080293601978145}, "LR275": {"LR270": 2.1407206064059183}, "LR520": {"LR510": 2.031055840996861, "LR530": 1.746597001154609}, "LR300": {"LR310": 1.5716945094529613, "LR280": 2.704437464186334}, "LR450": {"LR455": 1.634223994770408, "LR435": 1.5277264940380242}, "LR180": {"LR170": 1.8233759369570712}, "LR240": {"LR250": 2.425308476659399}, "LR190": {"LR180": 1.2517954527592663}, "LR110": {"LR120": 2.3791663367270024}, "LR010": {"LR015": 1.8925277684718504}}