{"LR150": {"LR140": 59.999999882561, "LR160": 59.99999999999345}, "LR295": {"LR060": 59.94480415922082, "LR280": 59.99999975647843, "LR070": 59.999682805946954}, "LR350": {"LR360": 59.99999818619982, "LR100": 59.999999046418466}, "LR265": {"LR260": 59.99999996328162, "LR270": 59.99999999999413}, "LR212": {"LR160": 59.8278798360209, "LR220": 59.99960789625287, "LR170": 59.06802020428029}, "LR530": {"LR520": 59.99456777373816, "LR540": 59.996393035359816}, "LR550": {"LR480": 59.999999931621005, "LR540": 59.99600219232675}, "LR480": {"LR468": 59.99999999997148, "LR550": 59.99887979479617}, "LR140": {"LR130": 59.99999962470057, "LR150": 59.99999999996824, "LR140": 59.98384435374394}, "LR080": {"LR075": 59.93140888753352, "LR090": 59.99827686563706, "LR230": 59.5870017228077}, "LR490": {"LR468": 59.38078502080559, "LR500": 59.37677072729518}, "LR590": {"LR580": 59.999999987105944}, "LR390": {"LR400": 59.99999999945754, "LR380": 59.99985256745735, "LR425": 59.860177134356}, "LR600": {"LR590": 59.99998393629826}, "LR310": {"LR320": 59.999974606620995, "LR300": 59.99998904708457}, "LR340": {"LR330": 59.99999113984869, "LR100": 59.443570808734286}, "LR430": {"LR435": 59.9999999999341, "LR425": 59.30623550634142, "LR445": 59.98613653893449}, "LR468": {"LR480": 59.99999999702951, "LR460": 59.999988056694846, "LR490": 59.378076370542246}, "LR500": {"LR490": 58.6988007093434, "LR455": 59.99999999991685, "LR510": 59.98732566573439}, "LR050": {"LR200": 59.999997499456626, "LR040": 59.99999747873646}, "LR320": {"LR330": 59.99997443986738, "LR310": 59.99992672211446}, "LR120": {"LR130": 59.99999999236932, "LR110": 59.99991972546494, "LR100": 58.718783328586674}, "LR160": {"LR170": 59.99999997044059, "LR150": 59.99999999998484, "LR212": 59.858782712244576}, "LR030": {"LR040": 59.99999474779831, "LR020": 59.999999839337555}, "LR445": {"LR448": 59.999989067264856, "LR430": 59.98764811606478, "LR425": 59.950869558687785}, "LR230": {"LR220": 59.99974094489444, "LR075": 59.87144101029111, "LR080": 59.48822409110952}, "LR200": {"LR170": 59.999986639529844, "LR050": 59.999989141374996, "LR060": 59.97344068826929}, "LR130": {"LR120": 59.9999999755931, "LR140": 59.99999995431483}, "LR400": {"LR390": 59.99999995471692, "LR560": 59.9999999970751}, "LR170": {"LR200": 59.99999999986166, "LR160": 59.99999999448498, "LR212": 58.702083721300426}, "LR070": {"LR075": 59.99986212769227, "LR295": 59.99991998889129}, "LR455": {"LR450": 59.99999999999993, "LR500": 59.999999999999865}, "LR460": {"LR448": 59.999999837949815, "LR468": 59.99999663900216}, "LR020": {"LR030": 59.99999690671706, "LR015": 59.99999657153776}, "LR280": {"LR295": 59.999999369988586, "LR300": 59.99997724413945, "LR270": 59.99999999999911}, "LR380": {"LR390": 59.9999425797645, "LR370": 59.99999997586349, "LR425": 111.76731144941814}, "LR560": {"LR570": 59.99999994405393, "LR400": 59.999999997642384}, "LR360": {"LR350": 59.99999996703671, "LR370": 59.99999997595485}, "LR920": {"LR265": 59.950744957223435}, "LR540": {"LR530": 59.99810481904709, "LR550": 59.99679210232976}, "LR270": {"LR280": 59.99999999999993, "LR265": 59.99999999999983}, "LR370": {"LR380": 59.99999943051523, "LR360": 59.99999998725671}, "LR090": {"LR100": 59.978799411462106, "LR080": 59.99898360959257}, "LR100": {"LR090": 59.99926786301917, "LR350": 59.999999492087944, "LR340": 59.999992066712366, "LR110": 59.98124229302887, "LR120": 59.997440576407804}, "LR040": {"LR030": 59.99999720600012, "LR050": 59.99999966159179}, "LR075": {"LR070": 59.99964502581232, "LR230": 59.955147869500124, "LR080": 59.70216125932963}, "LR510": {"LR500": 59.996589638245645, "LR520": 59.99165751150157}, "LR001": {"LR240": 59.999987023734704, "LR010": 59.999864724057616}, "LR425": {"LR390": 59.9767126009505, "LR445": 59.96753132570704, "LR430": 59.31901813806079, "LR380": 111.76731144941814}, "LR330": {"LR320": 59.99997163765771, "LR340": 59.99995216063153}, "LR260": {"LR265": 59.999999992405876, "LR250": 59.99999999596972}, "LR435": {"LR430": 59.99999999899701, "LR450": 59.99999999999993}, "LR580": {"LR590": 59.999999999450054, "LR570": 59.99999998226451}, "LR448": {"LR460": 59.9999969186335, "LR445": 59.99999483586497}, "LR250": {"LR260": 59.99999998570379, "LR240": 59.999999993204675}, "LR015": {"LR020": 59.99998327380011, "LR010": 59.999956930222744}, "LR570": {"LR580": 59.99999999549124, "LR560": 59.99999999549277}, "LR220": {"LR212": 59.999918994637255, "LR230": 59.99986123304264}, "LR060": {"LR295": 59.98262777821676, "LR190": 59.96372290846712}, "LR275": {"LR270": 59.30454772183739}, "LR520": {"LR510": 59.99676127204755, "LR530": 59.99075935438118}, "LR300": {"LR310": 59.999996184072344, "LR280": 59.99987833857824}, "LR450": {"LR455": 59.999999999999524, "LR435": 59.99999999999979}, "LR180": {"LR170": 59.931354484331564}, "LR240": {"LR250": 59.999999949737095}, "LR190": {"LR180": 59.95915131158597}, "LR110": {"LR120": 59.982780488644536}, "LR010": {"LR015": 59.99999796017952}}