{"LR150": {"LR140": 59.99999992294827, "LR160": 59.99999999999652}, "LR295": {"LR060": 59.95976223207199, "LR280": 59.99999982247279, "LR070": 59.99979188898179}, "LR350": {"LR360": 59.999999036072225, "LR100": 59.99999914177662}, "LR265": {"LR260": 59.99999996328162, "LR270": 59.999999999997954}, "LR212": {"LR160": 59.86058266717693, "LR220": 59.999647106627584, "LR170": 59.06802020428029}, "LR530": {"LR520": 59.995110996364346, "LR540": 59.99675373182383}, "LR550": {"LR480": 59.999999938458906, "LR540": 59.99600219232675}, "LR480": {"LR468": 59.99999999998315, "LR550": 59.99899181531655}, "LR140": {"LR130": 59.999999696007464, "LR150": 59.99999999998632, "LR140": 59.98691392653259}, "LR080": {"LR075": 59.93140888753352, "LR090": 59.99827686563706, "LR230": 59.5870017228077}, "LR490": {"LR468": 59.54859228016727, "LR500": 59.43909365456566}, "LR590": {"LR580": 59.99999999238618}, "LR390": {"LR400": 59.9999999996797, "LR380": 59.9999216483021, "LR425": 59.886743478828365}, "LR600": {"LR590": 59.99998698840159}, "LR310": {"LR320": 59.999974606620995, "LR300": 59.999991128138504}, "LR340": {"LR330": 59.999994768169245, "LR100": 59.443570808734286}, "LR430": {"LR435": 59.999999999961084, "LR425": 59.494245684122895, "LR445": 59.98613653893449}, "LR468": {"LR480": 59.999999997834514, "LR460": 59.99998925102536, "LR490": 59.378076370542246}, "LR500": {"LR490": 58.828920638409066, "LR455": 59.99999999993939, "LR510": 59.98859309916095}, "LR050": {"LR200": 59.9999983593935, "LR040": 59.999998161998874}, "LR320": {"LR330": 59.99997699588064, "LR310": 59.999951922379296}, "LR120": {"LR130": 59.99999999549415, "LR110": 59.99993497762661, "LR100": 58.718783328586674}, "LR160": {"LR170": 59.99999997605687, "LR150": 59.999999999992745, "LR212": 59.858782712244576}, "LR030": {"LR040": 59.99999655403046, "LR020": 59.999999869863416}, "LR445": {"LR448": 59.99999114448453, "LR430": 59.989994974012475, "LR425": 59.96020434253711}, "LR230": {"LR220": 59.99981114882805, "LR075": 59.87144101029111, "LR080": 59.58546151379871}, "LR200": {"LR170": 59.999991234195534, "LR050": 59.99999022723749, "LR060": 59.97848695749813}, "LR130": {"LR120": 59.99999997803379, "LR140": 59.99999995888335}, "LR400": {"LR390": 59.99999997593473, "LR560": 59.99999999827289}, "LR170": {"LR200": 59.999999999918316, "LR160": 59.999999996743426, "LR212": 58.702083721300426}, "LR070": {"LR075": 59.99991858778101, "LR295": 59.99993519100194}, "LR455": {"LR450": 59.99999999999993, "LR500": 59.99999999999991}, "LR460": {"LR448": 59.999999893678876, "LR468": 59.99999727759175}, "LR020": {"LR030": 59.99999721604536, "LR015": 59.999996914383985}, "LR280": {"LR295": 59.999999540721674, "LR300": 59.9999865628919, "LR270": 59.99999999999966}, "LR380": {"LR390": 59.99995814064831, "LR370": 59.99999998717286, "LR425": 111.76731144941814}, "LR560": {"LR570": 59.999999963293796, "LR400": 59.99999999787815}, "LR360": {"LR350": 59.999999978372784, "LR370": 59.999999980523434}, "LR920": {"LR265": 59.96010341535098}, "LR540": {"LR530": 59.9987565717768, "LR550": 59.99711289209679}, "LR270": {"LR280": 59.99999999999993, "LR265": 59.9999999999999}, "LR370": {"LR380": 59.99999943051523, "LR360": 59.99999998967793}, "LR090": {"LR100": 59.982827523284314, "LR080": 59.99925905139297}, "LR100": {"LR090": 59.99940696904552, "LR350": 59.999999700083016, "LR340": 59.99999357403702, "LR110": 59.984806257353384, "LR120": 59.99792686689032}, "LR040": {"LR030": 59.99999773686009, "LR050": 59.99999977797038}, "LR075": {"LR070": 59.99974122381718, "LR230": 59.95963308255011, "LR080": 59.782875558051295}, "LR510": {"LR500": 59.996589638245645, "LR520": 59.99324258431627}, "LR001": {"LR240": 59.99999379349255, "LR010": 59.99987825165185}, "LR425": {"LR390": 59.9811372067699, "LR445": 59.97077819313633, "LR430": 59.31901813806079, "LR380": 111.76731144941814}, "LR330": {"LR320": 59.99997702650275, "LR340": 59.99996512510038}, "LR260": {"LR265": 59.999999995515736, "LR250": 59.99999999762015}, "LR435": {"LR430": 59.99999999952026, "LR450": 59.99999999999993}, "LR580": {"LR590": 59.99999999970775, "LR570": 59.999999988363754}, "LR448": {"LR460": 59.99999818048391, "LR445": 59.999995817050625}, "LR250": {"LR260": 59.9999999924024, "LR240": 59.999999995046196}, "LR015": {"LR020": 59.9999849464201, "LR010": 59.99996860213239}, "LR570": {"LR580": 59.99999999805912, "LR560": 59.99999999704281}, "LR220": {"LR212": 59.99993438565618, "LR230": 59.999887598764545}, "LR060": {"LR295": 59.98262777821676, "LR190": 59.96735061762041}, "LR275": {"LR270": 59.30454772183739}, "LR520": {"LR510": 59.997638967322665, "LR530": 59.99168341894307}, "LR300": {"LR310": 59.99999690909859, "LR280": 59.99989050472042}, "LR450": {"LR455": 59.999999999999865, "LR435": 59.99999999999993}, "LR180": {"LR170": 59.938219035898406}, "LR240": {"LR250": 59.99999995476338}, "LR190": {"LR180": 59.96323618042737}, "LR110": {"LR120": 59.982780488644536}, "LR010": {"LR015": 59.999998347745404}}