{"LR150": {"LR140": 2.9116470331229927, "LR160": 1.6256484576748536}, "LR295": {"LR060": 1.671647024367303, "LR280": 2.4360475110754156, "LR070": 2.505908884230794}, "LR350": {"LR360": 2.201166565908128, "LR100": 1.7743435532462648}, "LR265": {"LR260": 1.9838653021691517, "LR270": 2.3399860724064494}, "LR212": {"LR160": 3.251055987115251, "LR220": 1.7334078997396838, "LR170": 3.1497344970703125}, "LR530": {"LR520": 2.0710655574221164, "LR540": 2.007732490120501}, "LR550": {"LR480": 1.8565066830460413, "LR540": 2.913241125330515}, "LR480": {"LR468": 1.4612013645840376, "LR550": 2.109863408374329}, "LR140": {"LR130": 1.076775701806429, "LR150": 1.937232928575838, "LR140": 0.25197704398306087}, "LR080": {"LR075": 2.672515869140625, "LR090": 1.109875133261994, "LR230": 1.429530143737793}, "LR490": {"LR468": 2.843637228012085, "LR500": 3.011497937142849}, "LR590": {"LR580": 1.0545144065185643}, "LR390": {"LR400": 1.6928877810469118, "LR380": 4.002291540385142, "LR425": 3.0262087766132026}, "LR600": {"LR590": 3.241550816698682}, "LR310": {"LR320": 1.2923488796764495, "LR300": 1.1192069053339462}, "LR340": {"LR330": 1.1661050834236775, "LR100": 2.71429443359375}, "LR430": {"LR435": 2.3545640928959988, "LR425": 2.7105941772460938, "LR445": 3.216250117042364}, "LR468": {"LR480": 1.9613773112549138, "LR460": 3.119980610409366, "LR490": 2.8227556943893433}, "LR500": {"LR490": 2.2187652587890625, "LR455": 1.1806040107506475, "LR510": 2.2723631022649897}, "LR050": {"LR200": 1.6158910178964052, "LR040": 1.78081872095686}, "LR320": {"LR330": 1.7084902132467659, "LR310": 1.8863906484458859}, "LR120": {"LR130": 1.356278394763593, "LR110": 2.554971512870073, "LR100": 3.2462158203125}, "LR160": {"LR170": 2.1837005006979315, "LR150": 1.6983738856185364, "LR212": 2.0296672582626343}, "LR030": {"LR040": 1.2643172250828327, "LR020": 2.4405262845727886}, "LR445": {"LR448": 1.9139335292784319, "LR430": 1.1708294824347831, "LR425": 2.7492662609001854}, "LR230": {"LR220": 1.6784710790123143, "LR075": 1.7554355314932764, "LR080": 1.68609619140625}, "LR200": {"LR170": 2.2832175272927753, "LR050": 2.075305011218307, "LR060": 2.2225718627742026}, "LR130": {"LR120": 1.9125409320228683, "LR140": 1.5822305707196165}, "LR400": {"LR390": 2.1710798758615324, "LR560": 2.9092258121276573}, "LR170": {"LR200": 2.2540891487573123, "LR160": 2.016794700386501, "LR212": 2.4151611328125}, "LR070": {"LR075": 0.9613884010088647, "LR295": 2.5521302540180297}, "LR455": {"LR450": 1.6478236795677124, "LR500": 3.726950799152831}, "LR460": {"LR448": 0.8027701042752982, "LR468": 3.396601074089288}, "LR020": {"LR030": 1.6092782490879998, "LR015": 1.7648288846841402}, "LR280": {"LR295": 1.5152884358250658, "LR300": 1.7324846642656606, "LR270": 2.845014244786887}, "LR380": {"LR390": 3.8345756563361872, "LR370": 2.8575018612313103, "LR425": 111.76731144941814}, "LR560": {"LR570": 2.976258697679416, "LR400": 2.5094507866813784}, "LR360": {"LR350": 2.447783892399864, "LR370": 2.3525084351817425}, "LR920": {"LR265": 2.898653119802475}, "LR540": {"LR530": 1.8300703308777884, "LR550": 3.3146001094621056}, "LR270": {"LR280": 1.879690680412039, "LR265": 2.0702403308951034}, "LR370": {"LR380": 2.965015485950761, "LR360": 2.029206991855772}, "LR090": {"LR100": 1.7712026629596949, "LR080": 1.0402032279321527}, "LR100": {"LR090": 2.3807149501517415, "LR350": 2.1775154272430512, "LR340": 1.4524395732693038, "LR110": 1.9693155139684677, "LR120": 3.871566263660657}, "LR040": {"LR030": 2.1559587867814205, "LR050": 1.3278458182238069}, "LR075": {"LR070": 0.9300189721447575, "LR230": 1.7186742330814013, "LR080": 2.4196490794420242}, "LR510": {"LR500": 3.6494849784921826, "LR520": 1.9820881068654899}, "LR001": {"LR240": 4.0135172925577995, "LR010": 2.7505078875568962}, "LR425": {"LR390": 3.5495025366544724, "LR445": 2.991779148578644, "LR430": 3.1470413208007812, "LR380": 111.76731144941814}, "LR330": {"LR320": 1.8496808099112199, "LR340": 1.765334042116204}, "LR260": {"LR265": 1.8891716282001094, "LR250": 2.022400256966598}, "LR435": {"LR430": 4.242116141171699, "LR450": 1.9980471878570363}, "LR580": {"LR590": 1.222867482069982, "LR570": 1.8468537716330393}, "LR448": {"LR460": 1.170330133208182, "LR445": 2.293385425143074}, "LR250": {"LR260": 1.8340105051211375, "LR240": 2.2494162926824606}, "LR015": {"LR020": 2.2157855026787785, "LR010": 0.9880140440088396}, "LR570": {"LR580": 1.399819722853087, "LR560": 1.4969570512175208}, "LR220": {"LR212": 1.6156317298209544, "LR230": 1.524192022620744}, "LR060": {"LR295": 2.8557250799494796, "LR190": 2.2862672805786133}, "LR275": {"LR270": 2.162489414215088}, "LR520": {"LR510": 2.0447429409214237, "LR530": 1.8503868316583976}, "LR300": {"LR310": 1.1103521256745403, "LR280": 2.7200437033257803}, "LR450": {"LR455": 1.8845141747405876, "LR435": 1.2847758555532267}, "LR180": {"LR170": 2.334036909043789}, "LR240": {"LR250": 2.2206335288594783}, "LR190": {"LR180": 1.0612048200287063}, "LR110": {"LR120": 2.436799402348697}, "LR010": {"LR015": 1.8852390406910482}}