{"LR150": {"LR140": 2.4159892786139467, "LR160": 1.5495277777543586}, "LR295": {"LR060": 2.284552275264833, "LR280": 2.9592002222647995, "LR070": 1.7849534862183696}, "LR350": {"LR360": 1.0860816096182135, "LR100": 3.061673732437656}, "LR265": {"LR260": 1.7696304519653412, "LR270": 2.195293606528315}, "LR212": {"LR160": 3.5109596413572253, "LR220": 1.1870035489578008, "LR170": 3.2835896015167236}, "LR530": {"LR520": 1.0756403394705294, "LR540": 1.6481511611300683}, "LR550": {"LR480": 1.5906911496163576, "LR540": 1.5640470333839134}, "LR480": {"LR468": 1.8137578381300592, "LR550": 1.0161592048173134}, "LR140": {"LR130": 1.958620963908601, "LR150": 1.3231283119875603, "LR140": 0.5000229033194269}, "LR080": {"LR075": 2.334312751889229, "LR090": 1.7218741211257915, "LR230": 1.9498118970077485}, "LR490": {"LR468": 1.9284659158438444, "LR500": 3.369151853454241}, "LR590": {"LR580": 1.9559593322338023}, "LR390": {"LR400": 1.9727333192058891, "LR380": 3.367418467766208, "LR425": 3.1219234966445475}, "LR600": {"LR590": 3.1942734538899837}, "LR310": {"LR320": 1.7675436006758953, "LR300": 1.8474319298180784}, "LR340": {"LR330": 1.9852174105482612, "LR100": 1.9821429252624512}, "LR430": {"LR435": 2.979604601710169, "LR425": 2.13610303401947, "LR445": 2.9113901519846825}, "LR468": {"LR480": 1.6367987327273437, "LR460": 4.476162855675071, "LR490": 2.6208279731072253}, "LR500": {"LR490": 2.234588637948036, "LR455": 0.6299929750972054, "LR510": 0.9347772679437132}, "LR050": {"LR200": 1.6561680930155038, "LR040": 1.6641319440222322}, "LR320": {"LR330": 1.463714445649411, "LR310": 1.1141985894514237}, "LR120": {"LR130": 1.9104700530265009, "LR110": 2.074905372008069, "LR100": 2.661941297352314}, "LR160": {"LR170": 3.4108732699199447, "LR150": 1.690996213822686, "LR212": 2.672855183991487}, "LR030": {"LR040": 1.4225342722647076, "LR020": 1.889371824861063}, "LR445": {"LR448": 1.9289186708950936, "LR430": 0.5009111981682244, "LR425": 3.986693977666455}, "LR230": {"LR220": 1.750467881410602, "LR075": 1.8771439499182143, "LR080": 1.1200952529907227}, "LR200": {"LR170": 1.7941970895022497, "LR050": 2.122133470064978, "LR060": 1.2461494876324897}, "LR130": {"LR120": 1.7544395105179431, "LR140": 1.900148262048087}, "LR400": {"LR390": 2.071075366272513, "LR560": 2.2599785909280468}, "LR170": {"LR200": 1.524000825977469, "LR160": 1.3025749704449965, "LR212": 2.4519827365875244}, "LR070": {"LR075": 1.9961984408288946, "LR295": 1.8815436503889602}, "LR455": {"LR450": 1.2295185918854434, "LR500": 4.142820009457486}, "LR460": {"LR448": 1.9084403023902392, "LR468": 3.265798639830603}, "LR020": {"LR030": 1.5366682994221441, "LR015": 1.6224834471922103}, "LR280": {"LR295": 1.9776920508270985, "LR300": 2.4786291106933636, "LR270": 2.0084142004034136}, "LR380": {"LR390": 3.8370311399693646, "LR370": 2.811369878358202, "LR425": 111.76731144941814}, "LR560": {"LR570": 2.485697646042355, "LR400": 2.5677164247063957}, "LR360": {"LR350": 1.930152757652944, "LR370": 2.2913234055855565}, "LR920": {"LR265": 1.9291656083105408}, "LR540": {"LR530": 1.8137006436298837, "LR550": 1.8560499458709732}, "LR270": {"LR280": 1.2256361666883522, "LR265": 1.8547572993438446}, "LR370": {"LR380": 2.1697735045906104, "LR360": 2.8081199370915373}, "LR090": {"LR100": 2.684685222378378, "LR080": 2.4133484066281525}, "LR100": {"LR090": 2.5071660507151456, "LR350": 2.1931369144131305, "LR340": 2.2198951629952317, "LR110": 1.4903419809130165, "LR120": 3.9279182823075836}, "LR040": {"LR030": 1.7480038620935807, "LR050": 1.198656497033571}, "LR075": {"LR070": 1.4781811229104664, "LR230": 2.0006376933261296, "LR080": 2.811330523569268}, "LR510": {"LR500": 2.523166096087689, "LR520": 1.311536999385968}, "LR001": {"LR240": 3.507950831639393, "LR010": 1.5150248313218917}, "LR425": {"LR390": 2.929291909873788, "LR445": 3.015441886691235, "LR430": 2.830365315079689, "LR380": 111.76731144941814}, "LR330": {"LR320": 1.3475247294642934, "LR340": 1.844017027617122}, "LR260": {"LR265": 1.7794054539247026, "LR250": 1.995638931141578}, "LR435": {"LR430": 3.1349591413537063, "LR450": 2.0789262281134797}, "LR580": {"LR590": 0.9920267768635824, "LR570": 2.2001042946816973}, "LR448": {"LR460": 1.833834266107225, "LR445": 2.1082507673512256}, "LR250": {"LR260": 2.0854782761231094, "LR240": 2.2848619523434355}, "LR015": {"LR020": 1.2514885105737252, "LR010": 1.0690964812167323}, "LR570": {"LR580": 0.9862873571400699, "LR560": 1.8808383054285884}, "LR220": {"LR212": 1.1380789330700996, "LR230": 2.2642237771182065}, "LR060": {"LR295": 1.1676377706294558, "LR190": 1.2578474447363988}, "LR275": {"LR270": 2.0000099175667856}, "LR520": {"LR510": 1.526764746922042, "LR530": 2.2641930401786365}, "LR300": {"LR310": 1.3401269893847205, "LR280": 2.57237522148993}, "LR450": {"LR455": 1.715260613097619, "LR435": 0.7451348963343192}, "LR180": {"LR170": 1.4982808538346717}, "LR240": {"LR250": 1.649829307940958}, "LR190": {"LR180": 0.8418461689532521}, "LR110": {"LR120": 2.508704174795568}, "LR010": {"LR015": 1.2234957579949253}}