{"LR150": {"LR140": 2.3449563517621974, "LR160": 1.8206478698983546}, "LR295": {"LR060": 2.003670239889683, "LR280": 2.816426364398175, "LR070": 2.0684271547590543}, "LR350": {"LR360": 2.1465633940791666, "LR100": 2.3566514387299997}, "LR265": {"LR260": 2.080278571081892, "LR270": 2.2783744750685795}, "LR212": {"LR160": 3.453693508388484, "LR220": 13.606127360579118, "LR170": 3.1370162060668343}, "LR530": {"LR520": 2.27620798846334, "LR540": 1.5727305288060476}, "LR550": {"LR480": 2.0532326747102507, "LR540": 1.8494196297652725}, "LR480": {"LR468": 1.6245341488839078, "LR550": 2.1684256509276647}, "LR140": {"LR130": 1.4359238999852741, "LR150": 2.019751446630464, "LR140": 0.1822898286992936}, "LR080": {"LR075": 1.9224818457486883, "LR090": 1.5125624396731274, "LR230": 1.4701706597789035}, "LR490": {"LR468": 2.5387655674727205, "LR500": 2.2413339587630903}, "LR590": {"LR580": 1.6768640190952382}, "LR390": {"LR400": 12.832200664170717, "LR380": 3.784484797915475, "LR425": 3.1466282112775974}, "LR600": {"LR590": 3.641302459905264}, "LR310": {"LR320": 13.076037576520218, "LR300": 1.8995525902985473}, "LR340": {"LR330": 1.6930380215842384, "LR100": 2.7137634560954194}, "LR430": {"LR435": 2.5226012426227102, "LR425": 2.4456916640559703, "LR445": 3.5497648509867927}, "LR468": {"LR480": 1.6910695395661186, "LR460": 3.1788107910325367, "LR490": 2.641326316454582}, "LR500": {"LR490": 2.2642855991407353, "LR455": 1.7168081978463836, "LR510": 2.9568253298785434}, "LR050": {"LR200": 1.7993961775235339, "LR040": 1.7280397702189751}, "LR320": {"LR330": 1.8140365005643653, "LR310": 1.3017197508819645}, "LR120": {"LR130": 1.5257169688615437, "LR110": 2.465959481616603, "LR100": 3.0492042593122504}, "LR160": {"LR170": 2.6231338217540143, "LR150": 1.639669002771069, "LR212": 2.7732926028942266}, "LR030": {"LR040": 1.500453137792543, "LR020": 2.3448068966713267}, "LR445": {"LR448": 1.819686144516543, "LR430": 2.783634585807608, "LR425": 2.4805373046903725}, "LR230": {"LR220": 1.5991581431436677, "LR075": 1.9049518899580984, "LR080": 1.3840966175885485}, "LR200": {"LR170": 2.2547381805138875, "LR050": 1.9274423711288164, "LR060": 2.1484513037268216}, "LR130": {"LR120": 1.5492368916782944, "LR140": 1.9365046727261828}, "LR400": {"LR390": 2.2690847755842007, "LR560": 2.6806145083507884}, "LR170": {"LR200": 1.8234206200346499, "LR160": 1.9398598089905659, "LR212": 2.86200398415775}, "LR070": {"LR075": 1.602910401909567, "LR295": 2.3543610214146855}, "LR455": {"LR450": 1.731429153570153, "LR500": 2.3516224455994754}, "LR460": {"LR448": 1.6976336176309623, "LR468": 3.2774917727590185}, "LR020": {"LR030": 1.7671391244739028, "LR015": 1.7092393394313565}, "LR280": {"LR295": 2.2110895479610644, "LR300": 1.9216673562133813, "LR270": 2.529265010355427}, "LR380": {"LR390": 3.6534070707408794, "LR370": 2.450502484827024, "LR425": 111.76731144941814}, "LR560": {"LR570": 2.126055469290294, "LR400": 2.346806366291996}, "LR360": {"LR350": 2.121189800100197, "LR370": 2.3840236939703106}, "LR920": {"LR265": 2.876855175497785}, "LR540": {"LR530": 2.069983088764122, "LR550": 1.9478688575572796}, "LR270": {"LR280": 1.5136643114411867, "LR265": 2.1275955180508346}, "LR370": {"LR380": 1.8485317294189738, "LR360": 2.2054761930017945}, "LR090": {"LR100": 2.407289282810941, "LR080": 1.3426202996531782}, "LR100": {"LR090": 2.068914667813158, "LR350": 2.6636265125136136, "LR340": 2.1130653122763707, "LR110": 2.5601389712366247, "LR120": 3.0309740068720386}, "LR040": {"LR030": 1.7659188208936194, "LR050": 1.4690673027358028}, "LR075": {"LR070": 1.2373949659562649, "LR230": 2.063248797235616, "LR080": 1.8964843012077452}, "LR510": {"LR500": 4.791921132385613, "LR520": 2.319517078921486}, "LR001": {"LR240": 4.057849727969748, "LR010": 2.5466365487274047}, "LR425": {"LR390": 3.268916828378245, "LR445": 2.8105210075755798, "LR430": 2.913566172623545, "LR380": 111.76731144941814}, "LR330": {"LR320": 1.7386890883571084, "LR340": 1.507767725480024}, "LR260": {"LR265": 2.1476948127221354, "LR250": 1.8601968274963299}, "LR435": {"LR430": 4.107530002514549, "LR450": 1.4604624416669547}, "LR580": {"LR590": 1.3207574121773917, "LR570": 1.7693578836086552}, "LR448": {"LR460": 1.8712450718568046, "LR445": 2.346578306855013}, "LR250": {"LR260": 2.1572749630159667, "LR240": 2.5687267205500013}, "LR015": {"LR020": 1.4835851283104446, "LR010": 1.808615066034789}, "LR570": {"LR580": 1.7836869906021469, "LR560": 1.7264769001016629}, "LR220": {"LR212": 1.481431433025021, "LR230": 1.665377215736721}, "LR060": {"LR295": 1.8532360575968287, "LR190": 2.03172463189737}, "LR275": {"LR270": 1.7776124016305481}, "LR520": {"LR510": 1.5306250576615017, "LR530": 2.0694068580503178}, "LR300": {"LR310": 1.986551622862359, "LR280": 2.7420791748200943}, "LR450": {"LR455": 2.1396597054125364, "LR435": 1.727493196696269}, "LR180": {"LR170": 2.1600038792071694}, "LR240": {"LR250": 2.568371956651781}, "LR190": {"LR180": 1.0393453074595564}, "LR110": {"LR120": 2.463233358237236}, "LR010": {"LR015": 1.905881642413575}}