{"LR150": {"LR140": 2.2207328635736086, "LR160": 1.6193110674216395}, "LR295": {"LR060": 1.762154614307652, "LR280": 2.8306244016901383, "LR070": 1.9179619555022307}, "LR350": {"LR360": 2.1859636212405515, "LR100": 2.426811677554784}, "LR265": {"LR260": 1.8785026406389083, "LR270": 2.3527772532696396}, "LR212": {"LR160": 3.4130760051985987, "LR220": 2.867467234947826, "LR170": 3.2802803179998024}, "LR530": {"LR520": 2.4679771594696933, "LR540": 1.6052819865512908}, "LR550": {"LR480": 2.2437529973650268, "LR540": 1.89696853407762}, "LR480": {"LR468": 1.7829269479500809, "LR550": 1.728290472840137}, "LR140": {"LR130": 1.1736225373750182, "LR150": 1.8921345399644924, "LR140": 0.057204479805269326}, "LR080": {"LR075": 1.7938367629962215, "LR090": 1.5100650848688462, "LR230": 1.4821717421388838}, "LR490": {"LR468": 2.523485198606644, "LR500": 2.5324965581385848}, "LR590": {"LR580": 1.3144410186727074}, "LR390": {"LR400": 4.9275704577163255, "LR380": 3.8805043421412777, "LR425": 3.1748431763846336}, "LR600": {"LR590": 3.7849584306160287}, "LR310": {"LR320": 2.292536612036652, "LR300": 1.895603378211435}, "LR340": {"LR330": 4.294366750212495, "LR100": 2.6393002035442046}, "LR430": {"LR435": 2.7055637011077645, "LR425": 2.3568319412738123, "LR445": 2.8871018239559456}, "LR468": {"LR480": 1.9306413156746767, "LR460": 3.0691931780764645, "LR490": 2.341821845129403}, "LR500": {"LR490": 2.142891203092952, "LR455": 1.6714958852231057, "LR510": 1.9266869930245718}, "LR050": {"LR200": 1.771988254271328, "LR040": 1.5997090328009216}, "LR320": {"LR330": 1.7341700485265101, "LR310": 1.4300605416386727}, "LR120": {"LR130": 1.8046195552882796, "LR110": 2.426712702223438, "LR100": 2.9544852446958454}, "LR160": {"LR170": 2.40457428527663, "LR150": 1.9637777610801934, "LR212": 2.863024949418027}, "LR030": {"LR040": 1.0818283982962604, "LR020": 2.4011148259497785}, "LR445": {"LR448": 1.9056693345996034, "LR430": 16.13200970298781, "LR425": 2.770867449938368}, "LR230": {"LR220": 1.7729490885098578, "LR075": 2.027878640103366, "LR080": 1.2857829304094013}, "LR200": {"LR170": 2.190340006237244, "LR050": 2.02104604127024, "LR060": 1.7913826511142799}, "LR130": {"LR120": 1.5423903622135904, "LR140": 1.3475644176885333}, "LR400": {"LR390": 2.1226840987501165, "LR560": 2.7747407050630484}, "LR170": {"LR200": 2.1539815078903595, "LR160": 1.964903835019379, "LR212": 2.5729047326053096}, "LR070": {"LR075": 1.7475706959366655, "LR295": 2.237785106476338}, "LR455": {"LR450": 1.6225989461847667, "LR500": 2.656205977361389}, "LR460": {"LR448": 1.8366995712894016, "LR468": 3.183210174478072}, "LR020": {"LR030": 2.081570380296127, "LR015": 1.8438629967522018}, "LR280": {"LR295": 2.424402522945781, "LR300": 2.096232476412224, "LR270": 2.086245430860634}, "LR380": {"LR390": 3.4280703444634626, "LR370": 2.017534218067401, "LR425": 111.76731144941814}, "LR560": {"LR570": 3.46750903133326, "LR400": 2.436030889903841}, "LR360": {"LR350": 2.25610020540404, "LR370": 2.2561366905537077}, "LR920": {"LR265": 2.9065962857138055}, "LR540": {"LR530": 1.9481672051545538, "LR550": 2.0626639580552313}, "LR270": {"LR280": 2.040947222717403, "LR265": 1.7882165883742078}, "LR370": {"LR380": 1.7564499453957887, "LR360": 2.676294921290836}, "LR090": {"LR100": 2.6074065280887213, "LR080": 1.5217428552439647}, "LR100": {"LR090": 2.2323911908731016, "LR350": 2.3468384714401402, "LR340": 1.8935698303351107, "LR110": 12.635507179028348, "LR120": 3.4153530968884906}, "LR040": {"LR030": 1.8115018494675645, "LR050": 1.820656556243081}, "LR075": {"LR070": 1.3190382882946459, "LR230": 1.9534632898769373, "LR080": 2.027165015020161}, "LR510": {"LR500": 4.009658090398076, "LR520": 1.6404699294975582}, "LR001": {"LR240": 4.72342832749533, "LR010": 2.8754156306491723}, "LR425": {"LR390": 3.0297595846116896, "LR445": 2.688352094786974, "LR430": 3.2516099683107074, "LR380": 111.76731144941814}, "LR330": {"LR320": 1.7584286544458578, "LR340": 1.4915363025613333}, "LR260": {"LR265": 1.9352102264242845, "LR250": 1.9334487796525246}, "LR435": {"LR430": 3.0435327303906248, "LR450": 1.2768598075755877}, "LR580": {"LR590": 1.6857719322531879, "LR570": 2.1782874252972415}, "LR448": {"LR460": 1.5051404287403625, "LR445": 2.3590907763917954}, "LR250": {"LR260": 1.591034036040168, "LR240": 2.4506119173655816}, "LR015": {"LR020": 1.7455937523100538, "LR010": 1.7710495563503812}, "LR570": {"LR580": 1.5031748964969944, "LR560": 1.7421677520624304}, "LR220": {"LR212": 1.5951027305811258, "LR230": 1.5639550242912208}, "LR060": {"LR295": 2.1885910203870687, "LR190": 2.0706515137811374}, "LR275": {"LR270": 2.083874801101446}, "LR520": {"LR510": 1.7556930903067935, "LR530": 2.005523477197227}, "LR300": {"LR310": 1.9439531674982853, "LR280": 2.2486447900978064}, "LR450": {"LR455": 1.2305188713124575, "LR435": 1.5030203844281445}, "LR180": {"LR170": 2.2234657523056787}, "LR240": {"LR250": 3.5919149317879864}, "LR190": {"LR180": 1.1835080297604634}, "LR110": {"LR120": 2.429071815169382}, "LR010": {"LR015": 2.036925437158266}}