{"LR150": {"LR140": 2.613822327908468, "LR160": 1.5949539427520034}, "LR295": {"LR060": 2.0455063623335166, "LR280": 2.16783935896985, "LR070": 2.2162029308602813}, "LR350": {"LR360": 2.1147296819269785, "LR100": 2.727579312684331}, "LR265": {"LR260": 1.5821012585115564, "LR270": 2.8584625899980347}, "LR212": {"LR160": 3.3573459155163987, "LR220": 0.9046402066123558, "LR170": 2.4752732947154437}, "LR530": {"LR520": 1.711800068141167, "LR540": 1.2451635337279514}, "LR550": {"LR480": 1.6882553722392264, "LR540": 1.927025818588766}, "LR480": {"LR468": 2.2122887631525607, "LR550": 1.591093239242372}, "LR140": {"LR130": 1.0447513540027429, "LR150": 1.755604491820672, "LR140": 0.007046377663758513}, "LR080": {"LR075": 2.13320398581709, "LR090": 1.1675623653825327, "LR230": 1.082724278725209}, "LR490": {"LR468": 3.21037863996753, "LR500": 2.0964024593106}, "LR590": {"LR580": 1.7084669415542073}, "LR390": {"LR400": 2.003816020775147, "LR380": 3.7602222610836415, "LR425": 3.4317940281539663}, "LR600": {"LR590": 4.145730451315101}, "LR310": {"LR320": 1.5194406873938773, "LR300": 1.7507636875694543}, "LR340": {"LR330": 1.8253617019606074, "LR100": 2.6149654047831064}, "LR430": {"LR435": 2.4851345477051, "LR425": 2.4098095561144874, "LR445": 0.7843004057335203}, "LR468": {"LR480": 1.6801526797013424, "LR460": 2.8979698131604112, "LR490": 2.284156544676093}, "LR500": {"LR490": 1.702751263983373, "LR455": 1.5069287522219568, "LR510": 2.608830450021543}, "LR050": {"LR200": 2.0051402376363203, "LR040": 1.4921121991779622}, "LR320": {"LR330": 1.6056257717264504, "LR310": 1.8952215702464192}, "LR120": {"LR130": 1.5843911381415512, "LR110": 2.8144691735894543, "LR100": 2.6776931080685245}, "LR160": {"LR170": 2.7094327440016923, "LR150": 1.791959899039667, "LR212": 3.098486606045471}, "LR030": {"LR040": 1.112689751922139, "LR020": 2.2103792364813124}, "LR445": {"LR448": 2.6724100561445865, "LR430": 1.7789021512644418, "LR425": 1.5195052616751297}, "LR230": {"LR220": 1.8795692133732929, "LR075": 1.8762586157683372, "LR080": 0.9027938570745755}, "LR200": {"LR170": 2.432065152610231, "LR050": 2.406804853480998, "LR060": 2.368298515890074}, "LR130": {"LR120": 1.9494662521565211, "LR140": 1.1837325133716097}, "LR400": {"LR390": 2.2066895111123097, "LR560": 2.0859745229527187}, "LR170": {"LR200": 1.596635704756072, "LR160": 2.9286043385075446, "LR212": 2.454740503616631}, "LR070": {"LR075": 1.8624485605977412, "LR295": 1.9807262113805386}, "LR455": {"LR450": 1.7928512525988265, "LR500": 2.8945136067598893}, "LR460": {"LR448": 0.9048727665256935, "LR468": 2.972207960158738}, "LR020": {"LR030": 1.7605747331977768, "LR015": 1.603576577120275}, "LR280": {"LR295": 1.6419615472596636, "LR300": 2.416183210948966, "LR270": 2.6034034422112855}, "LR380": {"LR390": 3.8263084430683185, "LR370": 2.0486328516126373, "LR425": 111.76731144941814}, "LR560": {"LR570": 1.9645877485122945, "LR400": 2.5894288326729926}, "LR360": {"LR350": 1.5879001251886402, "LR370": 1.8934233304779213}, "LR920": {"LR265": 3.5792738114792835}, "LR540": {"LR530": 1.5053965940516543, "LR550": 1.9134005818396775}, "LR270": {"LR280": 1.8923913141034767, "LR265": 2.1504667574899723}, "LR370": {"LR380": 2.085531925965077, "LR360": 1.457411642379524}, "LR090": {"LR100": 3.017262811060376, "LR080": 1.363532429014657}, "LR100": {"LR090": 2.516405585471278, "LR350": 2.769600454341695, "LR340": 2.0249023191835294, "LR110": 2.2296199430159795, "LR120": 3.3709132488541336}, "LR040": {"LR030": 1.940105032155309, "LR050": 1.7330132010652133}, "LR075": {"LR070": 0.7656658379481679, "LR230": 1.9531773455281312, "LR080": 2.0266067598576925}, "LR510": {"LR500": 2.0953186911413852, "LR520": 1.9921701121558726}, "LR001": {"LR240": 3.283041958167843, "LR010": 2.4405077370553463}, "LR425": {"LR390": 2.9078754431663065, "LR445": 3.2030273967655107, "LR430": 3.4803030911280075, "LR380": 111.76731144941814}, "LR330": {"LR320": 1.3911688200357557, "LR340": 1.1848121731020669}, "LR260": {"LR265": 2.005057236087233, "LR250": 1.9797444704621496}, "LR435": {"LR430": 1.1179379676098598, "LR450": 2.159418985252038}, "LR580": {"LR590": 1.709404382176158, "LR570": 2.241952052665947}, "LR448": {"LR460": 0.9994101813383492, "LR445": 1.8834383980483824}, "LR250": {"LR260": 2.267782416573384, "LR240": 2.1357288473065514}, "LR015": {"LR020": 1.6743741642462582, "LR010": 1.882583542181301}, "LR570": {"LR580": 2.7161057404789744, "LR560": 2.302961615281723}, "LR220": {"LR212": 1.7548512704453185, "LR230": 0.8696442491282659}, "LR060": {"LR295": 2.7115994418805505, "LR190": 2.2527471498734677}, "LR275": {"LR270": 1.9751953146791528}, "LR520": {"LR510": 1.4051593109000038, "LR530": 1.9099353725370907}, "LR300": {"LR310": 1.9258770064841737, "LR280": 2.1106255438395527}, "LR450": {"LR455": 1.386470217524674, "LR435": 1.1687508406844584}, "LR180": {"LR170": 2.00323465342454}, "LR240": {"LR250": 1.8621440607710102}, "LR190": {"LR180": 0.9214547926699289}, "LR110": {"LR120": 2.846612901014338}, "LR010": {"LR015": 1.4786964874017832}}