{"LR150": {"LR140": 59.998751261518976, "LR160": 59.99996120850081}, "LR295": {"LR060": 58.39251824955519, "LR280": 59.98742352307438, "LR070": 59.782083833145464}, "LR350": {"LR360": 59.98594029731585, "LR100": 59.992608296569145}, "LR265": {"LR260": 59.99765890011131, "LR270": 59.99999207660458}, "LR212": {"LR160": 56.7111695340353, "LR220": 59.75755796716652, "LR170": 48.316141979384156}, "LR530": {"LR520": 59.54627526639088, "LR540": 59.30013155500485}, "LR550": {"LR480": 59.99401958006026, "LR540": 59.69947610413819}, "LR480": {"LR468": 59.999986535560026, "LR550": 59.804379383478384}, "LR140": {"LR130": 59.995566011485835, "LR150": 59.99999114325632, "LR140": 58.650605490182855}, "LR080": {"LR075": 58.20216407652312, "LR090": 59.541366110077014, "LR230": 53.607908330632014}, "LR490": {"LR468": 56.287052630680456, "LR500": 54.87377511082493}, "LR590": {"LR580": 59.99908655222638}, "LR390": {"LR400": 59.99994728475177, "LR380": 59.946171431940456, "LR425": 57.835921784598895}, "LR600": {"LR590": 59.96483242332912}, "LR310": {"LR320": 59.944407359060335, "LR300": 59.96345259820589}, "LR340": {"LR330": 59.978447609904116, "LR100": 54.91469263532563}, "LR430": {"LR435": 59.99997480362826, "LR425": 52.95506709103377, "LR445": 58.57044373963875}, "LR468": {"LR480": 59.99939647325225, "LR460": 59.97094781301956, "LR490": 54.88451437036012}, "LR500": {"LR490": 46.786781699465905, "LR455": 59.99950791098881, "LR510": 59.374895957417195}, "LR050": {"LR200": 59.9885545298542, "LR040": 59.98845968969069}, "LR320": {"LR330": 59.98419589061264, "LR310": 59.905271145148255}, "LR120": {"LR130": 59.99886978631804, "LR110": 59.95979595578149, "LR100": 49.4616554820657}, "LR160": {"LR170": 59.999467717400954, "LR150": 59.999981529217756, "LR212": 58.56598841982155}, "LR030": {"LR040": 59.96335872288845, "LR020": 59.99642829179074}, "LR445": {"LR448": 59.978458886617965, "LR430": 59.32311039691125, "LR425": 57.30762650508874}, "LR230": {"LR220": 59.93794430197154, "LR075": 55.839939570015396, "LR080": 53.584070078224805}, "LR200": {"LR170": 59.97630789926289, "LR050": 59.985962680229605, "LR060": 59.14056308291818}, "LR130": {"LR120": 59.99908111417816, "LR140": 59.99887151874069}, "LR400": {"LR390": 59.997112828940075, "LR560": 59.998993606171986}, "LR170": {"LR200": 59.999927454749056, "LR160": 59.99846295477818, "LR212": 53.69610402597179}, "LR070": {"LR075": 59.89475561121259, "LR295": 59.91621916867725}, "LR455": {"LR450": 59.99999988134194, "LR500": 59.9999962361825}, "LR460": {"LR448": 59.997636360984075, "LR468": 59.98290673725228}, "LR020": {"LR030": 59.93123281448798, "LR015": 59.98855999681276}, "LR280": {"LR295": 59.989789722485035, "LR300": 59.9446461840574, "LR270": 59.999991224125}, "LR380": {"LR390": 59.91752319703291, "LR370": 59.99875348944158, "LR425": 111.76731144941814}, "LR560": {"LR570": 59.99899256676365, "LR400": 59.99767350897993}, "LR360": {"LR350": 59.99846787347248, "LR370": 59.99899414764818}, "LR920": {"LR265": 57.8136466073273}, "LR540": {"LR530": 59.63227326054008, "LR550": 59.546243810113864}, "LR270": {"LR280": 59.9999927823185, "LR265": 59.999993590272005}, "LR370": {"LR380": 59.99678192365415, "LR360": 59.99830128592511}, "LR090": {"LR100": 58.95437714341067, "LR080": 59.587677039446206}, "LR100": {"LR090": 59.49701300215922, "LR350": 59.9971298621759, "LR340": 59.99327127783265, "LR110": 59.55750897747688, "LR120": 59.44820954020677}, "LR040": {"LR030": 59.94968783487891, "LR050": 59.99071210080471}, "LR075": {"LR070": 59.72903157979283, "LR230": 58.824384551328386, "LR080": 56.63950332666839}, "LR510": {"LR500": 59.338278908732, "LR520": 59.588544599164734}, "LR001": {"LR240": 59.97698920914282, "LR010": 59.76011538361682}, "LR425": {"LR390": 58.85145468140498, "LR445": 58.83260121852747, "LR430": 51.46280270661017, "LR380": 111.76731144941814}, "LR330": {"LR320": 59.97030136622326, "LR340": 59.93128488360361}, "LR260": {"LR265": 59.99990031000179, "LR250": 59.99940305615818}, "LR435": {"LR430": 59.999816597641896, "LR450": 59.999995249954665}, "LR580": {"LR590": 59.998599201344106, "LR570": 59.999645148120784}, "LR448": {"LR460": 59.97850326195372, "LR445": 59.96397310807579}, "LR250": {"LR260": 59.99917964904639, "LR240": 59.99926627334994}, "LR015": {"LR020": 59.97837746342302, "LR010": 59.93126198840878}, "LR570": {"LR580": 59.99908393407209, "LR560": 59.998085387862226}, "LR220": {"LR212": 59.95942993399616, "LR230": 59.58326944101238}, "LR060": {"LR295": 59.437849561628795, "LR190": 58.21079702530333}, "LR275": {"LR270": 54.27972187173056}, "LR520": {"LR510": 59.66603261637259, "LR530": 59.66775611661645}, "LR300": {"LR310": 59.978436743009965, "LR280": 59.924775413075466}, "LR450": {"LR455": 59.99998644082476, "LR435": 59.999993488497864}, "LR180": {"LR170": 58.00082013193105}, "LR240": {"LR250": 59.99810767139328}, "LR190": {"LR180": 59.03638659390195}, "LR110": {"LR120": 58.40194060285472}, "LR010": {"LR015": 59.966941656953566}}