{"LR150": {"LR140": 119.99999999975758, "LR160": 119.99999999999986}, "LR295": {"LR060": 119.99822896840678, "LR280": 119.99999999997051, "LR070": 119.9999999419335}, "LR350": {"LR360": 119.99999999997347, "LR100": 119.99999999992392}, "LR265": {"LR260": 119.99999999999886, "LR270": 119.99999999999986}, "LR212": {"LR160": 119.98542046478963, "LR220": 119.99999563501282, "LR170": 119.94222669637786}, "LR530": {"LR520": 119.99997879936089, "LR540": 119.999955674863}, "LR550": {"LR480": 119.99999999999966, "LR540": 119.99987287534827}, "LR480": {"LR468": 119.99999999999986, "LR550": 119.99980624484313}, "LR140": {"LR130": 119.99999999999939, "LR150": 119.99999999999986, "LR140": 119.99915300406334}, "LR080": {"LR075": 119.9893801149678, "LR090": 119.99997879951452, "LR230": 119.79662955259678}, "LR490": {"LR468": 119.90257345685806, "LR500": 119.96597797159612}, "LR590": {"LR580": 119.9999999999826}, "LR390": {"LR400": 119.99999999999886, "LR380": 119.99999876719933, "LR425": 119.9980314400588}, "LR600": {"LR590": 119.99999998177812}, "LR310": {"LR320": 119.99999993548167, "LR300": 119.99999996914107}, "LR340": {"LR330": 119.99999993548167, "LR100": 119.969449804709}, "LR430": {"LR435": 119.99999999999986, "LR425": 119.94253129200638, "LR445": 119.99542916342315}, "LR468": {"LR480": 119.99999999999986, "LR460": 119.9999999836003, "LR490": 119.89169829048758}, "LR500": {"LR490": 119.81530039499496, "LR455": 119.99999999999973, "LR510": 119.99895435413448}, "LR050": {"LR200": 119.99999999882266, "LR040": 119.99999999975758}, "LR320": {"LR330": 119.99999993548167, "LR310": 119.99999994774014}, "LR120": {"LR130": 119.99999999999969, "LR110": 119.9999997944036, "LR100": 119.81618126840553}, "LR160": {"LR170": 119.9999999999826, "LR150": 119.99999999999986, "LR212": 119.9990582505196}, "LR030": {"LR040": 119.99999999753848, "LR020": 119.99999998177812}, "LR445": {"LR448": 119.9999999997818, "LR430": 119.999858749244, "LR425": 119.99781371798046}, "LR230": {"LR220": 119.99999461112925, "LR075": 119.9988375716606, "LR080": 119.90272767689942}, "LR200": {"LR170": 119.99999999753848, "LR050": 119.99999999726496, "LR060": 119.99883814188885}, "LR130": {"LR120": 119.9999999999983, "LR140": 119.99999999999508}, "LR400": {"LR390": 119.99999999997851, "LR560": 119.99999999999986}, "LR170": {"LR200": 119.99999999999986, "LR160": 119.99999999995505, "LR212": 119.77224150351057}, "LR070": {"LR075": 119.99999910128822, "LR295": 119.99999900143136}, "LR455": {"LR450": 119.99999999999986, "LR500": 119.99999999999986}, "LR460": {"LR448": 119.99999999999957, "LR468": 119.99999977155956}, "LR020": {"LR030": 119.9999999836003, "LR015": 119.99999999995006}, "LR280": {"LR295": 119.99999999996359, "LR300": 119.99999995296612, "LR270": 119.99999999999986}, "LR380": {"LR390": 119.99999607151365, "LR370": 119.99999999999639, "LR425": 122.94363536580818}, "LR560": {"LR570": 119.99999999999939, "LR400": 119.99999999997347}, "LR360": {"LR350": 119.99999999993835, "LR370": 119.99999999993152}, "LR920": {"LR265": 119.99822890752618}, "LR540": {"LR530": 119.99999260784507, "LR550": 119.99988558873099}, "LR270": {"LR280": 119.99999999999986, "LR265": 119.99999999999986}, "LR370": {"LR380": 119.99999999980362, "LR360": 119.99999999999508}, "LR090": {"LR100": 119.99994527301779, "LR080": 119.99988558961198}, "LR100": {"LR090": 119.99998282762445, "LR350": 119.9999999999826, "LR340": 119.99999992831297, "LR110": 119.99949986798724, "LR120": 119.99995567493924}, "LR040": {"LR030": 119.99999999990607, "LR050": 119.99999999966747}, "LR075": {"LR070": 119.99999996914107, "LR230": 119.9975703409142, "LR080": 119.96609244740725}, "LR510": {"LR500": 119.99996409633289, "LR520": 119.99923773830653}, "LR001": {"LR240": 119.99999999753848, "LR010": 119.99999990166388}, "LR425": {"LR390": 119.99044307686138, "LR445": 119.98543341051511, "LR430": 119.92894783642564, "LR380": 122.94388482567524}, "LR330": {"LR320": 119.99999985012023, "LR340": 119.99999998924015}, "LR260": {"LR265": 119.99999999999986, "LR250": 119.99999999999325}, "LR435": {"LR430": 119.99999999999986, "LR450": 119.99999999999986}, "LR580": {"LR590": 119.99999999999986, "LR570": 119.99999999999886}, "LR448": {"LR460": 119.99999999294046, "LR445": 119.99999999949318}, "LR250": {"LR260": 119.99999999999969, "LR240": 119.99999999999325}, "LR015": {"LR020": 119.99999999995505, "LR010": 119.99999999930478}, "LR570": {"LR580": 119.99999999999986, "LR560": 119.99999999999909}, "LR220": {"LR212": 119.9999988904794, "LR230": 119.99999957014893}, "LR060": {"LR295": 119.99588622457483, "LR190": 119.99303316070518}, "LR275": {"LR270": 119.96944858592833}, "LR520": {"LR510": 119.99967187096408, "LR530": 119.99998282737496}, "LR300": {"LR310": 119.99999997750385, "LR280": 119.99999971797476}, "LR450": {"LR455": 119.99999999999986, "LR435": 119.99999999999986}, "LR180": {"LR170": 119.99856522099635}, "LR240": {"LR250": 119.99999999999986}, "LR190": {"LR180": 119.99905882685485}, "LR110": {"LR120": 119.99944429017594}, "LR010": {"LR015": 119.99999999753848}}