{"LR150": {"LR140": 50.320382573462936, "LR160": 50.269829495871804}, "LR295": {"LR060": 17.86643001751158, "LR280": 48.14788423493467, "LR070": 35.032415619684755}, "LR350": {"LR360": 41.82453649033194, "LR100": 32.595063659554526}, "LR265": {"LR260": 41.85292467208307, "LR270": 52.96303967173053}, "LR212": {"LR160": 18.769247579521853, "LR220": 39.75011690220221, "LR170": 14.034324351821857}, "LR530": {"LR520": 32.37294538721413, "LR540": 17.385387395909703}, "LR550": {"LR480": 50.45543763375972, "LR540": 46.66021990322283}, "LR480": {"LR468": 58.38463843139241, "LR550": 39.82822069592752}, "LR140": {"LR130": 49.21428686523424, "LR150": 56.61399243495665, "LR140": 16.33473227006573}, "LR080": {"LR075": 25.647385981720852, "LR090": 34.86662655339502, "LR230": 17.412923808238297}, "LR490": {"LR468": 13.452263557229042, "LR500": 25.846714780767616}, "LR590": {"LR580": 49.208038644711486}, "LR390": {"LR400": 53.675623619521026, "LR380": 35.7368446189171, "LR425": 29.855351978922112}, "LR600": {"LR590": 50.63970701614819}, "LR310": {"LR320": 34.94169111703779, "LR300": 32.10165676557085}, "LR340": {"LR330": 45.19324624431111, "LR100": 22.3548069847782}, "LR430": {"LR435": 55.85340202665782, "LR425": 13.063393005179119, "LR445": 29.649316351015226}, "LR468": {"LR480": 52.86961167719694, "LR460": 32.62111755486748, "LR490": 2.282282008751824}, "LR500": {"LR490": 22.104860005842074, "LR455": 54.7675771172566, "LR510": 37.52462293284357}, "LR050": {"LR200": 49.213748973105936, "LR040": 45.081442073908235}, "LR320": {"LR330": 34.77713785805974, "LR310": 34.78672347159448}, "LR120": {"LR130": 41.68319626372334, "LR110": 39.86453399940731, "LR100": 18.540909592926408}, "LR160": {"LR170": 53.01258690799095, "LR150": 52.938464662939886, "LR212": 22.413242170600938}, "LR030": {"LR040": 41.648881254629245, "LR020": 46.757797168563215}, "LR445": {"LR448": 49.21152424960634, "LR430": 32.95854765161373, "LR425": 18.32937051300058}, "LR230": {"LR220": 47.95917642269079, "LR075": 17.756058584182636, "LR080": 25.375822884311862}, "LR200": {"LR170": 43.723239046410896, "LR050": 45.301312041689805, "LR060": 32.18934654888098}, "LR130": {"LR120": 47.93754514420279, "LR140": 52.12730261274612}, "LR400": {"LR390": 46.78486023339545, "LR560": 43.68988225579486}, "LR170": {"LR200": 50.329522245821224, "LR160": 48.085568002622935, "LR212": 18.000524392131677}, "LR070": {"LR075": 51.209500494876146, "LR295": 32.4699724369298}, "LR455": {"LR450": 57.23781221540933, "LR500": 54.9051395557178}, "LR460": {"LR448": 46.64341672768444, "LR468": 48.25672088984839}, "LR020": {"LR030": 41.69674839721999, "LR015": 43.567902840953394}, "LR280": {"LR295": 50.37779882103997, "LR300": 39.78996634484039, "LR270": 55.397680656050056}, "LR380": {"LR390": 18.6929898654908, "LR370": 52.17349840599498, "LR425": 111.76731144941814}, "LR560": {"LR570": 46.775160041856196, "LR400": 52.23702560469803}, "LR360": {"LR350": 55.398876242860766, "LR370": 46.79591272689307}, "LR920": {"LR265": 26.161187396212092}, "LR540": {"LR530": 22.081181603002218, "LR550": 43.68536952327196}, "LR270": {"LR280": 56.2148418215364, "LR265": 55.85006876026913}, "LR370": {"LR380": 35.05502685225188, "LR360": 53.7019725535453}, "LR090": {"LR100": 40.02049134070215, "LR080": 29.004786476370374}, "LR100": {"LR090": 39.9058829210802, "LR350": 43.781264993517446, "LR340": 50.335053705795005, "LR110": 33.05696000376043, "LR120": 35.506894811035075}, "LR040": {"LR030": 37.32185856139162, "LR050": 43.529782929752585}, "LR075": {"LR070": 43.50087886138223, "LR230": 32.267437444403846, "LR080": 17.870796995510645}, "LR510": {"LR500": 38.58726384126358, "LR520": 29.07000282688357}, "LR001": {"LR240": 40.48309531928212, "LR010": 35.26385701995349}, "LR425": {"LR390": 22.834042623154104, "LR445": 22.223960472831312, "LR430": 22.681843137766982, "LR380": 111.76731144941814}, "LR330": {"LR320": 52.095334973693525, "LR340": 41.71060724743815}, "LR260": {"LR265": 46.71105417557564, "LR250": 51.2930687092565}, "LR435": {"LR430": 52.32794933899375, "LR450": 57.232156280632715}, "LR580": {"LR590": 46.59467353032663, "LR570": 57.249359664941196}, "LR448": {"LR460": 43.590533198109846, "LR445": 37.7241789222483}, "LR250": {"LR260": 51.27714091561713, "LR240": 54.312505479548534}, "LR015": {"LR020": 43.49450528873159, "LR010": 39.671681559204465}, "LR570": {"LR580": 43.504201139069764, "LR560": 51.2364503265519}, "LR220": {"LR212": 48.001962788873996, "LR230": 43.35179104309178}, "LR060": {"LR295": 13.046587972594892, "LR190": 32.30799724609542}, "LR275": {"LR270": 12.949206017113331}, "LR520": {"LR510": 21.735932898653413, "LR530": 29.166055352858926}, "LR300": {"LR310": 41.71084019266245, "LR280": 26.09261760393037}, "LR450": {"LR455": 46.61974046003186, "LR435": 54.795278811607965}, "LR180": {"LR170": 21.800154583589233}, "LR240": {"LR250": 35.158906745085005}, "LR190": {"LR180": 21.504053416743517}, "LR110": {"LR120": 22.30205868001518}, "LR010": {"LR015": 37.288516824270154}}