{"LR150": {"LR140": 2.009348627023359, "LR160": 1.71064036919649}, "LR295": {"LR060": 1.9210290937320225, "LR280": 2.6660483509743096, "LR070": 1.9516464772236817}, "LR350": {"LR360": 2.040963501464718, "LR100": 2.430324390659056}, "LR265": {"LR260": 2.089331059901541, "LR270": 2.2667115386972845}, "LR212": {"LR160": 3.626231331791484, "LR220": 5.251340536777812, "LR170": 3.2538066995204047}, "LR530": {"LR520": 2.2400915821735263, "LR540": 1.5714942364632931}, "LR550": {"LR480": 2.3404112825805194, "LR540": 1.8712319886561797}, "LR480": {"LR468": 1.6460185489606374, "LR550": 1.5858717769244577}, "LR140": {"LR130": 1.424832798323129, "LR150": 1.7888813261943668, "LR140": 0.07846979397156285}, "LR080": {"LR075": 1.975364674586529, "LR090": 1.717274113356884, "LR230": 1.5242410728928446}, "LR490": {"LR468": 2.5816502206740486, "LR500": 2.501086484341114}, "LR590": {"LR580": 1.557275255814087}, "LR390": {"LR400": 8.735696936629218, "LR380": 3.728257462246087, "LR425": 3.158924243229577}, "LR600": {"LR590": 3.890899521196257}, "LR310": {"LR320": 3.6702086248939323, "LR300": 1.8801251538732118}, "LR340": {"LR330": 10.136376996302005, "LR100": 2.6393002035442046}, "LR430": {"LR435": 3.0498051479202193, "LR425": 2.2853688236375693, "LR445": 2.971730646859192}, "LR468": {"LR480": 3.7561275895435884, "LR460": 2.950137427561588, "LR490": 2.5817741962258514}, "LR500": {"LR490": 2.158768003436613, "LR455": 1.1873539872449175, "LR510": 2.17291908927259}, "LR050": {"LR200": 1.9526982251868663, "LR040": 1.5577603757575909}, "LR320": {"LR330": 1.6192324234727635, "LR310": 1.3633685702441025}, "LR120": {"LR130": 1.670773539380572, "LR110": 2.3439943516278143, "LR100": 2.956154623081291}, "LR160": {"LR170": 2.3106665700403224, "LR150": 1.488706054684105, "LR212": 2.812105554757239}, "LR030": {"LR040": 1.6354270376818199, "LR020": 2.2456455134714863}, "LR445": {"LR448": 1.9002987932272348, "LR430": 2.215835547916181, "LR425": 2.7454082777092976}, "LR230": {"LR220": 1.8419040318050517, "LR075": 1.9296338836160998, "LR080": 1.3439057907998466}, "LR200": {"LR170": 2.3619282087520643, "LR050": 2.217228780616653, "LR060": 1.9154989003751677}, "LR130": {"LR120": 1.9894080057058343, "LR140": 1.7864119174980595}, "LR400": {"LR390": 2.1141077128853483, "LR560": 3.006533686818162}, "LR170": {"LR200": 2.1230496679139477, "LR160": 2.2223804831875915, "LR212": 2.7758035857419747}, "LR070": {"LR075": 1.6587140082608927, "LR295": 2.310457500032575}, "LR455": {"LR450": 1.7898929798551642, "LR500": 3.071516135977977}, "LR460": {"LR448": 1.811409360780076, "LR468": 3.0551522642740627}, "LR020": {"LR030": 2.6991830932426137, "LR015": 1.842456440986329}, "LR280": {"LR295": 2.498336581124343, "LR300": 2.207026724656451, "LR270": 2.5124848340603925}, "LR380": {"LR390": 3.6813420855483003, "LR370": 2.4848806638886156, "LR425": 111.76731144941814}, "LR560": {"LR570": 7.949039720476689, "LR400": 2.669913314843998}, "LR360": {"LR350": 2.244065005509471, "LR370": 3.7419955124878777}, "LR920": {"LR265": 2.885004680644097}, "LR540": {"LR530": 1.8377565998004546, "LR550": 2.180484042558569}, "LR270": {"LR280": 2.118114204298485, "LR265": 2.0478333710595438}, "LR370": {"LR380": 2.174353697231723, "LR360": 2.146285998731021}, "LR090": {"LR100": 2.5742622945702758, "LR080": 1.7434089236296644}, "LR100": {"LR090": 2.230744079977293, "LR350": 2.4648617170922504, "LR340": 1.9641548315262167, "LR110": 15.253712566701665, "LR120": 3.2433822943207273}, "LR040": {"LR030": 2.074141873854518, "LR050": 1.884233166419834}, "LR075": {"LR070": 1.5876876405057303, "LR230": 1.9329432427624842, "LR080": 1.9261522839782734}, "LR510": {"LR500": 4.0436794549582, "LR520": 1.7674484629596137}, "LR001": {"LR240": 11.227296751844753, "LR010": 2.9231361035455516}, "LR425": {"LR390": 3.109326500235566, "LR445": 2.6537245497633046, "LR430": 2.862290765858308, "LR380": 111.76731144941814}, "LR330": {"LR320": 1.7146884996091998, "LR340": 1.6107310127910908}, "LR260": {"LR265": 1.6356027561116888, "LR250": 1.7922562554621682}, "LR435": {"LR430": 3.073182446988914, "LR450": 1.4315231038321103}, "LR580": {"LR590": 1.5765603468213636, "LR570": 2.0609807971432974}, "LR448": {"LR460": 1.498665491954304, "LR445": 2.5940616015347358}, "LR250": {"LR260": 1.9160331725942252, "LR240": 2.508983762962104}, "LR015": {"LR020": 1.7982452169948444, "LR010": 1.881824348789732}, "LR570": {"LR580": 1.4298086360338451, "LR560": 1.5985793836781834}, "LR220": {"LR212": 1.521627320982272, "LR230": 1.4025939385611612}, "LR060": {"LR295": 2.2144753987499426, "LR190": 2.011814530987864}, "LR275": {"LR270": 1.980092347038822}, "LR520": {"LR510": 2.0661448595550462, "LR530": 2.0061371968858075}, "LR300": {"LR310": 1.7390968698830402, "LR280": 2.608222260420633}, "LR450": {"LR455": 1.83644205100448, "LR435": 1.2365358019793946}, "LR180": {"LR170": 2.2511393594127638}, "LR240": {"LR250": 5.115018090300295}, "LR190": {"LR180": 1.361181788467505}, "LR110": {"LR120": 2.465219020172161}, "LR010": {"LR015": 1.7820715628685775}}