{"LR150": {"LR140": 2.2775876029440574, "LR160": 1.501691980816552}, "LR295": {"LR060": 1.8271902893440455, "LR280": 2.774856906641282, "LR070": 2.3900748390050137}, "LR350": {"LR360": 2.250630533204847, "LR100": 2.10025791986164}, "LR265": {"LR260": 2.2052770242708695, "LR270": 2.1565731912355384}, "LR212": {"LR160": 3.234591564210865, "LR220": 2.632383614276965, "LR170": 3.2802803179998024}, "LR530": {"LR520": 2.431155349253406, "LR540": 1.612250568195891}, "LR550": {"LR480": 2.5254437074140745, "LR540": 1.933890061342585}, "LR480": {"LR468": 1.534843127823488, "LR550": 1.7856582413073725}, "LR140": {"LR130": 1.5453047229483123, "LR150": 1.9276225216787357, "LR140": 0.13633562864226817}, "LR080": {"LR075": 1.6687070002242455, "LR090": 1.6296983319642044, "LR230": 1.4339545679249954}, "LR490": {"LR468": 2.5626207097842433, "LR500": 2.4792469023247263}, "LR590": {"LR580": 1.289060064463998}, "LR390": {"LR400": 2.7432090925945145, "LR380": 3.903208517134435, "LR425": 3.25735885874617}, "LR600": {"LR590": 3.832149665026738}, "LR310": {"LR320": 2.075449944041522, "LR300": 1.8673703549200635}, "LR340": {"LR330": 3.324334024814418, "LR100": 2.707833164870806}, "LR430": {"LR435": 2.680980718434095, "LR425": 2.289033872431788, "LR445": 3.115927506697496}, "LR468": {"LR480": 1.6599718562991193, "LR460": 2.821347879722371, "LR490": 2.3076396606164624}, "LR500": {"LR490": 2.1937509183492856, "LR455": 1.7425151585592151, "LR510": 1.7506164643499034}, "LR050": {"LR200": 1.8480806275174646, "LR040": 1.5955930712906794}, "LR320": {"LR330": 1.8162099653758261, "LR310": 1.2556370553412592}, "LR120": {"LR130": 1.677751170568748, "LR110": 2.488579583535917, "LR100": 2.9544852446958454}, "LR160": {"LR170": 2.5772241574386983, "LR150": 1.4786071077128613, "LR212": 2.876722454476224}, "LR030": {"LR040": 1.1436876121221762, "LR020": 2.213168864217576}, "LR445": {"LR448": 1.9579688168489482, "LR430": 9.880920368565544, "LR425": 2.7239623710050704}, "LR230": {"LR220": 1.612028707274186, "LR075": 2.091323528635354, "LR080": 1.357204637368461}, "LR200": {"LR170": 1.9167820780922553, "LR050": 2.3396947292186967, "LR060": 1.7122443860028518}, "LR130": {"LR120": 1.647076084983503, "LR140": 1.636452083530731}, "LR400": {"LR390": 2.3344437334709562, "LR560": 2.494946077535471}, "LR170": {"LR200": 2.1058603419754567, "LR160": 2.312721941779092, "LR212": 2.338294515556109}, "LR070": {"LR075": 1.6633811336040458, "LR295": 2.3477787547708915}, "LR455": {"LR450": 1.5915601138125224, "LR500": 2.2896116333706646}, "LR460": {"LR448": 1.8416406260550304, "LR468": 3.0302041954750623}, "LR020": {"LR030": 1.9623498444749543, "LR015": 1.889644039834159}, "LR280": {"LR295": 2.3891154457742543, "LR300": 2.1989631230693054, "LR270": 2.3732965134905735}, "LR380": {"LR390": 3.312063281113864, "LR370": 2.2771138038041148, "LR425": 111.76731144941814}, "LR560": {"LR570": 2.408173732100134, "LR400": 2.5013718801793186}, "LR360": {"LR350": 2.0424919343341155, "LR370": 2.3830068110898615}, "LR920": {"LR265": 2.8343429914281826}, "LR540": {"LR530": 2.0459925033019024, "LR550": 2.1492138228800375}, "LR270": {"LR280": 2.2889751461144936, "LR265": 2.1468233008966227}, "LR370": {"LR380": 1.7414520101935302, "LR360": 2.9166012642032415}, "LR090": {"LR100": 2.5377674807711093, "LR080": 1.4695685697195682}, "LR100": {"LR090": 2.314471860331842, "LR350": 2.292719489121502, "LR340": 2.030171165682866, "LR110": 10.61476081501296, "LR120": 3.191513166868539}, "LR040": {"LR030": 1.8953263634356687, "LR050": 1.7194327665510856}, "LR075": {"LR070": 1.480321020950117, "LR230": 1.9694672644882587, "LR080": 2.027165015020161}, "LR510": {"LR500": 3.8404247052192444, "LR520": 1.7498819798021124}, "LR001": {"LR240": 4.271147137555223, "LR010": 3.551380758167827}, "LR425": {"LR390": 3.0267836261505208, "LR445": 2.969875028450761, "LR430": 3.2264489714796367, "LR380": 111.76731144941814}, "LR330": {"LR320": 1.8347692800593236, "LR340": 1.3224969681104906}, "LR260": {"LR265": 2.183670252147033, "LR250": 1.947153675882242}, "LR435": {"LR430": 3.204625161156977, "LR450": 1.2752375735980541}, "LR580": {"LR590": 1.7459810203733384, "LR570": 2.0262253228286524}, "LR448": {"LR460": 1.610963909952171, "LR445": 2.094939512551591}, "LR250": {"LR260": 1.7974878962583252, "LR240": 2.4802880648611128}, "LR015": {"LR020": 1.6157490893214075, "LR010": 1.8814937125487632}, "LR570": {"LR580": 1.6903397446325101, "LR560": 1.8548226150816514}, "LR220": {"LR212": 1.8338122113808493, "LR230": 1.5075595218620987}, "LR060": {"LR295": 2.069731918348362, "LR190": 2.0635863624030235}, "LR275": {"LR270": 2.123144730002954}, "LR520": {"LR510": 1.702111403148503, "LR530": 1.9974789082367301}, "LR300": {"LR310": 1.866904905876062, "LR280": 2.507035846783171}, "LR450": {"LR455": 1.4719074714628402, "LR435": 1.650379256014535}, "LR180": {"LR170": 2.201119177075111}, "LR240": {"LR250": 2.877776725187733}, "LR190": {"LR180": 1.2649203217595377}, "LR110": {"LR120": 2.4375481702871995}, "LR010": {"LR015": 1.8512877248283552}}