{"LR150": {"LR140": 59.978525466401585, "LR160": 59.992473187587144}, "LR295": {"LR060": 57.27771554057678, "LR280": 59.85810036405727, "LR070": 58.38682392742608}, "LR350": {"LR360": 59.82373912961613, "LR100": 59.91659985288103}, "LR265": {"LR260": 59.982669453219366, "LR270": 59.9978910886242}, "LR212": {"LR160": 53.81148525242745, "LR220": 58.69163847057862, "LR170": 42.19195546316744}, "LR530": {"LR520": 57.5514312453862, "LR540": 56.940705536525584}, "LR550": {"LR480": 59.960155671600845, "LR540": 58.68633727191658}, "LR480": {"LR468": 59.998611589534185, "LR550": 59.23040541974549}, "LR140": {"LR130": 59.870867885739266, "LR150": 59.99860801798968, "LR140": 55.222190544833744}, "LR080": {"LR075": 55.823524111216535, "LR090": 56.22761547874855, "LR230": 37.36748164157397}, "LR490": {"LR468": 51.37461046261908, "LR500": 49.2823372069209}, "LR590": {"LR580": 59.982546060859455}, "LR390": {"LR400": 59.990794374708024, "LR380": 59.508050947218635, "LR425": 53.1038714359395}, "LR600": {"LR590": 59.76569731089122}, "LR310": {"LR320": 59.62961606969061, "LR300": 59.7808538489759}, "LR340": {"LR330": 59.856407991843, "LR100": 49.36788558597313}, "LR430": {"LR435": 59.99846580649781, "LR425": 49.26240983239412, "LR445": 57.011152988109984}, "LR468": {"LR480": 59.98718661874151, "LR460": 59.55035104834576, "LR490": 45.32893049489163}, "LR500": {"LR490": 41.87487201572826, "LR455": 59.99059728218621, "LR510": 57.78669026486595}, "LR050": {"LR200": 59.90585799400102, "LR040": 59.83924860485514}, "LR320": {"LR330": 59.83951486226569, "LR310": 59.038062003642814}, "LR120": {"LR130": 59.984256625574176, "LR110": 59.632567943301225, "LR100": 43.93789892099634}, "LR160": {"LR170": 59.98604838522656, "LR150": 59.99898779161731, "LR212": 57.00183802115704}, "LR030": {"LR040": 59.6651287184942, "LR020": 59.931752663357045}, "LR445": {"LR448": 59.90583857669537, "LR430": 58.427546657761084, "LR425": 53.05051340505829}, "LR230": {"LR220": 59.62790057009637, "LR075": 49.26215688612017, "LR080": 49.13456634020018}, "LR200": {"LR170": 59.63331062594009, "LR050": 59.824019735255376, "LR060": 56.956986412291755}, "LR130": {"LR120": 59.97323906713812, "LR140": 59.97604139224542}, "LR400": {"LR390": 59.94483263365079, "LR560": 59.96743394491206}, "LR170": {"LR200": 59.99765249689199, "LR160": 59.9385956957626, "LR212": 49.32429681446221}, "LR070": {"LR075": 59.48883476565169, "LR295": 59.31088059952886}, "LR455": {"LR450": 59.99988817623603, "LR500": 59.999098391356426}, "LR460": {"LR448": 59.883424227805094, "LR468": 59.80713774013807}, "LR020": {"LR030": 59.49093461101361, "LR015": 59.80326646728198}, "LR280": {"LR295": 59.804904486604734, "LR300": 59.544700286999884, "LR270": 59.999340298391566}, "LR380": {"LR390": 59.450501326687046, "LR370": 59.973535530798856, "LR425": 111.76731144941814}, "LR560": {"LR570": 59.9637781228174, "LR400": 59.97083371239428}, "LR360": {"LR350": 59.96747166317512, "LR370": 59.93194910237658}, "LR920": {"LR265": 54.92097576335095}, "LR540": {"LR530": 58.39257736772369, "LR550": 57.55126148859021}, "LR270": {"LR280": 59.999604467336134, "LR265": 59.999609715115525}, "LR370": {"LR380": 59.938509775476554, "LR360": 59.95992763245857}, "LR090": {"LR100": 56.297756709098095, "LR080": 58.93572236817401}, "LR100": {"LR090": 58.2190708376048, "LR350": 59.88533921211181, "LR340": 59.82363402492605, "LR110": 58.259188122395884, "LR120": 57.58799027057849}, "LR040": {"LR030": 59.78007334192431, "LR050": 59.85624854545237}, "LR075": {"LR070": 58.68392379287803, "LR230": 58.009084914779905, "LR080": 52.193373629244356}, "LR510": {"LR500": 57.39671117219033, "LR520": 58.001587554309445}, "LR001": {"LR240": 59.78970020615414, "LR010": 58.56159979124071}, "LR425": {"LR390": 55.48148723746738, "LR445": 58.022999912830834, "LR430": 48.28916695008253, "LR380": 111.76731144941814}, "LR330": {"LR320": 59.69842088438154, "LR340": 59.138546063409514}, "LR260": {"LR265": 59.98589887882978, "LR250": 59.98859374144181}, "LR435": {"LR430": 59.96045997551399, "LR450": 59.99976572556185}, "LR580": {"LR590": 59.96328378335662, "LR570": 59.99162910631261}, "LR448": {"LR460": 59.80353740957664, "LR445": 59.82501970066572}, "LR250": {"LR260": 59.97610872181169, "LR240": 59.984422365136496}, "LR015": {"LR020": 59.665341858411885, "LR010": 58.81791362895368}, "LR570": {"LR580": 59.95481920369089, "LR560": 59.93116085195071}, "LR220": {"LR212": 59.54225037503208, "LR230": 58.80482842911622}, "LR060": {"LR295": 56.966301599123355, "LR190": 56.25922105140828}, "LR275": {"LR270": 52.937928236704394}, "LR520": {"LR510": 58.19771319472592, "LR530": 58.207014228002436}, "LR300": {"LR310": 59.80292948087731, "LR280": 59.54893705495791}, "LR450": {"LR455": 59.99898072731207, "LR435": 59.99786034788053}, "LR180": {"LR170": 56.238190376600684}, "LR240": {"LR250": 59.967457658379075}, "LR190": {"LR180": 56.92931526817633}, "LR110": {"LR120": 55.875129368428205}, "LR010": {"LR015": 59.664304225753185}}