{"LR150": {"LR140": 91.30218599807127, "LR160": 99.07929359399999}, "LR295": {"LR060": 65.99171540040834, "LR280": 84.57059999960616, "LR070": 71.3999901977032}, "LR350": {"LR360": 101.17136423166654, "LR100": 99.07929357659904}, "LR265": {"LR260": 99.07929359393401, "LR270": 104.74880503002598}, "LR212": {"LR160": 59.939985409714005, "LR220": 80.63397719927023, "LR170": 59.504707725382936}, "LR530": {"LR520": 80.6336490194128, "LR540": 76.25974105673431}, "LR550": {"LR480": 84.5705999992632, "LR540": 84.56999995051528}, "LR480": {"LR468": 103.05422781113998, "LR550": 80.63391958069386}, "LR140": {"LR130": 103.05422780957329, "LR150": 101.17136423459999, "LR140": 88.1117722655179}, "LR080": {"LR075": 71.39073435779075, "LR090": 76.2599269543385, "LR230": 59.8559964049446}, "LR490": {"LR468": 71.20568377827115, "LR500": 71.13172023378841}, "LR590": {"LR580": 91.30218599994018}, "LR390": {"LR400": 88.11353999999879, "LR380": 91.30218382081685, "LR425": 91.28688672338376}, "LR600": {"LR590": 71.39999915930997}, "LR310": {"LR320": 84.57059948513503, "LR300": 91.30218562391151}, "LR340": {"LR330": 71.39999980039497, "LR100": 71.24284796142632}, "LR430": {"LR435": 96.75477065999965, "LR425": 59.82365437406613, "LR445": 84.56908307410433}, "LR468": {"LR480": 104.7488050300245, "LR460": 88.11353985700859, "LR490": 71.18314863901935}, "LR500": {"LR490": 65.37764041299674, "LR455": 96.75477065999993, "LR510": 84.56958901343727}, "LR050": {"LR200": 101.17136422300149, "LR040": 91.30218599232718}, "LR320": {"LR330": 84.57059936019013, "LR310": 80.63399936043328}, "LR120": {"LR130": 91.30218599997418, "LR110": 94.17196593514998, "LR100": 71.0743319124249}, "LR160": {"LR170": 104.74880502958914, "LR150": 94.17196739999999, "LR212": 76.22769401416966}, "LR030": {"LR040": 91.30218596992371, "LR020": 76.25999999706823}, "LR445": {"LR448": 80.63399969592959, "LR430": 76.25890526017021, "LR425": 80.63114307775885}, "LR230": {"LR220": 88.11353527276147, "LR075": 80.612559983695, "LR080": 71.28292208748863}, "LR200": {"LR170": 76.25999985603741, "LR050": 88.1135399147037, "LR060": 76.2576460646363}, "LR130": {"LR120": 94.17196739986025, "LR140": 91.30218599939226}, "LR400": {"LR390": 94.17196739991864, "LR560": 88.11353999999199}, "LR170": {"LR200": 99.07929359399984, "LR160": 88.11353999997698, "LR212": 65.4412896006946}, "LR070": {"LR075": 76.25999198276158, "LR295": 80.63399483041674}, "LR455": {"LR450": 104.74880503002598, "LR500": 101.17136423459999}, "LR460": {"LR448": 99.07929359350686, "LR468": 76.25999994480165}, "LR020": {"LR030": 94.17196736296562, "LR015": 101.17136410379715}, "LR280": {"LR295": 99.0792935856191, "LR300": 94.17196683038543, "LR270": 101.17136423459999}, "LR380": {"LR390": 91.30218505697579, "LR370": 91.3021859998104, "LR425": 113.8908903669571}, "LR560": {"LR570": 103.0542278110283, "LR400": 96.7547706599865}, "LR360": {"LR350": 94.17196739960534, "LR370": 84.57059999986231}, "LR920": {"LR265": 59.98873202609042}, "LR540": {"LR530": 96.75472322067364, "LR550": 71.39956666059219}, "LR270": {"LR280": 108.88187886688893, "LR265": 88.11353999999997}, "LR370": {"LR380": 99.07929358718182, "LR360": 76.25999999939978}, "LR090": {"LR100": 76.25607148814238, "LR080": 84.57055691403338}, "LR100": {"LR090": 91.30216767347287, "LR350": 91.30218599676832, "LR340": 80.63399982127574, "LR110": 88.11244924427284, "LR120": 88.1134060531721}, "LR040": {"LR030": 94.17196737290455, "LR050": 101.17136423244682}, "LR075": {"LR070": 94.17195851444409, "LR230": 76.24859919021546, "LR080": 80.54988154252638}, "LR510": {"LR500": 80.6334312477736, "LR520": 71.39951488648786}, "LR001": {"LR240": 99.07929351143612, "LR010": 76.25998920951926}, "LR425": {"LR390": 65.99520533104615, "LR445": 59.99331498789222, "LR430": 65.76255630664264, "LR380": 115.61098929016362}, "LR330": {"LR320": 88.11353972494945, "LR340": 96.75477035561315}, "LR260": {"LR265": 94.17196739997146, "LR250": 101.17136423457437}, "LR435": {"LR430": 103.05422781113967, "LR450": 112.70540072456583}, "LR580": {"LR590": 94.17196739999947, "LR570": 103.05422781113097}, "LR448": {"LR460": 88.11353998039425, "LR445": 99.07929356114222}, "LR250": {"LR260": 103.05422781113411, "LR240": 108.88187886685004}, "LR015": {"LR020": 96.75476995095703, "LR010": 91.30218566167969}, "LR570": {"LR580": 99.07929359398763, "LR560": 103.0542278111263}, "LR220": {"LR212": 94.17196592181385, "LR230": 80.63399193073792}, "LR060": {"LR295": 80.63209914905352, "LR190": 76.25710630544326}, "LR275": {"LR270": 65.8232253618905}, "LR520": {"LR510": 76.25951388430914, "LR530": 59.999090008107714}, "LR300": {"LR310": 91.30218593036692, "LR280": 76.2599962402783}, "LR450": {"LR455": 111.89488969396203, "LR435": 112.70540072456583}, "LR180": {"LR170": 88.10323667636098}, "LR240": {"LR250": 103.05422781097005}, "LR190": {"LR180": 71.39386883101015}, "LR110": {"LR120": 71.39767389935079}, "LR010": {"LR015": 88.11353996277737}}