{"LR150": {"LR140": 59.99999942960635, "LR160": 59.99999999995632}, "LR295": {"LR060": 59.906525358974434, "LR280": 59.999999434285385, "LR070": 59.998989218155785}, "LR350": {"LR360": 59.999991190489105, "LR100": 59.99999696128318}, "LR265": {"LR260": 59.999999779828656, "LR270": 59.999999999956685}, "LR212": {"LR160": 59.73766169184713, "LR220": 59.99926218762361, "LR170": 57.834957520412026}, "LR530": {"LR520": 59.991720429413455, "LR540": 59.99245873297485}, "LR550": {"LR480": 59.999999701098865, "LR540": 59.992477419556906}, "LR480": {"LR468": 59.99999999984605, "LR550": 59.99739769910965}, "LR140": {"LR130": 59.99999817719479, "LR150": 59.99999999978827, "LR140": 59.97264027120518}, "LR080": {"LR075": 59.91531961423891, "LR090": 59.997081856825766, "LR230": 59.30058379110178}, "LR490": {"LR468": 59.31198335645066, "LR500": 59.05010017877638}, "LR590": {"LR580": 59.99999991409379}, "LR390": {"LR400": 59.999999997865885, "LR380": 59.99953018621907, "LR425": 59.76320874926929}, "LR600": {"LR590": 59.99996977331116}, "LR310": {"LR320": 59.999919080555834, "LR300": 59.999968587345315}, "LR340": {"LR330": 59.999981475624665, "LR100": 59.313050381153445}, "LR430": {"LR435": 59.99999999933075, "LR425": 59.14350062511287, "LR445": 59.95582220218741}, "LR468": {"LR480": 59.99999998831375, "LR460": 59.999972255017596, "LR490": 59.23219305005216}, "LR500": {"LR490": 58.21509013627353, "LR455": 59.99999999950133, "LR510": 59.9735011155924}, "LR050": {"LR200": 59.99999016256741, "LR040": 59.999991072946685}, "LR320": {"LR330": 59.999940622347026, "LR310": 59.99986211473043}, "LR120": {"LR130": 59.99999995882022, "LR110": 59.99984894929999, "LR100": 58.41825102294651}, "LR160": {"LR170": 59.9999998707887, "LR150": 59.99999999973928, "LR212": 59.82565766943776}, "LR030": {"LR040": 59.9999814034971, "LR020": 59.99999881065819}, "LR445": {"LR448": 59.999961290397366, "LR430": 59.979081976095756, "LR425": 59.925117449607946}, "LR230": {"LR220": 59.99951254211557, "LR075": 59.804055799864514, "LR080": 59.368177890258664}, "LR200": {"LR170": 59.999968962862134, "LR050": 59.99997477479178, "LR060": 59.9595194151338}, "LR130": {"LR120": 59.99999975215665, "LR140": 59.99999982026914}, "LR400": {"LR390": 59.99999978006296, "LR560": 59.99999998579392}, "LR170": {"LR200": 59.99999999843921, "LR160": 59.99999997589261, "LR212": 58.55787080144491}, "LR070": {"LR075": 59.9996441274748, "LR295": 59.99981412960888}, "LR455": {"LR450": 59.99999999999993, "LR500": 59.99999999999865}, "LR460": {"LR448": 59.99999929163944, "LR468": 59.99998186205495}, "LR020": {"LR030": 59.99996509867382, "LR015": 59.99999419386908}, "LR280": {"LR295": 59.999997521460806, "LR300": 59.99991047576034, "LR270": 59.999999999991985}, "LR380": {"LR390": 59.99991248249427, "LR370": 59.99999990504413, "LR425": 111.76731144941814}, "LR560": {"LR570": 59.9999998555934, "LR400": 59.99999998727698}, "LR360": {"LR350": 59.99999978038328, "LR370": 59.99999983980001}, "LR920": {"LR265": 59.90731794728565}, "LR540": {"LR530": 59.99766027042851, "LR550": 59.993293082873336}, "LR270": {"LR280": 59.99999999999966, "LR265": 59.99999999999689}, "LR370": {"LR380": 59.99999836673361, "LR360": 59.99999990566482}, "LR090": {"LR100": 59.96010735239113, "LR080": 59.995063457094645}, "LR100": {"LR090": 59.9982992038329, "LR350": 59.99999820163263, "LR340": 59.99998341346634, "LR110": 59.960782294488766, "LR120": 59.9940543123083}, "LR040": {"LR030": 59.99998900807486, "LR050": 59.99999892161634}, "LR075": {"LR070": 59.998275913177736, "LR230": 59.88422881139909, "LR080": 59.632297851024234}, "LR510": {"LR500": 59.99422452242315, "LR520": 59.984302136082}, "LR001": {"LR240": 59.99995864937182, "LR010": 59.999467808485875}, "LR425": {"LR390": 59.964506326704, "LR445": 59.959915216922276, "LR430": 59.243353486734215, "LR380": 111.76731144941814}, "LR330": {"LR320": 59.99992679183705, "LR340": 59.99987651822805}, "LR260": {"LR265": 59.99999997311147, "LR250": 59.999999980425116}, "LR435": {"LR430": 59.99999999083356, "LR450": 59.999999999999694}, "LR580": {"LR590": 59.99999999379488, "LR570": 59.9999999138599}, "LR448": {"LR460": 59.99998787754072, "LR445": 59.99995752362945}, "LR250": {"LR260": 59.99999995444322, "LR240": 59.999999963328364}, "LR015": {"LR020": 59.99995682675451, "LR010": 59.99988882937665}, "LR570": {"LR580": 59.999999954215056, "LR560": 59.99999998404123}, "LR220": {"LR212": 59.999790910999664, "LR230": 59.99950866697903}, "LR060": {"LR295": 59.98069753135195, "LR190": 59.94470798425108}, "LR275": {"LR270": 59.04601882282221}, "LR520": {"LR510": 59.988532615983345, "LR530": 59.98261209500432}, "LR300": {"LR310": 59.99997940698281, "LR280": 59.99968597060503}, "LR450": {"LR455": 59.99999999999468, "LR435": 59.99999999999793}, "LR180": {"LR170": 59.85647927956792}, "LR240": {"LR250": 59.999999883236434}, "LR190": {"LR180": 59.94956952047651}, "LR110": {"LR120": 59.967598451464106}, "LR010": {"LR015": 59.99999108345064}}