{"LR150": {"LR140": 119.99999461113, "LR160": 119.99999999993152}, "LR295": {"LR060": 119.83563914087253, "LR280": 119.99998873321158, "LR070": 119.99915305084599}, "LR350": {"LR360": 119.99998873321158, "LR100": 119.99999742252018}, "LR265": {"LR260": 119.99999961313411, "LR270": 119.99999999583142}, "LR212": {"LR160": 119.72141776726797, "LR220": 119.99542935646991, "LR170": 118.48570876116617}, "LR530": {"LR520": 119.98938204460725, "LR540": 119.96616454728965}, "LR550": {"LR480": 119.99999961313411, "LR540": 119.97259298138229}, "LR480": {"LR468": 119.99999989073766, "LR550": 119.91266512101143}, "LR140": {"LR130": 119.99999977155956, "LR150": 119.99999999995505, "LR140": 119.89217340460205}, "LR080": {"LR075": 119.7216430798746, "LR090": 119.98381667663848, "LR230": 118.64505185677834}, "LR490": {"LR468": 118.13839717630238, "LR500": 119.68906650779817}, "LR590": {"LR580": 119.9999993448392}, "LR390": {"LR400": 119.99999968663863, "LR380": 119.99666800254344, "LR425": 119.8801354456227}, "LR600": {"LR590": 119.99989703077422}, "LR310": {"LR320": 119.99923774590407, "LR300": 119.99973421843121}, "LR340": {"LR330": 119.99856568445418, "LR100": 119.27932624316009}, "LR430": {"LR435": 119.99999990166388, "LR425": 118.90190182649353, "LR445": 119.88019418401814}, "LR468": {"LR480": 119.9999991911595, "LR460": 119.99980624523808, "LR490": 117.44518163883822}, "LR500": {"LR490": 117.68449490938156, "LR455": 119.99999985012023, "LR510": 119.94269806787425}, "LR050": {"LR200": 119.99995075013933, "LR040": 119.99997644394435}, "LR320": {"LR330": 119.99967187460486, "LR310": 119.99923774590278}, "LR120": {"LR130": 119.99999946931976, "LR110": 119.99967187459217, "LR100": 116.83887252001053}, "LR160": {"LR170": 119.99999847802394, "LR150": 119.9999999989404, "LR212": 119.92134071529247}, "LR030": {"LR040": 119.99997879954992, "LR020": 119.99987287750125}, "LR445": {"LR448": 119.99988558975024, "LR430": 119.96954751068026, "LR425": 119.35343726032696}, "LR230": {"LR220": 119.99435723264153, "LR075": 119.93629832814311, "LR080": 118.14134397555422}, "LR200": {"LR170": 119.99998282763536, "LR050": 119.99997382660476, "LR060": 119.83565550902726}, "LR130": {"LR120": 119.99999863022154, "LR140": 119.99999742252018}, "LR400": {"LR390": 119.99999461113, "LR560": 119.99999965182069}, "LR170": {"LR200": 119.99999999031613, "LR160": 119.99999847802394, "LR212": 117.68719307217131}, "LR070": {"LR075": 119.99588642245153, "LR295": 119.99666800235893}, "LR455": {"LR450": 119.99999999975758, "LR500": 119.99999999995505}, "LR460": {"LR448": 119.99999986510821, "LR468": 119.99781387663202}, "LR020": {"LR030": 119.99987287750108, "LR015": 119.99999713613354}, "LR280": {"LR295": 119.99999812101721, "LR300": 119.9994443167599, "LR270": 119.99999999726496}, "LR380": {"LR390": 119.99588642307037, "LR370": 119.99999847802394, "LR425": 122.93086502204241}, "LR560": {"LR570": 119.99999847802394, "LR400": 119.99999812101721}, "LR360": {"LR350": 119.99999334707408, "LR370": 119.99997382660483}, "LR920": {"LR265": 119.94842004778317}, "LR540": {"LR530": 119.9954293497894, "LR550": 119.95822771099502}, "LR270": {"LR280": 119.99999999999707, "LR265": 119.99999999998974}, "LR370": {"LR380": 119.99998091959492, "LR360": 119.9999995223878}, "LR090": {"LR100": 119.98689035262991, "LR080": 119.97259341222366}, "LR100": {"LR090": 119.99303361712914, "LR350": 119.99999812101721, "LR340": 119.9995498965834, "LR110": 119.94842796856764, "LR120": 119.99044388520426}, "LR040": {"LR030": 119.99999334707408, "LR050": 119.999995150017}, "LR075": {"LR070": 119.99963541610877, "LR230": 119.28146185122974, "LR080": 118.32766378449321}, "LR510": {"LR500": 119.98543482286634, "LR520": 119.90296047518909}, "LR001": {"LR240": 119.99993919770267, "LR010": 119.9987091156956}, "LR425": {"LR390": 119.47627568847477, "LR445": 119.11304821313252, "LR430": 118.32389190422484, "LR380": 122.92777398656054}, "LR330": {"LR320": 119.99970468714716, "LR340": 119.99976079658809}, "LR260": {"LR265": 119.9999999836003, "LR250": 119.99999791224135}, "LR435": {"LR430": 119.99999999869183, "LR450": 119.99999999995956}, "LR580": {"LR590": 119.99999946931976, "LR570": 119.99999900143152}, "LR448": {"LR460": 119.99976079659113, "LR445": 119.99997091844973}, "LR250": {"LR260": 119.99999985012023, "LR240": 119.99999910128835}, "LR015": {"LR020": 119.99998748134585, "LR010": 119.99999260786004}, "LR570": {"LR580": 119.99999992831297, "LR560": 119.99999971797476}, "LR220": {"LR212": 119.99781387650962, "LR230": 119.99895438375707}, "LR060": {"LR295": 119.65639839562087, "LR190": 119.72167772713651}, "LR275": {"LR270": 119.57443237624989}, "LR520": {"LR510": 119.95822761920927, "LR530": 119.99139940237296}, "LR300": {"LR310": 119.99987287750093, "LR280": 119.99954989654675}, "LR450": {"LR455": 119.9999999997818, "LR435": 119.99999999999599}, "LR180": {"LR170": 119.9213733714314}, "LR240": {"LR250": 119.99999995296612}, "LR190": {"LR180": 119.9213888534853}, "LR110": {"LR120": 119.93632995604068}, "LR010": {"LR015": 119.99993244189208}}