{"LR150": {"LR140": 2.0347238681526716, "LR160": 1.8046540655588246}, "LR295": {"LR060": 1.835923615380547, "LR280": 2.533572429245658, "LR070": 2.2286546269907768}, "LR350": {"LR360": 2.3280600742419404, "LR100": 2.370999030626149}, "LR265": {"LR260": 2.2524842681870596, "LR270": 2.1852706929543726}, "LR212": {"LR160": 3.179084269217494, "LR220": 1.6348373410773427, "LR170": 3.1077179228625527}, "LR530": {"LR520": 2.036768232908789, "LR540": 1.727806333089258}, "LR550": {"LR480": 1.954562693377132, "LR540": 1.815442402924124}, "LR480": {"LR468": 1.563288259630505, "LR550": 1.914609531269172}, "LR140": {"LR130": 1.7365486413607818, "LR150": 1.616013853777789, "LR140": 0.06911457958069006}, "LR080": {"LR075": 1.7787852781686944, "LR090": 1.8670173153067648, "LR230": 1.3687328344199297}, "LR490": {"LR468": 2.446526351675311, "LR500": 2.176920207776903}, "LR590": {"LR580": 1.534276497648144}, "LR390": {"LR400": 2.1705740082958753, "LR380": 3.855511356007798, "LR425": 3.335616053623677}, "LR600": {"LR590": 3.478741472088714}, "LR310": {"LR320": 1.5618829386174249, "LR300": 2.022900514901683}, "LR340": {"LR330": 1.8681689228865743, "LR100": 2.716966841168855}, "LR430": {"LR435": 2.6163107994285464, "LR425": 2.198360576251942, "LR445": 2.785943704883535}, "LR468": {"LR480": 1.4696447123985834, "LR460": 2.9087952724433235, "LR490": 2.1985913852290224}, "LR500": {"LR490": 1.767606933460404, "LR455": 1.268968772325707, "LR510": 1.818286793742266}, "LR050": {"LR200": 1.932268632287935, "LR040": 1.633680623057709}, "LR320": {"LR330": 1.6926823161507862, "LR310": 1.4414558394550376}, "LR120": {"LR130": 1.741163421382214, "LR110": 2.0018672325374363, "LR100": 2.964466682119068}, "LR160": {"LR170": 2.6058887080052515, "LR150": 1.8018868953775535, "LR212": 2.8075102283630664}, "LR030": {"LR040": 1.416743739840456, "LR020": 1.878061872604776}, "LR445": {"LR448": 2.27767678828322, "LR430": 1.9587136007960708, "LR425": 2.6533837222265753}, "LR230": {"LR220": 1.8061060636961659, "LR075": 2.0707708587865703, "LR080": 1.2501736824092675}, "LR200": {"LR170": 2.4411337308269188, "LR050": 1.9628761039128384, "LR060": 1.8243625667715864}, "LR130": {"LR120": 1.788396204256686, "LR140": 1.874146404858458}, "LR400": {"LR390": 2.387463895736398, "LR560": 2.5944976642840243}, "LR170": {"LR200": 1.966693780960354, "LR160": 2.1702923032772263, "LR212": 2.2679753972051193}, "LR070": {"LR075": 1.6374856169623797, "LR295": 2.232837638656232}, "LR455": {"LR450": 1.821822456157945, "LR500": 2.8628602822855624}, "LR460": {"LR448": 1.3956057811179043, "LR468": 3.271964602130492}, "LR020": {"LR030": 1.79973184376386, "LR015": 1.9234058951193682}, "LR280": {"LR295": 2.5153796048085804, "LR300": 2.62194216692285, "LR270": 2.57933504673893}, "LR380": {"LR390": 3.622203999923019, "LR370": 2.486736965655671, "LR425": 111.76731144941814}, "LR560": {"LR570": 1.894737418359163, "LR400": 2.2391375027590117}, "LR360": {"LR350": 2.0559773064768, "LR370": 2.7694314752913676}, "LR920": {"LR265": 2.6771243088383097}, "LR540": {"LR530": 2.019222468091228, "LR550": 2.4245682305811704}, "LR270": {"LR280": 1.852804340571439, "LR265": 2.3858162083326695}, "LR370": {"LR380": 2.2363993305872354, "LR360": 1.9800433208095871}, "LR090": {"LR100": 2.834990835175165, "LR080": 1.2857206166999748}, "LR100": {"LR090": 2.2596160513029195, "LR350": 2.447060015947092, "LR340": 2.3620010321130205, "LR110": 2.7161073562787097, "LR120": 2.9800753010932337}, "LR040": {"LR030": 1.8321741584754299, "LR050": 1.7455736833317133}, "LR075": {"LR070": 1.5886692948553753, "LR230": 2.201071535997056, "LR080": 2.208317426093628}, "LR510": {"LR500": 3.9796863006457786, "LR520": 1.838856348740931}, "LR001": {"LR240": 4.031669067814913, "LR010": 2.7336169273492663}, "LR425": {"LR390": 2.9889969885697445, "LR445": 3.1105051376949424, "LR430": 3.174260258797615, "LR380": 111.76731144941814}, "LR330": {"LR320": 1.8604468123657647, "LR340": 1.8601838774440835}, "LR260": {"LR265": 2.000105287957151, "LR250": 1.993946543832939}, "LR435": {"LR430": 3.152627618481142, "LR450": 1.5304592408645425}, "LR580": {"LR590": 1.3587592978966967, "LR570": 1.7941725922358536}, "LR448": {"LR460": 1.686500801819065, "LR445": 2.0799234779192344}, "LR250": {"LR260": 2.0717042351502024, "LR240": 2.1763270020383927}, "LR015": {"LR020": 1.8102988556590653, "LR010": 1.5995587780944538}, "LR570": {"LR580": 1.5929672149317569, "LR560": 1.8124660475218903}, "LR220": {"LR212": 1.4242054469327659, "LR230": 1.3910724308501108}, "LR060": {"LR295": 2.0116143735465797, "LR190": 2.3099791934352183}, "LR275": {"LR270": 2.375559690560574}, "LR520": {"LR510": 1.6990682759111173, "LR530": 2.0343361256243857}, "LR300": {"LR310": 1.4909021209156452, "LR280": 2.4114329289262635}, "LR450": {"LR455": 1.9740591763135693, "LR435": 1.378622099473842}, "LR180": {"LR170": 2.1437729079084926}, "LR240": {"LR250": 2.2622672894389257}, "LR190": {"LR180": 1.3181655931325376}, "LR110": {"LR120": 2.268686784970309}, "LR010": {"LR015": 1.8941970614714605}}