{"LR150": {"LR140": 119.99999999800616, "LR160": 119.99999999999986}, "LR295": {"LR060": 119.99225839200722, "LR280": 119.99999999882266, "LR070": 119.99999927204344}, "LR350": {"LR360": 119.9999999991417, "LR100": 119.9999999991417}, "LR265": {"LR260": 119.99999999997851, "LR270": 119.99999999999986}, "LR212": {"LR160": 119.98000063757152, "LR220": 119.99997091843295, "LR170": 119.89128933668617}, "LR530": {"LR520": 119.99992493476648, "LR540": 119.99978471565764}, "LR550": {"LR480": 119.99999999997051, "LR540": 119.99959490006604}, "LR480": {"LR468": 119.99999999999898, "LR550": 119.99895438183535}, "LR140": {"LR130": 119.99999999998734, "LR150": 119.99999999999986, "LR140": 119.9970010362683}, "LR080": {"LR075": 119.97258822046395, "LR090": 119.99987287728895, "LR230": 119.74892537357627}, "LR490": {"LR468": 119.85150656433177, "LR500": 119.94814505654037}, "LR590": {"LR580": 119.99999999988404}, "LR390": {"LR400": 119.99999999995505, "LR380": 119.99999334707363, "LR425": 119.99302990768699}, "LR600": {"LR590": 119.9999997944036}, "LR310": {"LR320": 119.99999910128835, "LR300": 119.99999971797476}, "LR340": {"LR330": 119.99999900143152, "LR100": 119.9534366784164}, "LR430": {"LR435": 119.99999999999969, "LR425": 119.89186248709898, "LR445": 119.99372999097827}, "LR468": {"LR480": 119.99999999999761, "LR460": 119.99999965182069, "LR490": 119.65488192284822}, "LR500": {"LR490": 119.61383900877254, "LR455": 119.99999999999167, "LR510": 119.99700111694537}, "LR050": {"LR200": 119.99999998524027, "LR040": 119.9999999948536}, "LR320": {"LR330": 119.9999995223878, "LR310": 119.99999961313411}, "LR120": {"LR130": 119.9999999999925, "LR110": 119.99999919115949, "LR100": 119.77306329432784}, "LR160": {"LR170": 119.99999999970073, "LR150": 119.99999999999986, "LR212": 119.997812261983}, "LR030": {"LR040": 119.9999999576695, "LR020": 119.99999977155956}, "LR445": {"LR448": 119.99999999428178, "LR430": 119.99954988532008, "LR425": 119.99303311600451}, "LR230": {"LR220": 119.9999556751189, "LR075": 119.99491874421787, "LR080": 119.85174162002656}, "LR200": {"LR170": 119.99999997750385, "LR050": 119.99999997500427, "LR060": 119.99372992200438}, "LR130": {"LR120": 119.99999999992392, "LR140": 119.99999999991546}, "LR400": {"LR390": 119.99999999966747, "LR560": 119.99999999999707}, "LR170": {"LR200": 119.99999999999986, "LR160": 119.99999999943687, "LR212": 119.7188166710007}, "LR070": {"LR075": 119.99998985988854, "LR295": 119.99999607151327}, "LR455": {"LR450": 119.99999999999986, "LR500": 119.99999999999986}, "LR460": {"LR448": 119.99999999998974, "LR468": 119.99999791224135}, "LR020": {"LR030": 119.99999992034775, "LR015": 119.9999999989404}, "LR280": {"LR295": 119.99999999943687, "LR300": 119.99999941035529, "LR270": 119.99999999999986}, "LR380": {"LR390": 119.99997382660395, "LR370": 119.99999999985683, "LR425": 122.94274490538189}, "LR560": {"LR570": 119.99999999997851, "LR400": 119.9999999989404}, "LR360": {"LR350": 119.99999999800616, "LR370": 119.99999999854649}, "LR920": {"LR265": 119.99435617376896}, "LR540": {"LR530": 119.99995075003889, "LR550": 119.99949988063568}, "LR270": {"LR280": 119.99999999999986, "LR265": 119.99999999999986}, "LR370": {"LR380": 119.99999999726496, "LR360": 119.99999999994452}, "LR090": {"LR100": 119.99973419456356, "LR080": 119.99954989603805}, "LR100": {"LR090": 119.99994527789768, "LR350": 119.9999999993743, "LR340": 119.9999993448392, "LR110": 119.99803242166767, "LR120": 119.99988558927052}, "LR040": {"LR030": 119.9999999989404, "LR050": 119.99999999662343}, "LR075": {"LR070": 119.99999979440356, "LR230": 119.9854312369466, "LR080": 119.90275408888763}, "LR510": {"LR500": 119.9998062424396, "LR520": 119.99700117258358}, "LR001": {"LR240": 119.99999997500427, "LR010": 119.99999957014893}, "LR425": {"LR390": 119.97533191090838, "LR445": 119.9292510107809, "LR430": 119.83494175183664, "LR380": 122.94359011819131}, "LR330": {"LR320": 119.99999927204355, "LR340": 119.9999998785974}, "LR260": {"LR265": 119.99999999999952, "LR250": 119.9999999997818}, "LR435": {"LR430": 119.99999999999986, "LR450": 119.99999999999986}, "LR580": {"LR590": 119.99999999999707, "LR570": 119.99999999998593}, "LR448": {"LR460": 119.99999989073766, "LR445": 119.99999999031613}, "LR250": {"LR260": 119.99999999999393, "LR240": 119.99999999988404}, "LR015": {"LR020": 119.9999999991417, "LR010": 119.9999999948536}, "LR570": {"LR580": 119.99999999999599, "LR560": 119.99999999998067}, "LR220": {"LR212": 119.99999401236637, "LR230": 119.99999563501441}, "LR060": {"LR295": 119.98543433000516, "LR190": 119.9838156330309}, "LR275": {"LR270": 119.9534348208022}, "LR520": {"LR510": 119.99781385233874, "LR530": 119.9999324408675}, "LR300": {"LR310": 119.99999989073766, "LR280": 119.9999979122412}, "LR450": {"LR455": 119.99999999999986, "LR435": 119.99999999999986}, "LR180": {"LR170": 119.99629658460412}, "LR240": {"LR250": 119.9999999999981}, "LR190": {"LR180": 119.9954287825047}, "LR110": {"LR120": 119.99730095308912}, "LR010": {"LR015": 119.99999998671623}}