{"LR150": {"LR140": 1.941040268851523, "LR160": 1.474440437164385}, "LR295": {"LR060": 2.0316571252700553, "LR280": 2.638906287844487, "LR070": 2.169444736544386}, "LR350": {"LR360": 2.6465928122142968, "LR100": 2.4982290052458738}, "LR265": {"LR260": 2.0014307875314232, "LR270": 2.1929470370504065}, "LR212": {"LR160": 3.484533115515314, "LR220": 1.8475389670706956, "LR170": 3.1742334788296764}, "LR530": {"LR520": 2.2822212571938345, "LR540": 1.9031962637257798}, "LR550": {"LR480": 2.0198714167502785, "LR540": 1.8157541871360596}, "LR480": {"LR468": 1.5156335896868656, "LR550": 1.6921769977107857}, "LR140": {"LR130": 1.755971003293972, "LR150": 1.9719952145820259, "LR140": 0.1052501672063808}, "LR080": {"LR075": 2.0504188821973077, "LR090": 1.6243330787534547, "LR230": 1.3372972612218725}, "LR490": {"LR468": 2.5481871170137493, "LR500": 2.207591164284074}, "LR590": {"LR580": 1.723755579719337}, "LR390": {"LR400": 1.9978187525062876, "LR380": 3.9696460565920724, "LR425": 3.201136092287514}, "LR600": {"LR590": 3.8969809629013645}, "LR310": {"LR320": 1.8097320602818083, "LR300": 1.9230936064338913}, "LR340": {"LR330": 1.7115139017625978, "LR100": 2.5812941784573655}, "LR430": {"LR435": 2.657327314124686, "LR425": 2.513171260563893, "LR445": 3.6910952784751516}, "LR468": {"LR480": 1.6669429507821838, "LR460": 2.88876425655349, "LR490": 2.7425601048759694}, "LR500": {"LR490": 2.142181983143934, "LR455": 1.5097858760391558, "LR510": 1.8937075403606058}, "LR050": {"LR200": 1.4178550425988916, "LR040": 1.4916775896100787}, "LR320": {"LR330": 1.6087018098354136, "LR310": 1.6183452815933628}, "LR120": {"LR130": 1.5729292031054216, "LR110": 2.482849660382604, "LR100": 3.227410850956029}, "LR160": {"LR170": 2.39045969302006, "LR150": 1.7521123304767143, "LR212": 2.8312254356718847}, "LR030": {"LR040": 1.3097340394232186, "LR020": 2.0902259593807253}, "LR445": {"LR448": 1.9242205039973062, "LR430": 3.283282942814819, "LR425": 2.570098231452475}, "LR230": {"LR220": 1.5846976970713602, "LR075": 1.7591998641458009, "LR080": 1.3958795380645235}, "LR200": {"LR170": 2.0647975248017985, "LR050": 1.7365153493439436, "LR060": 2.103515354906417}, "LR130": {"LR120": 1.8888454186507482, "LR140": 1.7564130888879845}, "LR400": {"LR390": 2.137234118317457, "LR560": 2.3632807328210657}, "LR170": {"LR200": 2.0229249364600035, "LR160": 2.3417995052460356, "LR212": 2.8296345483429013}, "LR070": {"LR075": 1.7729862524373785, "LR295": 2.250781992721864}, "LR455": {"LR450": 1.791946298103649, "LR500": 2.7982049043816652}, "LR460": {"LR448": 1.3384844272332947, "LR468": 3.197086703047293}, "LR020": {"LR030": 1.7673959928945862, "LR015": 1.6145909505999356}, "LR280": {"LR295": 1.9832742880427296, "LR300": 1.8883551630630326, "LR270": 2.2800519981004173}, "LR380": {"LR390": 3.5350456813867495, "LR370": 2.2650992164213446, "LR425": 111.76731144941814}, "LR560": {"LR570": 1.8693796564670542, "LR400": 2.4595918459357202}, "LR360": {"LR350": 2.2859672400314177, "LR370": 2.273523055144559}, "LR920": {"LR265": 3.1148243517337177}, "LR540": {"LR530": 2.066974675954851, "LR550": 1.906826486141259}, "LR270": {"LR280": 2.1674276901538985, "LR265": 2.040172549909522}, "LR370": {"LR380": 2.142467113130087, "LR360": 2.187336713073466}, "LR090": {"LR100": 2.3175879971830184, "LR080": 1.4919609549072514}, "LR100": {"LR090": 2.182010280906548, "LR350": 2.39812597418059, "LR340": 1.8777328792137549, "LR110": 2.5446814869627334, "LR120": 3.0005675620961663}, "LR040": {"LR030": 1.8868160184581668, "LR050": 1.580714271199735}, "LR075": {"LR070": 1.3544873744570274, "LR230": 2.320405165150799, "LR080": 2.291928300617765}, "LR510": {"LR500": 4.222638349497169, "LR520": 2.1856464942395673}, "LR001": {"LR240": 4.023359562946912, "LR010": 2.4955829404819143}, "LR425": {"LR390": 3.4617878751827873, "LR445": 3.168451467117177, "LR430": 2.893291571140179, "LR380": 111.76731144941814}, "LR330": {"LR320": 1.5548306883755578, "LR340": 1.6399804046400497}, "LR260": {"LR265": 2.353041959654566, "LR250": 2.1241445440062363}, "LR435": {"LR430": 2.5533391681345585, "LR450": 1.4352199966274188}, "LR580": {"LR590": 1.3917863796387098, "LR570": 1.905851176309461}, "LR448": {"LR460": 2.0545302828340946, "LR445": 2.2135707283159136}, "LR250": {"LR260": 1.8940240014066347, "LR240": 2.103133004419938}, "LR015": {"LR020": 1.4321002333335136, "LR010": 1.9455090083580664}, "LR570": {"LR580": 1.9488434630777303, "LR560": 2.0078986608230798}, "LR220": {"LR212": 1.2623890745833957, "LR230": 1.2969206276200431}, "LR060": {"LR295": 1.9188970720556717, "LR190": 2.1718101385419444}, "LR275": {"LR270": 1.8992572298100707}, "LR520": {"LR510": 1.4636875074909934, "LR530": 2.0056523263804924}, "LR300": {"LR310": 1.8928889513405704, "LR280": 2.555515391767584}, "LR450": {"LR455": 1.7793374255917294, "LR435": 1.307227999846266}, "LR180": {"LR170": 2.10056220578986}, "LR240": {"LR250": 2.5287132284155627}, "LR190": {"LR180": 0.8868472855658407}, "LR110": {"LR120": 2.4948997582300065}, "LR010": {"LR015": 1.8172201758911726}}