{"LR150": {"LR140": 119.99994527793267, "LR160": 119.99999999536824}, "LR295": {"LR060": 119.74948809765665, "LR280": 119.99992493543573, "LR070": 119.99435723233996}, "LR350": {"LR360": 119.99987287750125, "LR100": 119.99996409685157}, "LR265": {"LR260": 119.99999768026817, "LR270": 119.99999985012023}, "LR212": {"LR160": 119.3528375071076, "LR220": 119.98543502486208, "LR170": 117.6919810412531}, "LR530": {"LR520": 119.97780049297259, "LR540": 119.92139830415803}, "LR550": {"LR480": 119.99999812101721, "LR540": 119.9426987324866}, "LR480": {"LR468": 119.99999742252018, "LR550": 119.85209761555898}, "LR140": {"LR130": 119.99999768026817, "LR150": 119.99999999820554, "LR140": 119.5757974547821}, "LR080": {"LR075": 119.5286001115592, "LR090": 119.94269960726088, "LR230": 117.93484507968041}, "LR490": {"LR468": 117.16262334446328, "LR500": 119.41492377855334}, "LR590": {"LR580": 119.99998748134621}, "LR390": {"LR400": 119.99999681792615, "LR380": 119.9882023760756, "LR425": 119.74939299339533}, "LR600": {"LR590": 119.99931397131176}, "LR310": {"LR320": 119.99373025932898, "LR300": 119.99883820439743}, "LR340": {"LR330": 119.99435723345489, "LR100": 118.90157939820165}, "LR430": {"LR435": 119.99999607151378, "LR425": 117.44905500814691, "LR445": 119.77456422070955}, "LR468": {"LR480": 119.99999087390135, "LR460": 119.99931397132059, "LR490": 116.84590325782497}, "LR500": {"LR490": 116.82372415553024, "LR455": 119.99999910128835, "LR510": 119.81739962627228}, "LR050": {"LR200": 119.99944431677181, "LR040": 119.99980624523884}, "LR320": {"LR330": 119.99840631603797, "LR310": 119.99542935904299}, "LR120": {"LR130": 119.9999964643624, "LR110": 119.99856568437869, "LR100": 115.18194256974627}, "LR160": {"LR170": 119.99998454487188, "LR150": 119.9999999657123, "LR212": 119.81726997346087}, "LR030": {"LR040": 119.99980624523873, "LR020": 119.99931397132359}, "LR445": {"LR448": 119.99856568444898, "LR430": 119.92139680222299, "LR425": 119.11308266162821}, "LR230": {"LR220": 119.97533409734088, "LR075": 119.89212065935601, "LR080": 117.16711473183084}, "LR200": {"LR170": 119.99989703077567, "LR050": 119.99980624523839, "LR060": 119.61821832846974}, "LR130": {"LR120": 119.99998282763542, "LR140": 119.99995567512545}, "LR400": {"LR390": 119.99997879954992, "LR560": 119.999995150017}, "LR170": {"LR200": 119.99999971797476, "LR160": 119.99998454487188, "LR212": 116.0832411593276}, "LR070": {"LR075": 119.993033620301, "LR295": 119.98002061918442}, "LR455": {"LR450": 119.99999998924015, "LR500": 119.99999999778463}, "LR460": {"LR448": 119.99999791224135, "LR468": 119.99303362156907}, "LR020": {"LR030": 119.99967187461027, "LR015": 119.99997382660463}, "LR280": {"LR295": 119.99998609038468, "LR300": 119.99840631603158, "LR270": 119.99999994774014}, "LR380": {"LR390": 119.98381670313279, "LR370": 119.99997091844982, "LR425": 122.89738468286221}, "LR560": {"LR570": 119.99999087390135, "LR400": 119.99998282763542}, "LR360": {"LR350": 119.9998587527792, "LR370": 119.99973421843477}, "LR920": {"LR265": 119.86686312758017}, "LR540": {"LR530": 119.98201852293042, "LR550": 119.89217842062813}, "LR270": {"LR280": 119.99999999989564, "LR265": 119.99999999922754}, "LR370": {"LR380": 119.99982562071496, "LR360": 119.99999087390135}, "LR090": {"LR100": 119.94269455652106, "LR080": 119.85209773783765}, "LR100": {"LR090": 119.96616472598893, "LR350": 119.99997879954992, "LR340": 119.9987091160082, "LR110": 119.90295812435932, "LR120": 119.97259333042504}, "LR040": {"LR030": 119.99997644394435, "LR050": 119.99994527793267}, "LR075": {"LR070": 119.99840631551847, "LR230": 118.33079469915899, "LR080": 117.93538738826324}, "LR510": {"LR500": 119.93633208343196, "LR520": 119.81740301404875}, "LR001": {"LR240": 119.99963541623273, "LR010": 119.99629777997163}, "LR425": {"LR390": 118.90502256751984, "LR445": 118.78333088221196, "LR430": 116.84610691351406, "LR380": 122.91002897687808}, "LR330": {"LR320": 119.99781387661592, "LR340": 119.99905894556196}, "LR260": {"LR265": 119.99999990166388, "LR250": 119.99998091959492}, "LR435": {"LR430": 119.99999997750385, "LR450": 119.99999999869183}, "LR580": {"LR590": 119.999995150017, "LR570": 119.99999461113}, "LR448": {"LR460": 119.99915305101634, "LR445": 119.99990732769827}, "LR250": {"LR260": 119.99999768026817, "LR240": 119.99998091959492}, "LR015": {"LR020": 119.99993919770107, "LR010": 119.9999556751249}, "LR570": {"LR580": 119.99999961313411, "LR560": 119.99999681792615}, "LR220": {"LR212": 119.99139953231997, "LR230": 119.99044392338809}, "LR060": {"LR295": 119.3534529620802, "LR190": 119.65639225572409}, "LR275": {"LR270": 119.52714708472209}, "LR520": {"LR510": 119.88019798190344, "LR530": 119.98002031879025}, "LR300": {"LR310": 119.99931397132195, "LR280": 119.99666800251009}, "LR450": {"LR455": 119.9999999948536, "LR435": 119.99999999980362}, "LR180": {"LR170": 119.8173458355432}, "LR240": {"LR250": 119.9999991911595}, "LR190": {"LR180": 119.85207925900579}, "LR110": {"LR120": 119.86688175491133}, "LR010": {"LR015": 119.99963541623379}}