{"LR150": {"LR140": 119.99999999999986, "LR160": 119.99999999999986}, "LR295": {"LR060": 119.99999607091112, "LR280": 119.99999999999986, "LR070": 119.99999999989564}, "LR350": {"LR360": 119.99999999999986, "LR100": 119.99999999999986}, "LR265": {"LR260": 119.99999999999986, "LR270": 119.99999999999986}, "LR212": {"LR160": 119.99987275034782, "LR220": 119.99999999428178, "LR170": 119.99626721954287}, "LR530": {"LR520": 119.9999999691408, "LR540": 119.99999998360022}, "LR550": {"LR480": 119.99999999999986, "LR540": 119.9999994693108}, "LR480": {"LR468": 119.99999999999986, "LR550": 119.99999961313328}, "LR140": {"LR130": 119.99999999999986, "LR150": 119.99999999999986, "LR140": 119.99999910123852}, "LR080": {"LR075": 119.99984302872247, "LR090": 119.99999996190249, "LR230": 119.99490932145031}, "LR490": {"LR468": 119.9913651457692, "LR500": 119.99855776680911}, "LR590": {"LR580": 119.99999999999986}, "LR390": {"LR400": 119.99999999999986, "LR380": 119.99999999982326, "LR425": 119.99995072388347}, "LR600": {"LR590": 119.99999999999986}, "LR310": {"LR320": 119.99999999999076, "LR300": 119.99999999999454}, "LR340": {"LR330": 119.99999999999918, "LR100": 119.99870494183608}, "LR430": {"LR435": 119.99999999999986, "LR425": 119.99541592557514, "LR445": 119.99997644293576}, "LR468": {"LR480": 119.99999999999986, "LR460": 119.99999999999761, "LR490": 119.99489885010067}, "LR500": {"LR490": 119.9948629796329, "LR455": 119.99999999999986, "LR510": 119.99999334688428}, "LR050": {"LR200": 119.99999999999986, "LR040": 119.99999999999986}, "LR320": {"LR330": 119.99999999999973, "LR310": 119.99999999999393}, "LR120": {"LR130": 119.99999999999986, "LR110": 119.99999999993835, "LR100": 119.98189806618498}, "LR160": {"LR170": 119.99999999999986, "LR150": 119.99999999999986, "LR212": 119.99998281495206}, "LR030": {"LR040": 119.99999999999986, "LR020": 119.9999999999998}, "LR445": {"LR448": 119.99999999999986, "LR430": 119.99999991149528, "LR425": 119.99998873239392}, "LR230": {"LR220": 119.99999999778463, "LR075": 119.99997878800346, "LR080": 119.99756512248948}, "LR200": {"LR170": 119.99999999999986, "LR050": 119.99999999999986, "LR060": 119.9999983088245}, "LR130": {"LR120": 119.99999999999986, "LR140": 119.99999999999986}, "LR400": {"LR390": 119.99999999999986, "LR560": 119.99999999999986}, "LR170": {"LR200": 119.99999999999986, "LR160": 119.99999999999986, "LR212": 119.9903450535268}, "LR070": {"LR075": 119.99999999980362, "LR295": 119.99999999963052}, "LR455": {"LR450": 119.99999999999986, "LR500": 119.99999999999986}, "LR460": {"LR448": 119.99999999999986, "LR468": 119.99999999997851}, "LR020": {"LR030": 119.99999999999986, "LR015": 119.99999999999986}, "LR280": {"LR295": 119.99999999999986, "LR300": 119.99999999999845, "LR270": 119.99999999999986}, "LR380": {"LR390": 119.99999999904635, "LR370": 119.99999999999986, "LR425": 122.94403820636487}, "LR560": {"LR570": 119.99999999999986, "LR400": 119.99999999999986}, "LR360": {"LR350": 119.99999999999986, "LR370": 119.99999999999986}, "LR920": {"LR265": 119.99998282441042}, "LR540": {"LR530": 119.9999999880446, "LR550": 119.99999965181762}, "LR270": {"LR280": 119.99999999999986, "LR265": 119.99999999999986}, "LR370": {"LR380": 119.99999999999986, "LR360": 119.99999999999986}, "LR090": {"LR100": 119.99999992830654, "LR080": 119.999999814963}, "LR100": {"LR090": 119.99999990166381, "LR350": 119.99999999999986, "LR340": 119.99999999999736, "LR110": 119.99999876715724, "LR120": 119.99999999128447}, "LR040": {"LR030": 119.99999999999986, "LR050": 119.99999999999986}, "LR075": {"LR070": 119.99999999999787, "LR230": 119.99999681709679, "LR080": 119.99938125485714}, "LR510": {"LR500": 119.99999996914065, "LR520": 119.9999983088986}, "LR001": {"LR240": 119.99999999999986, "LR010": 119.99999999999875}, "LR425": {"LR390": 119.99993919230425, "LR445": 119.99978469294595, "LR430": 119.99698801648815, "LR380": 122.94404231084789}, "LR330": {"LR320": 119.99999999999599, "LR340": 119.99999999999974}, "LR260": {"LR265": 119.99999999999986, "LR250": 119.99999999999986}, "LR435": {"LR430": 119.99999999999986, "LR450": 119.99999999999986}, "LR580": {"LR590": 119.99999999999986, "LR570": 119.99999999999986}, "LR448": {"LR460": 119.99999999999986, "LR445": 119.99999999999986}, "LR250": {"LR260": 119.99999999999986, "LR240": 119.99999999999986}, "LR015": {"LR020": 119.99999999999986, "LR010": 119.99999999999986}, "LR570": {"LR580": 119.99999999999986, "LR560": 119.99999999999986}, "LR220": {"LR212": 119.99999999963052, "LR230": 119.99999999985683}, "LR060": {"LR295": 119.99995567298512, "LR190": 119.99997382487325}, "LR275": {"LR270": 119.99856098907841}, "LR520": {"LR510": 119.99999946931386, "LR530": 119.9999999657118}, "LR300": {"LR310": 119.99999999999925, "LR280": 119.99999999999325}, "LR450": {"LR455": 119.99999999999986, "LR435": 119.99999999999986}, "LR180": {"LR170": 119.99999713520819}, "LR240": {"LR250": 119.99999999999986}, "LR190": {"LR180": 119.99999646391636}, "LR110": {"LR120": 119.99999646419319}, "LR010": {"LR015": 119.99999999999986}}