{"LR150": {"LR140": 2.1333627330356544, "LR160": 1.3888788185855767}, "LR295": {"LR060": 2.0593889355659485, "LR280": 2.639787318969689, "LR070": 1.8283823784440756}, "LR350": {"LR360": 2.8120194162634755, "LR100": 2.204080334984894}, "LR265": {"LR260": 2.1650655264173198, "LR270": 3.183659884908896}, "LR212": {"LR160": 3.162661612033844, "LR220": 2.375019510090283, "LR170": 3.395751953125}, "LR530": {"LR520": 2.7711308002471924, "LR540": 2.0517802971880883}, "LR550": {"LR480": 1.9054784295367426, "LR540": 1.6815586425364017}, "LR480": {"LR468": 2.231107318971607, "LR550": 2.001041402501869}, "LR140": {"LR130": 2.193030215657329, "LR150": 1.9130921364562523, "LR140": 0.19594430923461914}, "LR080": {"LR075": 2.08203125, "LR090": 1.5534669160842896, "LR230": 0.959716796875}, "LR490": {"LR468": 1.9422607421875, "LR500": 2.943471908569336}, "LR590": {"LR580": 1.9384134678190499}, "LR390": {"LR400": 2.5779817002476193, "LR380": 3.336028494148877, "LR425": 2.702298015356064}, "LR600": {"LR590": 4.226730195885896}, "LR310": {"LR320": 1.7214372617891058, "LR300": 1.9833333792233727}, "LR340": {"LR330": 1.8632970564467541, "LR100": 2.71435546875}, "LR430": {"LR435": 3.0240490693529942, "LR425": 2.3695068359375, "LR445": 3.3600299628451467}, "LR468": {"LR480": 2.6087908064503296, "LR460": 3.5770812232503397, "LR490": 1.25091552734375}, "LR500": {"LR490": 2.00048828125, "LR455": 1.2779330856515552, "LR510": 2.5882700383663177}, "LR050": {"LR200": 2.1216888511905694, "LR040": 1.6766739381261262}, "LR320": {"LR330": 1.6707635256009326, "LR310": 0.7387133838492446}, "LR120": {"LR130": 2.0155558701286416, "LR110": 2.236316999214978, "LR100": 2.87890625}, "LR160": {"LR170": 3.025763275268787, "LR150": 1.8923895349791202, "LR212": 2.8987045288085938}, "LR030": {"LR040": 1.500237262440328, "LR020": 2.3171293854605537}, "LR445": {"LR448": 2.8427725851085484, "LR430": 3.9619216918945312, "LR425": 3.3093948364257812}, "LR230": {"LR220": 2.9211713313125074, "LR075": 1.5659842491149902, "LR080": 1.5625}, "LR200": {"LR170": 2.2037970977871737, "LR050": 1.878183920125419, "LR060": 1.65434992313385}, "LR130": {"LR120": 1.5991578670218587, "LR140": 0.9989838715546553}, "LR400": {"LR390": 2.489313813690462, "LR560": 2.7436997612509346}, "LR170": {"LR200": 1.796324763223506, "LR160": 1.9442478507419607, "LR212": 2.5703125}, "LR070": {"LR075": 1.4318101704120636, "LR295": 2.03490233537741}, "LR455": {"LR450": 1.8511623662079488, "LR500": 2.687707636451135}, "LR460": {"LR448": 1.0172288764424522, "LR468": 1.471456996728854}, "LR020": {"LR030": 1.4992752649941283, "LR015": 1.7006924561010237}, "LR280": {"LR295": 2.502607377820496, "LR300": 2.3572681170048213, "LR270": 2.821210006467494}, "LR380": {"LR390": 3.00170918693766, "LR370": 2.973139857558067, "LR425": 111.76731144941814}, "LR560": {"LR570": 1.9931651096882774, "LR400": 2.5580936383141215}, "LR360": {"LR350": 2.3832496608960145, "LR370": 2.3177321756363973}, "LR920": {"LR265": 3.766357421875}, "LR540": {"LR530": 1.7446022033691406, "LR550": 1.816386854276061}, "LR270": {"LR280": 1.572200910224176, "LR265": 2.0002793000601073}, "LR370": {"LR380": 2.1460333160464335, "LR360": 2.0885961950511494}, "LR090": {"LR100": 2.384429931640625, "LR080": 2.139932184945792}, "LR100": {"LR090": 1.8168716430664062, "LR350": 2.666547239056854, "LR340": 2.2238434688321718, "LR110": 2.072385787963867, "LR120": 2.4637477919459343}, "LR040": {"LR030": 1.2816162295598588, "LR050": 1.4252013475893364}, "LR075": {"LR070": 2.147471322445199, "LR230": 1.9224146753549576, "LR080": 2.441314697265625}, "LR510": {"LR500": 5.180403709411621, "LR520": 2.252343073487282}, "LR001": {"LR240": 4.295819150378632, "LR010": 1.642459464370404}, "LR425": {"LR390": 3.09912109375, "LR445": 1.58184814453125, "LR430": 3.3526611328125, "LR380": 111.76731144941814}, "LR330": {"LR320": 1.9578709545705055, "LR340": 1.1469466038965948}, "LR260": {"LR265": 1.2336924637487, "LR250": 2.117180214209593}, "LR435": {"LR430": 2.26452364147925, "LR450": 2.0799844873125886}, "LR580": {"LR590": 1.1044159803836062, "LR570": 2.0609983802602585}, "LR448": {"LR460": 1.9782790528897478, "LR445": 2.9004652066073833}, "LR250": {"LR260": 1.503215202363208, "LR240": 2.0401829300690455}, "LR015": {"LR020": 0.9985138058881682, "LR010": 2.1094792288604367}, "LR570": {"LR580": 1.9497923160784758, "LR560": 1.498621572606238}, "LR220": {"LR212": 1.4902265996206552, "LR230": 1.8967889461491723}, "LR060": {"LR295": 2.199709892272949, "LR190": 2.56884765625}, "LR275": {"LR270": 1.7783203125}, "LR520": {"LR510": 1.4960784912109375, "LR530": 1.59223123639822}, "LR300": {"LR310": 1.1810626138030784, "LR280": 2.598017644794254}, "LR450": {"LR455": 1.7496943263615763, "LR435": 0.7582215279279518}, "LR180": {"LR170": 2.8607177734375}, "LR240": {"LR250": 2.640490949078613}, "LR190": {"LR180": 1.1190854012966156}, "LR110": {"LR120": 2.282588005065918}, "LR010": {"LR015": 1.051541457073597}}