{"LR150": {"LR140": 59.9999999804145, "LR160": 59.999999999999886}, "LR295": {"LR060": 59.98075440033712, "LR280": 59.99999998426588, "LR070": 59.99995715178687}, "LR350": {"LR360": 59.999999869787665, "LR100": 59.99999980366603}, "LR265": {"LR260": 59.999999997364, "LR270": 59.99999999999966}, "LR212": {"LR160": 59.88707196041331, "LR220": 59.99988925832046, "LR170": 59.32058672892033}, "LR530": {"LR520": 59.99888155278516, "LR540": 59.99933162217013}, "LR550": {"LR480": 59.9999999885963, "LR540": 59.99787540109232}, "LR480": {"LR468": 59.999999999997726, "LR550": 59.999683620963516}, "LR140": {"LR130": 59.99999996673746, "LR150": 59.99999999999911, "LR140": 59.992272804478226}, "LR080": {"LR075": 59.970473775185766, "LR090": 59.99933242244249, "LR230": 59.72903183033412}, "LR490": {"LR468": 59.63435974693549, "LR500": 59.59109927417836}, "LR590": {"LR580": 59.999999998432386}, "LR390": {"LR400": 59.99999999996845, "LR380": 59.999982075644695, "LR425": 59.93981084113203}, "LR600": {"LR590": 59.99999732102727}, "LR310": {"LR320": 59.99999722148213, "LR300": 59.99999575661616}, "LR340": {"LR330": 59.99999892281245, "LR100": 59.76047547847329}, "LR430": {"LR435": 59.999999999994166, "LR425": 59.701357134017734, "LR445": 59.994032234594194}, "LR468": {"LR480": 59.99999999988667, "LR460": 59.999998547972915, "LR490": 59.63276031604149}, "LR500": {"LR490": 59.23165483086018, "LR455": 59.99999999999684, "LR510": 59.99454411469007}, "LR050": {"LR200": 59.9999996959923, "LR040": 59.9999998370991}, "LR320": {"LR330": 59.99999526365583, "LR310": 59.99999573891024}, "LR120": {"LR130": 59.99999999950698, "LR110": 59.99997959529024, "LR100": 58.962214496155205}, "LR160": {"LR170": 59.999999995070326, "LR150": 59.99999999999928, "LR212": 59.93245620904016}, "LR030": {"LR040": 59.999999581050545, "LR020": 59.999999980467194}, "LR445": {"LR448": 59.999997749046784, "LR430": 59.996860316830954, "LR425": 59.98876053090879}, "LR230": {"LR220": 59.99996111721841, "LR075": 59.91565244685199, "LR080": 59.755219169282995}, "LR200": {"LR170": 59.99999904085452, "LR050": 59.9999989306742, "LR060": 59.991665406554034}, "LR130": {"LR120": 59.99999999759647, "LR140": 59.99999999550105}, "LR400": {"LR390": 59.9999999980804, "LR560": 59.99999999967995}, "LR170": {"LR200": 59.99999999999277, "LR160": 59.999999999604064, "LR212": 59.23359341659068}, "LR070": {"LR075": 59.9999684592383, "LR295": 59.99997210185141}, "LR455": {"LR450": 59.99999999999993, "LR500": 59.99999999999993}, "LR460": {"LR448": 59.999999991519154, "LR468": 59.99999943948028}, "LR020": {"LR030": 59.999999426808415, "LR015": 59.99999892411222}, "LR280": {"LR295": 59.99999985587361, "LR300": 59.999995783293095, "LR270": 59.99999999999993}, "LR380": {"LR390": 59.999990423922995, "LR370": 59.9999999978608, "LR425": 111.76731144941814}, "LR560": {"LR570": 59.99999999736487, "LR400": 59.99999999976783}, "LR360": {"LR350": 59.99999999599244, "LR370": 59.999999998446434}, "LR920": {"LR265": 59.9809175872418}, "LR540": {"LR530": 59.99940527213546, "LR550": 59.99888147524433}, "LR270": {"LR280": 59.99999999999993, "LR265": 59.99999999999993}, "LR370": {"LR380": 59.999999869720156, "LR360": 59.999999996760835}, "LR090": {"LR100": 59.990873841801736, "LR080": 59.99979073422837}, "LR100": {"LR090": 59.999770247657615, "LR350": 59.99999994442477, "LR340": 59.99999913194769, "LR110": 59.99470226951469, "LR120": 59.99910758417432}, "LR040": {"LR030": 59.9999994247402, "LR050": 59.99999994356305}, "LR075": {"LR070": 59.999909770324244, "LR230": 59.97351526546113, "LR080": 59.82412920202155}, "LR510": {"LR500": 59.99751384628107, "LR520": 59.998282355598576}, "LR001": {"LR240": 59.999998052332195, "LR010": 59.999941768142506}, "LR425": {"LR390": 59.99269216742289, "LR445": 59.98274481526507, "LR430": 59.50356422264631, "LR380": 111.76731144941814}, "LR330": {"LR320": 59.999997206959065, "LR340": 59.99999528891821}, "LR260": {"LR265": 59.99999999939424, "LR250": 59.999999998975554}, "LR435": {"LR430": 59.99999999997741, "LR450": 59.99999999999993}, "LR580": {"LR590": 59.999999999979025, "LR570": 59.99999999964042}, "LR448": {"LR460": 59.99999966283999, "LR445": 59.9999989367504}, "LR250": {"LR260": 59.99999999945457, "LR240": 59.999999998740805}, "LR015": {"LR020": 59.999993519927465, "LR010": 59.99999201908334}, "LR570": {"LR580": 59.99999999978762, "LR560": 59.999999999737895}, "LR220": {"LR212": 59.99997940952365, "LR230": 59.99997428620263}, "LR060": {"LR295": 59.992521828157464, "LR190": 59.99253086855519}, "LR275": {"LR270": 59.66736733125688}, "LR520": {"LR510": 59.99874525043292, "LR530": 59.997651151866975}, "LR300": {"LR310": 59.9999993636108, "LR280": 59.99997495099215}, "LR450": {"LR455": 59.99999999999993, "LR435": 59.99999999999993}, "LR180": {"LR170": 59.959465509452954}, "LR240": {"LR250": 59.99999999505023}, "LR190": {"LR180": 59.98417438115963}, "LR110": {"LR120": 59.987446976221875}, "LR010": {"LR015": 59.99999965981542}}