{"LR150": {"LR140": 59.999889325081156, "LR160": 59.99999942662739}, "LR295": {"LR060": 59.439505770765685, "LR280": 59.99862389460797, "LR070": 59.95961969433414}, "LR350": {"LR360": 59.99926418878791, "LR100": 59.99946935109814}, "LR265": {"LR260": 59.99995253288971, "LR270": 59.999999943984356}, "LR212": {"LR160": 58.58426632515318, "LR220": 59.94453703932511, "LR170": 54.97048223582938}, "LR530": {"LR520": 59.85761637088534, "LR540": 59.628061213723335}, "LR550": {"LR480": 59.999718314524195, "LR540": 59.923610857851244}, "LR480": {"LR468": 59.99999980098369, "LR550": 59.924212565088716}, "LR140": {"LR130": 59.99964631650757, "LR150": 59.99999942775854, "LR140": 59.61889113406234}, "LR080": {"LR075": 59.54301423011718, "LR090": 59.93804536220144, "LR230": 55.80614865572768}, "LR490": {"LR468": 57.807541707890515, "LR500": 57.27571391867192}, "LR590": {"LR580": 59.999965150101765}, "LR390": {"LR400": 59.999999134246764, "LR380": 59.98479722247352, "LR425": 59.16159175955505}, "LR600": {"LR590": 59.99653679937942}, "LR310": {"LR320": 59.990728714258864, "LR300": 59.991639126743884}, "LR340": {"LR330": 59.997877583336106, "LR100": 57.81094192673616}, "LR430": {"LR435": 59.99999922135264, "LR425": 55.840037566584535, "LR445": 59.67296338129025}, "LR468": {"LR480": 59.999986403508295, "LR460": 59.99515491398955, "LR490": 57.553279081348684}, "LR500": {"LR490": 52.977954053145865, "LR455": 59.999997717495454, "LR510": 59.84110693950083}, "LR050": {"LR200": 59.999260498801256, "LR040": 59.99925437110064}, "LR320": {"LR330": 59.995982807440114, "LR310": 59.982446551949295}, "LR120": {"LR130": 59.9999188621872, "LR110": 59.996040822710334, "LR100": 53.77721294560498}, "LR160": {"LR170": 59.99995754171037, "LR150": 59.999999778858275, "LR212": 59.49999107913804}, "LR030": {"LR040": 59.9978693193725, "LR020": 59.999648268568436}, "LR445": {"LR448": 59.99676679444302, "LR430": 59.82794374483575, "LR425": 59.59588918219799}, "LR230": {"LR220": 59.98965085848482, "LR075": 58.38830735394582, "LR080": 56.59031178644186}, "LR200": {"LR170": 59.99829914885565, "LR050": 59.997658970676106, "LR060": 59.66703652931951}, "LR130": {"LR120": 59.99994656703113, "LR140": 59.999918986557475}, "LR400": {"LR390": 59.99990086367444, "LR560": 59.99997200933054}, "LR170": {"LR200": 59.99999818407957, "LR160": 59.99995250045422, "LR212": 54.89384426103716}, "LR070": {"LR075": 59.97324828845177, "LR295": 59.99174950751526}, "LR455": {"LR450": 59.99999999924502, "LR500": 59.99999998727306}, "LR460": {"LR448": 59.99976723570738, "LR468": 59.99714932551317}, "LR020": {"LR030": 59.99506321759018, "LR015": 59.9995635405128}, "LR280": {"LR295": 59.99918556247981, "LR300": 59.995094025546145, "LR270": 59.99999987028482}, "LR380": {"LR390": 59.98762067433819, "LR370": 59.99995244307627, "LR425": 111.76731144941814}, "LR560": {"LR570": 59.9999276765707, "LR400": 59.99996179156508}, "LR360": {"LR350": 59.999910907245365, "LR370": 59.999961624678384}, "LR920": {"LR265": 59.237665709535534}, "LR540": {"LR530": 59.906528796680405, "LR550": 59.8576064995723}, "LR270": {"LR280": 59.99999996986937, "LR265": 59.999999923259416}, "LR370": {"LR380": 59.99984842446254, "LR360": 59.999864499620436}, "LR090": {"LR100": 59.671872468088374, "LR080": 59.88354781737032}, "LR100": {"LR090": 59.91611594444439, "LR350": 59.999651058245135, "LR340": 59.99887783877809, "LR110": 59.76484212849929, "LR120": 59.87376804172682}, "LR040": {"LR030": 59.99763023227242, "LR050": 59.999562527994634}, "LR075": {"LR070": 59.95932909379201, "LR230": 59.544542487999685, "LR080": 58.214094287427976}, "LR510": {"LR500": 59.87738174584913, "LR520": 59.84059374740671}, "LR001": {"LR240": 59.994150965703724, "LR010": 59.94512209417862}, "LR425": {"LR390": 59.55503001103126, "LR445": 59.63365789251136, "LR430": 56.325016499894936, "LR380": 111.76731144941814}, "LR330": {"LR320": 59.997075364962214, "LR340": 59.98726695020382}, "LR260": {"LR265": 59.999994782747535, "LR250": 59.99998339729707}, "LR435": {"LR430": 59.999994899059764, "LR450": 59.9999999779674}, "LR580": {"LR590": 59.999974438221045, "LR570": 59.999977072729486}, "LR448": {"LR460": 59.998874973302556, "LR445": 59.98743819952224}, "LR250": {"LR260": 59.9999687019356, "LR240": 59.99998661095342}, "LR015": {"LR020": 59.997371204339196, "LR010": 59.991643062507514}, "LR570": {"LR580": 59.99997936250077, "LR560": 59.99995207428087}, "LR220": {"LR212": 59.993234056376856, "LR230": 59.949335292772616}, "LR060": {"LR295": 59.63117309738466, "LR190": 59.5452086098674}, "LR275": {"LR270": 57.53760783369984}, "LR520": {"LR510": 59.905677746642354, "LR530": 59.895738348908154}, "LR300": {"LR310": 59.99898434284444, "LR280": 59.9925921015668}, "LR450": {"LR455": 59.999999777314905, "LR435": 59.99999985330627}, "LR180": {"LR170": 59.13941861990419}, "LR240": {"LR250": 59.99994152107693}, "LR190": {"LR180": 59.69760790263206}, "LR110": {"LR120": 59.31208782989658}, "LR010": {"LR015": 59.99807766604611}}