{"LR150": {"LR140": 1.6892447551945224, "LR160": 1.317573498700753}, "LR295": {"LR060": 1.8008918762207031, "LR280": 2.6277759606018662, "LR070": 2.2635555267333984}, "LR350": {"LR360": 3.2857115591905313, "LR100": 1.8613939222123008}, "LR265": {"LR260": 1.9817141678649932, "LR270": 2.270830972068652}, "LR212": {"LR160": 3.56549072265625, "LR220": 1.831249713897705, "LR170": 3.33203125}, "LR530": {"LR520": 2.27587890625, "LR540": 1.046048641204834}, "LR550": {"LR480": 2.798919677734375, "LR540": 1.9580249786376953}, "LR480": {"LR468": 1.5530807418466566, "LR550": 2.0623385906219482}, "LR140": {"LR130": 1.388055941381026, "LR150": 2.0006140108294765, "LR140": 0.64697265625}, "LR080": {"LR075": 2.0, "LR090": 2.00048828125, "LR230": 1.6875}, "LR490": {"LR468": 2.15234375, "LR500": 2.3822021484375}, "LR590": {"LR580": 2.680863656307338}, "LR390": {"LR400": 2.4786376953125, "LR380": 3.9267850816249847, "LR425": 2.7882919311523438}, "LR600": {"LR590": 3.6868823486292968}, "LR310": {"LR320": 2.1123886108398438, "LR300": 2.7363407829543576}, "LR340": {"LR330": 1.0358912944793701, "LR100": 2.4296875}, "LR430": {"LR435": 1.9627592118532373, "LR425": 2.296875, "LR445": 2.335340976715088}, "LR468": {"LR480": 1.9524078369140625, "LR460": 3.5207509484607726, "LR490": 3.029296875}, "LR500": {"LR490": 2.125, "LR455": 1.6748981475830078, "LR510": 2.77703857421875}, "LR050": {"LR200": 2.070608018897474, "LR040": 1.5721012288558995}, "LR320": {"LR330": 1.6336551308631897, "LR310": 0.562591552734375}, "LR120": {"LR130": 1.5457293500401192, "LR110": 2.2708605527877808, "LR100": 3.125}, "LR160": {"LR170": 2.068103790283203, "LR150": 1.5800319936968925, "LR212": 3.51708984375}, "LR030": {"LR040": 1.5754012589532067, "LR020": 2.5656221713870764}, "LR445": {"LR448": 1.8496222496032715, "LR430": 1.56298828125, "LR425": 2.41015625}, "LR230": {"LR220": 1.6397216320037842, "LR075": 1.8919677734375, "LR080": 1.125}, "LR200": {"LR170": 2.7456092834472656, "LR050": 2.2029376110294834, "LR060": 1.7567901611328125}, "LR130": {"LR120": 1.90625, "LR140": 1.5487096682190895}, "LR400": {"LR390": 1.5440686329920936, "LR560": 2.076971422880888}, "LR170": {"LR200": 2.234998463592831, "LR160": 2.4542924502820824, "LR212": 3.125}, "LR070": {"LR075": 1.8179254531860352, "LR295": 2.3594512939453125}, "LR455": {"LR450": 1.9735106507845117, "LR500": 3.068331637303428}, "LR460": {"LR448": 0.7863445207476616, "LR468": 1.7028688110876828}, "LR020": {"LR030": 1.4257572144269943, "LR015": 1.484619140625}, "LR280": {"LR295": 2.0169027522206306, "LR300": 2.961658013984561, "LR270": 2.462916985154152}, "LR380": {"LR390": 4.001659393310547, "LR370": 2.5884609221830033, "LR425": 111.76731144941814}, "LR560": {"LR570": 2.1024627685546875, "LR400": 2.5831006311036617}, "LR360": {"LR350": 2.3711167592555285, "LR370": 1.9056568145751953}, "LR920": {"LR265": 2.5}, "LR540": {"LR530": 1.8272705078125, "LR550": 1.682220458984375}, "LR270": {"LR280": 1.7463332273264276, "LR265": 1.453607551753521}, "LR370": {"LR380": 1.9460291340947151, "LR360": 2.0368404388427734}, "LR090": {"LR100": 2.625, "LR080": 1.1622295379638672}, "LR100": {"LR090": 2.4765625, "LR350": 2.0038604736328125, "LR340": 2.6111467704176903, "LR110": 2.123046875, "LR120": 3.7554779052734375}, "LR040": {"LR030": 2.009763479232788, "LR050": 1.9977578073740005}, "LR075": {"LR070": 1.361175537109375, "LR230": 1.842041015625, "LR080": 2.244140625}, "LR510": {"LR500": 4.466796875, "LR520": 1.5556640625}, "LR001": {"LR240": 3.8914193950768095, "LR010": 2.787655830383301}, "LR425": {"LR390": 3.375, "LR445": 3.23828125, "LR430": 3.5625, "LR380": 111.76731144941814}, "LR330": {"LR320": 1.9049555603414774, "LR340": 1.3410637378692627}, "LR260": {"LR265": 2.235471027215681, "LR250": 1.8842383771116147}, "LR435": {"LR430": 3.2702039301291954, "LR450": 1.744062758050859}, "LR580": {"LR590": 1.8547323869259014, "LR570": 1.5006382465362549}, "LR448": {"LR460": 1.8723258401114435, "LR445": 2.782297372817993}, "LR250": {"LR260": 1.76806640625, "LR240": 1.3945625473570544}, "LR015": {"LR020": 1.8062614959198982, "LR010": 1.6459407806396484}, "LR570": {"LR580": 1.855248607967951, "LR560": 1.695524746416595}, "LR220": {"LR212": 1.9234619140625, "LR230": 1.9603748321533203}, "LR060": {"LR295": 1.25146484375, "LR190": 1.625}, "LR275": {"LR270": 1.8125}, "LR520": {"LR510": 1.7490234375, "LR530": 2.805598258972168}, "LR300": {"LR310": 2.1194581985473633, "LR280": 2.599262237548828}, "LR450": {"LR455": 1.8598603906303288, "LR435": 1.2498444714473491}, "LR180": {"LR170": 2.54296875}, "LR240": {"LR250": 1.9595803718784737}, "LR190": {"LR180": 0.943450927734375}, "LR110": {"LR120": 2.3701171875}, "LR010": {"LR015": 1.5674462020397186}}