{"LR150": {"LR140": 52.159509884504985, "LR160": 53.61603513224149}, "LR295": {"LR060": 25.87180831418438, "LR280": 50.39978623029708, "LR070": 39.77625665194465}, "LR350": {"LR360": 51.30673214726264, "LR100": 42.01962126703373}, "LR265": {"LR260": 48.093703877353704, "LR270": 56.634243689565736}, "LR212": {"LR160": 18.769247579521853, "LR220": 39.75011690220221, "LR170": 18.630891916639673}, "LR530": {"LR520": 37.62208576364345, "LR540": 25.482163790686858}, "LR550": {"LR480": 54.92762823152291, "LR540": 49.19477812161049}, "LR480": {"LR468": 59.14153063261762, "LR550": 41.84539862633477}, "LR140": {"LR130": 53.63114425105216, "LR150": 58.200536753625784, "LR140": 24.631133138753242}, "LR080": {"LR075": 29.082647383548768, "LR090": 37.37996389805552, "LR230": 21.671631427414468}, "LR490": {"LR468": 18.107037201506138, "LR500": 32.33583897242177}, "LR590": {"LR580": 52.919394154795214}, "LR390": {"LR400": 53.675623619521026, "LR380": 45.672849379024356, "LR425": 32.869816781029904}, "LR600": {"LR590": 52.41816268308005}, "LR310": {"LR320": 37.447522005334015, "LR300": 34.89149108901377}, "LR340": {"LR330": 50.28528886089252, "LR100": 26.119326286300385}, "LR430": {"LR435": 58.39352298548137, "LR425": 21.981348334195086, "LR445": 40.0869164579011}, "LR468": {"LR480": 54.22438545852954, "LR460": 43.833043704973704, "LR490": 13.248648427088977}, "LR500": {"LR490": 25.894374005257866, "LR455": 56.185563718480054, "LR510": 41.79494457560329}, "LR050": {"LR200": 50.29237407579534, "LR040": 50.21193414469119}, "LR320": {"LR330": 41.61253349852555, "LR310": 41.61952141079238}, "LR120": {"LR130": 45.16338897361591, "LR110": 41.87808059946657, "LR100": 22.686818633633766}, "LR160": {"LR170": 55.87400244329958, "LR150": 55.36692666535487, "LR212": 29.55472615818676}, "LR030": {"LR040": 43.48399312916632, "LR020": 49.27381570653621}, "LR445": {"LR448": 52.921681060166726, "LR430": 35.662692886452355, "LR425": 18.32937051300058}, "LR230": {"LR220": 49.163258780421714, "LR075": 25.782407453187933, "LR080": 25.375822884311862}, "LR200": {"LR170": 46.81582362759282, "LR050": 49.28465647839187, "LR060": 34.970411893992875}, "LR130": {"LR120": 52.8772410322003, "LR140": 53.62311511632436}, "LR400": {"LR390": 51.32954679913075, "LR560": 52.19892124431169}, "LR170": {"LR200": 55.37464046865732, "LR160": 48.085568002622935, "LR212": 22.20047195291851}, "LR070": {"LR075": 53.5917258607647, "LR295": 37.70067767391314}, "LR455": {"LR450": 58.18772859453005, "LR500": 56.285846736118266}, "LR460": {"LR448": 50.263050794481956, "LR468": 53.065711118246575}, "LR020": {"LR030": 45.17436620174819, "LR015": 49.218901053949516}, "LR280": {"LR295": 51.34001893893596, "LR300": 43.62987273932071, "LR270": 56.64490919826049}, "LR380": {"LR390": 35.60862358567366, "LR370": 55.37852907375598, "LR425": 111.76731144941814}, "LR560": {"LR570": 51.32318250346185, "LR400": 54.34079166582486}, "LR360": {"LR350": 57.79929677044396, "LR370": 50.37422037790505}, "LR920": {"LR265": 29.54506865659088}, "LR540": {"LR530": 29.285757098431795, "LR550": 46.78514931385028}, "LR270": {"LR280": 58.37061351950812, "LR265": 57.27723011361259}, "LR370": {"LR380": 43.633603117762455, "LR360": 55.86786419238108}, "LR090": {"LR100": 43.81659798596875, "LR080": 29.004786476370374}, "LR100": {"LR090": 43.723765166074955, "LR350": 48.17654218027422, "LR340": 52.95425415152456, "LR110": 35.751264003384385, "LR120": 40.16058479693841}, "LR040": {"LR030": 43.46763489125449, "LR050": 49.19389058021066}, "LR075": {"LR070": 46.635711877719615, "LR230": 37.53662432996712, "LR080": 22.08371729595958}, "LR510": {"LR500": 42.6556837114235, "LR520": 29.07000282688357}, "LR001": {"LR240": 45.77217648775667, "LR010": 37.73747131795814}, "LR425": {"LR390": 22.834042623154104, "LR445": 32.46126718469402, "LR430": 26.413658823990282, "LR380": 111.76731144941814}, "LR330": {"LR320": 52.095334973693525, "LR340": 41.71060724743815}, "LR260": {"LR265": 51.281122644595165, "LR250": 54.85864414212887}, "LR435": {"LR430": 53.09515440509438, "LR450": 58.184017735723124}, "LR580": {"LR590": 53.5882739060673, "LR570": 58.19530487616792}, "LR448": {"LR460": 49.23374883127987, "LR445": 43.76092643431902}, "LR250": {"LR260": 55.364315045336504, "LR240": 56.64159136061862}, "LR015": {"LR020": 47.96749435548533, "LR010": 41.70451340328402}, "LR570": {"LR580": 47.974562630381854, "LR560": 55.34269039799307}, "LR220": {"LR212": 51.25343087308916, "LR230": 47.863455670413906}, "LR060": {"LR295": 21.967736257801864, "LR190": 35.07719752148587}, "LR275": {"LR270": 12.949206017113331}, "LR520": {"LR510": 29.006105647909266, "LR530": 41.79286402530966}, "LR300": {"LR310": 45.185780556056585, "LR280": 32.5350202591836}, "LR450": {"LR455": 52.09909054424421, "LR435": 55.315750930447166}, "LR180": {"LR170": 29.058125212707278}, "LR240": {"LR250": 46.79842455951473}, "LR190": {"LR180": 28.818283267562254}, "LR110": {"LR120": 22.30205868001518}, "LR010": {"LR015": 43.44332876489295}}