{"LR150": {"LR140": 2.3017816782090708, "LR160": 1.576654864350353}, "LR295": {"LR060": 1.9503039768867623, "LR280": 2.7946507760733317, "LR070": 1.9014811393650581}, "LR350": {"LR360": 2.2892551200338955, "LR100": 2.3899621283215096}, "LR265": {"LR260": 2.0395564872595044, "LR270": 2.106763098102618}, "LR212": {"LR160": 3.4955220988195324, "LR220": 1.8180428256363697, "LR170": 3.0464250020247667}, "LR530": {"LR520": 2.1044020358706774, "LR540": 1.7682566704702345}, "LR550": {"LR480": 1.988101538735395, "LR540": 2.002854573134037}, "LR480": {"LR468": 1.8149948345362161, "LR550": 1.72773825946011}, "LR140": {"LR130": 1.4066756554137214, "LR150": 2.1126622234444907, "LR140": 0.10624125853579332}, "LR080": {"LR075": 1.7520415258823518, "LR090": 1.4458881557276746, "LR230": 1.5657819844772733}, "LR490": {"LR468": 2.7449553518212104, "LR500": 2.0326113598698177}, "LR590": {"LR580": 1.5144104636382272}, "LR390": {"LR400": 2.0484196552529106, "LR380": 3.668101046494648, "LR425": 3.3942445967515176}, "LR600": {"LR590": 3.524697907104822}, "LR310": {"LR320": 1.5088424173218684, "LR300": 1.650539015595956}, "LR340": {"LR330": 1.9065222303680904, "LR100": 2.6971437496821813}, "LR430": {"LR435": 2.612894019831976, "LR425": 2.1785245186267477, "LR445": 2.764845811010475}, "LR468": {"LR480": 1.4629568332062977, "LR460": 3.1643637115380936, "LR490": 2.4681173609636655}, "LR500": {"LR490": 1.715820437023241, "LR455": 0.9748195346430613, "LR510": 2.4311381003759855}, "LR050": {"LR200": 1.7343934743737255, "LR040": 1.6844244782745417}, "LR320": {"LR330": 1.4771157598708042, "LR310": 1.5878428314641364}, "LR120": {"LR130": 1.9519344004020958, "LR110": 2.4057438855785795, "LR100": 2.998194071789752}, "LR160": {"LR170": 2.7003730869414717, "LR150": 1.58994959768014, "LR212": 2.479434418840277}, "LR030": {"LR040": 1.473389344512952, "LR020": 2.221751861734614}, "LR445": {"LR448": 2.16237539384585, "LR430": 2.363654424445406, "LR425": 2.7282072280526943}, "LR230": {"LR220": 1.7675929766693705, "LR075": 2.1879755529434535, "LR080": 1.194683807236536}, "LR200": {"LR170": 1.9533103674843222, "LR050": 2.0442401648780013, "LR060": 1.6613131196656081}, "LR130": {"LR120": 1.6340912685652256, "LR140": 1.8742462510563578}, "LR400": {"LR390": 2.057281319369956, "LR560": 2.4236152676456424}, "LR170": {"LR200": 2.0017266254419637, "LR160": 2.405300833908132, "LR212": 2.5804229560243934}, "LR070": {"LR075": 1.436169122753513, "LR295": 2.3340441250795516}, "LR455": {"LR450": 2.005816058734985, "LR500": 2.4845661364906966}, "LR460": {"LR448": 1.1491005737439282, "LR468": 2.440174648752294}, "LR020": {"LR030": 1.7906540580697552, "LR015": 1.904426368368711}, "LR280": {"LR295": 2.0126071760286663, "LR300": 2.6249785242702544, "LR270": 2.422845404013342}, "LR380": {"LR390": 3.603067895338053, "LR370": 2.206449696438407, "LR425": 111.76731144941814}, "LR560": {"LR570": 1.9581232266155535, "LR400": 2.405954226989731}, "LR360": {"LR350": 1.832400630885941, "LR370": 2.090934544162998}, "LR920": {"LR265": 4.008416900186198}, "LR540": {"LR530": 2.1047585614205615, "LR550": 2.29336289106421}, "LR270": {"LR280": 1.559824003864984, "LR265": 2.2698892510595723}, "LR370": {"LR380": 2.2314432925296925, "LR360": 2.604800960868543}, "LR090": {"LR100": 2.694184168091836, "LR080": 1.25372728755384}, "LR100": {"LR090": 2.0466910223382024, "LR350": 2.52209149295444, "LR340": 2.389073558191627, "LR110": 2.071302957592533, "LR120": 3.732685638147994}, "LR040": {"LR030": 1.8485499546734392, "LR050": 1.5943958863759853}, "LR075": {"LR070": 1.5132540649367932, "LR230": 2.1720145473401145, "LR080": 2.4084384080844154}, "LR510": {"LR500": 5.03522198947551, "LR520": 1.8988568456108137}, "LR001": {"LR240": 4.149477291547752, "LR010": 2.8003585306967045}, "LR425": {"LR390": 3.5585653088856395, "LR445": 2.6076805791157405, "LR430": 2.8369990461956633, "LR380": 111.76731144941814}, "LR330": {"LR320": 1.5520440909961413, "LR340": 1.764050718470488}, "LR260": {"LR265": 2.2156008529387266, "LR250": 1.9995201071675393}, "LR435": {"LR430": 3.0352503389631567, "LR450": 1.1631745634642228}, "LR580": {"LR590": 1.4528988425161569, "LR570": 1.9217439673118988}, "LR448": {"LR460": 1.5236551104656764, "LR445": 2.186861329185187}, "LR250": {"LR260": 1.870671341114012, "LR240": 2.2240799614772495}, "LR015": {"LR020": 1.7111474128875728, "LR010": 1.7799252200178117}, "LR570": {"LR580": 1.788784854603731, "LR560": 1.794127071982718}, "LR220": {"LR212": 1.800869397005369, "LR230": 1.4928414773117171}, "LR060": {"LR295": 2.3535620683704073, "LR190": 2.156753563387382}, "LR275": {"LR270": 2.224107245580746}, "LR520": {"LR510": 1.5601184743985974, "LR530": 2.146103924639039}, "LR300": {"LR310": 1.6900492543438481, "LR280": 2.410652663845802}, "LR450": {"LR455": 1.725396712605755, "LR435": 1.3484168211725245}, "LR180": {"LR170": 2.2202895508832126}, "LR240": {"LR250": 2.233210989894861}, "LR190": {"LR180": 1.2575073989924437}, "LR110": {"LR120": 2.238949077882997}, "LR010": {"LR015": 1.6120325041426278}}