{"LR150": {"LR140": 119.99999791224135, "LR160": 119.99999999998435}, "LR295": {"LR060": 119.88018093369605, "LR280": 119.9999964643624, "LR070": 119.99963541616066}, "LR350": {"LR360": 119.9999964643624, "LR100": 119.99999910128835}, "LR265": {"LR260": 119.99999990166388, "LR270": 119.99999999930478}, "LR212": {"LR160": 119.81722219710453, "LR220": 119.99822923904853, "LR170": 118.77342409654459}, "LR530": {"LR520": 119.9943571831681, "LR540": 119.98381660785853}, "LR550": {"LR480": 119.99999986510821, "LR540": 119.98002028342769}, "LR480": {"LR468": 119.99999998177812, "LR550": 119.94842962730604}, "LR140": {"LR130": 119.99999996190255, "LR150": 119.99999999998734, "LR140": 119.93632947368344}, "LR080": {"LR075": 119.77453089469842, "LR090": 119.99373024894962, "LR230": 119.11101852323225}, "LR490": {"LR468": 118.49210171280492, "LR500": 119.81639688218972}, "LR590": {"LR580": 119.9999997944036}, "LR390": {"LR400": 119.99999993548167, "LR380": 119.99883820432444, "LR425": 119.93629906135718}, "LR600": {"LR590": 119.99997644394394}, "LR310": {"LR320": 119.99970468714544, "LR300": 119.99991659492746}, "LR340": {"LR330": 119.99938257418876, "LR100": 119.4746288312637}, "LR430": {"LR435": 119.9999999880446, "LR425": 119.19948643151379, "LR445": 119.90295728905468}, "LR468": {"LR480": 119.99999990166388, "LR460": 119.99993244189186, "LR490": 118.64226477532581}, "LR500": {"LR490": 117.9160454184434, "LR455": 119.9999999657123, "LR510": 119.95822689148034}, "LR050": {"LR200": 119.99997382660482, "LR040": 119.999995150017}, "LR320": {"LR330": 119.99987287749897, "LR310": 119.99976079658737}, "LR120": {"LR130": 119.99999992831297, "LR110": 119.99984305863464, "LR100": 117.15498526800948}, "LR160": {"LR170": 119.99999965182069, "LR150": 119.99999999990607, "LR212": 119.94265738144823}, "LR030": {"LR040": 119.99998609038468, "LR020": 119.99991659492858}, "LR445": {"LR448": 119.99997644394416, "LR430": 119.98381629862345, "LR425": 119.69075104595888}, "LR230": {"LR220": 119.99588642259569, "LR075": 119.94840164579591, "LR080": 118.645039758179}, "LR200": {"LR170": 119.9999926078601, "LR050": 119.99999087390135, "LR060": 119.90295622152553}, "LR130": {"LR120": 119.99999981496326, "LR140": 119.9999991911595}, "LR400": {"LR390": 119.9999993448392, "LR560": 119.9999999419335}, "LR170": {"LR200": 119.99999999662343, "LR160": 119.99999946931976, "LR212": 117.68719307217131}, "LR070": {"LR075": 119.99840631577463, "LR295": 119.99895438383412}, "LR455": {"LR450": 119.99999999995006, "LR500": 119.99999999999076}, "LR460": {"LR448": 119.99999996190255, "LR468": 119.99905894557307}, "LR020": {"LR030": 119.99994527793254, "LR015": 119.99999847802394}, "LR280": {"LR295": 119.99999900143152, "LR300": 119.99980624523467, "LR270": 119.99999999973065}, "LR380": {"LR390": 119.99856568441294, "LR370": 119.99999946931976, "LR425": 122.93336876078271}, "LR560": {"LR570": 119.99999941035529, "LR400": 119.9999995223878}, "LR360": {"LR350": 119.99999768026817, "LR370": 119.99999563501531}, "LR920": {"LR265": 119.96239821483394}, "LR540": {"LR530": 119.99730107675717, "LR550": 119.95822771099502}, "LR270": {"LR280": 119.99999999999957, "LR265": 119.99999999999761}, "LR370": {"LR380": 119.99999461113, "LR360": 119.99999983346693}, "LR090": {"LR100": 119.99044306706722, "LR080": 119.98543501558558}, "LR100": {"LR090": 119.99700120060179, "LR350": 119.9999991911595, "LR340": 119.99976079659021, "LR110": 119.96240398908583, "LR120": 119.99373023308253}, "LR040": {"LR030": 119.9999987671994, "LR050": 119.99999863022154}, "LR075": {"LR070": 119.9998587527306, "LR230": 119.47618568954647, "LR080": 118.90278020900601}, "LR510": {"LR500": 119.98938198586957, "LR520": 119.94269913099443}, "LR001": {"LR240": 119.99997091844966, "LR010": 119.99967187452978}, "LR425": {"LR390": 119.7216714281587, "LR445": 119.41807093263624, "LR430": 118.49150271380236, "LR380": 122.93218277927414}, "LR330": {"LR320": 119.99985875277795, "LR340": 119.99991659492746}, "LR260": {"LR265": 119.99999999696108, "LR250": 119.9999993448392}, "LR435": {"LR430": 119.99999999975758, "LR450": 119.9999999999925}, "LR580": {"LR590": 119.99999983346693, "LR570": 119.99999986510821}, "LR448": {"LR460": 119.99993244189211, "LR445": 119.9999874813462}, "LR250": {"LR260": 119.99999994774014, "LR240": 119.99999961313411}, "LR015": {"LR020": 119.99999515001691, "LR010": 119.99999713613354}, "LR570": {"LR580": 119.9999999836003, "LR560": 119.99999993548167}, "LR220": {"LR212": 119.99905894552037, "LR230": 119.99949988499239}, "LR060": {"LR295": 119.83565641779046, "LR190": 119.79710306308252}, "LR275": {"LR270": 119.72078508205757}, "LR520": {"LR510": 119.96954793440355, "LR530": 119.9949214331072}, "LR300": {"LR310": 119.99994527793248, "LR280": 119.99985875276703}, "LR450": {"LR455": 119.99999999996723, "LR435": 119.99999999999974}, "LR180": {"LR170": 119.9623931272982}, "LR240": {"LR250": 119.99999998671623}, "LR190": {"LR180": 119.92924996813676}, "LR110": {"LR120": 119.96240347574246}, "LR010": {"LR015": 119.99997879954992}}