{"LR150": {"LR140": 119.99999999999986, "LR160": 119.99999999999986}, "LR295": {"LR060": 119.99999334605346, "LR280": 119.99999999999986, "LR070": 119.99999999984092}, "LR350": {"LR360": 119.99999999999986, "LR100": 119.99999999999986}, "LR265": {"LR260": 119.99999999999986, "LR270": 119.99999999999986}, "LR212": {"LR160": 119.99980605143705, "LR220": 119.9999999880446, "LR170": 119.99539162906528}, "LR530": {"LR520": 119.99999995296571, "LR540": 119.99999997500416}, "LR550": {"LR480": 119.99999999999986, "LR540": 119.99999941034532}, "LR480": {"LR468": 119.99999999999986, "LR550": 119.9999995701481}, "LR140": {"LR130": 119.99999999999986, "LR150": 119.99999999999986, "LR140": 119.99999876713105}, "LR080": {"LR075": 119.99978467588816, "LR090": 119.99999995296605, "LR230": 119.99434369050034}, "LR490": {"LR468": 119.9913651457692, "LR500": 119.99821946519641}, "LR590": {"LR580": 119.99999999999986}, "LR390": {"LR400": 119.99999999999986, "LR380": 119.99999999970073, "LR425": 119.99993240587582}, "LR600": {"LR590": 119.99999999999986}, "LR310": {"LR320": 119.9999999999826, "LR300": 119.99999999999167}, "LR340": {"LR330": 119.99999999999845, "LR100": 119.99856104648453}, "LR430": {"LR435": 119.99999999999986, "LR425": 119.9943406488582, "LR445": 119.99997644293576}, "LR468": {"LR480": 119.99999999999986, "LR460": 119.99999999999599, "LR490": 119.99300253786097}, "LR500": {"LR490": 119.99295333282976, "LR455": 119.99999999999986, "LR510": 119.999990873641}, "LR050": {"LR200": 119.99999999999986, "LR040": 119.99999999999986}, "LR320": {"LR330": 119.99999999999886, "LR310": 119.99999999999325}, "LR120": {"LR130": 119.99999999999986, "LR110": 119.99999999992392, "LR100": 119.97988674020553}, "LR160": {"LR170": 119.99999999999986, "LR150": 119.99999999999986, "LR212": 119.99997878389145}, "LR030": {"LR040": 119.99999999999986, "LR020": 119.99999999999939}, "LR445": {"LR448": 119.99999999999986, "LR430": 119.9999998907349, "LR425": 119.99998608937521}, "LR230": {"LR220": 119.99999999753848, "LR075": 119.99996766956781, "LR080": 119.99665997598008}, "LR200": {"LR170": 119.99999999999986, "LR050": 119.99999999999966, "LR060": 119.99999742238148}, "LR130": {"LR120": 119.99999999999986, "LR140": 119.99999999999986}, "LR400": {"LR390": 119.99999999999986, "LR560": 119.99999999999986}, "LR170": {"LR200": 119.99999999999986, "LR160": 119.99999999999986, "LR212": 119.9903450535268}, "LR070": {"LR075": 119.99999999949318, "LR295": 119.99999999943687}, "LR455": {"LR450": 119.99999999999986, "LR500": 119.99999999999986}, "LR460": {"LR448": 119.99999999999986, "LR468": 119.99999999995505}, "LR020": {"LR030": 119.99999999999974, "LR015": 119.99999999999986}, "LR280": {"LR295": 119.99999999999986, "LR300": 119.99999999999787, "LR270": 119.99999999999986}, "LR380": {"LR390": 119.99999999854649, "LR370": 119.99999999999986, "LR425": 122.94403657516231}, "LR560": {"LR570": 119.99999999999986, "LR400": 119.99999999999986}, "LR360": {"LR350": 119.99999999999986, "LR370": 119.99999999999986}, "LR920": {"LR265": 119.99997643952051}, "LR540": {"LR530": 119.99999998177809, "LR550": 119.9999995701452}, "LR270": {"LR280": 119.99999999999986, "LR265": 119.99999999999986}, "LR370": {"LR380": 119.99999999999986, "LR360": 119.99999999999986}, "LR090": {"LR100": 119.99999991148954, "LR080": 119.9999997179744}, "LR100": {"LR090": 119.99999985012013, "LR350": 119.99999999999986, "LR340": 119.99999999999508, "LR110": 119.99999863017472, "LR120": 119.99999998671618}, "LR040": {"LR030": 119.99999999999986, "LR050": 119.99999999999986}, "LR075": {"LR070": 119.99999999999508, "LR230": 119.99999514875287, "LR080": 119.99923611710759}, "LR510": {"LR500": 119.99999994193267, "LR520": 119.99999791222051}, "LR001": {"LR240": 119.99999999999977, "LR010": 119.9999999999981}, "LR425": {"LR390": 119.99992492877068, "LR445": 119.99973418882216, "LR430": 119.99698801648815, "LR380": 122.94404224434508}, "LR330": {"LR320": 119.99999999999393, "LR340": 119.99999999999957}, "LR260": {"LR265": 119.99999999999986, "LR250": 119.99999999999986}, "LR435": {"LR430": 119.99999999999986, "LR450": 119.99999999999986}, "LR580": {"LR590": 119.99999999999986, "LR570": 119.99999999999986}, "LR448": {"LR460": 119.99999999999986, "LR445": 119.99999999999986}, "LR250": {"LR260": 119.99999999999986, "LR240": 119.99999999999986}, "LR015": {"LR020": 119.99999999999986, "LR010": 119.99999999999986}, "LR570": {"LR580": 119.99999999999986, "LR560": 119.99999999999986}, "LR220": {"LR212": 119.99999999943687, "LR230": 119.9999999997818}, "LR060": {"LR295": 119.99995074776125, "LR190": 119.99996010497371}, "LR275": {"LR270": 119.99802604811853}, "LR520": {"LR510": 119.99999910127835, "LR530": 119.99999994193263}, "LR300": {"LR310": 119.99999999999845, "LR280": 119.99999999998974}, "LR450": {"LR455": 119.99999999999986, "LR435": 119.99999999999986}, "LR180": {"LR170": 119.99999607024442}, "LR240": {"LR250": 119.99999999999986}, "LR190": {"LR180": 119.99999514940518}, "LR110": {"LR120": 119.9999956348064}, "LR010": {"LR015": 119.99999999999974}}