{"LR150": {"LR140": 59.98591055850606, "LR160": 59.99555549253834}, "LR295": {"LR060": 57.27771554057678, "LR280": 59.90689964885799, "LR070": 58.69332738121513}, "LR350": {"LR360": 59.841365216654516, "LR100": 59.93244588083363}, "LR265": {"LR260": 59.98596225710769, "LR270": 59.99846260360705}, "LR212": {"LR160": 54.987303054466224, "LR220": 58.940227161168686, "LR170": 43.9727599168507}, "LR530": {"LR520": 58.01665930876281, "LR540": 56.940705536525584}, "LR550": {"LR480": 59.96772609399669, "LR540": 59.13810588410447}, "LR480": {"LR468": 59.99951589120455, "LR550": 59.307364877770944}, "LR140": {"LR130": 59.90586268870393, "LR150": 59.998985245114476, "LR140": 55.699971490350364}, "LR080": {"LR075": 56.24117170009488, "LR090": 56.604853930873695, "LR230": 39.63073347741657}, "LR490": {"LR468": 51.37461046261908, "LR500": 50.35410348622881}, "LR590": {"LR580": 59.984291454773505}, "LR390": {"LR400": 59.99510775328921, "LR380": 59.641369140522386, "LR425": 53.79348429234555}, "LR600": {"LR590": 59.81021482182189}, "LR310": {"LR320": 59.62961606969061, "LR300": 59.7808538489759}, "LR340": {"LR330": 59.89532142605354, "LR100": 49.36788558597313}, "LR430": {"LR435": 59.99875730326323, "LR425": 50.3361688491547, "LR445": 57.011152988109984}, "LR468": {"LR480": 59.98718661874151, "LR460": 59.70498532281965, "LR490": 48.11643370086222}, "LR500": {"LR490": 41.87487201572826, "LR455": 59.99383087684238, "LR510": 57.78669026486595}, "LR050": {"LR200": 59.93137047762674, "LR040": 59.89453100964545}, "LR320": {"LR330": 59.8700070384352, "LR310": 59.038062003642814}, "LR120": {"LR130": 59.98583096301676, "LR110": 59.6693111489711, "LR100": 43.93789892099634}, "LR160": {"LR170": 59.989829272830164, "LR150": 59.99926210008903, "LR212": 57.00183802115704}, "LR030": {"LR040": 59.728754261980306, "LR020": 59.96373056716715}, "LR445": {"LR448": 59.93822069016984, "LR430": 58.58479199198498, "LR425": 53.745462064552456}, "LR230": {"LR220": 59.72873951560025, "LR075": 49.26215688612017, "LR080": 49.13456634020018}, "LR200": {"LR170": 59.73268344631032, "LR050": 59.88453934830106, "LR060": 57.535158993956315}, "LR130": {"LR120": 59.98720032877104, "LR140": 59.985852681707016}, "LR400": {"LR390": 59.95978298993142, "LR560": 59.98077007013112}, "LR170": {"LR200": 59.99828867023425, "LR160": 59.95523626221094, "LR212": 50.39186713301599}, "LR070": {"LR075": 59.48883476565169, "LR295": 59.49763195705655}, "LR455": {"LR450": 59.99994651504035, "LR500": 59.9992696969987}, "LR460": {"LR448": 59.91501626206991, "LR468": 59.82642396612427}, "LR020": {"LR030": 59.58765703492103, "LR015": 59.8709231291837}, "LR280": {"LR295": 59.804904486604734, "LR300": 59.59023025829989, "LR270": 59.99961045279724}, "LR380": {"LR390": 59.505451194018335, "LR370": 59.978563779947066, "LR425": 111.76731144941814}, "LR560": {"LR570": 59.967400310535666, "LR400": 59.98449983894854}, "LR360": {"LR350": 59.97628684245467, "LR370": 59.95535180606928}, "LR920": {"LR265": 54.92097576335095}, "LR540": {"LR530": 58.39257736772369, "LR550": 57.55126148859021}, "LR270": {"LR280": 59.99978979772559, "LR265": 59.9997925866107}, "LR370": {"LR380": 59.95517362632241, "LR360": 59.978703900921424}, "LR090": {"LR100": 56.297756709098095, "LR080": 58.93572236817401}, "LR100": {"LR090": 58.2190708376048, "LR350": 59.916412285629505, "LR340": 59.857143560190096, "LR110": 58.85785332710394, "LR120": 57.82919124352064}, "LR040": {"LR030": 59.80206600773188, "LR050": 59.87062369090713}, "LR075": {"LR070": 58.68392379287803, "LR230": 58.009084914779905, "LR080": 53.67663263968793}, "LR510": {"LR500": 57.89133604947417, "LR520": 58.201428798878496}, "LR001": {"LR240": 59.78970020615414, "LR010": 58.951406247814475}, "LR425": {"LR390": 55.48148723746738, "LR445": 58.22069992154775, "LR430": 49.46025025507428, "LR380": 111.76731144941814}, "LR330": {"LR320": 59.75572091634905, "LR340": 59.37200008022553}, "LR260": {"LR265": 59.990748254400216, "LR250": 59.99326471838397}, "LR435": {"LR430": 59.97898680984714, "LR450": 59.999861663287014}, "LR580": {"LR590": 59.975910490260276, "LR570": 59.99389761850189}, "LR448": {"LR460": 59.840865301757084, "LR445": 59.84251773059915}, "LR250": {"LR260": 59.98064806466748, "LR240": 59.98864390418451}, "LR015": {"LR020": 59.72892690531362, "LR010": 59.04251003945249}, "LR570": {"LR580": 59.9703568795416, "LR560": 59.949816261072066}, "LR220": {"LR212": 59.62922280377599, "LR230": 58.924345586204595}, "LR060": {"LR295": 57.54270429528991, "LR190": 57.54567493182898}, "LR275": {"LR270": 52.937928236704394}, "LR520": {"LR510": 58.37794187525333, "LR530": 58.54768152468198}, "LR300": {"LR310": 59.80292948087731, "LR280": 59.634639014515905}, "LR450": {"LR455": 59.999398129670496, "LR435": 59.998862901137976}, "LR180": {"LR170": 56.61437133894062}, "LR240": {"LR250": 59.967457658379075}, "LR190": {"LR180": 57.2363837413587}, "LR110": {"LR120": 55.875129368428205}, "LR010": {"LR015": 59.755277780574076}}