{"LR150": {"LR140": 119.99999999999986, "LR160": 119.99999999999986}, "LR295": {"LR060": 119.9999997179315, "LR280": 119.99999999999986, "LR070": 119.99999999999952}, "LR350": {"LR360": 119.99999999999986, "LR100": 119.99999999999986}, "LR265": {"LR260": 119.99999999999986, "LR270": 119.99999999999986}, "LR212": {"LR160": 119.99998090050985, "LR220": 119.99999999995505, "LR170": 119.99882861393966}, "LR530": {"LR520": 119.99999999869183, "LR540": 119.99999999970073}, "LR550": {"LR480": 119.99999999999986, "LR540": 119.99999999031597}, "LR480": {"LR468": 119.99999999999986, "LR550": 119.99999998524027}, "LR140": {"LR130": 119.99999999999986, "LR150": 119.99999999999986, "LR140": 119.99999996190044}, "LR080": {"LR075": 119.99996409000657, "LR090": 119.9999999997818, "LR230": 119.99840249112981}, "LR490": {"LR468": 119.99802462231882, "LR500": 119.99963340367353}, "LR590": {"LR580": 119.99999999999986}, "LR390": {"LR400": 119.99999999999986, "LR380": 119.99999999999875, "LR425": 119.99999400917461}, "LR600": {"LR590": 119.99999999999986}, "LR310": {"LR320": 119.99999999999986, "LR300": 119.99999999999986}, "LR340": {"LR330": 119.99999999999986, "LR100": 119.99987246644034}, "LR430": {"LR435": 119.99999999999986, "LR425": 119.99905617972706, "LR445": 119.99999863016292}, "LR468": {"LR480": 119.99999999999986, "LR460": 119.99999999999986, "LR490": 119.999054746625}, "LR500": {"LR490": 119.99882481451229, "LR455": 119.99999999999986, "LR510": 119.99999977155304}, "LR050": {"LR200": 119.99999999999986, "LR040": 119.99999999999986}, "LR320": {"LR330": 119.99999999999986, "LR310": 119.99999999999986}, "LR120": {"LR130": 119.99999999999986, "LR110": 119.99999999999986, "LR100": 119.99539873130091}, "LR160": {"LR170": 119.99999999999986, "LR150": 119.99999999999986, "LR212": 119.99999927150593}, "LR030": {"LR040": 119.99999999999986, "LR020": 119.99999999999986}, "LR445": {"LR448": 119.99999999999986, "LR430": 119.9999999958313, "LR425": 119.9999998149498}, "LR230": {"LR220": 119.99999999993152, "LR075": 119.999999190719, "LR080": 119.99954881228155}, "LR200": {"LR170": 119.99999999999986, "LR050": 119.99999999999986, "LR060": 119.99999992830911}, "LR130": {"LR120": 119.99999999999986, "LR140": 119.99999999999986}, "LR400": {"LR390": 119.99999999999986, "LR560": 119.99999999999986}, "LR170": {"LR200": 119.99999999999986, "LR160": 119.99999999999986, "LR212": 119.99754584214857}, "LR070": {"LR075": 119.99999999999939, "LR295": 119.99999999999707}, "LR455": {"LR450": 119.99999999999986, "LR500": 119.99999999999986}, "LR460": {"LR448": 119.99999999999986, "LR468": 119.99999999999986}, "LR020": {"LR030": 119.99999999999986, "LR015": 119.99999999999986}, "LR280": {"LR295": 119.99999999999986, "LR300": 119.99999999999986, "LR270": 119.99999999999986}, "LR380": {"LR390": 119.99999999999787, "LR370": 119.99999999999986, "LR425": 122.94404206088208}, "LR560": {"LR570": 119.99999999999986, "LR400": 119.99999999999986}, "LR360": {"LR350": 119.99999999999986, "LR370": 119.99999999999986}, "LR920": {"LR265": 119.99999791184928}, "LR540": {"LR530": 119.99999999958948, "LR550": 119.99999999485355}, "LR270": {"LR280": 119.99999999999986, "LR265": 119.99999999999986}, "LR370": {"LR380": 119.99999999999986, "LR360": 119.99999999999986}, "LR090": {"LR100": 119.99999999624796, "LR080": 119.9999999880446}, "LR100": {"LR090": 119.99999999583142, "LR350": 119.99999999999986, "LR340": 119.99999999999986, "LR110": 119.99999997975274, "LR120": 119.99999999997613}, "LR040": {"LR030": 119.99999999999986, "LR050": 119.99999999999986}, "LR075": {"LR070": 119.99999999999986, "LR230": 119.99999971790126, "LR080": 119.99990712967342}, "LR510": {"LR500": 119.999999998385, "LR520": 119.9999999775036}, "LR001": {"LR240": 119.99999999999986, "LR010": 119.99999999999986}, "LR425": {"LR390": 119.99999681764362, "LR445": 119.99998608883493, "LR430": 119.99944187337442, "LR380": 122.94404257952233}, "LR330": {"LR320": 119.99999999999986, "LR340": 119.99999999999986}, "LR260": {"LR265": 119.99999999999986, "LR250": 119.99999999999986}, "LR435": {"LR430": 119.99999999999986, "LR450": 119.99999999999986}, "LR580": {"LR590": 119.99999999999986, "LR570": 119.99999999999986}, "LR448": {"LR460": 119.99999999999986, "LR445": 119.99999999999986}, "LR250": {"LR260": 119.99999999999986, "LR240": 119.99999999999986}, "LR015": {"LR020": 119.99999999999986, "LR010": 119.99999999999986}, "LR570": {"LR580": 119.99999999999986, "LR560": 119.99999999999986}, "LR220": {"LR212": 119.99999999999787, "LR230": 119.99999999999925}, "LR060": {"LR295": 119.99999768015618, "LR190": 119.99999919110601}, "LR275": {"LR270": 119.99978401218057}, "LR520": {"LR510": 119.99999998524008, "LR530": 119.99999999949318}, "LR300": {"LR310": 119.99999999999986, "LR280": 119.99999999999986}, "LR450": {"LR455": 119.99999999999986, "LR435": 119.99999999999986}, "LR180": {"LR170": 119.9999999016321}, "LR240": {"LR250": 119.99999999999986}, "LR190": {"LR180": 119.99999983344594}, "LR110": {"LR120": 119.99999957012847}, "LR010": {"LR015": 119.99999999999986}}