{"LR150": {"LR140": 119.99999999999167, "LR160": 119.99999999999986}, "LR295": {"LR060": 119.99982559396203, "LR280": 119.99999999999986, "LR070": 119.99999999128451}, "LR350": {"LR360": 119.99999999999986, "LR100": 119.99999999999966}, "LR265": {"LR260": 119.99999999999986, "LR270": 119.99999999999986}, "LR212": {"LR160": 119.99666466998899, "LR220": 119.99999927204317, "LR170": 119.97985569461362}, "LR530": {"LR520": 119.99999791222277, "LR540": 119.99999830890548}, "LR550": {"LR480": 119.99999999999986, "LR540": 119.99997382616156}, "LR480": {"LR468": 119.99999999999986, "LR550": 119.99996768710044}, "LR140": {"LR130": 119.99999999999986, "LR150": 119.99999999999986, "LR140": 119.99992493127426}, "LR080": {"LR075": 119.9984060122292, "LR090": 119.99999768026433, "LR230": 119.92908910963702}, "LR490": {"LR468": 119.95806106779375, "LR500": 119.9893235269864}, "LR590": {"LR580": 119.99999999999986}, "LR390": {"LR400": 119.99999999999986, "LR380": 119.9999999419335, "LR425": 119.99944402052827}, "LR600": {"LR590": 119.99999999985683}, "LR310": {"LR320": 119.99999999726496, "LR300": 119.99999999800616}, "LR340": {"LR330": 119.9999999989404, "LR100": 119.9904130250051}, "LR430": {"LR435": 119.99999999999986, "LR425": 119.97773544504693, "LR445": 119.9994442929803}, "LR468": {"LR480": 119.99999999999986, "LR460": 119.99999999949318, "LR490": 119.94244403119501}, "LR500": {"LR490": 119.96577479030525, "LR455": 119.99999999999986, "LR510": 119.9998062397101}, "LR050": {"LR200": 119.99999999999167, "LR040": 119.99999999999861}, "LR320": {"LR330": 119.99999999753848, "LR310": 119.99999999662343}, "LR120": {"LR130": 119.99999999999986, "LR110": 119.99999996914107, "LR100": 119.90231118946272}, "LR160": {"LR170": 119.9999999999998, "LR150": 119.99999999999986, "LR212": 119.99963514695578}, "LR030": {"LR040": 119.99999999998435, "LR020": 119.99999999963052}, "LR445": {"LR448": 119.99999999999325, "LR430": 119.99999681784655, "LR425": 119.99949984879989}, "LR230": {"LR220": 119.99999971797472, "LR075": 119.99976066631322, "LR080": 119.97527468058684}, "LR200": {"LR170": 119.99999999997613, "LR050": 119.9999999997818, "LR060": 119.99988558359398}, "LR130": {"LR120": 119.99999999999986, "LR140": 119.99999999999986}, "LR400": {"LR390": 119.99999999999986, "LR560": 119.99999999999986}, "LR170": {"LR200": 119.99999999999986, "LR160": 119.99999999999925, "LR212": 119.95779589078226}, "LR070": {"LR075": 119.99999994774014, "LR295": 119.99999992831297}, "LR455": {"LR450": 119.99999999999986, "LR500": 119.99999999999986}, "LR460": {"LR448": 119.99999999999986, "LR468": 119.99999999428178}, "LR020": {"LR030": 119.99999999975758, "LR015": 119.99999999999946}, "LR280": {"LR295": 119.99999999999969, "LR300": 119.9999999989404, "LR270": 119.99999999999986}, "LR380": {"LR390": 119.9999998785974, "LR370": 119.99999999999986, "LR425": 122.94391480172533}, "LR560": {"LR570": 119.99999999999986, "LR400": 119.99999999999986}, "LR360": {"LR350": 119.99999999999898, "LR370": 119.99999999999925}, "LR920": {"LR265": 119.99944421241506}, "LR540": {"LR530": 119.99999863021878, "LR550": 119.99997382637146}, "LR270": {"LR280": 119.99999999999986, "LR265": 119.99999999999986}, "LR370": {"LR380": 119.99999999999966, "LR360": 119.99999999999986}, "LR090": {"LR100": 119.99999461064601, "LR080": 119.9999860903678}, "LR100": {"LR090": 119.99999768026672, "LR350": 119.99999999999986, "LR340": 119.9999999989404, "LR110": 119.99992493286791, "LR120": 119.99999646434756}, "LR040": {"LR030": 119.99999999999675, "LR050": 119.99999999997851}, "LR075": {"LR070": 119.99999999930478, "LR230": 119.99978466081873, "LR080": 119.9930187356101}, "LR510": {"LR500": 119.99999812099009, "LR520": 119.99992493468645}, "LR001": {"LR240": 119.99999999993835, "LR010": 119.99999999869183}, "LR425": {"LR390": 119.99781368252852, "LR445": 119.99492094430084, "LR430": 119.9853709896039, "LR380": 122.94402341337101}, "LR330": {"LR320": 119.99999999536824, "LR340": 119.9999999997818}, "LR260": {"LR265": 119.99999999999986, "LR250": 119.99999999999986}, "LR435": {"LR430": 119.99999999999986, "LR450": 119.99999999999986}, "LR580": {"LR590": 119.99999999999986, "LR570": 119.99999999999986}, "LR448": {"LR460": 119.99999999995505, "LR445": 119.9999999999886}, "LR250": {"LR260": 119.99999999999986, "LR240": 119.99999999999986}, "LR015": {"LR020": 119.99999999999918, "LR010": 119.99999999997051}, "LR570": {"LR580": 119.99999999999986, "LR560": 119.99999999999986}, "LR220": {"LR212": 119.9999998785974, "LR230": 119.9999999836003}, "LR060": {"LR295": 119.99915301012052, "LR190": 119.99895431479686}, "LR275": {"LR270": 119.99370973476971}, "LR520": {"LR510": 119.99996409645262, "LR530": 119.99999742248113}, "LR300": {"LR310": 119.99999999930478, "LR280": 119.99999999536824}, "LR450": {"LR455": 119.99999999999986, "LR435": 119.99999999999986}, "LR180": {"LR170": 119.9998587071386}, "LR240": {"LR250": 119.99999999999986}, "LR190": {"LR180": 119.99984303884446}, "LR110": {"LR120": 119.99994527531348}, "LR010": {"LR015": 119.99999999993152}}