{"LR150": {"LR140": 1.8700726133970935, "LR160": 1.6038407524109979}, "LR295": {"LR060": 2.097420909557176, "LR280": 2.4301205557633976, "LR070": 2.23013739747165}, "LR350": {"LR360": 2.185572200241055, "LR100": 2.256755199938624}, "LR265": {"LR260": 2.1030107083531027, "LR270": 2.1952899452682884}, "LR212": {"LR160": 3.258957778768528, "LR220": 1.4393953522148202, "LR170": 2.7901541277965225}, "LR530": {"LR520": 2.295686816820231, "LR540": 1.3101813635507062}, "LR550": {"LR480": 2.517013914286388, "LR540": 1.8541752162702099}, "LR480": {"LR468": 1.6870167379938334, "LR550": 2.3054588461923915}, "LR140": {"LR130": 1.6146415577820492, "LR150": 1.9535929462576387, "LR140": 0.24507513720622973}, "LR080": {"LR075": 2.0500499481355625, "LR090": 1.8639631508571655, "LR230": 1.2298357660690031}, "LR490": {"LR468": 2.7690228635713754, "LR500": 2.0837222193784846}, "LR590": {"LR580": 1.1845082858611922}, "LR390": {"LR400": 1.7712537704920965, "LR380": 4.005901206976352, "LR425": 2.87110646598122}, "LR600": {"LR590": 3.7152218749251857}, "LR310": {"LR320": 1.5743277563717135, "LR300": 1.6301060604476476}, "LR340": {"LR330": 1.5248258940019, "LR100": 2.5068178296833397}, "LR430": {"LR435": 2.5791208903120335, "LR425": 2.2448896003110392, "LR445": 2.9435034475668647}, "LR468": {"LR480": 1.6588917694873266, "LR460": 2.65399500288662, "LR490": 2.492682740741866}, "LR500": {"LR490": 1.714655512304026, "LR455": 1.2307282858360888, "LR510": 2.2616615808324134}, "LR050": {"LR200": 1.8524032616409134, "LR040": 1.5106983367888556}, "LR320": {"LR330": 1.3384184830290495, "LR310": 1.6181193809090981}, "LR120": {"LR130": 1.5031207572686982, "LR110": 2.457155171931972, "LR100": 2.788534448203759}, "LR160": {"LR170": 2.337632852229821, "LR150": 1.627473643946963, "LR212": 2.6570198845600097}, "LR030": {"LR040": 1.6186600295645668, "LR020": 2.2163553708828685}, "LR445": {"LR448": 2.18401096439147, "LR430": 1.9330547311439283, "LR425": 2.5817954295737495}, "LR230": {"LR220": 1.835761576569536, "LR075": 2.1469416882702896, "LR080": 1.1820166031778128}, "LR200": {"LR170": 2.1527321374286084, "LR050": 2.1040201098596087, "LR060": 1.841226548059426}, "LR130": {"LR120": 1.774429731238579, "LR140": 1.7730378081593794}, "LR400": {"LR390": 2.0421812725960855, "LR560": 2.4798883569135346}, "LR170": {"LR200": 2.111989145156383, "LR160": 2.5565906190654677, "LR212": 2.7387488758658463}, "LR070": {"LR075": 1.7400546408458097, "LR295": 1.9776765235235874}, "LR455": {"LR450": 1.8369831620979258, "LR500": 2.647552739250453}, "LR460": {"LR448": 1.3545803624737007, "LR468": 2.2669058182024187}, "LR020": {"LR030": 1.9070606805633947, "LR015": 1.930266599179065}, "LR280": {"LR295": 2.171483194635914, "LR300": 2.5629839873633773, "LR270": 2.32270482508999}, "LR380": {"LR390": 3.7156786811082148, "LR370": 2.4754652204188017, "LR425": 111.76731144941814}, "LR560": {"LR570": 2.332880221394314, "LR400": 2.5886750791333077}, "LR360": {"LR350": 1.906918150850324, "LR370": 2.377815582809466}, "LR920": {"LR265": 2.9026633206645083}, "LR540": {"LR530": 2.110939919351776, "LR550": 2.106184022910276}, "LR270": {"LR280": 1.3870425063409884, "LR265": 2.012071789511799}, "LR370": {"LR380": 1.8913659288742977, "LR360": 2.297853531143902}, "LR090": {"LR100": 2.9929685490154636, "LR080": 1.6196139116847508}, "LR100": {"LR090": 2.209496823251879, "LR350": 2.329258592766865, "LR340": 1.957881177438614, "LR110": 2.351584965788965, "LR120": 3.155265463434613}, "LR040": {"LR030": 1.8782722928755902, "LR050": 2.523827976973069}, "LR075": {"LR070": 1.5248084941712094, "LR230": 2.155338052394275, "LR080": 2.259175201970966}, "LR510": {"LR500": 3.0605096148444466, "LR520": 2.213900178890931}, "LR001": {"LR240": 4.213526602701643, "LR010": 3.1904754053907327}, "LR425": {"LR390": 3.1454890007154916, "LR445": 3.206758869401587, "LR430": 3.262934611589723, "LR380": 111.76731144941814}, "LR330": {"LR320": 1.604328559668693, "LR340": 1.3332081672400202}, "LR260": {"LR265": 2.3414435565483283, "LR250": 2.086455345140949}, "LR435": {"LR430": 3.0653067466223374, "LR450": 1.4487626860782306}, "LR580": {"LR590": 1.5541620650142918, "LR570": 1.8672080915653975}, "LR448": {"LR460": 1.8989396787781498, "LR445": 2.007604241490663}, "LR250": {"LR260": 2.1412699120697765, "LR240": 2.5200283324528168}, "LR015": {"LR020": 1.4056390496112785, "LR010": 1.935163550561564}, "LR570": {"LR580": 1.4039457008080072, "LR560": 1.7527886392603673}, "LR220": {"LR212": 1.1063875791981281, "LR230": 1.5419249418670478}, "LR060": {"LR295": 2.1664713209277764, "LR190": 2.422178052636425}, "LR275": {"LR270": 2.8239813963150064}, "LR520": {"LR510": 1.6797156881686468, "LR530": 1.8985533054473542}, "LR300": {"LR310": 1.801198767002208, "LR280": 2.1984531918697767}, "LR450": {"LR455": 1.6463261742735618, "LR435": 1.6636114850908494}, "LR180": {"LR170": 2.039702015010333}, "LR240": {"LR250": 1.912515879860709}, "LR190": {"LR180": 1.2767939296109643}, "LR110": {"LR120": 2.5024233199830284}, "LR010": {"LR015": 1.920481282506995}}