{"LR150": {"LR140": 59.99999798040369, "LR160": 59.99999999932398}, "LR295": {"LR060": 59.87177689845602, "LR280": 59.99999361707593, "LR070": 59.997390995383796}, "LR350": {"LR360": 59.99996880811044, "LR100": 59.99997222861532}, "LR265": {"LR260": 59.99999837012952, "LR270": 59.99999999982954}, "LR212": {"LR160": 59.67612554549029, "LR220": 59.9976488608556, "LR170": 56.33348154991961}, "LR530": {"LR520": 59.97625442346198, "LR540": 59.97329858937875}, "LR550": {"LR480": 59.999994859802406, "LR540": 59.98427215304325}, "LR480": {"LR468": 59.99999999886036, "LR550": 59.99078601720348}, "LR140": {"LR130": 59.99998907006443, "LR150": 59.999999997050814, "LR140": 59.94279760375863}, "LR080": {"LR075": 59.87093372083358, "LR090": 59.99070094123467, "LR230": 58.93397925789024}, "LR490": {"LR468": 59.05621859595427, "LR500": 58.944555754195974}, "LR590": {"LR580": 59.9999992148876}, "LR390": {"LR400": 59.99999997832886, "LR380": 59.998908595660644, "LR425": 59.59899193766073}, "LR600": {"LR590": 59.99988108464063}, "LR310": {"LR320": 59.9995633105097, "LR300": 59.99976746037868}, "LR340": {"LR330": 59.99991002829928, "LR100": 58.95298030963794}, "LR430": {"LR435": 59.99999999388359, "LR425": 58.388345319824545, "LR445": 59.91687167942896}, "LR468": {"LR480": 59.99999989319731, "LR460": 59.999746433570465, "LR490": 58.69971218827103}, "LR500": {"LR490": 56.6413771919621, "LR455": 59.999999988236496, "LR510": 59.9501376739702}, "LR050": {"LR200": 59.99997460786699, "LR040": 59.99994052383484}, "LR320": {"LR330": 59.999829706554365, "LR310": 59.999255889005404}, "LR120": {"LR130": 59.99999953537108, "LR110": 59.999465173855754, "LR100": 57.83024831679906}, "LR160": {"LR170": 59.999999139134424, "LR150": 59.99999999673133, "LR212": 59.80628629937529}, "LR030": {"LR040": 59.99981115909445, "LR020": 59.99999358160356}, "LR445": {"LR448": 59.99979109994132, "LR430": 59.97130586570063, "LR425": 59.82604354372994}, "LR230": {"LR220": 59.99917448579241, "LR075": 59.54481039302508, "LR080": 57.98661320677606}, "LR200": {"LR170": 59.99991988772215, "LR050": 59.999889734506006, "LR060": 59.915365153179536}, "LR130": {"LR120": 59.9999986624897, "LR140": 59.999997972107565}, "LR400": {"LR390": 59.99999881308884, "LR560": 59.999999698393175}, "LR170": {"LR200": 59.99999999064114, "LR160": 59.99999962688312, "LR212": 58.21959358203077}, "LR070": {"LR075": 59.99736556928838, "LR295": 59.999685226860514}, "LR455": {"LR450": 59.9999999999985, "LR500": 59.99999999997459}, "LR460": {"LR448": 59.99999617726471, "LR468": 59.999920714649605}, "LR020": {"LR030": 59.99981165166794, "LR015": 59.999957018739714}, "LR280": {"LR295": 59.999983486823524, "LR300": 59.99971471887575, "LR270": 59.999999999644714}, "LR380": {"LR390": 59.999352130921636, "LR370": 59.99999943062401, "LR425": 111.76731144941814}, "LR560": {"LR570": 59.99999881221762, "LR400": 59.99999992371005}, "LR360": {"LR350": 59.999998933335654, "LR370": 59.99999922191889}, "LR920": {"LR265": 59.8430421299017}, "LR540": {"LR530": 59.99079522787787, "LR550": 59.95978386967628}, "LR270": {"LR280": 59.99999999999468, "LR265": 59.99999999989946}, "LR370": {"LR380": 59.99999421708367, "LR360": 59.99999868595292}, "LR090": {"LR100": 59.90732709325554, "LR080": 59.98057905790961}, "LR100": {"LR090": 59.99330886725748, "LR350": 59.999991265445246, "LR340": 59.9999005435453, "LR110": 59.95158307961575, "LR120": 59.98294793423416}, "LR040": {"LR030": 59.99994661292582, "LR050": 59.999994180399746}, "LR075": {"LR070": 59.994505963648955, "LR230": 59.84119178518392, "LR080": 59.591442056693595}, "LR510": {"LR500": 59.985092482868595, "LR520": 59.96353296243401}, "LR001": {"LR240": 59.99983732175114, "LR010": 59.99680886420921}, "LR425": {"LR390": 59.939891152608865, "LR445": 59.93890446109172, "LR430": 59.06586850214101, "LR380": 111.76731144941814}, "LR330": {"LR320": 59.999679989390586, "LR340": 59.999645857736745}, "LR260": {"LR265": 59.99999989421728, "LR250": 59.99999993069107}, "LR435": {"LR430": 59.999999945036016, "LR450": 59.99999999997897}, "LR580": {"LR590": 59.99999992998816, "LR570": 59.9999994834853}, "LR448": {"LR460": 59.999941121994084, "LR445": 59.99979369499734}, "LR250": {"LR260": 59.99999958364826, "LR240": 59.99999966485134}, "LR015": {"LR020": 59.99989970607635, "LR010": 59.999460051425174}, "LR570": {"LR580": 59.99999958156316, "LR560": 59.99999972555736}, "LR220": {"LR212": 59.99951427426881, "LR230": 59.995010687055505}, "LR060": {"LR295": 59.94464106056423, "LR190": 59.78247468795288}, "LR275": {"LR270": 58.82224546027434}, "LR520": {"LR510": 59.98057988447448, "LR530": 59.97349808718843}, "LR300": {"LR310": 59.999927086177195, "LR280": 59.99918943524184}, "LR450": {"LR455": 59.99999999984499, "LR435": 59.999999999967955}, "LR180": {"LR170": 59.69993382680908}, "LR240": {"LR250": 59.999999489598096}, "LR190": {"LR180": 59.93082238748492}, "LR110": {"LR120": 59.92472934573601}, "LR010": {"LR015": 59.999918510037105}}