{"LR150": {"LR140": 59.99999818236332, "LR160": 59.999999999709}, "LR295": {"LR060": 59.87177689845602, "LR280": 59.99999777441201, "LR070": 59.997886706260864}, "LR350": {"LR360": 59.99997953500125, "LR100": 59.99997975466057}, "LR265": {"LR260": 59.999999220438006, "LR270": 59.99999999989935}, "LR212": {"LR160": 59.67612554549029, "LR220": 59.99809557729303, "LR170": 56.33348154991961}, "LR530": {"LR520": 59.9826894747038, "LR540": 59.978371857396795}, "LR550": {"LR480": 59.999997541459415, "LR540": 59.98726044396502}, "LR480": {"LR468": 59.99999999950942, "LR550": 59.99395470588721}, "LR140": {"LR130": 59.99999282886927, "LR150": 59.999999998065036, "LR140": 59.958299453140036}, "LR080": {"LR075": 59.895456313875194, "LR090": 59.99246776240009, "LR230": 58.93397925789024}, "LR490": {"LR468": 59.15059673635884, "LR500": 59.05010017877638}, "LR590": {"LR580": 59.999999484887745}, "LR390": {"LR400": 59.999999984201736, "LR380": 59.999017736094586, "LR425": 59.63909274389465}, "LR600": {"LR590": 59.99991331070303}, "LR310": {"LR320": 59.99964628151285, "LR300": 59.999876418911114}, "LR340": {"LR330": 59.99994687261044, "LR100": 59.05768227867414}, "LR430": {"LR435": 59.99999999638834, "LR425": 58.69455970905788, "LR445": 59.91687167942896}, "LR468": {"LR480": 59.999999929926766, "LR460": 59.999878719962815, "LR490": 58.829740969443925}, "LR500": {"LR490": 57.279515525489295, "LR455": 59.999999991424396, "LR510": 59.963650364324266}, "LR050": {"LR200": 59.99998148913503, "LR040": 59.9999566418756}, "LR320": {"LR330": 59.999862062309035, "LR310": 59.999604548908906}, "LR120": {"LR130": 59.99999966128551, "LR110": 59.99964910056675, "LR100": 57.83024831679906}, "LR160": {"LR170": 59.999999139134424, "LR150": 59.99999999826291, "LR212": 59.80628629937529}, "LR030": {"LR040": 59.999830043185, "LR020": 59.999995320989}, "LR445": {"LR448": 59.99986294067149, "LR430": 59.97417527913056, "LR425": 59.85909527042124}, "LR230": {"LR220": 59.99925703721317, "LR075": 59.668166776515285, "LR080": 58.18795188609846}, "LR200": {"LR170": 59.999935109054945, "LR050": 59.999889734506006, "LR060": 59.93144577407543}, "LR130": {"LR120": 59.999999122459485, "LR140": 59.99999903006534}, "LR400": {"LR390": 59.99999922126758, "LR560": 59.99999989483621}, "LR170": {"LR200": 59.99999999447368, "LR160": 59.99999975519802, "LR212": 58.21959358203077}, "LR070": {"LR075": 59.99859995550819, "LR295": 59.99971670417447}, "LR455": {"LR450": 59.999999999999474, "LR500": 59.99999999998649}, "LR460": {"LR448": 59.99999617726471, "LR468": 59.99994798088161}, "LR020": {"LR030": 59.99987642465935, "LR015": 59.99997179999512}, "LR280": {"LR295": 59.99999024913443, "LR300": 59.999792030060426, "LR270": 59.99999999986236}, "LR380": {"LR390": 59.999617439787926, "LR370": 59.99999953880545, "LR425": 111.76731144941814}, "LR560": {"LR570": 59.99999929862638, "LR400": 59.999999938205136}, "LR360": {"LR350": 59.99999930016153, "LR370": 59.99999962784623}, "LR920": {"LR265": 59.872864125220374}, "LR540": {"LR530": 59.9945646741096, "LR550": 59.970682440994004}, "LR270": {"LR280": 59.999999999997456, "LR265": 59.99999999995191}, "LR370": {"LR380": 59.99999723404903, "LR360": 59.99999922406833}, "LR090": {"LR100": 59.93919730588497, "LR080": 59.9872579198945}, "LR100": {"LR090": 59.995609947807644, "LR350": 59.999994269258636, "LR340": 59.999941271958065, "LR110": 59.95642477165418, "LR120": 59.987569044056706}, "LR040": {"LR030": 59.99996497274062, "LR050": 59.99999575751141}, "LR075": {"LR070": 59.99639536275008, "LR230": 59.85707260666553, "LR080": 59.591442056693595}, "LR510": {"LR500": 59.985092482868595, "LR520": 59.973415529614385}, "LR001": {"LR240": 59.999868230618425, "LR010": 59.998304099604205}, "LR425": {"LR390": 59.939891152608865, "LR445": 59.94501401498254, "LR430": 59.06586850214101, "LR380": 111.76731144941814}, "LR330": {"LR320": 59.99976671226574, "LR340": 59.99968127196307}, "LR260": {"LR265": 59.99999993753637, "LR250": 59.999999954526416}, "LR435": {"LR430": 59.99999995547917, "LR450": 59.999999999993406}, "LR580": {"LR590": 59.99999996651354, "LR570": 59.999999695003225}, "LR448": {"LR460": 59.999947009794674, "LR445": 59.99984960365307}, "LR250": {"LR260": 59.99999980086026, "LR240": 59.99999983969944}, "LR015": {"LR020": 59.99990973546871, "LR010": 59.99968116576606}, "LR570": {"LR580": 59.99999975291723, "LR560": 59.99999981993818}, "LR220": {"LR212": 59.99964590594196, "LR230": 59.99734847453946}, "LR060": {"LR295": 59.95017695450781, "LR190": 59.823804497241824}, "LR275": {"LR270": 58.94002091424691}, "LR520": {"LR510": 59.98057988447448, "LR530": 59.97349808718843}, "LR300": {"LR310": 59.999946845823175, "LR280": 59.9994090982913}, "LR450": {"LR455": 59.99999999993994, "LR435": 59.99999999997897}, "LR180": {"LR170": 59.72994044412817}, "LR240": {"LR250": 59.999999540638285}, "LR190": {"LR180": 59.94956952047651}, "LR110": {"LR120": 59.9506149237374}, "LR010": {"LR015": 59.99996102360336}}