{"LR150": {"LR140": 2.1684659860696973, "LR160": 1.540737055483755}, "LR295": {"LR060": 1.7148245356460592, "LR280": 2.681159696245561, "LR070": 2.1030532257927175}, "LR350": {"LR360": 2.272039548451193, "LR100": 2.4375060176263426}, "LR265": {"LR260": 2.108356974238583, "LR270": 2.4315222674414274}, "LR212": {"LR160": 3.1305524322595533, "LR220": 1.4514556537040797, "LR170": 3.078526365766801}, "LR530": {"LR520": 1.9400791464652798, "LR540": 1.821413735139862}, "LR550": {"LR480": 2.4467804193881397, "LR540": 1.8276785961024438}, "LR480": {"LR468": 1.4995336382454707, "LR550": 1.636146617207174}, "LR140": {"LR130": 1.4456065701658123, "LR150": 2.060115516617571, "LR140": 0.06220312162262105}, "LR080": {"LR075": 1.6308160753166425, "LR090": 1.5837326039408526, "LR230": 1.583518746256962}, "LR490": {"LR468": 2.5528380697746114, "LR500": 2.261877348322426}, "LR590": {"LR580": 1.5359943437936985}, "LR390": {"LR400": 2.0197070980801, "LR380": 3.767991529493326, "LR425": 3.202054448261309}, "LR600": {"LR590": 3.7059260306990702}, "LR310": {"LR320": 1.4418290628399197, "LR300": 2.0567018186815615}, "LR340": {"LR330": 1.8949843456753874, "LR100": 2.7707431413467725}, "LR430": {"LR435": 2.443582664605781, "LR425": 2.198360576251942, "LR445": 2.354241708467011}, "LR468": {"LR480": 1.7091425124286477, "LR460": 3.0124951098508803, "LR490": 2.2557762270638855}, "LR500": {"LR490": 1.518874218139034, "LR455": 1.1841973965430257, "LR510": 1.7416037725964837}, "LR050": {"LR200": 1.9498550514425719, "LR040": 1.4716215775985706}, "LR320": {"LR330": 1.707442898280311, "LR310": 1.337205910633117}, "LR120": {"LR130": 1.8066700631918784, "LR110": 2.3235979915342346, "LR100": 2.9740962112648006}, "LR160": {"LR170": 2.6087722397726654, "LR150": 1.805912930155209, "LR212": 2.713626714746107}, "LR030": {"LR040": 1.6095580635443714, "LR020": 1.9483062624560064}, "LR445": {"LR448": 2.2574709470378207, "LR430": 2.4912097147206653, "LR425": 2.5857448987238136}, "LR230": {"LR220": 1.8262611313370791, "LR075": 2.1457105359643935, "LR080": 1.2501736824092675}, "LR200": {"LR170": 2.193766075946201, "LR050": 2.1369357180397044, "LR060": 1.9962878520529543}, "LR130": {"LR120": 1.5886339429788692, "LR140": 1.8821369420907952}, "LR400": {"LR390": 2.2261305015059536, "LR560": 2.4599397184135268}, "LR170": {"LR200": 2.1107979380643145, "LR160": 2.2951009622908685, "LR212": 2.2270600717361466}, "LR070": {"LR075": 1.5671249937641034, "LR295": 2.115216520772596}, "LR455": {"LR450": 1.894693784252265, "LR500": 2.5343494839073832}, "LR460": {"LR448": 1.3417569625513004, "LR468": 3.5535971271279534}, "LR020": {"LR030": 1.8110428105260716, "LR015": 1.973734404690724}, "LR280": {"LR295": 1.8880303503778826, "LR300": 2.4728902525718555, "LR270": 2.3742779639740044}, "LR380": {"LR390": 3.733931519897702, "LR370": 2.5498894586404774, "LR425": 111.76731144941814}, "LR560": {"LR570": 2.1672289782297414, "LR400": 2.801314943920606}, "LR360": {"LR350": 2.322227972402264, "LR370": 2.4705644127215924}, "LR920": {"LR265": 2.484623621143128}, "LR540": {"LR530": 1.860935642208545, "LR550": 2.333413294475875}, "LR270": {"LR280": 1.915915263863995, "LR265": 2.0634437247082}, "LR370": {"LR380": 2.1479381258242336, "LR360": 2.0105284315072796}, "LR090": {"LR100": 2.5417235007066727, "LR080": 1.3117763198353574}, "LR100": {"LR090": 2.2946299872755853, "LR350": 2.4890176589156816, "LR340": 2.271219574310812, "LR110": 2.6006178095281136, "LR120": 2.963176656065727}, "LR040": {"LR030": 2.072713141409715, "LR050": 1.6613353858653273}, "LR075": {"LR070": 1.535056928969061, "LR230": 2.1238230347676685, "LR080": 2.1608634036222547}, "LR510": {"LR500": 3.5512354091965093, "LR520": 2.0734106568312294}, "LR001": {"LR240": 4.029808024995477, "LR010": 2.4883869187323304}, "LR425": {"LR390": 2.7436915486024938, "LR445": 3.069265960881738, "LR430": 3.0370357286634615, "LR380": 111.76731144941814}, "LR330": {"LR320": 1.5810990885928151, "LR340": 1.6818427817358192}, "LR260": {"LR265": 1.9959814124295892, "LR250": 1.6058068850196796}, "LR435": {"LR430": 3.2560760972845815, "LR450": 1.519720200122106}, "LR580": {"LR590": 1.7619817120102255, "LR570": 1.9509148228602995}, "LR448": {"LR460": 1.6226779970841805, "LR445": 2.4477943038980507}, "LR250": {"LR260": 1.9739985109696707, "LR240": 2.3114046101250882}, "LR015": {"LR020": 1.4041244307352785, "LR010": 1.6940937178821982}, "LR570": {"LR580": 1.3257886349391494, "LR560": 1.58166565369573}, "LR220": {"LR212": 1.6164349743489361, "LR230": 1.3953909237234134}, "LR060": {"LR295": 1.92395817143552, "LR190": 2.3653773488128467}, "LR275": {"LR270": 2.2735047129767922}, "LR520": {"LR510": 1.681295374297872, "LR530": 1.7596279320221595}, "LR300": {"LR310": 1.7281659973677457, "LR280": 2.172907285810665}, "LR450": {"LR455": 1.7397719990054146, "LR435": 1.1923462289025857}, "LR180": {"LR170": 2.388288461932357}, "LR240": {"LR250": 2.065989780988577}, "LR190": {"LR180": 1.2232995451937587}, "LR110": {"LR120": 2.157609850690039}, "LR010": {"LR015": 1.7293357806822853}}