{"LR150": {"LR140": 1.8334458617346086, "LR160": 2.0348216413325733}, "LR295": {"LR060": 1.727642258602026, "LR280": 2.280253515733528, "LR070": 2.0786611910086803}, "LR350": {"LR360": 1.6973890088136234, "LR100": 2.632197622160538}, "LR265": {"LR260": 1.5624321515803106, "LR270": 1.5226911724425907}, "LR212": {"LR160": 2.9611087443962067, "LR220": 2.0743100603266393, "LR170": 3.0802243500947952}, "LR530": {"LR520": 2.2872571100380283, "LR540": 1.2003761809463287}, "LR550": {"LR480": 2.2565158957654923, "LR540": 2.274438234896624}, "LR480": {"LR468": 1.4276298588551704, "LR550": 2.273453280473454}, "LR140": {"LR130": 1.7186107438187426, "LR150": 1.2388973235296001, "LR140": 0.10156285786436604}, "LR080": {"LR075": 2.583394546993077, "LR090": 1.9353271415712952, "LR230": 1.9937264871259686}, "LR490": {"LR468": 1.3660582394804806, "LR500": 1.71057199084089}, "LR590": {"LR580": 2.4934536434885577}, "LR390": {"LR400": 1.955806725676851, "LR380": 4.372528978389711, "LR425": 3.251905054635071}, "LR600": {"LR590": 4.021090953834907}, "LR310": {"LR320": 2.2479901229493837, "LR300": 2.1951718056554954}, "LR340": {"LR330": 1.4286192719834179, "LR100": 1.7965959832072258}, "LR430": {"LR435": 1.8897475418266363, "LR425": 2.2840257585048676, "LR445": 2.390451933890595}, "LR468": {"LR480": 1.620199116897281, "LR460": 3.0880199609810743, "LR490": 1.9763017483192016}, "LR500": {"LR490": 1.808647159487009, "LR455": 2.073669270276186, "LR510": 2.3123726118514525}, "LR050": {"LR200": 1.905109395519167, "LR040": 1.916951187981448}, "LR320": {"LR330": 8.362605771747175, "LR310": 1.6075333970600112}, "LR120": {"LR130": 2.060481009199323, "LR110": 2.834057524777352, "LR100": 2.9788713310845196}, "LR160": {"LR170": 2.2215601972929333, "LR150": 1.473925954811504, "LR212": 1.7005691811249335}, "LR030": {"LR040": 1.5875759929531572, "LR020": 2.236545256793179}, "LR445": {"LR448": 2.155730658864371, "LR430": 2.546903474942757, "LR425": 2.6241683736041534}, "LR230": {"LR220": 1.4977418134476101, "LR075": 2.310580374217472, "LR080": 0.5600476264953613}, "LR200": {"LR170": 1.9401604244494022, "LR050": 2.4238209615076833, "LR060": 1.5507210857442577}, "LR130": {"LR120": 1.326978717342457, "LR140": 1.6456131004068306}, "LR400": {"LR390": 1.793246388149502, "LR560": 2.1490060421537924}, "LR170": {"LR200": 2.610817321789947, "LR160": 3.0075656989096466, "LR212": 2.3064978420734406}, "LR070": {"LR075": 1.830565942192484, "LR295": 2.9678245597686637}, "LR455": {"LR450": 1.9203457143424916, "LR500": 2.7126874162819536}, "LR460": {"LR448": 1.2270067375951812, "LR468": 2.504944525936838}, "LR020": {"LR030": 1.3960319026361545, "LR015": 1.3034437550932125}, "LR280": {"LR295": 3.040618556092084, "LR300": 1.9074547921481535, "LR270": 2.693041328627682}, "LR380": {"LR390": 3.678631362861313, "LR370": 1.8861374768820065, "LR425": 111.76731144941814}, "LR560": {"LR570": 1.4548148017703708, "LR400": 3.3721814553560234}, "LR360": {"LR350": 1.9922468024583315, "LR370": 2.0359242338141583}, "LR920": {"LR265": 2.644254553157463}, "LR540": {"LR530": 1.787904004534795, "LR550": 2.241062890202117}, "LR270": {"LR280": 1.406714168403488, "LR265": 1.726321627977991}, "LR370": {"LR380": 1.3648785262148797, "LR360": 1.778922109252132}, "LR090": {"LR100": 1.677118525824958, "LR080": 1.8450716182633369}, "LR100": {"LR090": 1.777399734771212, "LR350": 1.4495100431919954, "LR340": 2.7027440894350563, "LR110": 1.7827054120907353, "LR120": 3.15473882994295}, "LR040": {"LR030": 1.4373092042194242, "LR050": 1.277929031492692}, "LR075": {"LR070": 1.8758996026954013, "LR230": 2.437539855832883, "LR080": 2.702832630892317}, "LR510": {"LR500": 3.8165872351256853, "LR520": 1.4612417353509628}, "LR001": {"LR240": 4.0692448700458765, "LR010": 2.240737328936838}, "LR425": {"LR390": 3.622790372183556, "LR445": 3.000965117918202, "LR430": 3.68484945804812, "LR380": 111.76731144941814}, "LR330": {"LR320": 2.147532578269332, "LR340": 1.2184453457570648}, "LR260": {"LR265": 3.2408428622737935, "LR250": 2.148331879529698}, "LR435": {"LR430": 3.3793508141958823, "LR450": 1.6409832063386836}, "LR580": {"LR590": 0.6664559822146361, "LR570": 1.3619337201180635}, "LR448": {"LR460": 1.4604118669836674, "LR445": 3.0077852859731244}, "LR250": {"LR260": 1.7898890831993446, "LR240": 2.8816310077500105}, "LR015": {"LR020": 1.3183183726826118, "LR010": 2.5534099790332774}, "LR570": {"LR580": 0.980205294200744, "LR560": 0.6815554953620798}, "LR220": {"LR212": 1.1841331208323052, "LR230": 0.7053913642510107}, "LR060": {"LR295": 1.8452557709400952, "LR190": 2.8205577326480125}, "LR275": {"LR270": 1.5625000774809905}, "LR520": {"LR510": 1.601331428099083, "LR530": 2.4395821255078998}, "LR300": {"LR310": 2.6583692026315355, "LR280": 2.576454590708945}, "LR450": {"LR455": 1.864052831596249, "LR435": 1.526066824503833}, "LR180": {"LR170": 2.624570213458668}, "LR240": {"LR250": 1.9667561527811201}, "LR190": {"LR180": 0.8258629807987368}, "LR110": {"LR120": 2.2461617513655905}, "LR010": {"LR015": 1.5918952482836302}}