{"LR150": {"LR140": 2.1236247652166904, "LR160": 1.5721188117739255}, "LR295": {"LR060": 2.039082870703772, "LR280": 2.561916862003568, "LR070": 2.169444736544386}, "LR350": {"LR360": 2.284399984597156, "LR100": 2.5370772746722343}, "LR265": {"LR260": 2.0156800926356975, "LR270": 2.0305908249095377}, "LR212": {"LR160": 3.484533115515314, "LR220": 1.830598852300773, "LR170": 3.3068640128481577}, "LR530": {"LR520": 2.2249645150541166, "LR540": 1.781329181917533}, "LR550": {"LR480": 1.9049423417761606, "LR540": 1.9063935412622885}, "LR480": {"LR468": 1.7185083381539463, "LR550": 1.6921769977107857}, "LR140": {"LR130": 1.8043432917181246, "LR150": 1.7655924003643058, "LR140": 0.11694463022931201}, "LR080": {"LR075": 2.0504188821973077, "LR090": 1.6720161466092034, "LR230": 1.3747747346909696}, "LR490": {"LR468": 2.6090967966819436, "LR500": 2.132828597881573}, "LR590": {"LR580": 1.6173715985769577}, "LR390": {"LR400": 1.9970078909551265, "LR380": 3.9124311181101548, "LR425": 3.223484546986127}, "LR600": {"LR590": 3.5980534470526253}, "LR310": {"LR320": 1.7390014544332075, "LR300": 1.7332626222129117}, "LR340": {"LR330": 1.5114462594838145, "LR100": 2.5941903437745255}, "LR430": {"LR435": 2.168620782723587, "LR425": 2.513171260563893, "LR445": 3.767883642750168}, "LR468": {"LR480": 1.9577526470266382, "LR460": 2.987515840614989, "LR490": 2.7425601048759694}, "LR500": {"LR490": 1.9344060125431195, "LR455": 1.7901831984797731, "LR510": 1.868774741185933}, "LR050": {"LR200": 1.7076411837607615, "LR040": 1.7325883657642271}, "LR320": {"LR330": 1.8166465627730743, "LR310": 1.2236095476136815}, "LR120": {"LR130": 1.4991899463154665, "LR110": 2.639654491556612, "LR100": 3.141567612173366}, "LR160": {"LR170": 2.5608108757460544, "LR150": 1.828788227761272, "LR212": 2.812472706302094}, "LR030": {"LR040": 1.522268915532536, "LR020": 2.1821217395359507}, "LR445": {"LR448": 1.9854537079324068, "LR430": 2.8235413687188924, "LR425": 2.5927138659907096}, "LR230": {"LR220": 1.4660327813703202, "LR075": 1.8261726717849391, "LR080": 1.439866153405026}, "LR200": {"LR170": 1.6872392959306197, "LR050": 1.8632074198444406, "LR060": 2.1277967344523665}, "LR130": {"LR120": 1.7899377949153141, "LR140": 1.5874834271333709}, "LR400": {"LR390": 2.0908561293792274, "LR560": 2.385199069378764}, "LR170": {"LR200": 2.038823581195285, "LR160": 2.251579206809478, "LR212": 2.8296345483429013}, "LR070": {"LR075": 1.5139250913540294, "LR295": 2.167535547468738}, "LR455": {"LR450": 1.7531323649616404, "LR500": 2.7709359816011885}, "LR460": {"LR448": 1.560880670685862, "LR468": 3.221132793184124}, "LR020": {"LR030": 1.5689592784923314, "LR015": 1.6617685699822466}, "LR280": {"LR295": 2.028157732118167, "LR300": 2.1005184898356153, "LR270": 1.99543314465005}, "LR380": {"LR390": 3.596770482012002, "LR370": 2.069308867402955, "LR425": 111.76731144941814}, "LR560": {"LR570": 2.0478275513901143, "LR400": 2.211167290472654}, "LR360": {"LR350": 2.2452901451551868, "LR370": 2.364160825641204}, "LR920": {"LR265": 2.796079446584837}, "LR540": {"LR530": 2.099704780698828, "LR550": 1.8845356462843057}, "LR270": {"LR280": 2.1240394620034087, "LR265": 2.1947201633662767}, "LR370": {"LR380": 2.115661217576527, "LR360": 2.081316725217135}, "LR090": {"LR100": 2.4267269508086824, "LR080": 1.4355121721191684}, "LR100": {"LR090": 2.195260297068355, "LR350": 2.1407190999418138, "LR340": 1.7530365324597277, "LR110": 2.437878378966338, "LR120": 3.1241574840693414}, "LR040": {"LR030": 1.9363681323276722, "LR050": 1.7319417283946137}, "LR075": {"LR070": 1.2659463107102993, "LR230": 2.3284021469832634, "LR080": 2.348059630392302}, "LR510": {"LR500": 4.5467738904087325, "LR520": 2.131202324059763}, "LR001": {"LR240": 4.022624537158819, "LR010": 2.4109856906669274}, "LR425": {"LR390": 3.489234153301136, "LR445": 3.2783234020656606, "LR430": 2.893291571140179, "LR380": 111.76731144941814}, "LR330": {"LR320": 1.512799298183207, "LR340": 1.5564368653830718}, "LR260": {"LR265": 2.158053988954389, "LR250": 2.1238848883034596}, "LR435": {"LR430": 2.893036167322132, "LR450": 1.68374224593013}, "LR580": {"LR590": 1.2780350021894553, "LR570": 2.091474759094119}, "LR448": {"LR460": 1.904633871108207, "LR445": 2.2020587232371795}, "LR250": {"LR260": 1.7253175229114812, "LR240": 1.998498849605627}, "LR015": {"LR020": 1.407032320073505, "LR010": 1.7880782007655232}, "LR570": {"LR580": 1.9409532135645495, "LR560": 1.6120250012556627}, "LR220": {"LR212": 1.3462127223366194, "LR230": 1.2132476885638082}, "LR060": {"LR295": 2.1536306539485928, "LR190": 2.0797890428243826}, "LR275": {"LR270": 1.9991746997889677}, "LR520": {"LR510": 1.662122781194779, "LR530": 1.8835213905932005}, "LR300": {"LR310": 1.7132890585894984, "LR280": 2.539801634797783}, "LR450": {"LR455": 1.6108449830400082, "LR435": 1.3664488401945083}, "LR180": {"LR170": 2.0144886224826606}, "LR240": {"LR250": 2.1392538935000545}, "LR190": {"LR180": 0.9714164019331367}, "LR110": {"LR120": 2.444306938587115}, "LR010": {"LR015": 1.8423534802380175}}