{"LR150": {"LR140": 2.515610686193748, "LR160": 1.3798157710080134}, "LR295": {"LR060": 2.0561806942389094, "LR280": 3.3427148717587993, "LR070": 1.9638863918923362}, "LR350": {"LR360": 1.9087082837953653, "LR100": 1.9435430961265983}, "LR265": {"LR260": 2.254480544739604, "LR270": 2.9107341289383672}, "LR212": {"LR160": 3.8587673241311906, "LR220": 0.8092804132247116, "LR170": 2.3521892527351156}, "LR530": {"LR520": 1.2746669695162975, "LR540": 1.2903425220262346}, "LR550": {"LR480": 4.651945096093234, "LR540": 1.8540516371775324}, "LR480": {"LR468": 2.1686669264703307, "LR550": 1.5456591547137468}, "LR140": {"LR130": 1.0356036978753023, "LR150": 1.9004243682240838, "LR140": 0.015658617030574473}, "LR080": {"LR075": 2.259115539796767, "LR090": 1.1501385897389613, "LR230": 1.2030269763613433}, "LR490": {"LR468": 3.21037863996753, "LR500": 2.1071138436784445}, "LR590": {"LR580": 1.466095108490092}, "LR390": {"LR400": 2.0169600923339868, "LR380": 3.46716058018587, "LR425": 2.73732006256437}, "LR600": {"LR590": 3.3238454473668906}, "LR310": {"LR320": 1.7283616657233531, "LR300": 1.4461415279321206}, "LR340": {"LR330": 2.084289173995102, "LR100": 2.4598616191324254}, "LR430": {"LR435": 2.8071580271921954, "LR425": 2.4553439512383193, "LR445": 1.5686008114670407}, "LR468": {"LR480": 1.9143342207473693, "LR460": 3.102088058490716, "LR490": 2.284156544676093}, "LR500": {"LR490": 1.702751263983373, "LR455": 1.8790946989729826, "LR510": 2.608830450021543}, "LR050": {"LR200": 1.7951878529232346, "LR040": 1.4795664156936417}, "LR320": {"LR330": 1.546300107291113, "LR310": 1.580886280985677}, "LR120": {"LR130": 1.6553940689754496, "LR110": 2.8099314968654543, "LR100": 2.710772432274098}, "LR160": {"LR170": 2.3542949866704275, "LR150": 1.3427167692693491, "LR212": 3.1969732120909424}, "LR030": {"LR040": 1.1129852041692725, "LR020": 1.4642711348039792}, "LR445": {"LR448": 1.976978276840766, "LR430": 1.7621517216155935, "LR425": 3.0390105233502593}, "LR230": {"LR220": 1.866188014859214, "LR075": 1.8762586157683372, "LR080": 0.9822070545051247}, "LR200": {"LR170": 2.4565212208818457, "LR050": 1.3635771265822152, "LR060": 2.368298515890074}, "LR130": {"LR120": 1.7754055651400944, "LR140": 1.8761977949947606}, "LR400": {"LR390": 2.263430891635333, "LR560": 2.0993634617337174}, "LR170": {"LR200": 2.0323102174038885, "LR160": 2.6826859489224213, "LR212": 1.78831223025918}, "LR070": {"LR075": 1.388660269323294, "LR295": 1.922904845522155}, "LR455": {"LR450": 2.6336360292175764, "LR500": 2.8689494103920463}, "LR460": {"LR448": 1.0108283700570966, "LR468": 3.7255107176171602}, "LR020": {"LR030": 1.7339719257753075, "LR015": 1.2071531542405498}, "LR280": {"LR295": 1.928547086752567, "LR300": 1.999340355051513, "LR270": 2.5417148844459856}, "LR380": {"LR390": 3.6360910768805885, "LR370": 2.660590451611721, "LR425": 111.76731144941814}, "LR560": {"LR570": 2.300498736045319, "LR400": 2.7976263458859583}, "LR360": {"LR350": 2.351600500754561, "LR370": 2.2506071185458336}, "LR920": {"LR265": 2.634190491834267}, "LR540": {"LR530": 1.6183720001417123, "LR550": 2.6536023273587097}, "LR270": {"LR280": 1.1432334403380544, "LR265": 2.388810172443353}, "LR370": {"LR380": 2.0305676081704216, "LR360": 2.7079695068275234}, "LR090": {"LR100": 3.017262811060376, "LR080": 1.7270648580293142}, "LR100": {"LR090": 2.1475679677139503, "LR350": 2.07840181736678, "LR340": 1.1992185534682327, "LR110": 2.2296199430159795, "LR120": 3.387225920267327}, "LR040": {"LR030": 1.8669000714562425, "LR050": 1.6198182768652514}, "LR075": {"LR070": 0.8059185595392707, "LR230": 2.415252705007731, "LR080": 2.053213519715385}, "LR510": {"LR500": 2.8211099484718023, "LR520": 1.991300124617636}, "LR001": {"LR240": 3.283041958167843, "LR010": 1.8478215314715694}, "LR425": {"LR390": 3.206962199130736, "LR445": 3.2255859964061226, "LR430": 3.4803030911280075, "LR380": 111.76731144941814}, "LR330": {"LR320": 2.2926619482661788, "LR340": 1.3696243462041338}, "LR260": {"LR265": 2.0124870026845265, "LR250": 1.9594889409242993}, "LR435": {"LR430": 1.9372263787543114, "LR450": 2.2514754932896404}, "LR580": {"LR590": 1.4820618701463277, "LR570": 1.8712328426551548}, "LR448": {"LR460": 1.4040643366441574, "LR445": 1.8704871089426471}, "LR250": {"LR260": 1.9019460427628854, "LR240": 1.8316768933314687}, "LR015": {"LR020": 1.0316821032466534, "LR010": 1.3613251232118901}, "LR570": {"LR580": 1.3845990280386484, "LR560": 2.485585920216102}, "LR220": {"LR212": 1.3548945353125255, "LR230": 1.7392884982565318}, "LR060": {"LR295": 1.8463977675222023, "LR190": 2.3771534564776973}, "LR275": {"LR270": 2.445312509685124}, "LR520": {"LR510": 1.4501770121111153, "LR530": 1.5581217353555306}, "LR300": {"LR310": 1.821336094606786, "LR280": 2.885004350716423}, "LR450": {"LR455": 1.6761054459515727, "LR435": 0.6464864837767648}, "LR180": {"LR170": 2.00323465342454}, "LR240": {"LR250": 2.5501320881154848}, "LR190": {"LR180": 0.6032328725998422}, "LR110": {"LR120": 2.846612901014338}, "LR010": {"LR015": 1.8295718992142644}}