{"LR150": {"LR140": 2.515610686193748, "LR160": 1.3798157710080134}, "LR295": {"LR060": 2.0561806942389094, "LR280": 2.3356787179397, "LR070": 1.9638863918923362}, "LR350": {"LR360": 1.9543541418976826, "LR100": 1.9435430961265983}, "LR265": {"LR260": 2.313620136184901, "LR270": 2.9107341289383672}, "LR212": {"LR160": 3.4293836620655953, "LR220": 0.8092804132247116, "LR170": 2.3521892527351156}, "LR530": {"LR520": 1.1373334847581487, "LR540": 1.6451712610131173}, "LR550": {"LR480": 2.9157465685058273, "LR540": 1.8540516371775324}, "LR480": {"LR468": 1.5421667316175827, "LR550": 1.5456591547137468}, "LR140": {"LR130": 1.0356036978753023, "LR150": 2.475106092056021, "LR140": 0.007829308515287237}, "LR080": {"LR075": 2.259115539796767, "LR090": 1.0750692948694807, "LR230": 1.2030269763613433}, "LR490": {"LR468": 3.21037863996753, "LR500": 2.1071138436784445}, "LR590": {"LR580": 2.1083154721403154}, "LR390": {"LR400": 2.0169600923339868, "LR380": 3.46716058018587, "LR425": 2.73732006256437}, "LR600": {"LR590": 3.3238454473668906}, "LR310": {"LR320": 1.7283616657233531, "LR300": 1.7230707639660603}, "LR340": {"LR330": 2.0210722934987757, "LR100": 2.4598616191324254}, "LR430": {"LR435": 2.9035790135960977, "LR425": 2.4553439512383193, "LR445": 1.5686008114670407}, "LR468": {"LR480": 1.7285835551868423, "LR460": 2.775522014622679, "LR490": 2.284156544676093}, "LR500": {"LR490": 1.702751263983373, "LR455": 1.7197736747432457, "LR510": 2.608830450021543}, "LR050": {"LR200": 1.7951878529232346, "LR040": 1.4795664156936417}, "LR320": {"LR330": 2.2731500536455567, "LR310": 1.580886280985677}, "LR120": {"LR130": 1.6553940689754496, "LR110": 2.8099314968654543, "LR100": 2.6776931080685245}, "LR160": {"LR170": 2.6771474933352137, "LR150": 1.1678395961586685, "LR212": 3.1969732120909424}, "LR030": {"LR040": 1.5564926020846364, "LR020": 1.4642711348039792}, "LR445": {"LR448": 2.4942445692101916, "LR430": 1.7621517216155935, "LR425": 3.0390105233502593}, "LR230": {"LR220": 1.866188014859214, "LR075": 1.8762586157683372, "LR080": 0.9822070545051247}, "LR200": {"LR170": 2.728260610440923, "LR050": 2.3408942816455536, "LR060": 2.368298515890074}, "LR130": {"LR120": 1.8877027825700472, "LR140": 1.9380988974973803}, "LR400": {"LR390": 2.263430891635333, "LR560": 2.0496817308668587}, "LR170": {"LR200": 2.0080775543509723, "LR160": 2.6826859489224213, "LR212": 1.78831223025918}, "LR070": {"LR075": 1.694330134661647, "LR295": 1.922904845522155}, "LR455": {"LR450": 2.579204503652197, "LR500": 2.733618676299006}, "LR460": {"LR448": 1.0108283700570966, "LR468": 2.86275535880858}, "LR020": {"LR030": 1.7339719257753075, "LR015": 1.2071531542405498}, "LR280": {"LR295": 1.928547086752567, "LR300": 2.4996701775257564, "LR270": 2.3177143605557484}, "LR380": {"LR390": 3.8180455384402943, "LR370": 2.3302952258058607, "LR425": 111.76731144941814}, "LR560": {"LR570": 2.6502493680226595, "LR400": 2.398813172942979}, "LR360": {"LR350": 2.1758002503772804, "LR370": 2.2506071185458336}, "LR920": {"LR265": 2.3170952459171335}, "LR540": {"LR530": 1.3091860000708562, "LR550": 2.826801163679355}, "LR270": {"LR280": 1.1432334403380544, "LR265": 1.5972025431108383}, "LR370": {"LR380": 2.0305676081704216, "LR360": 2.176992376706881}, "LR090": {"LR100": 3.017262811060376, "LR080": 1.7270648580293142}, "LR100": {"LR090": 2.1475679677139503, "LR350": 2.53920090868339, "LR340": 1.1992185534682327, "LR110": 2.2296199430159795, "LR120": 3.6936129601336636}, "LR040": {"LR030": 1.8669000714562425, "LR050": 1.9049545692163128}, "LR075": {"LR070": 0.40295927976963536, "LR230": 2.415252705007731, "LR080": 2.0266067598576925}, "LR510": {"LR500": 2.7052774871179506, "LR520": 1.991300124617636}, "LR001": {"LR240": 3.283041958167843, "LR010": 1.7119553828678924}, "LR425": {"LR390": 3.206962199130736, "LR445": 3.2255859964061226, "LR430": 3.4803030911280075, "LR380": 111.76731144941814}, "LR330": {"LR320": 2.1463309741330896, "LR340": 1.3696243462041338}, "LR260": {"LR265": 2.0124870026845265, "LR250": 1.9594889409242993}, "LR435": {"LR430": 1.9372263787543114, "LR450": 1.6257377466448202}, "LR580": {"LR590": 1.2410309350731639, "LR570": 1.9678082106637886}, "LR448": {"LR460": 1.2020321683220787, "LR445": 1.8704871089426471}, "LR250": {"LR260": 1.9509730213814427, "LR240": 1.9158384466657343}, "LR015": {"LR020": 1.0316821032466534, "LR010": 1.3613251232118901}, "LR570": {"LR580": 1.6922995140193242, "LR560": 2.742792960108051}, "LR220": {"LR212": 1.6774472676562628, "LR230": 0.8696442491282659}, "LR060": {"LR295": 2.423198883761101, "LR190": 2.1885767282388486}, "LR275": {"LR270": 2.445312509685124}, "LR520": {"LR510": 1.4501770121111153, "LR530": 1.5581217353555306}, "LR300": {"LR310": 1.821336094606786, "LR280": 2.885004350716423}, "LR450": {"LR455": 1.8380527229757864, "LR435": 1.8232432418883824}, "LR180": {"LR170": 2.00323465342454}, "LR240": {"LR250": 2.1937665110144353}, "LR190": {"LR180": 0.6032328725998422}, "LR110": {"LR120": 2.846612901014338}, "LR010": {"LR015": 1.8295718992142644}}