{"LR150": {"LR140": 119.99999999215606, "LR160": 119.99999999999986}, "LR295": {"LR060": 119.98688951888634, "LR280": 119.99999999854649, "LR070": 119.99999863022131}, "LR350": {"LR360": 119.999999998385, "LR100": 119.99999999753848}, "LR265": {"LR260": 119.99999999995505, "LR270": 119.99999999999986}, "LR212": {"LR160": 119.96951781370448, "LR220": 119.9999601075898, "LR170": 119.83430778339607}, "LR530": {"LR520": 119.99987287636786, "LR540": 119.99967187266824}, "LR550": {"LR480": 119.99999999994452, "LR540": 119.99931395970471}, "LR480": {"LR468": 119.99999999999707, "LR550": 119.9978138721688}, "LR140": {"LR130": 119.99999999997051, "LR150": 119.99999999999986, "LR140": 119.99666781807589}, "LR080": {"LR075": 119.96239810763227, "LR090": 119.99978471657259, "LR230": 119.61732262395412}, "LR490": {"LR468": 119.81667477077997, "LR500": 119.94814505654037}, "LR590": {"LR580": 119.99999999980362}, "LR390": {"LR400": 119.99999999990607, "LR380": 119.99998609038366, "LR425": 119.9913949477617}, "LR600": {"LR590": 119.99999971797476}, "LR310": {"LR320": 119.9999983089155, "LR300": 119.99999927204355}, "LR340": {"LR330": 119.99999812101721, "LR100": 119.93612713088669}, "LR430": {"LR435": 119.99999999999886, "LR425": 119.86649689765306, "LR445": 119.99044351619918}, "LR468": {"LR480": 119.99999999999076, "LR460": 119.99999946931976, "LR490": 119.5739282998126}, "LR500": {"LR490": 119.61383900877254, "LR455": 119.99999999998734, "LR510": 119.99629767524122}, "LR050": {"LR200": 119.99999997500427, "LR040": 119.9999999836003}, "LR320": {"LR330": 119.99999910128835, "LR310": 119.99999927204355}, "LR120": {"LR130": 119.99999999996723, "LR110": 119.99999830891545, "LR100": 119.71983122756521}, "LR160": {"LR170": 119.99999999943687, "LR150": 119.99999999999986, "LR212": 119.99666554181218}, "LR030": {"LR040": 119.9999999114975, "LR020": 119.9999995223878}, "LR445": {"LR448": 119.99999998177812, "LR430": 119.99949987257787, "LR425": 119.99044323183061}, "LR230": {"LR220": 119.99993244188215, "LR075": 119.99225536384378, "LR080": 119.77403081851325}, "LR200": {"LR170": 119.9999999576695, "LR050": 119.99999992034775, "LR060": 119.99044341107204}, "LR130": {"LR120": 119.99999999975758, "LR140": 119.99999999966747}, "LR400": {"LR390": 119.99999999922754, "LR560": 119.9999999999925}, "LR170": {"LR200": 119.99999999999969, "LR160": 119.99999999904635, "LR212": 119.65286008765517}, "LR070": {"LR075": 119.999984544869, "LR295": 119.99999334707324}, "LR455": {"LR450": 119.99999999999986, "LR500": 119.99999999999986}, "LR460": {"LR448": 119.99999999997347, "LR468": 119.99999713613354}, "LR020": {"LR030": 119.99999974617728, "LR015": 119.99999999662343}, "LR280": {"LR295": 119.999999998385, "LR300": 119.99999900143152, "LR270": 119.99999999999986}, "LR380": {"LR390": 119.99995567512399, "LR370": 119.99999999973065, "LR425": 122.94274490538189}, "LR560": {"LR570": 119.99999999993152, "LR400": 119.99999999726496}, "LR360": {"LR350": 119.99999999662343, "LR370": 119.99999999662343}, "LR920": {"LR265": 119.99044213072023}, "LR540": {"LR530": 119.9998970305659, "LR550": 119.99915304346504}, "LR270": {"LR280": 119.99999999999986, "LR265": 119.99999999999986}, "LR370": {"LR380": 119.99999999536824, "LR360": 119.99999999989564}, "LR090": {"LR100": 119.99967184514017, "LR080": 119.99944431609637}, "LR100": {"LR090": 119.99992493538775, "LR350": 119.99999999854649, "LR340": 119.99999863022154, "LR110": 119.99730098994196, "LR120": 119.99980624442503}, "LR040": {"LR030": 119.99999999820554, "LR050": 119.99999999128451}, "LR075": {"LR070": 119.99999952238761, "LR230": 119.98201387277356, "LR080": 119.8517818760671}, "LR510": {"LR500": 119.99970468288309, "LR520": 119.99588638214482}, "LR001": {"LR240": 119.99999993548167, "LR010": 119.99999889047919}, "LR425": {"LR390": 119.9695455690227, "LR445": 119.91265556886529, "LR430": 119.83494175183664, "LR380": 122.94335294923174}, "LR330": {"LR320": 119.99999889047947, "LR340": 119.99999985012023}, "LR260": {"LR265": 119.99999999999845, "LR250": 119.99999999949318}, "LR435": {"LR430": 119.99999999999986, "LR450": 119.99999999999986}, "LR580": {"LR590": 119.99999999998734, "LR570": 119.99999999997347}, "LR448": {"LR460": 119.99999985012023, "LR445": 119.99999998524027}, "LR250": {"LR260": 119.9999999999886, "LR240": 119.9999999997818}, "LR015": {"LR020": 119.99999999753848, "LR010": 119.99999998671623}, "LR570": {"LR580": 119.9999999999886, "LR560": 119.99999999996359}, "LR220": {"LR212": 119.99998609038391, "LR230": 119.99999334707275}, "LR060": {"LR295": 119.97533290996486, "LR190": 119.98001930003815}, "LR275": {"LR270": 119.94251212444715}, "LR520": {"LR510": 119.99757094704304, "LR530": 119.9998970292143}, "LR300": {"LR310": 119.99999983346693, "LR280": 119.99999607151346}, "LR450": {"LR455": 119.99999999999986, "LR435": 119.99999999999986}, "LR180": {"LR170": 119.99491986914147}, "LR240": {"LR250": 119.99999999999707}, "LR190": {"LR180": 119.99372946845634}, "LR110": {"LR120": 119.99588622632089}, "LR010": {"LR015": 119.99999995296612}}