{"LR150": {"LR140": 1.9829350892292399, "LR160": 2.034808976414596}, "LR295": {"LR060": 2.084494439235405, "LR280": 2.4617848975469214, "LR070": 1.8841658120754523}, "LR350": {"LR360": 2.048566518595929, "LR100": 2.526954053798119}, "LR265": {"LR260": 2.08118669944351, "LR270": 2.5709893923351888}, "LR212": {"LR160": 3.7867208441319455, "LR220": 1.6713361081100202, "LR170": 3.1394594438284495}, "LR530": {"LR520": 2.0618861701106335, "LR540": 1.471924853610383}, "LR550": {"LR480": 2.2686278813909353, "LR540": 2.0485678001327496}, "LR480": {"LR468": 1.6940560065684935, "LR550": 1.859347043344044}, "LR140": {"LR130": 1.2813313450942394, "LR150": 1.8144514613063585, "LR140": 0.10677004033391249}, "LR080": {"LR075": 1.7275022305007988, "LR090": 1.3720902010645353, "LR230": 1.6092037860295458}, "LR490": {"LR468": 2.6610724514776627, "LR500": 2.0313963132105872}, "LR590": {"LR580": 1.9603481214912175}, "LR390": {"LR400": 2.4287690316618447, "LR380": 3.841350858620931, "LR425": 3.118517742742223}, "LR600": {"LR590": 4.196865941815303}, "LR310": {"LR320": 1.4478701434532382, "LR300": 1.8420398670269365}, "LR340": {"LR330": 1.9192457725661434, "LR100": 2.614390771474848}, "LR430": {"LR435": 2.5054631555559554, "LR425": 2.3520269430039082, "LR445": 2.8820204223458665}, "LR468": {"LR480": 2.105946062955867, "LR460": 3.410301713713735, "LR490": 2.514928620475435}, "LR500": {"LR490": 1.7511948098578536, "LR455": 2.094332418418758, "LR510": 2.169299195193551}, "LR050": {"LR200": 2.0730568089678245, "LR040": 1.6948767340800743}, "LR320": {"LR330": 1.8916429704513498, "LR310": 1.6213568114988823}, "LR120": {"LR130": 1.5645133914658826, "LR110": 2.3644271336905627, "LR100": 3.1976834783347288}, "LR160": {"LR170": 2.61737503425159, "LR150": 1.354985282721947, "LR212": 2.6423501069828954}, "LR030": {"LR040": 1.4874675870686667, "LR020": 2.3132936972325053}, "LR445": {"LR448": 2.0006581945685835, "LR430": 1.8679778154951694, "LR425": 2.7798478547226826}, "LR230": {"LR220": 1.9232304412027321, "LR075": 2.4232176842575797, "LR080": 1.5077320459278913}, "LR200": {"LR170": 2.3006224944004026, "LR050": 2.2762958937848246, "LR060": 1.8010623035588504}, "LR130": {"LR120": 1.56149694849455, "LR140": 1.9443220036576914}, "LR400": {"LR390": 1.9084026241727094, "LR560": 2.708553686517828}, "LR170": {"LR200": 1.8741167739721287, "LR160": 2.1411824048266603, "LR212": 2.522380660421954}, "LR070": {"LR075": 1.80234865714148, "LR295": 2.3001663504646936}, "LR455": {"LR450": 1.8995901583495773, "LR500": 2.5673010369474407}, "LR460": {"LR448": 1.5580991900571335, "LR468": 2.4861160035986636}, "LR020": {"LR030": 1.9698274282554624, "LR015": 1.6292955848979003}, "LR280": {"LR295": 2.536240326703026, "LR300": 2.3806765146841964, "LR270": 2.650307338935422}, "LR380": {"LR390": 3.6512883111368977, "LR370": 2.095937479972112, "LR425": 111.76731144941814}, "LR560": {"LR570": 2.135932111530344, "LR400": 2.73675808194048}, "LR360": {"LR350": 2.346444338892455, "LR370": 2.546350415467291}, "LR920": {"LR265": 3.742622328212165}, "LR540": {"LR530": 1.8454090786434256, "LR550": 2.3442278535445054}, "LR270": {"LR280": 1.9507370072255885, "LR265": 2.1788721658808554}, "LR370": {"LR380": 1.7176024676464763, "LR360": 2.425007396604162}, "LR090": {"LR100": 2.7163902356274043, "LR080": 1.3740434964518715}, "LR100": {"LR090": 1.9759911712421936, "LR350": 2.343126407252835, "LR340": 2.0731933160832265, "LR110": 1.9945936834288152, "LR120": 3.5276782019638047}, "LR040": {"LR030": 1.9104299754034066, "LR050": 1.446407066605993}, "LR075": {"LR070": 1.5269040652349788, "LR230": 2.214995622272912, "LR080": 2.5378697244277104}, "LR510": {"LR500": 4.560357951847538, "LR520": 2.1076927586675387}, "LR001": {"LR240": 4.363200972650917, "LR010": 2.7688198640040556}, "LR425": {"LR390": 3.366474699159869, "LR445": 3.016164374645848, "LR430": 2.981172304676639, "LR380": 111.76731144941814}, "LR330": {"LR320": 1.5198665315271151, "LR340": 1.797214566416217}, "LR260": {"LR265": 2.1065990703495894, "LR250": 1.8317541654690577}, "LR435": {"LR430": 2.975406570377854, "LR450": 1.3619086475730284}, "LR580": {"LR590": 1.400862088304816, "LR570": 1.349525387827292}, "LR448": {"LR460": 1.7562417863232163, "LR445": 2.554451601870186}, "LR250": {"LR260": 1.6408044819938232, "LR240": 2.570803411379668}, "LR015": {"LR020": 1.4863107682368155, "LR010": 1.740825723496373}, "LR570": {"LR580": 1.7616802458504517, "LR560": 1.9659994841144293}, "LR220": {"LR212": 1.4241075881026843, "LR230": 1.2480533656442836}, "LR060": {"LR295": 2.282194488377923, "LR190": 2.4226232704801536}, "LR275": {"LR270": 2.3000997786986774}, "LR520": {"LR510": 1.2018650648476923, "LR530": 2.0720849995375543}, "LR300": {"LR310": 2.0704430229984974, "LR280": 2.418089816227398}, "LR450": {"LR455": 1.7338816718329126, "LR435": 1.2507230804007583}, "LR180": {"LR170": 2.2003319743344756}, "LR240": {"LR250": 2.1428463868732956}, "LR190": {"LR180": 1.447458491598634}, "LR110": {"LR120": 2.367707040999131}, "LR010": {"LR015": 1.6946991630618489}}