{"LR150": {"LR140": 119.99999999999986, "LR160": 119.99999999999986}, "LR295": {"LR060": 119.99999260672607, "LR280": 119.99999999999986, "LR070": 119.99999999980362}, "LR350": {"LR360": 119.99999999999986, "LR100": 119.99999999999986}, "LR265": {"LR260": 119.99999999999986, "LR270": 119.99999999999986}, "LR212": {"LR160": 119.99978450159674, "LR220": 119.99999998524027, "LR170": 119.99539162906528}, "LR530": {"LR520": 119.99999995296571, "LR540": 119.99999997222683}, "LR550": {"LR480": 119.99999999999986, "LR540": 119.99999941034532}, "LR480": {"LR468": 119.99999999999986, "LR550": 119.99999952238679}, "LR140": {"LR130": 119.99999999999986, "LR150": 119.99999999999986, "LR140": 119.99999876713105}, "LR080": {"LR075": 119.99976075098687, "LR090": 119.99999994193342, "LR230": 119.99301690185227}, "LR490": {"LR468": 119.99040571752133, "LR500": 119.99821946519641}, "LR590": {"LR580": 119.99999999999986}, "LR390": {"LR400": 119.99999999999986, "LR380": 119.99999999963052, "LR425": 119.99993240587582}, "LR600": {"LR590": 119.99999999999986}, "LR310": {"LR320": 119.99999999998067, "LR300": 119.99999999999167}, "LR340": {"LR330": 119.9999999999983, "LR100": 119.99840116276057}, "LR430": {"LR435": 119.99999999999986, "LR425": 119.99371183206468, "LR445": 119.99997091720465}, "LR468": {"LR480": 119.99999999999986, "LR460": 119.99999999999393, "LR490": 119.99222504206776}, "LR500": {"LR490": 119.99217036981085, "LR455": 119.99999999999986, "LR510": 119.9999898596011}, "LR050": {"LR200": 119.99999999999986, "LR040": 119.99999999999986}, "LR320": {"LR330": 119.99999999999861, "LR310": 119.99999999999167}, "LR120": {"LR130": 119.99999999999986, "LR110": 119.99999999992392, "LR100": 119.97516881506854}, "LR160": {"LR170": 119.99999999999986, "LR150": 119.99999999999986, "LR212": 119.99997878389145}, "LR030": {"LR040": 119.99999999999986, "LR020": 119.99999999999932}, "LR445": {"LR448": 119.99999999999986, "LR430": 119.9999998907349, "LR425": 119.99998282638914}, "LR230": {"LR220": 119.99999999753848, "LR075": 119.99996407729756, "LR080": 119.99665997598008}, "LR200": {"LR170": 119.99999999999986, "LR050": 119.99999999999966, "LR060": 119.99999713597944}, "LR130": {"LR120": 119.99999999999986, "LR140": 119.99999999999986}, "LR400": {"LR390": 119.99999999999986, "LR560": 119.99999999999986}, "LR170": {"LR200": 119.99999999999986, "LR160": 119.99999999999986, "LR212": 119.9903450535268}, "LR070": {"LR075": 119.99999999943687, "LR295": 119.9999999993743}, "LR455": {"LR450": 119.99999999999986, "LR500": 119.99999999999986}, "LR460": {"LR448": 119.99999999999986, "LR468": 119.99999999993835}, "LR020": {"LR030": 119.99999999999974, "LR015": 119.99999999999986}, "LR280": {"LR295": 119.99999999999986, "LR300": 119.99999999999736, "LR270": 119.99999999999986}, "LR380": {"LR390": 119.99999999854649, "LR370": 119.99999999999986, "LR425": 122.94403590636259}, "LR560": {"LR570": 119.99999999999986, "LR400": 119.99999999999986}, "LR360": {"LR350": 119.99999999999986, "LR370": 119.99999999999986}, "LR920": {"LR265": 119.99997643952051}, "LR540": {"LR530": 119.99999998177809, "LR550": 119.99999952238355}, "LR270": {"LR280": 119.99999999999986, "LR265": 119.99999999999986}, "LR370": {"LR380": 119.99999999999986, "LR360": 119.99999999999986}, "LR090": {"LR100": 119.99999990165504, "LR080": 119.99999961313362}, "LR100": {"LR090": 119.99999981496315, "LR350": 119.99999999999986, "LR340": 119.99999999999508, "LR110": 119.99999863017472, "LR120": 119.99999997750373}, "LR040": {"LR030": 119.99999999999986, "LR050": 119.99999999999986}, "LR075": {"LR070": 119.99999999999393, "LR230": 119.99999334534002, "LR080": 119.9990569347007}, "LR510": {"LR500": 119.99999992831195, "LR520": 119.999997680245}, "LR001": {"LR240": 119.99999999999946, "LR010": 119.99999999999787}, "LR425": {"LR390": 119.99991658752299, "LR445": 119.99973418882216, "LR430": 119.99698801648815, "LR380": 122.94404216224287}, "LR330": {"LR320": 119.99999999999393, "LR340": 119.99999999999952}, "LR260": {"LR265": 119.99999999999986, "LR250": 119.99999999999986}, "LR435": {"LR430": 119.99999999999986, "LR450": 119.99999999999986}, "LR580": {"LR590": 119.99999999999986, "LR570": 119.99999999999986}, "LR448": {"LR460": 119.99999999999986, "LR445": 119.99999999999986}, "LR250": {"LR260": 119.99999999999986, "LR240": 119.99999999999986}, "LR015": {"LR020": 119.99999999999986, "LR010": 119.99999999999986}, "LR570": {"LR580": 119.99999999999986, "LR560": 119.99999999999986}, "LR220": {"LR212": 119.99999999943687, "LR230": 119.99999999975758}, "LR060": {"LR295": 119.999939194767, "LR190": 119.99996010497371}, "LR275": {"LR270": 119.99802604811853}, "LR520": {"LR510": 119.99999863020632, "LR530": 119.9999999354807}, "LR300": {"LR310": 119.9999999999983, "LR280": 119.9999999999886}, "LR450": {"LR455": 119.99999999999986, "LR435": 119.99999999999986}, "LR180": {"LR170": 119.99999607024442}, "LR240": {"LR250": 119.99999999999986}, "LR190": {"LR180": 119.99999514940518}, "LR110": {"LR120": 119.9999956348064}, "LR010": {"LR015": 119.99999999999969}}