{"LR150": {"LR140": 59.99999852771428, "LR160": 59.99999999976429}, "LR295": {"LR060": 59.87177689845602, "LR280": 59.999997996970805, "LR070": 59.997886706260864}, "LR350": {"LR360": 59.99997953500125, "LR100": 59.99998177919451}, "LR265": {"LR260": 59.99999929839421, "LR270": 59.99999999990941}, "LR212": {"LR160": 59.67612554549029, "LR220": 59.99809557729303, "LR170": 56.33348154991961}, "LR530": {"LR520": 59.9826894747038, "LR540": 59.98248120449141}, "LR550": {"LR480": 59.999997787313475, "LR540": 59.98726044396502}, "LR480": {"LR468": 59.99999999950942, "LR550": 59.99510331176865}, "LR140": {"LR130": 59.99999282886927, "LR150": 59.99999999843268, "LR140": 59.958299453140036}, "LR080": {"LR075": 59.895456313875194, "LR090": 59.993220986160075, "LR230": 58.93397925789024}, "LR490": {"LR468": 59.15059673635884, "LR500": 59.05010017877638}, "LR590": {"LR580": 59.99999966203485}, "LR390": {"LR400": 59.999999985781564, "LR380": 59.999017736094586, "LR425": 59.63909274389465}, "LR600": {"LR590": 59.99991331070303}, "LR310": {"LR320": 59.99968165336156, "LR300": 59.999876418911114}, "LR340": {"LR330": 59.999956966814445, "LR100": 59.05768227867414}, "LR430": {"LR435": 59.99999999674951, "LR425": 58.82510373815209, "LR445": 59.91687167942896}, "LR468": {"LR480": 59.999999929926766, "LR460": 59.99990176316989, "LR490": 58.829740969443925}, "LR500": {"LR490": 57.279515525489295, "LR455": 59.99999999374838, "LR510": 59.963650364324266}, "LR050": {"LR200": 59.99998148913503, "LR040": 59.9999566418756}, "LR320": {"LR330": 59.999862062309035, "LR310": 59.999604548908906}, "LR120": {"LR130": 59.99999969515695, "LR110": 59.999684190510074, "LR100": 57.83024831679906}, "LR160": {"LR170": 59.999999139134424, "LR150": 59.999999998860304, "LR212": 59.80628629937529}, "LR030": {"LR040": 59.999847038866505, "LR020": 59.9999962100011}, "LR445": {"LR448": 59.99987664660434, "LR430": 59.976757751217505, "LR425": 59.85909527042124}, "LR230": {"LR220": 59.99925703721317, "LR075": 59.668166776515285, "LR080": 58.18795188609846}, "LR200": {"LR170": 59.99994159814945, "LR050": 59.9999007610554, "LR060": 59.93144577407543}, "LR130": {"LR120": 59.999999122459485, "LR140": 59.99999921435292}, "LR400": {"LR390": 59.999999299140825, "LR560": 59.99999991481734}, "LR170": {"LR200": 59.99999999447368, "LR160": 59.99999977967822, "LR212": 58.21959358203077}, "LR070": {"LR075": 59.998865963961634, "LR295": 59.99971670417447}, "LR455": {"LR450": 59.99999999999957, "LR500": 59.99999999998649}, "LR460": {"LR448": 59.99999690358442, "LR468": 59.99994798088161}, "LR020": {"LR030": 59.99987642465935, "LR015": 59.99997461999561}, "LR280": {"LR295": 59.99999122422098, "LR300": 59.99983154434894, "LR270": 59.99999999986236}, "LR380": {"LR390": 59.99965569580913, "LR370": 59.9999995849249, "LR425": 111.76731144941814}, "LR560": {"LR570": 59.99999936876374, "LR400": 59.999999938205136}, "LR360": {"LR350": 59.99999930016153, "LR370": 59.9999996650616}, "LR920": {"LR265": 59.872864125220374}, "LR540": {"LR530": 59.9945646741096, "LR550": 59.970682440994004}, "LR270": {"LR280": 59.999999999998145, "LR265": 59.99999999995672}, "LR370": {"LR380": 59.99999751064413, "LR360": 59.99999943434582}, "LR090": {"LR100": 59.93919730588497, "LR080": 59.98853212790506}, "LR100": {"LR090": 59.995609947807644, "LR350": 59.9999953580995, "LR340": 59.99994714476226, "LR110": 59.95642477165418, "LR120": 59.987569044056706}, "LR040": {"LR030": 59.99996847546656, "LR050": 59.99999656358424}, "LR075": {"LR070": 59.996755826475066, "LR230": 59.85707260666553, "LR080": 59.591442056693595}, "LR510": {"LR500": 59.985092482868595, "LR520": 59.97607397665295}, "LR001": {"LR240": 59.999881407556586, "LR010": 59.998304099604205}, "LR425": {"LR390": 59.939891152608865, "LR445": 59.950512613484285, "LR430": 59.159281651926904, "LR380": 111.76731144941814}, "LR330": {"LR320": 59.99976671226574, "LR340": 59.99968127196307}, "LR260": {"LR265": 59.99999993753637, "LR250": 59.999999954526416}, "LR435": {"LR430": 59.99999995547917, "LR450": 59.99999999999407}, "LR580": {"LR590": 59.99999996986219, "LR570": 59.999999695003225}, "LR448": {"LR460": 59.999947009794674, "LR445": 59.99984960365307}, "LR250": {"LR260": 59.999999820774235, "LR240": 59.99999985572949}, "LR015": {"LR020": 59.99990973546871, "LR010": 59.99968116576606}, "LR570": {"LR580": 59.99999983788899, "LR560": 59.99999985414994}, "LR220": {"LR212": 59.99964590594196, "LR230": 59.99734847453946}, "LR060": {"LR295": 59.95017695450781, "LR190": 59.823804497241824}, "LR275": {"LR270": 58.94002091424691}, "LR520": {"LR510": 59.98057988447448, "LR530": 59.97349808718843}, "LR300": {"LR310": 59.999946845823175, "LR280": 59.9994090982913}, "LR450": {"LR455": 59.99999999994594, "LR435": 59.99999999998107}, "LR180": {"LR170": 59.75694639971535}, "LR240": {"LR250": 59.999999540638285}, "LR190": {"LR180": 59.94956952047651}, "LR110": {"LR120": 59.959998088227294}, "LR010": {"LR015": 59.99996102360336}}