{"LR150": {"LR140": 2.1653268779364114, "LR160": 1.9177239686840573}, "LR295": {"LR060": 2.0094974147881306, "LR280": 2.4323461300793263, "LR070": 2.1588328728281194}, "LR350": {"LR360": 2.3804129322699317, "LR100": 2.5286530267638088}, "LR265": {"LR260": 1.7358205437464878, "LR270": 2.145152917799728}, "LR212": {"LR160": 3.0110895325342852, "LR220": 1.6656566698328645, "LR170": 3.0085754698472806}, "LR530": {"LR520": 2.199956423743195, "LR540": 1.7253859164461702}, "LR550": {"LR480": 2.135597352558907, "LR540": 1.794936003249027}, "LR480": {"LR468": 1.5300811266610848, "LR550": 1.8698514422636365}, "LR140": {"LR130": 1.6943701688445862, "LR150": 1.9424337992235583, "LR140": 0.07679397731187784}, "LR080": {"LR075": 1.7787852781686944, "LR090": 1.852241461451961, "LR230": 1.4552257215060858}, "LR490": {"LR468": 2.427810310710261, "LR500": 2.1965780086410036}, "LR590": {"LR580": 1.6524063774683249}, "LR390": {"LR400": 2.197508299690605, "LR380": 3.7830863029214172, "LR425": 3.2617956151374194}, "LR600": {"LR590": 3.5195356270078384}, "LR310": {"LR320": 1.6243143762415833, "LR300": 1.7848482049779435}, "LR340": {"LR330": 2.053729661024107, "LR100": 2.6505763471220427}, "LR430": {"LR435": 2.7440349034891374, "LR425": 2.198360576251942, "LR445": 2.9703008702265867}, "LR468": {"LR480": 1.543135949989902, "LR460": 3.2466327468358345, "LR490": 2.3835272774060665}, "LR500": {"LR490": 1.6019838684696346, "LR455": 1.1123883409930864, "LR510": 1.818286793742266}, "LR050": {"LR200": 1.8554620214722377, "LR040": 1.7581352854015215}, "LR320": {"LR330": 1.6205954520380081, "LR310": 1.534150037273339}, "LR120": {"LR130": 1.7280298521320432, "LR110": 2.324928843058199, "LR100": 2.9605185356878536}, "LR160": {"LR170": 2.8434687352609753, "LR150": 1.784220440985083, "LR212": 2.7623583066210697}, "LR030": {"LR040": 1.4344907268044662, "LR020": 2.095893754160435}, "LR445": {"LR448": 2.1484814108337478, "LR430": 2.289044719884871, "LR425": 2.63564296601725}, "LR230": {"LR220": 1.5192231260413656, "LR075": 2.210828220724161, "LR080": 1.3212020770484783}, "LR200": {"LR170": 2.389039155323407, "LR050": 1.9587512265698206, "LR060": 1.8434119292357667}, "LR130": {"LR120": 1.6348595631355927, "LR140": 2.0260391057039664}, "LR400": {"LR390": 2.2378132256261685, "LR560": 2.6280713178028634}, "LR170": {"LR200": 2.118041722528306, "LR160": 2.5480145706736312, "LR212": 2.2679753972051193}, "LR070": {"LR075": 1.675908169089358, "LR295": 2.1763427637731256}, "LR455": {"LR450": 1.8788168410127786, "LR500": 2.562945698133445}, "LR460": {"LR448": 1.4184588750324378, "LR468": 3.234546557287119}, "LR020": {"LR030": 1.8319339182500538, "LR015": 1.6737275427028024}, "LR280": {"LR295": 2.521902767077856, "LR300": 2.7159700506486284, "LR270": 2.5920056705583923}, "LR380": {"LR390": 3.657041975213604, "LR370": 2.63970086818688, "LR425": 111.76731144941814}, "LR560": {"LR570": 1.903378881107453, "LR400": 2.3417524043333504}, "LR360": {"LR350": 2.236561680090772, "LR370": 2.6042363892486025}, "LR920": {"LR265": 2.6942720285847868}, "LR540": {"LR530": 1.7918003677520271, "LR550": 2.445223910262237}, "LR270": {"LR280": 2.285617979255836, "LR265": 2.0328237210219546}, "LR370": {"LR380": 2.044125934181283, "LR360": 2.118618978830441}, "LR090": {"LR100": 2.910824190912435, "LR080": 1.5184363868968729}, "LR100": {"LR090": 2.192748482282375, "LR350": 2.4642923943624653, "LR340": 2.323461925033482, "LR110": 2.7161073562787097, "LR120": 2.8324574014528783}, "LR040": {"LR030": 1.8966227076290665, "LR050": 1.5121239861653752}, "LR075": {"LR070": 1.6703282508304185, "LR230": 2.3593475753050073, "LR080": 2.208317426093628}, "LR510": {"LR500": 3.866318111828643, "LR520": 1.8915658417023793}, "LR001": {"LR240": 3.954866412326904, "LR010": 2.7457022323035196}, "LR425": {"LR390": 2.987774431744161, "LR445": 3.0129693057962252, "LR430": 3.174260258797615, "LR380": 111.76731144941814}, "LR330": {"LR320": 1.7330129424135294, "LR340": 1.8082083366859858}, "LR260": {"LR265": 2.083433426078215, "LR250": 2.1071320945280343}, "LR435": {"LR430": 2.954927021004637, "LR450": 1.7206378309654724}, "LR580": {"LR590": 1.6373850591477734, "LR570": 1.7956371455931663}, "LR448": {"LR460": 1.4661904550780958, "LR445": 2.1993842409488846}, "LR250": {"LR260": 1.9341646060223314, "LR240": 2.5563050947327515}, "LR015": {"LR020": 1.59975439057928, "LR010": 1.4912001525757483}, "LR570": {"LR580": 1.5860239968841223, "LR560": 2.1008602897347046}, "LR220": {"LR212": 1.2891425270774886, "LR230": 1.1953550233959926}, "LR060": {"LR295": 2.1377955228970125, "LR190": 2.382690362265701}, "LR275": {"LR270": 2.375559690560574}, "LR520": {"LR510": 1.665631417679019, "LR530": 2.038151250693762}, "LR300": {"LR310": 1.4733223609470865, "LR280": 2.232730220150663}, "LR450": {"LR455": 1.7947962206498604, "LR435": 1.0717601249147477}, "LR180": {"LR170": 2.0998256624259155}, "LR240": {"LR250": 1.965762085727069}, "LR190": {"LR180": 1.4573473451189412}, "LR110": {"LR120": 2.298540872189232}, "LR010": {"LR015": 1.8009131050699143}}