{"LR150": {"LR140": 59.90612961305351, "LR160": 59.967098480140145}, "LR295": {"LR060": 53.675977179717805, "LR280": 59.49757508470693, "LR070": 56.62724957537059}, "LR350": {"LR360": 59.631482306525776, "LR100": 59.153101021424995}, "LR265": {"LR260": 59.93181958470232, "LR270": 59.9762052792502}, "LR212": {"LR160": 49.519695934609345, "LR220": 56.2476557797891, "LR170": 40.21328384796382}, "LR530": {"LR520": 50.3670416930563, "LR540": 54.24339773657956}, "LR550": {"LR480": 59.84324771215263, "LR540": 58.197993514288875}, "LR480": {"LR468": 59.98590118307991, "LR550": 58.01354186960798}, "LR140": {"LR130": 59.22569582447302, "LR150": 59.98727842377828, "LR140": 51.00970859386788}, "LR080": {"LR075": 52.927101409366, "LR090": 52.112881096968316, "LR230": 28.954021456205716}, "LR490": {"LR468": 45.39282708025384, "LR500": 45.2981305993428}, "LR590": {"LR580": 59.88371377094177}, "LR390": {"LR400": 59.90652013304255, "LR380": 58.971456739984355, "LR425": 50.540290035582316}, "LR600": {"LR590": 59.55911815402127}, "LR310": {"LR320": 58.20106904779605, "LR300": 58.93562122469971}, "LR340": {"LR330": 59.54242460278232, "LR100": 46.87393282218905}, "LR430": {"LR435": 59.990800642879364, "LR425": 48.06934425821569, "LR445": 54.37595704529758}, "LR468": {"LR480": 59.943989607443015, "LR460": 58.034475538738754, "LR490": 41.887568512211885}, "LR500": {"LR490": 41.87487201572826, "LR455": 59.94925733745174, "LR510": 57.26751884551352}, "LR050": {"LR200": 59.666670819306056, "LR040": 59.29731672190785}, "LR320": {"LR330": 59.368632537777174, "LR310": 56.59406020934396}, "LR120": {"LR130": 59.88345593953905, "LR110": 58.946215152868696, "LR100": 40.17024558147696}, "LR160": {"LR170": 59.95554128844829, "LR150": 59.984333763291474, "LR212": 54.92258636243973}, "LR030": {"LR040": 59.22207482073769, "LR020": 59.66852707084253}, "LR445": {"LR448": 59.66660206833228, "LR430": 56.347100764681, "LR425": 50.467096577583376}, "LR230": {"LR220": 59.03954633152189, "LR075": 45.27044840345702, "LR080": 43.43936342051543}, "LR200": {"LR170": 59.23334361134282, "LR050": 59.54576417680219, "LR060": 55.36196679209229}, "LR130": {"LR120": 59.87002386848999, "LR140": 59.90574401100339}, "LR400": {"LR390": 59.70228405129571, "LR560": 59.78302985297569}, "LR170": {"LR200": 59.97854574305019, "LR160": 59.668625821743305, "LR212": 45.35568836003047}, "LR070": {"LR075": 58.53399242522222, "LR295": 58.559222523768916}, "LR455": {"LR450": 59.99925497827578, "LR500": 59.98744099218793}, "LR460": {"LR448": 59.66566395054001, "LR468": 59.31713140819138}, "LR020": {"LR030": 59.04210365969807, "LR015": 59.30342436853714}, "LR280": {"LR295": 59.546781940963044, "LR300": 58.69421317569985, "LR270": 59.99330096363568}, "LR380": {"LR390": 58.05438666168006, "LR370": 59.92410064357995, "LR425": 111.76731144941814}, "LR560": {"LR570": 59.82407266979353, "LR400": 59.80568067907278}, "LR360": {"LR350": 59.93879219551202, "LR370": 59.702533046285204}, "LR920": {"LR265": 48.20113560647501}, "LR540": {"LR530": 56.975350730793615, "LR550": 56.26773584604511}, "LR270": {"LR280": 59.9959835057778, "LR265": 59.99678980404768}, "LR370": {"LR380": 59.70134593025998, "LR360": 59.805371085516164}, "LR090": {"LR100": 53.730218478040435, "LR080": 57.527622064811894}, "LR100": {"LR090": 56.983980825424325, "LR350": 59.70404046470499, "LR340": 59.49418732335912, "LR110": 56.36039481417477, "LR120": 56.32371630937128}, "LR040": {"LR030": 59.221304326679466, "LR050": 59.49101833916266}, "LR075": {"LR070": 57.994092048282326, "LR230": 57.26897793522621, "LR080": 51.32597069916039}, "LR510": {"LR500": 55.591307511033754, "LR520": 53.631787866342755}, "LR001": {"LR240": 59.5114615260803, "LR010": 56.99266248901195}, "LR425": {"LR390": 49.50323588518481, "LR445": 55.40731549060572, "LR430": 43.9357571331722, "LR380": 111.76731144941814}, "LR330": {"LR320": 59.221571589058485, "LR340": 57.99879313318547}, "LR260": {"LR265": 59.90605179763877, "LR250": 59.96365241103935}, "LR435": {"LR430": 59.89794028553301, "LR450": 59.99843915515235}, "LR580": {"LR590": 59.80185743866004, "LR570": 59.97332501262967}, "LR448": {"LR460": 59.37394532603025, "LR445": 59.49816140256885}, "LR250": {"LR260": 59.91540800411326, "LR240": 59.95035975503181}, "LR015": {"LR020": 59.13618884109121, "LR010": 57.5285510505163}, "LR570": {"LR580": 59.8400280761281, "LR560": 59.80257125152464}, "LR220": {"LR212": 59.30231729162032, "LR230": 57.50119314826463}, "LR060": {"LR295": 53.65729027121721, "LR190": 54.29846220303043}, "LR275": {"LR270": 50.31265876091136}, "LR520": {"LR510": 55.81318445771028, "LR530": 57.26720656607597}, "LR300": {"LR310": 59.372008078828024, "LR280": 58.706364107534945}, "LR450": {"LR455": 59.98722178589638, "LR435": 59.97019559664251}, "LR180": {"LR170": 52.92149152323715}, "LR240": {"LR250": 59.916002528144745}, "LR190": {"LR180": 53.579961041303726}, "LR110": {"LR120": 52.238328183990674}, "LR010": {"LR015": 59.037233922032726}}