{"LR150": {"LR140": 2.1583838623837277, "LR160": 1.5741925717184198}, "LR295": {"LR060": 1.9503039768867623, "LR280": 2.8699392297201625, "LR070": 1.890534599294509}, "LR350": {"LR360": 2.3571050864615994, "LR100": 2.620426959795016}, "LR265": {"LR260": 2.04297850824353, "LR270": 2.401694006594268}, "LR212": {"LR160": 3.4882988874315215, "LR220": 1.6867142507070774, "LR170": 3.051583335583074}, "LR530": {"LR520": 2.004891150967419, "LR540": 1.9166758168315976}, "LR550": {"LR480": 1.8830994341341178, "LR540": 2.0031717479267077}, "LR480": {"LR468": 1.4544960136202048, "LR550": 1.697486954955678}, "LR140": {"LR130": 1.4206799114042818, "LR150": 2.0383786743966716, "LR140": 0.1457356084167261}, "LR080": {"LR075": 1.7244905843137244, "LR090": 1.3843201730307495, "LR230": 1.5873851660213254}, "LR490": {"LR468": 2.7449553518212104, "LR500": 2.0326113598698177}, "LR590": {"LR580": 1.4654937717394105}, "LR390": {"LR400": 2.289401113101319, "LR380": 3.655831339498831, "LR425": 3.3942445967515176}, "LR600": {"LR590": 3.6477751939565706}, "LR310": {"LR320": 1.4542693525798538, "LR300": 1.9905824240816208}, "LR340": {"LR330": 1.884595346133445, "LR100": 2.7372145057804707}, "LR430": {"LR435": 2.668415203677833, "LR425": 2.1785245186267477, "LR445": 2.7387175677894167}, "LR468": {"LR480": 1.6338153837214868, "LR460": 3.0983483404259062, "LR490": 2.219897976498353}, "LR500": {"LR490": 1.715820437023241, "LR455": 0.6924822148738836, "LR510": 2.4311381003759855}, "LR050": {"LR200": 1.9066586103379328, "LR040": 1.6493605314161575}, "LR320": {"LR330": 1.419911879109471, "LR310": 1.4544240062729878}, "LR120": {"LR130": 1.6734353914980737, "LR110": 2.4917168547792174, "LR100": 2.998194071789752}, "LR160": {"LR170": 2.4322101614715312, "LR150": 1.6997043842686963, "LR212": 2.53270490982253}, "LR030": {"LR040": 1.5671211104556415, "LR020": 2.180729577139388}, "LR445": {"LR448": 2.0855629545210568, "LR430": 2.6262826938282284, "LR425": 2.7282072280526943}, "LR230": {"LR220": 1.8046542889840473, "LR075": 2.1879755529434535, "LR080": 1.216315341373929}, "LR200": {"LR170": 2.0534695894868173, "LR050": 2.074403518351168, "LR060": 1.7053248390933433}, "LR130": {"LR120": 1.788097696509184, "LR140": 1.7212916679708115}, "LR400": {"LR390": 2.215749409286634, "LR560": 2.3166950628217964}, "LR170": {"LR200": 2.130970254266735, "LR160": 2.299606445093271, "LR212": 2.5492770315835296}, "LR070": {"LR075": 1.4846323586150143, "LR295": 2.3357552862491824}, "LR455": {"LR450": 2.1054417305683706, "LR500": 2.3643616266187317}, "LR460": {"LR448": 1.4049189211399484, "LR468": 2.8937740668805474}, "LR020": {"LR030": 1.7415482198392045, "LR015": 1.758551072060137}, "LR280": {"LR295": 2.1668136845386368, "LR300": 2.694420582522505, "LR270": 2.3611007367587673}, "LR380": {"LR390": 3.6466627637014226, "LR370": 2.4730811638442765, "LR425": 111.76731144941814}, "LR560": {"LR570": 1.9774778640688204, "LR400": 2.2800650118989503}, "LR360": {"LR350": 2.0201163080867692, "LR370": 2.1799032832845575}, "LR920": {"LR265": 4.23157433354022}, "LR540": {"LR530": 2.0182204461982245, "LR550": 2.214847656738011}, "LR270": {"LR280": 1.6730418789621204, "LR265": 2.0118363580409016}, "LR370": {"LR380": 2.247333744535502, "LR360": 2.6720010676317143}, "LR090": {"LR100": 2.7684562842430056, "LR080": 1.547811466115852}, "LR100": {"LR090": 2.168754348565682, "LR350": 2.2578745510660574, "LR340": 2.3034195369480663, "LR110": 2.071302957592533, "LR120": 3.777462856926723}, "LR040": {"LR030": 2.1157211330579293, "LR050": 1.5931356466062898}, "LR075": {"LR070": 1.5702822943742145, "LR230": 2.0800161637112384, "LR080": 2.368442479116562}, "LR510": {"LR500": 4.816913321639456, "LR520": 1.8988568456108137}, "LR001": {"LR240": 4.36135631686862, "LR010": 2.7124259680338882}, "LR425": {"LR390": 3.5585653088856395, "LR445": 2.830331624928731, "LR430": 2.8369990461956633, "LR380": 111.76731144941814}, "LR330": {"LR320": 1.5518123624388682, "LR340": 1.813512645364181}, "LR260": {"LR265": 2.0419156423391653, "LR250": 2.040491976439126}, "LR435": {"LR430": 2.3440876276503717, "LR450": 1.3400697540410458}, "LR580": {"LR590": 1.5132791473621336, "LR570": 1.9257124884619532}, "LR448": {"LR460": 1.5818390116285292, "LR445": 2.3362822895987856}, "LR250": {"LR260": 1.963791779153101, "LR240": 2.204359032887135}, "LR015": {"LR020": 1.6158320574418117, "LR010": 1.8671797092694042}, "LR570": {"LR580": 1.765316505115257, "LR560": 1.8569470024477996}, "LR220": {"LR212": 1.8898548855615214, "LR230": 1.4364905303463522}, "LR060": {"LR295": 2.3535620683704073, "LR190": 2.0778512529319366}, "LR275": {"LR270": 2.2490080506452736}, "LR520": {"LR510": 1.6311638880639194, "LR530": 2.146103924639039}, "LR300": {"LR310": 1.6859386204991058, "LR280": 2.2340585153842247}, "LR450": {"LR455": 1.7949099008276648, "LR435": 1.2754893483583207}, "LR180": {"LR170": 2.244766167648014}, "LR240": {"LR250": 2.1190722787767116}, "LR190": {"LR180": 1.2861193322138265}, "LR110": {"LR120": 2.265498975425552}, "LR010": {"LR015": 1.7284396490296678}}