{"LR150": {"LR140": 1.9316703128835861, "LR160": 1.7403681216488394}, "LR295": {"LR060": 1.9979914594434498, "LR280": 2.7016000959092294, "LR070": 1.8621164445884915}, "LR350": {"LR360": 2.077762115691974, "LR100": 2.3849206546603163}, "LR265": {"LR260": 2.1033783031430078, "LR270": 2.084972750781877}, "LR212": {"LR160": 3.194655450805493, "LR220": 1.595090048955722, "LR170": 3.0636831303494745}, "LR530": {"LR520": 1.7619408592600532, "LR540": 1.5504031808452818}, "LR550": {"LR480": 2.382280406962256, "LR540": 1.621394502793158}, "LR480": {"LR468": 1.422138284425592, "LR550": 1.5152787599378108}, "LR140": {"LR130": 1.590451506565214, "LR150": 1.9406022909182359, "LR140": 0.12181146809660168}, "LR080": {"LR075": 1.6598649189058325, "LR090": 1.3069961484998467, "LR230": 1.6526501844681392}, "LR490": {"LR468": 2.574018952865692, "LR500": 2.1473459554109087}, "LR590": {"LR580": 1.6043543980813506}, "LR390": {"LR400": 2.094018782217467, "LR380": 3.8542610649041626, "LR425": 3.345890018038439}, "LR600": {"LR590": 3.7037622321126697}, "LR310": {"LR320": 1.447881540900335, "LR300": 2.1128658016887196}, "LR340": {"LR330": 1.7541903756500736, "LR100": 2.7866845750376177}, "LR430": {"LR435": 2.6421251487323922, "LR425": 2.198360576251942, "LR445": 2.629242205472451}, "LR468": {"LR480": 1.3624784896740112, "LR460": 3.1493079013962153, "LR490": 2.196460869529573}, "LR500": {"LR490": 1.6491610333620266, "LR455": 1.5843629870417204, "LR510": 2.1193196116804973}, "LR050": {"LR200": 1.9126949470883932, "LR040": 1.5870862458363362}, "LR320": {"LR330": 1.5587525576363377, "LR310": 1.6061965677488792}, "LR120": {"LR130": 1.5421648061564377, "LR110": 2.1097379177451963, "LR100": 3.0101161380120396}, "LR160": {"LR170": 2.465898213190845, "LR150": 1.8955999334235485, "LR212": 2.5325962454202475}, "LR030": {"LR040": 1.5222827295256176, "LR020": 1.8730191020574796}, "LR445": {"LR448": 2.160901655808254, "LR430": 2.4420887432485987, "LR425": 2.6644533679662894}, "LR230": {"LR220": 1.949642312289874, "LR075": 1.997222980718043, "LR080": 1.2594350577258482}, "LR200": {"LR170": 2.316894358894688, "LR050": 1.960193294051754, "LR060": 1.9048838068271152}, "LR130": {"LR120": 1.969897350623255, "LR140": 1.7385694809500312}, "LR400": {"LR390": 2.2506588864740094, "LR560": 2.1584849146564613}, "LR170": {"LR200": 2.223516242410814, "LR160": 2.4913008591645096, "LR212": 2.665774113066086}, "LR070": {"LR075": 1.5413338252606505, "LR295": 2.371151804714318}, "LR455": {"LR450": 1.681348291969298, "LR500": 2.8320864880055066}, "LR460": {"LR448": 1.4307155500646578, "LR468": 3.2270386744577335}, "LR020": {"LR030": 1.96838539034179, "LR015": 1.7406240106693374}, "LR280": {"LR295": 1.9907412833715568, "LR300": 2.6604673139138946, "LR270": 2.477366758687073}, "LR380": {"LR390": 3.607403070779359, "LR370": 2.3337567553958913, "LR425": 111.76731144941814}, "LR560": {"LR570": 2.006577282671338, "LR400": 2.4652719585748466}, "LR360": {"LR350": 2.399660448206426, "LR370": 2.7051662993343717}, "LR920": {"LR265": 2.549875402048806}, "LR540": {"LR530": 1.7643627519865905, "LR550": 2.046134445166598}, "LR270": {"LR280": 1.4411555909715603, "LR265": 2.0020931515048837}, "LR370": {"LR380": 1.756406976467661, "LR360": 2.3368083233282597}, "LR090": {"LR100": 2.4388430789390547, "LR080": 1.41261079909958}, "LR100": {"LR090": 2.0102946937443713, "LR350": 2.527882474392073, "LR340": 2.096207449657177, "LR110": 2.166646272743878, "LR120": 3.1081265030863685}, "LR040": {"LR030": 1.937205523112975, "LR050": 1.6122610173854146}, "LR075": {"LR070": 1.5605079070640318, "LR230": 2.111131066310171, "LR080": 2.368442479116562}, "LR510": {"LR500": 4.759981487388922, "LR520": 2.2686221906304063}, "LR001": {"LR240": 4.2311585667776335, "LR010": 2.513608759989951}, "LR425": {"LR390": 3.2722574622527723, "LR445": 2.922590694365257, "LR430": 2.929998940217404, "LR380": 111.76731144941814}, "LR330": {"LR320": 1.6301070787598, "LR340": 1.552388042038171}, "LR260": {"LR265": 1.9606438124948067, "LR250": 1.7305971237168158}, "LR435": {"LR430": 2.784725665052099, "LR450": 1.372236622980958}, "LR580": {"LR590": 1.2608964277723587, "LR570": 2.0369487742622705}, "LR448": {"LR460": 1.8014598990973412, "LR445": 2.3813298183893687}, "LR250": {"LR260": 1.980041880956562, "LR240": 2.4746649650920625}, "LR015": {"LR020": 1.8743260620139839, "LR010": 1.852421899188227}, "LR570": {"LR580": 1.7938079424580295, "LR560": 1.8890793614756844}, "LR220": {"LR212": 1.7758074472265428, "LR230": 1.4316179560150868}, "LR060": {"LR295": 2.30221806065096, "LR190": 2.0961126579406626}, "LR275": {"LR270": 2.2271117979656663}, "LR520": {"LR510": 1.6818978950768333, "LR530": 1.6728376850396096}, "LR300": {"LR310": 1.5299361167733845, "LR280": 2.470587812598388}, "LR450": {"LR455": 2.1066375557095367, "LR435": 1.4509129904383111}, "LR180": {"LR170": 2.3357560598738196}, "LR240": {"LR250": 2.1593446474335094}, "LR190": {"LR180": 1.429021480237585}, "LR110": {"LR120": 2.4459670407339607}, "LR010": {"LR015": 1.8343844673520322}}