{"LR150": {"LR140": 2.1807799239682466, "LR160": 1.8272101856015368}, "LR295": {"LR060": 1.9409316226020397, "LR280": 2.656549247860272, "LR070": 2.019957728335812}, "LR350": {"LR360": 2.1625152352123687, "LR100": 2.3947064807904517}, "LR265": {"LR260": 1.967234629841348, "LR270": 2.2944327117103205}, "LR212": {"LR160": 3.455522640875992, "LR220": 3.2173761796266476, "LR170": 3.3284260295683636}, "LR530": {"LR520": 2.4844741815605564, "LR540": 1.5820054685202893}, "LR550": {"LR480": 2.014569512425874, "LR540": 1.8586673992834293}, "LR480": {"LR468": 1.3967527699730737, "LR550": 1.6645561393088109}, "LR140": {"LR130": 1.3967735671736419, "LR150": 1.9459762335079887, "LR140": 0.07062281457440657}, "LR080": {"LR075": 1.8820408477735793, "LR090": 1.5625035457734515, "LR230": 1.4246352690432043}, "LR490": {"LR468": 2.523485198606644, "LR500": 2.591662842376205}, "LR590": {"LR580": 1.3112142621150937}, "LR390": {"LR400": 6.015871684110186, "LR380": 3.9759312865941694, "LR425": 3.2158557733143622}, "LR600": {"LR590": 4.030717579199654}, "LR310": {"LR320": 2.2901736790626233, "LR300": 2.07924733270958}, "LR340": {"LR330": 4.956008333595673, "LR100": 2.6393002035442046}, "LR430": {"LR435": 2.583521653385772, "LR425": 2.3568319412738123, "LR445": 2.874557582173273}, "LR468": {"LR480": 2.1654887732162917, "LR460": 3.242635540430521, "LR490": 2.379802050143781}, "LR500": {"LR490": 2.142891203092952, "LR455": 1.243276948171695, "LR510": 2.17291908927259}, "LR050": {"LR200": 1.8565170061612253, "LR040": 1.8727465825345557}, "LR320": {"LR330": 1.6841605537364324, "LR310": 1.384328541897723}, "LR120": {"LR130": 1.7245950672688344, "LR110": 2.415694694103009, "LR100": 3.060539160773162}, "LR160": {"LR170": 2.3938283366034554, "LR150": 1.7693064422432108, "LR212": 2.8478054993533637}, "LR030": {"LR040": 1.3605327822993973, "LR020": 2.26063558759232}, "LR445": {"LR448": 1.6503622218743275, "LR430": 3.0148267938121065, "LR425": 2.770867449938368}, "LR230": {"LR220": 1.7577136286245465, "LR075": 2.0382423046685405, "LR080": 1.241707321493088}, "LR200": {"LR170": 2.382343489187406, "LR050": 2.1844932803996953, "LR060": 1.9483986983734976}, "LR130": {"LR120": 1.9086111837678552, "LR140": 1.68077676792079}, "LR400": {"LR390": 2.2749186404322423, "LR560": 2.809085055727859}, "LR170": {"LR200": 2.1554522725145095, "LR160": 2.0721153722437546, "LR212": 2.8184009044509994}, "LR070": {"LR075": 1.6836198681377597, "LR295": 2.362422049194236}, "LR455": {"LR450": 1.6671205151072084, "LR500": 2.6950261263719772}, "LR460": {"LR448": 1.614265681607808, "LR468": 3.226185400590212}, "LR020": {"LR030": 2.566338305526517, "LR015": 1.8259721038380174}, "LR280": {"LR295": 2.333885491009302, "LR300": 2.2168302340470976, "LR270": 2.278679071263576}, "LR380": {"LR390": 3.611142119285874, "LR370": 2.4303954648976296, "LR425": 111.76731144941814}, "LR560": {"LR570": 5.578458464544281, "LR400": 2.610530125869148}, "LR360": {"LR350": 2.129706150592958, "LR370": 2.5411933711599266}, "LR920": {"LR265": 3.0940964138735323}, "LR540": {"LR530": 1.8539809398204092, "LR550": 2.188474022290409}, "LR270": {"LR280": 1.905820632426559, "LR265": 1.9356784652057661}, "LR370": {"LR380": 1.8975641146783602, "LR360": 2.4824551157358066}, "LR090": {"LR100": 2.598637212741731, "LR080": 1.6229451053260249}, "LR100": {"LR090": 2.2869027047816073, "LR350": 2.6373961953258034, "LR340": 1.880950407821124, "LR110": 15.253712566701665, "LR120": 3.4325831233038286}, "LR040": {"LR030": 1.9703667284248065, "LR050": 1.737584982375791}, "LR075": {"LR070": 1.3860269888096415, "LR230": 1.9396489184862358, "LR080": 2.027165015020161}, "LR510": {"LR500": 4.03931150946238, "LR520": 1.711633254997287}, "LR001": {"LR240": 6.139220278231636, "LR010": 2.699002637782613}, "LR425": {"LR390": 2.9256291168045547, "LR445": 2.688352094786974, "LR430": 3.0760616892724775, "LR380": 111.76731144941814}, "LR330": {"LR320": 1.7017637709208124, "LR340": 1.4300264230746216}, "LR260": {"LR265": 1.7739509278796768, "LR250": 1.8873293962878557}, "LR435": {"LR430": 3.3409150034694264, "LR450": 1.2702800698236405}, "LR580": {"LR590": 1.612064113892825, "LR570": 2.1596572814239794}, "LR448": {"LR460": 1.6464569863440972, "LR445": 2.30876381676694}, "LR250": {"LR260": 1.9750743440740846, "LR240": 2.3972137134058547}, "LR015": {"LR020": 1.7233558181832855, "LR010": 1.9134649552409428}, "LR570": {"LR580": 1.5181670558537899, "LR560": 1.9095751402681305}, "LR220": {"LR212": 1.4802663169960764, "LR230": 1.5099418830899778}, "LR060": {"LR295": 2.2737250729874536, "LR190": 2.189612793090153}, "LR275": {"LR270": 2.083874801101446}, "LR520": {"LR510": 1.7285478781186594, "LR530": 2.0061371968858075}, "LR300": {"LR310": 1.926921456330263, "LR280": 2.5032342463002015}, "LR450": {"LR455": 1.2965877139935713, "LR435": 1.222352608523202}, "LR180": {"LR170": 2.183080593011905}, "LR240": {"LR250": 4.233763369046023}, "LR190": {"LR180": 1.1823015237928112}, "LR110": {"LR120": 2.5762301991349545}, "LR010": {"LR015": 1.922130169331193}}