{"LR150": {"LR140": 119.99905894557419, "LR160": 119.99999961313411}, "LR295": {"LR060": 119.11301096385083, "LR280": 119.99895438397144, "LR070": 119.93633299043901}, "LR350": {"LR360": 119.99781387663445, "LR100": 119.99938257419073}, "LR265": {"LR260": 119.99992493543573, "LR270": 119.99999461113}, "LR212": {"LR160": 118.4966044384835, "LR220": 119.94842970278754, "LR170": 115.174505712358}, "LR530": {"LR520": 119.83566288781404, "LR540": 119.85209704211385}, "LR550": {"LR480": 119.9999601076129, "LR540": 119.83566156973465}, "LR480": {"LR468": 119.99994527793267, "LR550": 119.4763211161132}, "LR140": {"LR130": 119.99998282763542, "LR150": 119.99999985012023, "LR140": 119.01455317533274}, "LR080": {"LR075": 118.4978203594324, "LR090": 119.69077297115348, "LR230": 115.68227408473781}, "LR490": {"LR468": 115.19487771928952, "LR500": 118.32201778441234}, "LR590": {"LR580": 119.99989703077604}, "LR390": {"LR400": 119.99993919770296, "LR380": 119.94842972874096, "LR425": 119.11267422760673}, "LR600": {"LR590": 119.98820237676739}, "LR310": {"LR320": 119.95358675871678, "LR300": 119.99225957942956}, "LR340": {"LR330": 119.93633300301875, "LR100": 117.70347538987116}, "LR430": {"LR435": 119.99991659492858, "LR425": 115.19994695205473, "LR445": 119.35345649927243}, "LR468": {"LR480": 119.99993244189216, "LR460": 119.99542935909679, "LR490": 114.0650105238869}, "LR500": {"LR490": 115.15885407030983, "LR455": 119.99996409685161, "LR510": 119.65640518189655}, "LR050": {"LR200": 119.99492151012717, "LR040": 119.99870911601371}, "LR320": {"LR330": 119.98543503303506, "LR310": 119.96240527449613}, "LR120": {"LR130": 119.99993244189216, "LR110": 119.98689152922489, "LR100": 112.6565196917334}, "LR160": {"LR170": 119.9998430586435, "LR150": 119.99999900143152, "LR212": 119.47593540200894}, "LR030": {"LR040": 119.99803248896924, "LR020": 119.9937302594197}, "LR445": {"LR448": 119.99373025937166, "LR430": 119.52867817121296, "LR425": 117.71071132386137}, "LR230": {"LR220": 119.89217936602047, "LR075": 119.77445109796022, "LR080": 115.2024839232347}, "LR200": {"LR170": 119.99923774591264, "LR050": 119.9989543839686, "LR060": 119.11309929615717}, "LR130": {"LR120": 119.99954989658548, "LR140": 119.9991530510168}, "LR400": {"LR390": 119.99959490692693, "LR560": 119.99988558975114}, "LR170": {"LR200": 119.9999926078601, "LR160": 119.99970468714973, "LR212": 114.62721695381015}, "LR070": {"LR075": 119.9725934405295, "LR295": 119.79711645854573}, "LR455": {"LR450": 119.99999927204355, "LR500": 119.99999965182069}, "LR460": {"LR448": 119.99995567512545, "LR468": 119.97533410096655}, "LR020": {"LR030": 119.9966680027917, "LR015": 119.99970468714764}, "LR280": {"LR295": 119.99976079659116, "LR300": 119.99139953262252, "LR270": 119.99999681792615}, "LR380": {"LR390": 119.9029614406159, "LR370": 119.9990589455743, "LR425": 122.81022901103567}, "LR560": {"LR570": 119.99954989658548, "LR400": 119.99982562071507}, "LR360": {"LR350": 119.99840631606676, "LR370": 119.99629778088493}, "LR920": {"LR265": 119.61816717895832}, "LR540": {"LR530": 119.89217916196272, "LR550": 119.65641192262049}, "LR270": {"LR280": 119.99999998924015, "LR265": 119.99999957014901}, "LR370": {"LR380": 119.9988382044123, "LR360": 119.99991659492858}, "LR090": {"LR100": 119.77455362576481, "LR080": 119.52868939415949}, "LR100": {"LR090": 119.83566424805744, "LR350": 119.99970468714969, "LR340": 119.98938213922615, "LR110": 119.65640323299813, "LR120": 119.93633273583153}, "LR040": {"LR030": 119.99931397132293, "LR050": 119.99915305101675}, "LR075": {"LR070": 119.99373025726314, "LR230": 116.5101063777729, "LR080": 116.11506712553833}, "LR510": {"LR500": 119.69076901991696, "LR520": 119.35347772677622}, "LR001": {"LR240": 119.99588642318932, "LR010": 119.94842971993481}, "LR425": {"LR390": 117.71067420156783, "LR445": 117.45624711808071, "LR430": 114.06539373799555, "LR380": 122.88003997227801}, "LR330": {"LR320": 119.98201855947218, "LR340": 119.98543503310736}, "LR260": {"LR265": 119.9999898598904, "LR250": 119.99988558975114}, "LR435": {"LR430": 119.99999681792615, "LR450": 119.9999998785974}, "LR580": {"LR590": 119.99987287750128, "LR570": 119.99982562071507}, "LR448": {"LR460": 119.99435723347463, "LR445": 119.9991530510155}, "LR250": {"LR260": 119.99995075013939, "LR240": 119.99963541623424}, "LR015": {"LR020": 119.99905894554556, "LR010": 119.99905894556314}, "LR570": {"LR580": 119.99998091959492, "LR560": 119.99991659492858}, "LR220": {"LR212": 119.96240527295534, "LR230": 119.98002061771271}, "LR060": {"LR295": 118.64823075809227, "LR190": 119.20177951701376}, "LR275": {"LR270": 118.77948397489658}, "LR520": {"LR510": 119.2816411054695, "LR530": 119.92139757737368}, "LR300": {"LR310": 119.99803248896652, "LR280": 119.9661647446879}, "LR450": {"LR455": 119.99999971797476, "LR435": 119.99999997975347}, "LR180": {"LR170": 119.20157441294964}, "LR240": {"LR250": 119.99997644394435}, "LR190": {"LR180": 119.57576745797137}, "LR110": {"LR120": 119.1131045768208}, "LR010": {"LR015": 119.99781387663222}}