{"LR150": {"LR140": 1.9366632532622572, "LR160": 1.9736817294188178}, "LR295": {"LR060": 1.9370103381697252, "LR280": 2.6699583626276584, "LR070": 1.8729696944397964}, "LR350": {"LR360": 2.011362987201177, "LR100": 2.581886437834429}, "LR265": {"LR260": 1.9936406819181212, "LR270": 2.409325764972473}, "LR212": {"LR160": 3.623750626822324, "LR220": 1.8389420360524695, "LR170": 3.2764694069862608}, "LR530": {"LR520": 2.104337379942145, "LR540": 1.6636809650633204}, "LR550": {"LR480": 2.1366117349798452, "LR540": 1.8705222657893756}, "LR480": {"LR468": 1.828195211522243, "LR550": 2.0101097753777486}, "LR140": {"LR130": 1.466024208089032, "LR150": 1.676599978946126, "LR140": 0.28529392501173845}, "LR080": {"LR075": 1.8822835128795745, "LR090": 1.4136613207205895, "LR230": 1.499698604013985}, "LR490": {"LR468": 2.49327000468574, "LR500": 2.177916759280053}, "LR590": {"LR580": 1.6375341418975498}, "LR390": {"LR400": 2.3428315189237328, "LR380": 3.8690818301689434, "LR425": 3.2518629228483684}, "LR600": {"LR590": 3.962935371262772}, "LR310": {"LR320": 1.5973585172342477, "LR300": 1.8987470143056684}, "LR340": {"LR330": 1.6394333616493229, "LR100": 2.6913016066481834}, "LR430": {"LR435": 2.665790908831165, "LR425": 2.3290648773048637, "LR445": 2.753579560370246}, "LR468": {"LR480": 1.4808638318878624, "LR460": 3.02423751632113, "LR490": 2.363435758427891}, "LR500": {"LR490": 2.116758914747738, "LR455": 1.9210500789942486, "LR510": 2.0501491079891925}, "LR050": {"LR200": 2.0860125375529495, "LR040": 1.7190834747944421}, "LR320": {"LR330": 1.788015811546837, "LR310": 1.1493225079236975}, "LR120": {"LR130": 1.7184659190018152, "LR110": 2.455890662317244, "LR100": 3.3441112557060166}, "LR160": {"LR170": 2.453519505745958, "LR150": 1.9013112610726943, "LR212": 2.577981183205097}, "LR030": {"LR040": 1.6550421489717784, "LR020": 2.0066317908335445}, "LR445": {"LR448": 1.8948531270146045, "LR430": 2.0391169217202902, "LR425": 2.63665291138551}, "LR230": {"LR220": 1.59151529177059, "LR075": 2.024595745765021, "LR080": 1.439535407238171}, "LR200": {"LR170": 2.2261910565108933, "LR050": 1.7897535546901704, "LR060": 1.8693906143278123}, "LR130": {"LR120": 1.618087972445673, "LR140": 1.8947715121037345}, "LR400": {"LR390": 1.6987487250811142, "LR560": 2.665978060359914}, "LR170": {"LR200": 1.9613522500208198, "LR160": 2.398712199104083, "LR212": 2.570142594379759}, "LR070": {"LR075": 1.5040509484490276, "LR295": 2.5388775767568292}, "LR455": {"LR450": 1.6376243744585817, "LR500": 2.3831254361769543}, "LR460": {"LR448": 1.4618341937363624, "LR468": 2.722034917783379}, "LR020": {"LR030": 1.4573128476678017, "LR015": 1.7159465770347153}, "LR280": {"LR295": 2.229625838622156, "LR300": 2.681045432117103, "LR270": 2.2603203853673444}, "LR380": {"LR390": 3.42935133994432, "LR370": 2.171406852802357, "LR425": 111.76731144941814}, "LR560": {"LR570": 2.191468639322217, "LR400": 2.4259802720522115}, "LR360": {"LR350": 2.1938273150717817, "LR370": 2.3740912780836982}, "LR920": {"LR265": 4.134334509540001}, "LR540": {"LR530": 2.0286129150317302, "LR550": 2.3632057947155456}, "LR270": {"LR280": 1.8649613060139643, "LR265": 2.2174379873568446}, "LR370": {"LR380": 2.096763740455619, "LR360": 2.274742873492678}, "LR090": {"LR100": 2.5126898298614346, "LR080": 1.5654404465951495}, "LR100": {"LR090": 1.6856241411260904, "LR350": 2.091958095776, "LR340": 2.2433408151398804, "LR110": 1.8822362439712728, "LR120": 3.229624602335511}, "LR040": {"LR030": 1.9816802264590554, "LR050": 1.2672019802521306}, "LR075": {"LR070": 1.4251686869919098, "LR230": 2.1410586277732575, "LR080": 2.015171489617866}, "LR510": {"LR500": 4.324166140614743, "LR520": 2.072557218961772}, "LR001": {"LR240": 4.051972666711523, "LR010": 2.6602729273744012}, "LR425": {"LR390": 3.7633186805962198, "LR445": 2.989492411426164, "LR430": 2.90527461010927, "LR380": 111.76731144941814}, "LR330": {"LR320": 1.4725835828615526, "LR340": 1.743780164523645}, "LR260": {"LR265": 2.0813084827061, "LR250": 1.6969128366237285}, "LR435": {"LR430": 2.7670111758015294, "LR450": 1.2323129008945224}, "LR580": {"LR590": 1.4238849746796904, "LR570": 2.0594650239568875}, "LR448": {"LR460": 1.644004211440467, "LR445": 2.2430302289330113}, "LR250": {"LR260": 1.5611746564003979, "LR240": 2.171030624073099}, "LR015": {"LR020": 1.5123737482021329, "LR010": 1.5748223648556021}, "LR570": {"LR580": 1.7024266229788878, "LR560": 1.5846085368194007}, "LR220": {"LR212": 1.882138109643406, "LR230": 1.2054257374724673}, "LR060": {"LR295": 2.1394307210980523, "LR190": 1.9610869633408825}, "LR275": {"LR270": 2.340105918323782}, "LR520": {"LR510": 1.594417110239601, "LR530": 2.0476831057704046}, "LR300": {"LR310": 1.8492189839173694, "LR280": 2.7079923305040765}, "LR450": {"LR455": 1.647735768018022, "LR435": 1.4352816203803402}, "LR180": {"LR170": 2.0255840275247645}, "LR240": {"LR250": 2.089651209995705}, "LR190": {"LR180": 1.2814567882336698}, "LR110": {"LR120": 2.19472061644304}, "LR010": {"LR015": 1.7935490614072394}}