{"LR150": {"LR140": 2.03369140625, "LR160": 0.3671565055847168}, "LR295": {"LR060": 1.8125, "LR280": 2.8507080078125, "LR070": -3.953125}, "LR350": {"LR360": 2.570972442626953, "LR100": 1.609375}, "LR265": {"LR260": 1.64453125, "LR270": 1.35992431640625}, "LR212": {"LR160": 2.53125, "LR220": -0.609375, "LR170": 2.625}, "LR530": {"LR520": 2.0, "LR540": 0.921875}, "LR550": {"LR480": 2.05810546875, "LR540": 2.140625}, "LR480": {"LR468": 1.139404296875, "LR550": 0.84375}, "LR140": {"LR130": -4.412841796875, "LR150": 1.4319915771484375, "LR140": 0.25}, "LR080": {"LR075": 2.0, "LR090": 1.25}, "LR490": {"LR468": 1.0, "LR500": 1.75}, "LR590": {"LR580": 1.62841796875}, "LR390": {"LR400": -0.7265625, "LR380": 3.787109375, "LR425": 2.84375}, "LR600": {"LR590": -10.2352294921875}, "LR310": {"LR320": 2.103515625, "LR300": 1.73046875}, "LR340": {"LR330": 0.021484375, "LR100": 2.875}, "LR430": {"LR435": -3.816650390625, "LR425": 2.0, "LR445": -1.2216796875}, "LR468": {"LR480": 0.96905517578125, "LR460": 1.89306640625, "LR490": 2.5}, "LR500": {"LR490": -2.375, "LR455": 1.2164306640625, "LR510": -0.078125}, "LR050": {"LR200": 0.9921875, "LR040": 0.47259521484375}, "LR320": {"LR330": -2.21875, "LR310": 1.40625}, "LR120": {"LR130": -0.1387939453125, "LR110": 2.234375, "LR100": 3.0}, "LR160": {"LR170": 2.3892822265625, "LR150": -3.10954213142395, "LR212": -1.6875}, "LR030": {"LR040": 1.330078125, "LR020": 1.671875}, "LR445": {"LR448": -0.89453125, "LR430": 0.25, "LR425": 0.5625}, "LR230": {"LR220": 2.59375, "LR075": 1.34375, "LR080": 2.0}, "LR200": {"LR170": 2.0078125, "LR050": 1.03369140625, "LR060": 1.953125}, "LR130": {"LR120": 1.83538818359375, "LR140": -2.84375}, "LR400": {"LR390": 2.740234375, "LR560": 1.7734375}, "LR170": {"LR200": 0.9658203125, "LR160": 2.1953125}, "LR070": {"LR075": 0.890625, "LR295": -4.15625}, "LR455": {"LR450": -1.2913818359375, "LR500": 2.0028533935546875}, "LR460": {"LR448": -0.00390625, "LR468": 0.453125}, "LR020": {"LR030": -0.40625, "LR015": 1.833984375}, "LR280": {"LR295": 1.73876953125, "LR300": 3.0546875, "LR270": -1.3861083984375}, "LR380": {"LR390": 3.375, "LR370": 1.998046875, "LR425": 0.03048118117848532}, "LR560": {"LR570": 1.4306640625, "LR400": 2.216796875}, "LR360": {"LR350": 0.5, "LR370": -2.1875}, "LR920": {"LR265": 2.0}, "LR540": {"LR530": 1.78125, "LR550": -0.703125}, "LR270": {"LR280": 1.3806915283203125, "LR265": 1.2490234375}, "LR370": {"LR380": 1.78125, "LR360": 2.1875}, "LR090": {"LR100": 2.0, "LR080": 1.24609375}, "LR100": {"LR090": 1.90625, "LR350": 0.32421875, "LR340": 1.34375, "LR110": 1.9375, "LR120": -2.5625}, "LR040": {"LR030": 1.875, "LR050": 1.52783203125}, "LR075": {"LR070": -0.625, "LR230": 2.0, "LR080": 2.25}, "LR510": {"LR500": 2.875, "LR520": -1.5625}, "LR001": {"LR240": 2.868896484375, "LR010": 2.90625}, "LR425": {"LR390": 2.71875, "LR445": 0.8125, "LR430": -3.5, "LR380": 0.03048118117848532}, "LR330": {"LR320": 1.90625, "LR340": 1.90625}, "LR260": {"LR265": 2.09375, "LR250": 2.248291015625}, "LR435": {"LR430": 4.577781677246094, "LR450": 1.02020263671875}, "LR580": {"LR590": 1.1696910858154297, "LR570": 2.0413818359375}, "LR448": {"LR460": -1.9161376953125, "LR445": -0.75}, "LR250": {"LR260": -5.443359375, "LR240": 1.66015625}, "LR015": {"LR020": 1.5390625, "LR010": -1.556640625}, "LR570": {"LR580": 1.518310546875, "LR560": 0.463623046875}, "LR220": {"LR212": 2.0, "LR230": -0.609375}, "LR060": {"LR295": 1.046875, "LR190": 1.0}, "LR275": {"LR270": -3.375}, "LR520": {"LR510": -2.0625, "LR530": 1.921875}, "LR300": {"LR310": 2.40625, "LR280": 2.625}, "LR450": {"LR455": 1.4811935424804688, "LR435": 0.54486083984375}, "LR180": {"LR170": 0.6875}, "LR240": {"LR250": 1.6734619140625}, "LR190": {"LR180": 2.0}, "LR110": {"LR120": 2.0}, "LR010": {"LR015": 0.30859375}}