{"LR150": {"LR140": 1.835292012237829, "LR160": 1.8155754205308423}, "LR295": {"LR060": 1.9827715991504498, "LR280": 2.5452590030871876, "LR070": 1.9854467609300976}, "LR350": {"LR360": 2.302042030245933, "LR100": 2.2285155791497333}, "LR265": {"LR260": 2.148483885279257, "LR270": 2.3685301878473153}, "LR212": {"LR160": 3.681372900043821, "LR220": 1.7053532198889136, "LR170": 3.04178250182229}, "LR530": {"LR520": 1.9874981757347516, "LR540": 1.5821137838902346}, "LR550": {"LR480": 2.1740934195642927, "LR540": 2.102080983814713}, "LR480": {"LR468": 1.85125181988111, "LR550": 2.0354321648286002}, "LR140": {"LR130": 1.326983324760866, "LR150": 1.8528981230436117, "LR140": 0.14646096067752054}, "LR080": {"LR075": 1.7373144451314109, "LR090": 1.3993006873313238, "LR230": 1.5657819844772733}, "LR490": {"LR468": 2.6234138349751808, "LR500": 2.029350223882836}, "LR590": {"LR580": 1.5192285079324948}, "LR390": {"LR400": 2.559328173905882, "LR380": 3.6194952882501625, "LR425": 3.2427974919358036}, "LR600": {"LR590": 3.6640395241642514}, "LR310": {"LR320": 1.4949451192285026, "LR300": 1.9960200291739683}, "LR340": {"LR330": 1.9102730806290484, "LR100": 2.6826564127498314}, "LR430": {"LR435": 2.7170196076034685, "LR425": 2.280029936671009, "LR445": 2.868911580384296}, "LR468": {"LR480": 1.7474974889925137, "LR460": 3.5367650393878405, "LR490": 2.461031800528261}, "LR500": {"LR490": 1.7698145539888253, "LR455": 1.8763133831539776, "LR510": 2.3201224632019146}, "LR050": {"LR200": 1.7702620026829414, "LR040": 1.9108071257843295}, "LR320": {"LR330": 1.5643772109987533, "LR310": 1.617773403976519}, "LR120": {"LR130": 1.5553072727156814, "LR110": 2.16157604266619, "LR100": 3.1976834783347288}, "LR160": {"LR170": 2.455845586342774, "LR150": 1.8254986339310597, "LR212": 2.5783418792606243}, "LR030": {"LR040": 1.6201375066373074, "LR020": 2.312747595233205}, "LR445": {"LR448": 1.8639404470331145, "LR430": 2.5641040754207007, "LR425": 2.7798478547226826}, "LR230": {"LR220": 1.7575177519927738, "LR075": 2.399034178095777, "LR080": 1.1576938838615942}, "LR200": {"LR170": 2.0762413341550507, "LR050": 2.0341348785014857, "LR060": 1.7543979056282104}, "LR130": {"LR120": 1.4934281481755263, "LR140": 1.865413371716878}, "LR400": {"LR390": 1.8276433774825598, "LR560": 2.5620956073891104}, "LR170": {"LR200": 1.8167618773446548, "LR160": 2.3767707136383165, "LR212": 2.522380660421954}, "LR070": {"LR075": 1.579967290487311, "LR295": 2.3705757413144366}, "LR455": {"LR450": 2.017151786544623, "LR500": 2.7463141407093103}, "LR460": {"LR448": 1.3209014548315487, "LR468": 2.788507855507567}, "LR020": {"LR030": 1.96909331474961, "LR015": 1.6204941402867115}, "LR280": {"LR295": 2.2571228814717417, "LR300": 2.5244398968385524, "LR270": 2.6821408303873437}, "LR380": {"LR390": 3.303746854346744, "LR370": 2.2526513970132616, "LR425": 111.76731144941814}, "LR560": {"LR570": 2.33623885159471, "LR400": 2.446424122227078}, "LR360": {"LR350": 2.026227096375609, "LR370": 2.2317404451680662}, "LR920": {"LR265": 3.907575210167578}, "LR540": {"LR530": 1.8016585440924906, "LR550": 2.382475392827228}, "LR270": {"LR280": 1.8338600735765667, "LR265": 2.1571893128955453}, "LR370": {"LR380": 2.1763086093427457, "LR360": 2.468735424700445}, "LR090": {"LR100": 2.787060258538949, "LR080": 1.4045500750824105}, "LR100": {"LR090": 2.2240377552845496, "LR350": 2.4377998056746675, "LR340": 2.235064634597075, "LR110": 1.867755395649952, "LR120": 3.540343459214573}, "LR040": {"LR030": 1.8345221390083934, "LR050": 1.3636143663170919}, "LR075": {"LR070": 1.543956347737145, "LR230": 2.2028587445098493, "LR080": 2.3660764395441847}, "LR510": {"LR500": 4.493153409308855, "LR520": 1.9844893808882564}, "LR001": {"LR240": 4.015364845886031, "LR010": 2.583461368877898}, "LR425": {"LR390": 3.407194110177632, "LR445": 2.896499227957837, "LR430": 2.8369990461956633, "LR380": 111.76731144941814}, "LR330": {"LR320": 1.5050765152923113, "LR340": 1.860758723970638}, "LR260": {"LR265": 2.317700672915018, "LR250": 1.981732671715762}, "LR435": {"LR430": 2.753959657874647, "LR450": 1.4963771491765632}, "LR580": {"LR590": 1.541346014031629, "LR570": 1.7650683186800573}, "LR448": {"LR460": 1.820237068067565, "LR445": 2.390720319875303}, "LR250": {"LR260": 1.9157363739594087, "LR240": 2.1919690003255554}, "LR015": {"LR020": 1.8571491227244319, "LR010": 1.4873842388514862}, "LR570": {"LR580": 1.8443670056515238, "LR560": 1.8985213043660927}, "LR220": {"LR212": 1.2184416130716593, "LR230": 1.369868650789615}, "LR060": {"LR295": 2.282484865752042, "LR190": 2.4106460129384613}, "LR275": {"LR270": 2.2470367638255277}, "LR520": {"LR510": 1.5133298268244944, "LR530": 1.9849023684356282}, "LR300": {"LR310": 1.99895194950803, "LR280": 2.3073376623268764}, "LR450": {"LR455": 1.9388115871813358, "LR435": 1.459974057401448}, "LR180": {"LR170": 2.3982605957948913}, "LR240": {"LR250": 2.027954426922698}, "LR190": {"LR180": 1.3178499896279432}, "LR110": {"LR120": 2.238949077882997}, "LR010": {"LR015": 1.4371679244875906}}