{"LR150": {"LR140": 1.9584447604653668, "LR160": 1.8258539660487756}, "LR295": {"LR060": 1.77308053652573, "LR280": 2.7838135981416654, "LR070": 1.909599874869755}, "LR350": {"LR360": 2.160912703397756, "LR100": 2.4546756918631685}, "LR265": {"LR260": 1.9989548862658317, "LR270": 2.414152634970906}, "LR212": {"LR160": 3.5613755641400915, "LR220": 1.8133298698540252, "LR170": 3.2239402196588713}, "LR530": {"LR520": 2.1745132777531375, "LR540": 1.7456562757542162}, "LR550": {"LR480": 2.01566277516903, "LR540": 1.795123035289394}, "LR480": {"LR468": 1.807550990451769, "LR550": 2.241207826800586}, "LR140": {"LR130": 1.6049609700795107, "LR150": 1.501713475481915, "LR140": 0.3567645325105646}, "LR080": {"LR075": 1.8946496454324553, "LR090": 1.4329414246155072, "LR230": 1.5047558692513279}, "LR490": {"LR468": 2.7205938334159048, "LR500": 2.1601250833520473}, "LR590": {"LR580": 1.8621861504989823}, "LR390": {"LR400": 2.182194725248347, "LR380": 3.8235606541931597, "LR425": 3.1652472636808144}, "LR600": {"LR590": 3.5378373034100195}, "LR310": {"LR320": 1.64582692315739, "LR300": 1.8987470143056684}, "LR340": {"LR330": 1.6394333616493229, "LR100": 2.6129588712465255}, "LR430": {"LR435": 2.591099827742129, "LR425": 2.396158389574377, "LR445": 2.683491194603026}, "LR468": {"LR480": 1.5916032657228518, "LR460": 3.1757808099112177, "LR490": 2.363435758427891}, "LR500": {"LR490": 2.116758914747738, "LR455": 1.7501012975277042, "LR510": 2.0406207774712457}, "LR050": {"LR200": 1.8809324770654385, "LR040": 1.5429335968354096}, "LR320": {"LR330": 1.5949329109042625, "LR310": 1.1988561082763753}, "LR120": {"LR130": 1.7621192969025663, "LR110": 2.489109863546344, "LR100": 3.3508571054096867}, "LR160": {"LR170": 2.830846312718424, "LR150": 1.9034204280098515, "LR212": 2.5923482825565154}, "LR030": {"LR040": 1.4126731539403836, "LR020": 1.90352440555237}, "LR445": {"LR448": 2.111778847051177, "LR430": 2.471684706593435, "LR425": 2.843507975160033}, "LR230": {"LR220": 1.4682554781738542, "LR075": 2.006423541916787, "LR080": 1.4955818665143539}, "LR200": {"LR170": 2.2102072012632057, "LR050": 1.917857307232221, "LR060": 2.0245864638544298}, "LR130": {"LR120": 1.647312044529921, "LR140": 1.7630772671639203}, "LR400": {"LR390": 2.220304657854314, "LR560": 2.432125861127118}, "LR170": {"LR200": 1.8555432798043163, "LR160": 2.514630907941299, "LR212": 2.451815501447605}, "LR070": {"LR075": 1.5262050759290362, "LR295": 2.47481182029914}, "LR455": {"LR450": 1.782647432155957, "LR500": 2.8345703752481457}, "LR460": {"LR448": 1.8116459631781012, "LR468": 2.9515271095576745}, "LR020": {"LR030": 1.6249429593548448, "LR015": 1.5370913648459064}, "LR280": {"LR295": 2.1000193267728777, "LR300": 2.7035605172108284, "LR270": 2.424751433328006}, "LR380": {"LR390": 3.3939971268194085, "LR370": 2.1024600361236265, "LR425": 111.76731144941814}, "LR560": {"LR570": 1.868580638065896, "LR400": 2.5003060435837297}, "LR360": {"LR350": 2.3202901039341564, "LR370": 2.4837971587956433}, "LR920": {"LR265": 3.8269298574546604}, "LR540": {"LR530": 2.1231764611757016, "LR550": 2.364777024347633}, "LR270": {"LR280": 1.6528347456703814, "LR265": 2.166499923765516}, "LR370": {"LR380": 2.163486690112932, "LR360": 1.9795229193686914}, "LR090": {"LR100": 2.349348217634878, "LR080": 1.31849692930997}, "LR100": {"LR090": 1.8453555543121332, "LR350": 2.067037451820704, "LR340": 1.9624891575248782, "LR110": 1.8940126195741456, "LR120": 3.2573963351025883}, "LR040": {"LR030": 1.8069803965797864, "LR050": 1.2803167788284553}, "LR075": {"LR070": 1.6795678579818527, "LR230": 2.0193937091138303, "LR080": 2.0300600159314244}, "LR510": {"LR500": 4.5525745738979415, "LR520": 1.9699443122247362}, "LR001": {"LR240": 4.1288880740327, "LR010": 2.723205067650345}, "LR425": {"LR390": 3.7869868125365977, "LR445": 3.1014888532551925, "LR430": 2.914747149098343, "LR380": 111.76731144941814}, "LR330": {"LR320": 1.728066117489035, "LR340": 1.8487047493495674}, "LR260": {"LR265": 2.1646206613578123, "LR250": 1.7590478143946022}, "LR435": {"LR430": 3.473435173117744, "LR450": 1.3581549198091072}, "LR580": {"LR590": 1.416636892411287, "LR570": 2.0841268366170054}, "LR448": {"LR460": 1.61943521791892, "LR445": 2.065265353919357}, "LR250": {"LR260": 1.8318780228578717, "LR240": 2.3899363230900237}, "LR015": {"LR020": 1.5261684161954192, "LR010": 1.735974969644993}, "LR570": {"LR580": 2.4518803877610993, "LR560": 1.6357095508742554}, "LR220": {"LR212": 1.5934633591270013, "LR230": 1.1994406593481055}, "LR060": {"LR295": 2.02064499568048, "LR190": 2.1373691566479533}, "LR275": {"LR270": 2.3754857938422633}, "LR520": {"LR510": 1.6714778592940767, "LR530": 1.942914795193364}, "LR300": {"LR310": 1.9337197860320305, "LR280": 2.458472391239352}, "LR450": {"LR455": 1.7654617988759251, "LR435": 1.672688051564446}, "LR180": {"LR170": 1.9665971124130983}, "LR240": {"LR250": 1.9456481429903636}, "LR190": {"LR180": 1.4285637987601105}, "LR110": {"LR120": 2.200656196448278}, "LR010": {"LR015": 1.830386855415884}}