{"LR150": {"LR140": 59.999996579795905, "LR160": 59.999999997044974}, "LR295": {"LR060": 59.85752988717336, "LR280": 59.99996555394214, "LR070": 59.996421118496286}, "LR350": {"LR360": 59.99995245863503, "LR100": 59.99992831720194}, "LR265": {"LR260": 59.99999621371745, "LR270": 59.99999999964359}, "LR212": {"LR160": 59.45151576739708, "LR220": 59.99508435211605, "LR170": 55.9260906110218}, "LR530": {"LR520": 59.95978665762667, "LR540": 59.96337255058812}, "LR550": {"LR480": 59.999983620063674, "LR540": 59.98058290499167}, "LR480": {"LR468": 59.99999999735253, "LR550": 59.98862471259689}, "LR140": {"LR130": 59.99996517027881, "LR150": 59.99999999154177, "LR140": 59.86711555511657}, "LR080": {"LR075": 59.84065891460936, "LR090": 59.987244089485145, "LR230": 58.68392500974105}, "LR490": {"LR468": 58.83483777278305, "LR500": 58.69698241258762}, "LR590": {"LR580": 59.99999867040522}, "LR390": {"LR400": 59.99999995469102, "LR380": 59.998502874705956, "LR425": 59.5544354862897}, "LR600": {"LR590": 59.999723752804826}, "LR310": {"LR320": 59.99874758677314, "LR300": 59.99960619210941}, "LR340": {"LR330": 59.99981189152445, "LR100": 58.70738309831844}, "LR430": {"LR435": 59.999999980509244, "LR425": 58.20927257758283, "LR445": 59.88596938193272}, "LR468": {"LR480": 59.99999975189119, "LR460": 59.999410950651644, "LR490": 58.55523576474559}, "LR500": {"LR490": 55.85355208884211, "LR455": 59.99999993651708, "LR510": 59.92400194173173}, "LR050": {"LR200": 59.999910093918196, "LR040": 59.999918414039556}, "LR320": {"LR330": 59.999643958709285, "LR310": 59.99873984149674}, "LR120": {"LR130": 59.99999774332706, "LR110": 59.99933972080959, "LR100": 57.02366024252272}, "LR160": {"LR170": 59.999998200143935, "LR150": 59.99999998714067, "LR212": 59.78476255486144}, "LR030": {"LR040": 59.99964466252031, "LR020": 59.999983432996906}, "LR445": {"LR448": 59.999563241871975, "LR430": 59.951406231605304, "LR425": 59.80671504858883}, "LR230": {"LR220": 59.99886760739702, "LR075": 59.49423377002786, "LR080": 57.98661320677606}, "LR200": {"LR170": 59.9998325051284, "LR050": 59.99974384693785, "LR060": 59.89551253478955}, "LR130": {"LR120": 59.99999720359823, "LR140": 59.99999353784583}, "LR400": {"LR390": 59.99999621774672, "LR560": 59.999999221500026}, "LR170": {"LR200": 59.99999996318121, "LR160": 59.99999892991125, "LR212": 57.80196738522318}, "LR070": {"LR075": 59.9959847116116, "LR295": 59.9994669289243}, "LR455": {"LR450": 59.999999999993406, "LR500": 59.999999999919034}, "LR460": {"LR448": 59.99998496090844, "LR468": 59.99983423402831}, "LR020": {"LR030": 59.99956245602992, "LR015": 59.99995224304413}, "LR280": {"LR295": 59.999947378524894, "LR300": 59.99926363955357, "LR270": 59.99999999844698}, "LR380": {"LR390": 59.99849496299993, "LR370": 59.999998809576255, "LR425": 111.76731144941814}, "LR560": {"LR570": 59.99999579441161, "LR400": 59.99999962946464}, "LR360": {"LR350": 59.99999622325494, "LR370": 59.99999724504337}, "LR920": {"LR265": 59.78469427970057}, "LR540": {"LR530": 59.98597047382697, "LR550": 59.955315410751425}, "LR270": {"LR280": 59.99999999996447, "LR265": 59.99999999964403}, "LR370": {"LR380": 59.999987909358516, "LR360": 59.99999361775774}, "LR090": {"LR100": 59.85875185681382, "LR080": 59.97039941763393}, "LR100": {"LR090": 59.987409453274154, "LR350": 59.99997970912873, "LR340": 59.999647853918056, "LR110": 59.91800552018791, "LR120": 59.97400995920462}, "LR040": {"LR030": 59.99981097205746, "LR050": 59.99998648073508}, "LR075": {"LR070": 59.99246359896976, "LR230": 59.731056893738945, "LR080": 59.4956074773995}, "LR510": {"LR500": 59.981595657862464, "LR520": 59.93824275167066}, "LR001": {"LR240": 59.99936000457992, "LR010": 59.9908479119332}, "LR425": {"LR390": 59.908384625223086, "LR445": 59.90688075154966, "LR430": 58.2422667843486, "LR380": 111.76731144941814}, "LR330": {"LR320": 59.99960492517357, "LR340": 59.9988714776758}, "LR260": {"LR265": 59.99999969661815, "LR250": 59.99999980122389}, "LR435": {"LR430": 59.9999998053887, "LR450": 59.99999999992549}, "LR580": {"LR590": 59.99999962217432, "LR570": 59.99999892009606}, "LR448": {"LR460": 59.999876900716025, "LR445": 59.99965062066646}, "LR250": {"LR260": 59.999998673238814, "LR240": 59.99999881333707}, "LR015": {"LR020": 59.99984713622367, "LR010": 59.9988711016634}, "LR570": {"LR580": 59.99999879993483, "LR560": 59.99999835438234}, "LR220": {"LR212": 59.99898446815945, "LR230": 59.991550554718096}, "LR060": {"LR295": 59.90624914996736, "LR190": 59.75830520883653}, "LR275": {"LR270": 58.54598204972142}, "LR520": {"LR510": 59.959397362756214, "LR530": 59.963646210135025}, "LR300": {"LR310": 59.99981179667859, "LR280": 59.99830531045016}, "LR450": {"LR455": 59.99999999916334, "LR435": 59.99999999987391}, "LR180": {"LR170": 59.629547934332194}, "LR240": {"LR250": 59.99999903958877}, "LR190": {"LR180": 59.92313598609436}, "LR110": {"LR120": 59.896748073711954}, "LR010": {"LR015": 59.99984666225809}}