{"LR150": {"LR140": 119.99999983346693, "LR160": 119.99999999999986}, "LR295": {"LR060": 119.95357963874103, "LR280": 119.99999989073766, "LR070": 119.9999640968443}, "LR350": {"LR360": 119.9999997944036, "LR100": 119.99999990166388}, "LR265": {"LR260": 119.99999999583142, "LR270": 119.99999999998435}, "LR212": {"LR160": 119.92132014913766, "LR220": 119.99963541602301, "LR170": 119.27571919476861}, "LR530": {"LR520": 119.99870910450477, "LR540": 119.99730106628738}, "LR550": {"LR480": 119.99999999662343, "LR540": 119.99588635353598}, "LR480": {"LR468": 119.99999999922754, "LR550": 119.9854350035439}, "LR140": {"LR130": 119.99999999726496, "LR150": 119.99999999999984, "LR140": 119.96616287182383}, "LR080": {"LR075": 119.91264864896971, "LR090": 119.99840631340528, "LR230": 119.52755879500508}, "LR490": {"LR468": 119.27877692371928, "LR500": 119.87953799440467}, "LR590": {"LR580": 119.99999999215606}, "LR390": {"LR400": 119.99999999624826, "LR380": 119.99976079657309, "LR425": 119.9777888560811}, "LR600": {"LR590": 119.99999515001699}, "LR310": {"LR320": 119.99993919770206, "LR300": 119.99998609038451}, "LR340": {"LR330": 119.99991659492821, "LR100": 119.77384493877966}, "LR430": {"LR435": 119.99999999988404, "LR425": 119.47478304771619, "LR445": 119.94842752465249}, "LR468": {"LR480": 119.99999999820554, "LR460": 119.9999898598904, "LR490": 119.10918991909125}, "LR500": {"LR490": 118.48079711004524, "LR455": 119.99999999778463, "LR510": 119.9838162418703}, "LR050": {"LR200": 119.99999791224135, "LR040": 119.99999927204355}, "LR320": {"LR330": 119.99999260786004, "LR310": 119.99996768716592}, "LR120": {"LR130": 119.99999999294046, "LR110": 119.99997091844814, "LR100": 118.89778300132005}, "LR160": {"LR170": 119.99999997975347, "LR150": 119.99999999999787, "LR212": 119.97531588297792}, "LR030": {"LR040": 119.99999791224135, "LR020": 119.99998609038468}, "LR445": {"LR448": 119.9999983089155, "LR430": 119.99303344722098, "LR425": 119.88019061900266}, "LR230": {"LR220": 119.99856568424741, "LR075": 119.97257851904342, "LR080": 119.35192671671375}, "LR200": {"LR170": 119.9999991911595, "LR050": 119.99999713613354, "LR060": 119.95358426159137}, "LR130": {"LR120": 119.99999997975347, "LR140": 119.9999999419335}, "LR400": {"LR390": 119.99999994774014, "LR560": 119.99999999882266}, "LR170": {"LR200": 119.99999999993835, "LR160": 119.99999996914107, "LR212": 119.00441245450891}, "LR070": {"LR075": 119.99976079654739, "LR295": 119.99985875276066}, "LR455": {"LR450": 119.99999999999969, "LR500": 119.99999999999986}, "LR460": {"LR448": 119.99999999726496, "LR468": 119.99991659492844}, "LR020": {"LR030": 119.99999334707408, "LR015": 119.99999981496326}, "LR280": {"LR295": 119.99999992034775, "LR300": 119.99997091844918, "LR270": 119.99999999999454}, "LR380": {"LR390": 119.99967187460001, "LR370": 119.99999997975347, "LR425": 122.94032085871831}, "LR560": {"LR570": 119.99999997750385, "LR400": 119.99999996190255}, "LR360": {"LR350": 119.99999965182069, "LR370": 119.99999986510821}, "LR920": {"LR265": 119.97532946875256}, "LR540": {"LR530": 119.99931396992358, "LR550": 119.98820227177855}, "LR270": {"LR280": 119.99999999999986, "LR265": 119.99999999999986}, "LR370": {"LR380": 119.99999981496326, "LR360": 119.99999999031613}, "LR090": {"LR100": 119.99757075587543, "LR080": 119.99542935355889}, "LR100": {"LR090": 119.99949988477556, "LR350": 119.99999989073766, "LR340": 119.99997879954981, "LR110": 119.99225931475064, "LR120": 119.99822923263564}, "LR040": {"LR030": 119.99999990166388, "LR050": 119.9999997944036}, "LR075": {"LR070": 119.99998748134192, "LR230": 119.88016808734815, "LR080": 119.61742311482935}, "LR510": {"LR500": 119.99700115919079, "LR520": 119.9753338547886}, "LR001": {"LR240": 119.99999681792615, "LR010": 119.99996010760302}, "LR425": {"LR390": 119.9029528277351, "LR445": 119.74949861795403, "LR430": 119.35064138191794, "LR380": 122.94069303228245}, "LR330": {"LR320": 119.99997644394412, "LR340": 119.99999461112998}, "LR260": {"LR265": 119.99999999990607, "LR250": 119.9999999576695}, "LR435": {"LR430": 119.99999999999076, "LR450": 119.99999999999986}, "LR580": {"LR590": 119.99999999624826, "LR570": 119.99999999294046}, "LR448": {"LR460": 119.99999768026817, "LR445": 119.9999987671994}, "LR250": {"LR260": 119.99999999726496, "LR240": 119.99999997975347}, "LR015": {"LR020": 119.99999974617728, "LR010": 119.99999957014901}, "LR570": {"LR580": 119.99999999882266, "LR560": 119.99999999726496}, "LR220": {"LR212": 119.99973421841953, "LR230": 119.99990732767942}, "LR060": {"LR295": 119.9213949740943, "LR190": 119.89217224894762}, "LR275": {"LR270": 119.816807092338}, "LR520": {"LR510": 119.98820224585556, "LR530": 119.998954368113}, "LR300": {"LR310": 119.99999461113, "LR280": 119.99997091844727}, "LR450": {"LR455": 119.99999999999986, "LR435": 119.99999999999986}, "LR180": {"LR170": 119.98543032698811}, "LR240": {"LR250": 119.99999999963052}, "LR190": {"LR180": 119.97533098925291}, "LR110": {"LR120": 119.9838159290972}, "LR010": {"LR015": 119.9999983089155}}