{"LR150": {"LR140": 1.9819931163243745, "LR160": 1.740222882938029}, "LR295": {"LR060": 2.007817516132808, "LR280": 2.547290863279249, "LR070": 1.9516464772236817}, "LR350": {"LR360": 2.185891634605575, "LR100": 2.622058971288417}, "LR265": {"LR260": 1.9398453175226027, "LR270": 2.121571384247452}, "LR212": {"LR160": 3.5847014797683157, "LR220": 7.912361930633527, "LR170": 3.123314585460151}, "LR530": {"LR520": 2.2667684246372515, "LR540": 1.5820916499546829}, "LR550": {"LR480": 2.34212795964406, "LR540": 1.9558337757158775}, "LR480": {"LR468": 1.5895948240996975, "LR550": 1.8856572963546498}, "LR140": {"LR130": 1.2757701544324478, "LR150": 1.7393596619683542, "LR140": 0.10764032094864588}, "LR080": {"LR075": 1.9572403389957145, "LR090": 1.6858601259520938, "LR230": 1.5237544109788206}, "LR490": {"LR468": 2.523525679936967, "LR500": 2.618625289310017}, "LR590": {"LR580": 1.7046370751771938}, "LR390": {"LR400": 3.169771188087351, "LR380": 3.664515385488997, "LR425": 3.1962027694192314}, "LR600": {"LR590": 3.801519960026854}, "LR310": {"LR320": 6.51299720341982, "LR300": 1.8396606837940888}, "LR340": {"LR330": 12.156020983088894, "LR100": 2.6423871104858776}, "LR430": {"LR435": 2.9178952092898722, "LR425": 2.31707647070841, "LR445": 3.3107785763693727}, "LR468": {"LR480": 6.075029193350885, "LR460": 3.1525821823336693, "LR490": 2.619474316328211}, "LR500": {"LR490": 2.1836642017735963, "LR455": 1.7322506335498062, "LR510": 2.211137296670219}, "LR050": {"LR200": 1.8256276074272406, "LR040": 1.4631311930461677}, "LR320": {"LR330": 1.824611619112496, "LR310": 1.4629520741148923}, "LR120": {"LR130": 1.4509925094383702, "LR110": 2.209868795099882, "LR100": 2.9458699050386308}, "LR160": {"LR170": 2.5660542904075276, "LR150": 1.4905176740429715, "LR212": 2.742257276758902}, "LR030": {"LR040": 1.6232280361462101, "LR020": 2.278828622790372}, "LR445": {"LR448": 1.889298756141611, "LR430": 2.6121426517483717, "LR425": 2.77422260316776}, "LR230": {"LR220": 1.8991068919449041, "LR075": 1.9130110308660597, "LR080": 1.3840966175885485}, "LR200": {"LR170": 2.332466610360996, "LR050": 2.1254662129007516, "LR060": 2.017221000416853}, "LR130": {"LR120": 1.7951550702821841, "LR140": 1.8145281473831112}, "LR400": {"LR390": 2.176307325924822, "LR560": 3.119177391133533}, "LR170": {"LR200": 2.0943654477429243, "LR160": 2.3075274495067615, "LR212": 2.86200398415775}, "LR070": {"LR075": 1.4099125632235805, "LR295": 2.403379820199017}, "LR455": {"LR450": 1.7248757747170678, "LR500": 4.908011732039332}, "LR460": {"LR448": 1.7386211869838075, "LR468": 2.9906066725295783}, "LR020": {"LR030": 1.7710259161757425, "LR015": 1.7869296014086888}, "LR280": {"LR295": 2.583306374577627, "LR300": 2.021020647724014, "LR270": 2.454070700339023}, "LR380": {"LR390": 3.516829579176241, "LR370": 2.2051585479641496, "LR425": 111.76731144941814}, "LR560": {"LR570": 13.37586433955357, "LR400": 2.4124200153586575}, "LR360": {"LR350": 2.2236831351295896, "LR370": 5.125456094821209}, "LR920": {"LR265": 3.0802526921532056}, "LR540": {"LR530": 1.9231562960499435, "LR550": 2.0296967574433307}, "LR270": {"LR280": 1.658908483146572, "LR265": 2.4438087954564276}, "LR370": {"LR380": 1.9585166182572222, "LR360": 1.983401729618197}, "LR090": {"LR100": 2.446499223746329, "LR080": 1.729770198447167}, "LR100": {"LR090": 2.297214913552213, "LR350": 2.511374819374164, "LR340": 1.91640730304255, "LR110": 2.504125074112962, "LR120": 3.1103220459087444}, "LR040": {"LR030": 1.9758297117124186, "LR050": 1.592912436789896}, "LR075": {"LR070": 1.3953903453172232, "LR230": 2.0212517036465236, "LR080": 1.8068358710869705}, "LR510": {"LR500": 3.826310505509112, "LR520": 2.070924028345202}, "LR001": {"LR240": 3.965302665871009, "LR010": 2.818091008306758}, "LR425": {"LR390": 3.137622085371147, "LR445": 2.948582833070338, "LR430": 2.8469897398425648, "LR380": 111.76731144941814}, "LR330": {"LR320": 1.6086261997382707, "LR340": 1.7481752683573348}, "LR260": {"LR265": 1.816343173466985, "LR250": 1.7847492479210936}, "LR435": {"LR430": 3.608993382538992, "LR450": 1.4185442180126766}, "LR580": {"LR590": 1.4714195462677953, "LR570": 1.8630238116892621}, "LR448": {"LR460": 1.7012066113808948, "LR445": 2.1125363707001577}, "LR250": {"LR260": 2.0539154428040733, "LR240": 2.3056339022881067}, "LR015": {"LR020": 1.8036049641744314, "LR010": 1.9157511793777346}, "LR570": {"LR580": 1.6699814372332917, "LR560": 1.8852923260198817}, "LR220": {"LR212": 1.4809702619784253, "LR230": 1.3735727636557544}, "LR060": {"LR295": 2.0291036236853164, "LR190": 2.0131272566531826}, "LR275": {"LR270": 2.088991496709802}, "LR520": {"LR510": 1.9483994201418173, "LR530": 1.7477876500491185}, "LR300": {"LR310": 1.6283907680151444, "LR280": 2.580219441983908}, "LR450": {"LR455": 1.8520435922800451, "LR435": 1.2619508638703318}, "LR180": {"LR170": 2.194978545147824}, "LR240": {"LR250": 12.524190096141925}, "LR190": {"LR180": 1.2761496547287074}, "LR110": {"LR120": 2.465219020172161}, "LR010": {"LR015": 1.8658017783132614}}