{"LR150": {"LR140": 1.9079344901825295, "LR160": 1.4505675097447834}, "LR295": {"LR060": 1.9971343439524176, "LR280": 2.6127473184914534, "LR070": 2.074893152677411}, "LR350": {"LR360": 2.094272763774904, "LR100": 2.6616740679008366}, "LR265": {"LR260": 2.0865485845748397, "LR270": 2.090764490801055}, "LR212": {"LR160": 3.1206553892572395, "LR220": 1.2049318960422772, "LR170": 2.7901541277965225}, "LR530": {"LR520": 2.2684318474900285, "LR540": 1.3143777277787465}, "LR550": {"LR480": 2.328640271048693, "LR540": 1.9357684722499449}, "LR480": {"LR468": 1.7736648153860919, "LR550": 2.3131517241158224}, "LR140": {"LR130": 1.0178437820877586, "LR150": 1.6636570133779667, "LR140": 0.1914507866743577}, "LR080": {"LR075": 2.0617900594266203, "LR090": 1.8639631508571655, "LR230": 1.2553730734100035}, "LR490": {"LR468": 2.6322476261904173, "LR500": 1.9922496535536847}, "LR590": {"LR580": 1.6899085217488126}, "LR390": {"LR400": 2.042448049510871, "LR380": 3.8739299507872973, "LR425": 2.87110646598122}, "LR600": {"LR590": 3.380551533345502}, "LR310": {"LR320": 1.499661905425302, "LR300": 1.5320927609322477}, "LR340": {"LR330": 1.8389086837156956, "LR100": 2.5068178296833397}, "LR430": {"LR435": 2.632132804705725, "LR425": 2.2448896003110392, "LR445": 2.9435034475668647}, "LR468": {"LR480": 1.3526709411781432, "LR460": 2.6329248692321023, "LR490": 2.377812438259207}, "LR500": {"LR490": 1.7435688344825877, "LR455": 1.1930429160988874, "LR510": 2.434150099793103}, "LR050": {"LR200": 1.902459417840968, "LR040": 1.6181460948010564}, "LR320": {"LR330": 1.4484779991234396, "LR310": 1.6938262169015368}, "LR120": {"LR130": 1.6246534272618356, "LR110": 2.3475813684670017, "LR100": 2.738931417535505}, "LR160": {"LR170": 2.5075965414574517, "LR150": 1.746073467354141, "LR212": 2.8411332050666775}, "LR030": {"LR040": 1.8423513232222697, "LR020": 2.225361603925345}, "LR445": {"LR448": 2.174449972720063, "LR430": 2.4552955664766705, "LR425": 2.180655776683347}, "LR230": {"LR220": 1.6635961269815311, "LR075": 2.0521574314114326, "LR080": 1.1820166031778128}, "LR200": {"LR170": 2.1093311041435894, "LR050": 1.9984365336125909, "LR060": 2.1710509801241065}, "LR130": {"LR120": 1.8525626703899793, "LR140": 1.6293549563233583}, "LR400": {"LR390": 2.05322652240129, "LR560": 2.4191233964137786}, "LR170": {"LR200": 2.097088033451894, "LR160": 2.447630878014736, "LR212": 2.7387488758658463}, "LR070": {"LR075": 1.9054592640786627, "LR295": 2.3964640446626078}, "LR455": {"LR450": 1.7011924836224481, "LR500": 2.8545036765573886}, "LR460": {"LR448": 1.521599223489522, "LR468": 2.65654933733411}, "LR020": {"LR030": 1.8852359538752084, "LR015": 2.0278005475707337}, "LR280": {"LR295": 2.0713870289268312, "LR300": 2.559239490572071, "LR270": 2.1221611684807344}, "LR380": {"LR390": 3.6741328068353654, "LR370": 2.4504224562142687, "LR425": 111.76731144941814}, "LR560": {"LR570": 2.0142926316150356, "LR400": 2.521484503159504}, "LR360": {"LR350": 1.981210940004679, "LR370": 2.2509758938653355}, "LR920": {"LR265": 2.87983126007964}, "LR540": {"LR530": 2.152180959330283, "LR550": 2.1456570958988697}, "LR270": {"LR280": 1.9791009023760633, "LR265": 1.9913940300738902}, "LR370": {"LR380": 1.9163324491260898, "LR360": 2.2607216568339887}, "LR090": {"LR100": 2.8810761655727375, "LR080": 1.4919258047801793}, "LR100": {"LR090": 2.258638053397381, "LR350": 2.394218513159641, "LR340": 1.8368903425168077, "LR110": 2.256710470607403, "LR120": 3.3364409649308824}, "LR040": {"LR030": 1.8647469920839892, "LR050": 2.137699155641113}, "LR075": {"LR070": 1.4720094379680106, "LR230": 2.155422400593177, "LR080": 2.0854014839147728}, "LR510": {"LR500": 3.1238434510364836, "LR520": 2.1562416720040205}, "LR001": {"LR240": 4.387672276755987, "LR010": 3.413771384530915}, "LR425": {"LR390": 3.1735102890473135, "LR445": 3.1186209660017625, "LR430": 3.3246106315922503, "LR380": 111.76731144941814}, "LR330": {"LR320": 1.5341084585713962, "LR340": 1.3949400789852837}, "LR260": {"LR265": 2.308069612429547, "LR250": 1.9912179990306627}, "LR435": {"LR430": 2.941343905762516, "LR450": 1.52173824684674}, "LR580": {"LR590": 1.68982834409519, "LR570": 1.9781875283457122}, "LR448": {"LR460": 1.8752341713310492, "LR445": 1.8982768413464974}, "LR250": {"LR260": 2.317884287841885, "LR240": 2.54666149667191}, "LR015": {"LR020": 1.6334995421601561, "LR010": 1.9247785330062612}, "LR570": {"LR580": 1.8119800827756596, "LR560": 1.7844713003530779}, "LR220": {"LR212": 1.2123449663806807, "LR230": 1.4910277131856087}, "LR060": {"LR295": 2.296079245475307, "LR190": 2.3579756140404724}, "LR275": {"LR270": 3.140717773228403}, "LR520": {"LR510": 1.4007250238814923, "LR530": 1.8878106410732685}, "LR300": {"LR310": 1.7012328765462388, "LR280": 2.192694102491102}, "LR450": {"LR455": 1.5461826448792215, "LR435": 1.3419952895758338}, "LR180": {"LR170": 2.044113350011481}, "LR240": {"LR250": 1.9849030839937238}, "LR190": {"LR180": 1.1314045673675777}, "LR110": {"LR120": 2.385707802448183}, "LR010": {"LR015": 1.7274208849279518}}