{"LR150": {"LR140": 119.98201855962608, "LR160": 119.9993825741913}, "LR295": {"LR060": 115.69195124080716, "LR280": 119.98002062180785, "LR070": 119.0146076051573}, "LR350": {"LR360": 119.92925889252254, "LR100": 119.98002062179148}, "LR265": {"LR260": 119.99588642320552, "LR270": 119.99822924007417}, "LR212": {"LR160": 115.20922626498782, "LR220": 119.61823865241634, "LR170": 104.62290837923756}, "LR530": {"LR520": 119.41813057432455, "LR540": 118.49809780571101}, "LR550": {"LR480": 119.99588642320543, "LR540": 118.64827313419025}, "LR480": {"LR468": 119.9943572334781, "LR550": 116.85990778707382}, "LR140": {"LR130": 119.99588642320514, "LR150": 119.9999601076129, "LR140": 116.85974012048773}, "LR080": {"LR075": 116.85931554110512, "LR090": 117.93978626727983, "LR230": 109.96967523899862}, "LR490": {"LR468": 104.68782654065531, "LR500": 115.66883460418201}, "LR590": {"LR580": 119.98938213927431}, "LR390": {"LR400": 119.99542935911725, "LR380": 119.61823884454266, "LR425": 116.12128416105438}, "LR600": {"LR590": 119.8356643501601}, "LR310": {"LR320": 119.11314701062607, "LR300": 119.89217938059213}, "LR340": {"LR330": 118.78346641957687, "LR100": 115.19853753990701}, "LR430": {"LR435": 119.98381670366459, "LR425": 106.23358230417509, "LR445": 116.85977975763237}, "LR468": {"LR480": 119.99044392534691, "LR460": 119.92139876912924, "LR490": 108.83227023110166}, "LR500": {"LR490": 107.50415616327878, "LR455": 119.99373025942012, "LR510": 118.33118204456962}, "LR050": {"LR200": 119.90296144374483, "LR040": 119.94842973264318}, "LR320": {"LR330": 119.89217938005802, "LR310": 119.47632217740667}, "LR120": {"LR130": 119.99225957953097, "LR110": 119.92139876502384, "LR100": 107.56375161600263}, "LR160": {"LR170": 119.99044392534657, "LR150": 119.99989703077604, "LR212": 117.17183546545266}, "LR030": {"LR040": 119.96240527506754, "LR020": 119.89217938199792}, "LR445": {"LR448": 119.91266529874956, "LR430": 117.71082016018849, "LR425": 115.21366608033914}, "LR230": {"LR220": 118.7834662442195, "LR075": 118.6475598449327, "LR080": 107.6167724398146}, "LR200": {"LR170": 119.94269970276359, "LR050": 119.95358675926714, "LR060": 117.4563936227647}, "LR130": {"LR120": 119.98820237697139, "LR140": 119.95822808345125}, "LR400": {"LR390": 119.98543503329809, "LR560": 119.99373025942009}, "LR170": {"LR200": 119.99895438397144, "LR160": 119.98002062180805, "LR212": 107.51871705584767}, "LR070": {"LR075": 119.65641492320192, "LR295": 118.14581049354804}, "LR455": {"LR450": 119.99978471693217, "LR500": 119.99967187461081}, "LR460": {"LR448": 119.99629778088487, "LR468": 119.35348417932578}, "LR020": {"LR030": 119.96616474754774, "LR015": 119.99225957947722}, "LR280": {"LR295": 119.98820237696673, "LR300": 119.88019931069694, "LR270": 119.99840631606676}, "LR380": {"LR390": 119.41813574300718, "LR370": 119.97259344555277, "LR425": 122.71742811600423}, "LR560": {"LR570": 119.98002062180797, "LR400": 119.98543503329809}, "LR360": {"LR350": 119.97259344555252, "LR370": 119.92139876948144}, "LR920": {"LR265": 117.17339204557956}, "LR540": {"LR530": 119.01460579289639, "LR550": 118.64828397490446}, "LR270": {"LR280": 119.99999087390135, "LR265": 119.99967187461081}, "LR370": {"LR380": 119.96616474758521, "LR360": 119.98689152996815}, "LR090": {"LR100": 118.9050214453551, "LR080": 117.93978720238684}, "LR100": {"LR090": 118.90511908292152, "LR350": 119.98381670366271, "LR340": 119.79711648426753, "LR110": 117.71079914800418, "LR120": 119.11314329807234}, "LR040": {"LR030": 119.92925889245937, "LR050": 119.98201855962523}, "LR075": {"LR070": 119.92925886819668, "LR230": 111.89277710089205, "LR080": 112.68981340457044}, "LR510": {"LR500": 118.33120555327218, "LR520": 118.33121300607365}, "LR001": {"LR240": 119.89217938157965, "LR010": 119.41813561858393}, "LR425": {"LR390": 115.21358846684521, "LR445": 110.99331849772577, "LR430": 108.8329913160549, "LR380": 122.69224872952027}, "LR330": {"LR320": 119.72169613640408, "LR340": 119.74952652164441}, "LR260": {"LR265": 119.99895438397144, "LR250": 119.99044392534688}, "LR435": {"LR430": 119.99923774591518, "LR450": 119.99992493543573}, "LR580": {"LR590": 119.97259344555296, "LR570": 119.98689152996829}, "LR448": {"LR460": 119.9753341009825, "LR445": 119.98381670363918}, "LR250": {"LR260": 119.99781387663477, "LR240": 119.98002062180805}, "LR015": {"LR020": 119.96616474656416, "LR010": 119.96616474719733}, "LR570": {"LR580": 119.99822924007417, "LR560": 119.99629778088497}, "LR220": {"LR212": 119.77457385953028, "LR230": 119.69077342417538}, "LR060": {"LR295": 116.85976257771702, "LR190": 117.45636223590961}, "LR275": {"LR270": 117.44820419052803}, "LR520": {"LR510": 115.69256420259012, "LR530": 119.35347437473904}, "LR300": {"LR310": 119.94842973253185, "LR280": 119.41813571211269}, "LR450": {"LR455": 119.99995075013939, "LR435": 119.99998748134621}, "LR180": {"LR170": 116.12209822284483}, "LR240": {"LR250": 119.99883820441269}, "LR190": {"LR180": 118.33101913838023}, "LR110": {"LR120": 117.9396911017237}, "LR010": {"LR015": 119.96616474755672}}