{"LR150": {"LR140": 119.96240527510443, "LR160": 119.99822924007417}, "LR295": {"LR060": 114.09046809438564, "LR280": 119.94842973265641, "LR070": 118.49810639408217}, "LR350": {"LR360": 119.9029614437895, "LR100": 119.95358675935267}, "LR265": {"LR260": 119.98938213927431, "LR270": 119.99373025942012}, "LR212": {"LR160": 110.98531401413857, "LR220": 119.4763218826013, "LR170": 101.01593627066363}, "LR530": {"LR520": 119.20182520483475, "LR540": 117.4565154460042}, "LR550": {"LR480": 119.98938213927411, "LR540": 118.33120140023489}, "LR480": {"LR468": 119.99044392534691, "LR550": 116.51100865230424}, "LR140": {"LR130": 119.9882023769704, "LR150": 119.99982562071507, "LR140": 116.85974012048773}, "LR080": {"LR075": 114.68122329100427, "LR090": 116.51100995322501, "LR230": 106.24098112345487}, "LR490": {"LR468": 98.99564683217463, "LR500": 114.6528822273852}, "LR590": {"LR580": 119.98002062180805}, "LR390": {"LR400": 119.99139953281221, "LR380": 119.11314695617034, "LR425": 115.69031573450486}, "LR600": {"LR590": 119.77457386853234}, "LR310": {"LR320": 117.93978967788522, "LR300": 119.8668881241878}, "LR340": {"LR330": 117.45653049304076, "LR100": 114.07226856778644}, "LR430": {"LR435": 119.93633300328023, "LR425": 104.70398033797233, "LR445": 116.5108663973693}, "LR468": {"LR480": 119.97780069089791, "LR460": 119.81740483585092, "LR490": 107.59141136789074}, "LR500": {"LR490": 106.11572907030977, "LR455": 119.97533410099766, "LR510": 117.71081213246862}, "LR050": {"LR200": 119.72169613863325, "LR040": 119.92925889251464}, "LR320": {"LR330": 119.74952652040102, "LR310": 118.90511976432776}, "LR120": {"LR130": 119.94269970295213, "LR110": 119.88019930654445, "LR100": 106.18194624000293}, "LR160": {"LR170": 119.98689152996789, "LR150": 119.99931397132366, "LR212": 116.85759496161407}, "LR030": {"LR040": 119.90296144370294, "LR020": 119.85209791769265}, "LR445": {"LR448": 119.83566435173343, "LR430": 115.21389363006215, "LR425": 113.43438419799608}, "LR230": {"LR220": 118.7834662442195, "LR075": 117.45514524647652, "LR080": 99.0288953916486}, "LR200": {"LR170": 119.77457387168985, "LR050": 119.90296144354508, "LR060": 116.85974521328976}, "LR130": {"LR120": 119.9753341009975, "LR140": 119.92139876948008}, "LR400": {"LR390": 119.96616474759614, "LR560": 119.98381670366453}, "LR170": {"LR200": 119.99629778088497, "LR160": 119.9582280834521, "LR212": 102.87889856769229}, "LR070": {"LR075": 119.4181356554758, "LR295": 116.12335035737847}, "LR455": {"LR450": 119.99931397132366, "LR500": 119.9990589455743}, "LR460": {"LR448": 119.98938213927406, "LR468": 119.11314702239474}, "LR020": {"LR030": 119.90296144366548, "LR015": 119.98201855950238}, "LR280": {"LR295": 119.97259344554197, "LR300": 119.8174048326428, "LR270": 119.99542935911725}, "LR380": {"LR390": 118.78346638459743, "LR370": 119.94842973265659, "LR425": 122.69224872952027}, "LR560": {"LR570": 119.97259344555277, "LR400": 119.97259344555292}, "LR360": {"LR350": 119.96616474759571, "LR370": 119.81740483666908}, "LR920": {"LR265": 116.12262283344248}, "LR540": {"LR530": 118.78346394184742, "LR550": 118.14579420425852}, "LR270": {"LR280": 119.99993244189216, "LR265": 119.99923774591518}, "LR370": {"LR380": 119.89217938196998, "LR360": 119.9695482728362}, "LR090": {"LR100": 117.93960466986009, "LR080": 116.85991038315326}, "LR100": {"LR090": 118.78346564769056, "LR350": 119.92925889252558, "LR340": 119.6907734861569, "LR110": 116.12321825603172, "LR120": 118.78346131422822}, "LR040": {"LR030": 119.81740483647823, "LR050": 119.97259344554982}, "LR075": {"LR070": 119.9029614104207, "LR230": 110.99197455654671, "LR080": 111.87757044952272}, "LR510": {"LR500": 117.45649375593993, "LR520": 118.14579222897073}, "LR001": {"LR240": 119.85209791711884, "LR010": 118.90511951201344}, "LR425": {"LR390": 110.99352226652672, "LR445": 109.99257610858419, "LR430": 108.8329913160549, "LR380": 122.59864634629457}, "LR330": {"LR320": 119.28164908284987, "LR340": 119.47632217905739}, "LR260": {"LR265": 119.99588642320552, "LR250": 119.9582280834521}, "LR435": {"LR430": 119.99840631606676, "LR450": 119.99976079659129}, "LR580": {"LR590": 119.94842973265698, "LR570": 119.95358675939121}, "LR448": {"LR460": 119.96954827281789, "LR445": 119.97780069086305}, "LR250": {"LR260": 119.99373025942009, "LR240": 119.97780069089784}, "LR015": {"LR020": 119.92925889037576, "LR010": 119.95358675884408}, "LR570": {"LR580": 119.99666800279647, "LR560": 119.9913995328122}, "LR220": {"LR212": 119.52868994034932, "LR230": 119.57582088364252}, "LR060": {"LR295": 115.21378231628873, "LR190": 116.85970646408592}, "LR275": {"LR270": 117.16467132280891}, "LR520": {"LR510": 114.68217802788902, "LR530": 118.90510317658058}, "LR300": {"LR310": 119.90296144356914, "LR280": 118.90511968800426}, "LR450": {"LR455": 119.99978471693217, "LR435": 119.99995075013939}, "LR180": {"LR170": 115.21246694178373}, "LR240": {"LR250": 119.9970012025168}, "LR190": {"LR180": 117.71058866718826}, "LR110": {"LR120": 117.45640876756013}, "LR010": {"LR015": 119.93633300320587}}