{"LR150": {"LR140": 59.9999977560041, "LR160": 59.99999999932398}, "LR295": {"LR060": 59.87177689845602, "LR280": 59.999990271415825, "LR070": 59.997390995383796}, "LR350": {"LR360": 59.999965342344936, "LR100": 59.99996190482212}, "LR265": {"LR260": 59.99999776423802, "LR270": 59.9999999998106}, "LR212": {"LR160": 59.640139494989214, "LR220": 59.997097359080996, "LR170": 56.33348154991961}, "LR530": {"LR520": 59.97361602606886, "LR540": 59.97329858937875}, "LR550": {"LR480": 59.9999929489745, "LR540": 59.98427215304325}, "LR480": {"LR468": 59.99999999859303, "LR550": 59.99078601720348}, "LR140": {"LR130": 59.99998785562715, "LR150": 59.99999999595447, "LR140": 59.93644178195403}, "LR080": {"LR075": 59.85659302314842, "LR090": 59.988519680536626, "LR230": 58.81553250876694}, "LR490": {"LR468": 59.05621859595427, "LR500": 58.944555754195974}, "LR590": {"LR580": 59.999999127652885}, "LR390": {"LR400": 59.99999996696975, "LR380": 59.998652587235355, "LR425": 59.59899193766073}, "LR600": {"LR590": 59.999867871822914}, "LR310": {"LR320": 59.99940097463607, "LR300": 59.99976746037868}, "LR340": {"LR330": 59.99988892382627, "LR100": 58.95298030963794}, "LR430": {"LR435": 59.999999992448885, "LR425": 58.388345319824545, "LR445": 59.90763519936551}, "LR468": {"LR480": 59.99999985349424, "LR460": 59.99965217225029, "LR490": 58.69971218827103}, "LR500": {"LR490": 56.6413771919621, "LR455": 59.999999983863496, "LR510": 59.94459741552244}, "LR050": {"LR200": 59.99997460786699, "LR040": 59.99994052383484}, "LR320": {"LR330": 59.999810785060404, "LR310": 59.999173210006006}, "LR120": {"LR130": 59.99999921314681, "LR110": 59.999465173855754, "LR100": 57.32129421827045}, "LR160": {"LR170": 59.999999043482696, "LR150": 59.99999999596461, "LR212": 59.80628629937529}, "LR030": {"LR040": 59.999712176641445, "LR020": 59.999992076053786}, "LR445": {"LR448": 59.999713442992196, "LR430": 59.97130586570063, "LR425": 59.82604354372994}, "LR230": {"LR220": 59.99917448579241, "LR075": 59.54481039302508, "LR080": 57.98661320677606}, "LR200": {"LR170": 59.999890106614735, "LR050": 59.999831937975934, "LR060": 59.915365153179536}, "LR130": {"LR120": 59.99999851387745, "LR140": 59.99999749642908}, "LR400": {"LR390": 59.99999868120982, "LR560": 59.99999966488131}, "LR170": {"LR200": 59.99999999064114, "LR160": 59.99999962688312, "LR212": 58.21959358203077}, "LR070": {"LR075": 59.9967476164054, "LR295": 59.99965025206724}, "LR455": {"LR450": 59.99999999999793, "LR500": 59.99999999996862}, "LR460": {"LR448": 59.99999528057371, "LR468": 59.999902116851366}, "LR020": {"LR030": 59.99979072407549, "LR015": 59.999957018739714}, "LR280": {"LR295": 59.999981652026136, "LR300": 59.999647801081174, "LR270": 59.999999999458495}, "LR380": {"LR390": 59.99928014546849, "LR370": 59.99999936736001, "LR425": 111.76731144941814}, "LR560": {"LR570": 59.9999986802418, "LR400": 59.99999988372207}, "LR360": {"LR350": 59.99999853681159, "LR370": 59.99999913546543}, "LR920": {"LR265": 59.8430421299017}, "LR540": {"LR530": 59.989772475419855, "LR550": 59.95978386967628}, "LR270": {"LR280": 59.99999999999098, "LR265": 59.99999999989946}, "LR370": {"LR380": 59.99999421708367, "LR360": 59.99999799718476}, "LR090": {"LR100": 59.90732709325554, "LR080": 59.978421175455125}, "LR100": {"LR090": 59.99173934229318, "LR350": 59.999991265445246, "LR340": 59.999863571392744, "LR110": 59.95158307961575, "LR120": 59.98105326026018}, "LR040": {"LR030": 59.99994068102869, "LR050": 59.999992815308325}, "LR075": {"LR070": 59.993895515165505, "LR230": 59.82354642798214, "LR080": 59.54604672965955}, "LR510": {"LR500": 59.985092482868595, "LR520": 59.94997662885324}, "LR001": {"LR240": 59.99975205266139, "LR010": 59.99562258464912}, "LR425": {"LR390": 59.925791546430695, "LR445": 59.93211606787969, "LR430": 58.96207611349001, "LR380": 111.76731144941814}, "LR330": {"LR320": 59.99964443265621, "LR340": 59.99960650859638}, "LR260": {"LR265": 59.99999988246365, "LR250": 59.99999991443341}, "LR435": {"LR430": 59.999999932143226, "LR450": 59.99999999997404}, "LR580": {"LR590": 59.99999991356562, "LR570": 59.9999994834853}, "LR448": {"LR460": 59.99993457999342, "LR445": 59.99979369499734}, "LR250": {"LR260": 59.99999953738696, "LR240": 59.99999958623622}, "LR015": {"LR020": 59.999888562307056, "LR010": 59.999333396821214}, "LR570": {"LR580": 59.99999948341131, "LR560": 59.99999962353547}, "LR220": {"LR212": 59.99940033860348, "LR230": 59.995010687055505}, "LR060": {"LR295": 59.93849006729359, "LR190": 59.78247468795288}, "LR275": {"LR270": 58.82224546027434}, "LR520": {"LR510": 59.976024548733925, "LR530": 59.97349808718843}, "LR300": {"LR310": 59.999918984641326, "LR280": 59.99888811418634}, "LR450": {"LR455": 59.999999999737454, "LR435": 59.99999999996044}, "LR180": {"LR170": 59.666593140898975}, "LR240": {"LR250": 59.999999432886774}, "LR190": {"LR180": 59.93082238748492}, "LR110": {"LR120": 59.91636593970668}, "LR010": {"LR015": 59.999918510037105}}