{"LR150": {"LR140": 2.345410119871546, "LR160": 1.0830025823812526}, "LR295": {"LR060": 2.3731761949384236, "LR280": 2.488380088603324, "LR070": 2.0236355369231767}, "LR350": {"LR360": 2.4373301090601, "LR100": 2.0973742129850588}, "LR265": {"LR260": 1.935461208676607, "LR270": 2.072869072102066}, "LR212": {"LR160": 3.0168957938440144, "LR220": 1.9336315989587356, "LR170": 3.299468994140625}, "LR530": {"LR520": 2.0710655574221164, "LR540": 3.0618599209640074}, "LR550": {"LR480": 2.8164277149466397, "LR540": 1.6118580052882407}, "LR480": {"LR468": 1.7584436666892078, "LR550": 2.7578145339892615}, "LR140": {"LR130": 1.3091593248916187, "LR150": 1.4530377233164948, "LR140": 0.007908175932243466}, "LR080": {"LR075": 2.672515869140625, "LR090": 1.219750266523988, "LR230": 1.7181205749511719}, "LR490": {"LR468": 2.843637228012085, "LR500": 3.045991748571396}, "LR590": {"LR580": 1.7444610085940573}, "LR390": {"LR400": 1.7715511241876478, "LR380": 4.018332323081134, "LR425": 3.0262087766132026}, "LR600": {"LR590": 3.729626134357826}, "LR310": {"LR320": 1.3387910374115963, "LR300": 1.8146209706862795}, "LR340": {"LR330": 1.3288406673894197, "LR100": 2.4285888671875}, "LR430": {"LR435": 2.7684077813756596, "LR425": 2.7105941772460938, "LR445": 3.216250117042364}, "LR468": {"LR480": 1.0562958406289569, "LR460": 3.2399612208187323, "LR490": 2.8227556943893433}, "LR500": {"LR490": 2.2187652587890625, "LR455": 1.5586566880414396, "LR510": 2.089452409059959}, "LR050": {"LR200": 1.4635640715856209, "LR040": 2.1232748838274405}, "LR320": {"LR330": 1.8339608529870632, "LR310": 1.3645007502683486}, "LR120": {"LR130": 1.8502271581087442, "LR110": 2.2198860514802927, "LR100": 3.98486328125}, "LR160": {"LR170": 3.0546563573409102, "LR150": 1.347964339793168, "LR212": 2.0296672582626343}, "LR030": {"LR040": 1.6652096212051668, "LR020": 2.048420553164622}, "LR445": {"LR448": 2.6229364684549075, "LR430": 1.73327171895653, "LR425": 2.9970650436007418}, "LR230": {"LR220": 1.8555372641970278, "LR075": 1.7554355314932764, "LR080": 1.3721923828125}, "LR200": {"LR170": 2.2657402183422004, "LR050": 1.6390414359432988, "LR060": 2.445143725548405}, "LR130": {"LR120": 1.6006549123658944, "LR140": 1.6313782630277256}, "LR400": {"LR390": 2.7372780137845165, "LR560": 3.1904519761700607}, "LR170": {"LR200": 1.261705520467984, "LR160": 2.5374304123680376, "LR212": 2.830322265625}, "LR070": {"LR075": 1.382214416141835, "LR295": 2.834084064288472}, "LR455": {"LR450": 1.7428957546750055, "LR500": 2.5248511457811773}, "LR460": {"LR448": 2.377286673619084, "LR468": 3.345617185428607}, "LR020": {"LR030": 1.4371129963519993, "LR015": 1.7648288846841402}, "LR280": {"LR295": 2.2446149732010507, "LR300": 2.439509256501137, "LR270": 1.6472933308862456}, "LR380": {"LR390": 3.676605250689498, "LR370": 3.4300074449252405, "LR425": 111.76731144941814}, "LR560": {"LR570": 1.9611133029652597, "LR400": 2.0756062934510275}, "LR360": {"LR350": 1.5822711391989117, "LR370": 3.410033740726969}, "LR920": {"LR265": 3.1892249584198}, "LR540": {"LR530": 2.6601406617555767, "LR550": 3.629200218924211}, "LR270": {"LR280": 2.6065134838558572, "LR265": 2.1238452943216544}, "LR370": {"LR380": 2.8600619438030446, "LR360": 2.2336559348461744}, "LR090": {"LR100": 2.0848106518387794, "LR080": 2.160812911728611}, "LR100": {"LR090": 2.3807149501517415, "LR350": 1.8402468358888209, "LR340": 1.9561326892354494, "LR110": 1.9386310279369354, "LR120": 3.7802408742820433}, "LR040": {"LR030": 2.247670294251364, "LR050": 1.311383272895227}, "LR075": {"LR070": 1.7606071086322395, "LR230": 1.4373484661628027, "LR080": 2.4196490794420242}, "LR510": {"LR500": 2.1958798279374605, "LR520": 1.9283524274619595}, "LR001": {"LR240": 3.216276680924791, "LR010": 3.0162524018206742}, "LR425": {"LR390": 2.396020293235779, "LR445": 2.991779148578644, "LR430": 2.2940826416015625, "LR380": 111.76731144941814}, "LR330": {"LR320": 1.1897859171590373, "LR340": 1.4906893477185268}, "LR260": {"LR265": 1.1133730256008756, "LR250": 1.8672328917245409}, "LR435": {"LR430": 4.873858258747198, "LR450": 1.5000800914013235}, "LR580": {"LR590": 1.1317594262394244, "LR570": 2.099320692257257}, "LR448": {"LR460": 1.7252821313309106, "LR445": 2.5533344183134483}, "LR250": {"LR260": 2.3766723277527912, "LR240": 1.9813213658387343}, "LR015": {"LR020": 1.8631420107151144, "LR010": 1.9760280880176793}, "LR570": {"LR580": 2.3971155656493917, "LR560": 1.610502555842666}, "LR220": {"LR212": 1.4004307085410714, "LR230": 1.1935361809659515}, "LR060": {"LR295": 2.422900319797918, "LR190": 1.1450691223144531}, "LR275": {"LR270": 2.6499576568603516}, "LR520": {"LR510": 1.7158870547427796, "LR530": 1.7007736633167951}, "LR300": {"LR310": 1.8828170053963234, "LR280": 2.5206992532124888}, "LR450": {"LR455": 3.0761133979247006, "LR435": 1.5564136888516287}, "LR180": {"LR170": 2.3361476361751556}, "LR240": {"LR250": 2.241091694013199}, "LR190": {"LR180": 2.2448192801148252}, "LR110": {"LR120": 2.7471976093947887}, "LR010": {"LR015": 2.1638246510567716}}