{"LR150": {"LR140": 58.547141352549446, "LR160": 59.13762100928244}, "LR295": {"LR060": 48.10023535955603, "LR280": 57.55975446741386, "LR070": 51.29434162520656}, "LR350": {"LR360": 56.968844925736086, "LR100": 54.35756663188388}, "LR265": {"LR260": 58.552472348844006, "LR270": 59.590802607610314}, "LR212": {"LR160": 42.25151303935602, "LR220": 46.71405169953488, "LR170": 26.491022452478138}, "LR530": {"LR520": 43.68650052169607, "LR540": 41.65580660708642}, "LR550": {"LR480": 58.95564363418331, "LR540": 54.25766207972681}, "LR480": {"LR468": 59.6674113778972, "LR550": 54.30289372115376}, "LR140": {"LR130": 56.61532893192341, "LR150": 59.75691919827459, "LR140": 34.21609605815111}, "LR080": {"LR075": 45.212326087344486, "LR090": 49.18090685455187, "LR230": 21.671631427414468}, "LR490": {"LR468": 32.51402710790818, "LR500": 35.10225507517959}, "LR590": {"LR580": 58.38018449623867}, "LR390": {"LR400": 58.553185541367256, "LR380": 55.00443147040046, "LR425": 40.2220964333708}, "LR600": {"LR590": 57.85866520090796}, "LR310": {"LR320": 52.92279343718726, "LR300": 54.83038067510845}, "LR340": {"LR330": 55.81813539999248, "LR100": 35.30098886271298}, "LR430": {"LR435": 59.82422090900836, "LR425": 37.550366377858865, "LR445": 48.24152329922602}, "LR468": {"LR480": 59.13311124178192, "LR460": 53.040655429488105, "LR490": 25.918264703347866}, "LR500": {"LR490": 35.13699864983299, "LR455": 59.42747357746161, "LR510": 53.65228967268731}, "LR050": {"LR200": 56.95364412210661, "LR040": 55.786558599968956}, "LR320": {"LR330": 52.87631873652765, "LR310": 51.20867407026562}, "LR120": {"LR130": 57.525671421057154, "LR110": 50.369269031861116, "LR100": 29.776323093243356}, "LR160": {"LR170": 59.67088385075814, "LR150": 59.22733394170243, "LR212": 42.0223702491477}, "LR030": {"LR040": 57.24559552462165, "LR020": 54.2996658928973}, "LR445": {"LR448": 58.200786296482384, "LR430": 40.28678123802641, "LR425": 35.393909994221715}, "LR230": {"LR220": 54.816820268573494, "LR075": 35.055375033374, "LR080": 34.758974882663345}, "LR200": {"LR170": 54.32464438082197, "LR050": 56.263790735750035, "LR060": 49.225583040557936}, "LR130": {"LR120": 58.370541213869345, "LR140": 59.042863789053754}, "LR400": {"LR390": 58.21483057469935, "LR560": 58.69899992137978}, "LR170": {"LR200": 59.59005724692565, "LR160": 58.39053690712452, "LR212": 29.38238228186399}, "LR070": {"LR075": 57.24144811036825, "LR295": 52.22470707605292}, "LR455": {"LR450": 59.930858144411765, "LR500": 59.76002551612923}, "LR460": {"LR448": 57.524998154231845, "LR468": 57.015016011737586}, "LR020": {"LR030": 53.618050782384856, "LR015": 55.823181374363756}, "LR280": {"LR295": 57.79874900669049, "LR300": 55.83893329106822, "LR270": 59.70264037838367}, "LR380": {"LR390": 50.55028102217862, "LR370": 59.14363210714781, "LR425": 111.76731144941814}, "LR560": {"LR570": 58.015022469621215, "LR400": 58.401672413329514}, "LR360": {"LR350": 59.63298472373651, "LR370": 57.28139552306347}, "LR920": {"LR265": 29.54506865659088}, "LR540": {"LR530": 45.309472834332915, "LR550": 50.36637384979686}, "LR270": {"LR280": 59.75543783045272, "LR265": 59.75868258982896}, "LR370": {"LR380": 56.967273615845194, "LR360": 59.05469986733389}, "LR090": {"LR100": 48.202299931771215, "LR080": 46.657576911128885}, "LR100": {"LR090": 52.21512733526164, "LR350": 56.6607062883722, "LR340": 58.20906593926694, "LR110": 49.561714269510304, "LR120": 53.08242365450026}, "LR040": {"LR030": 55.797694606862116, "LR050": 56.60892836156213}, "LR075": {"LR070": 52.89766935600719, "LR230": 49.25583705348785, "LR080": 39.849732803482055}, "LR510": {"LR500": 47.35599342562774, "LR520": 43.56253137232183}, "LR001": {"LR240": 55.98164240030364, "LR010": 48.168779494686994}, "LR425": {"LR390": 38.05387382854626, "LR445": 43.73865365988998, "LR430": 32.79506364743213, "LR380": 111.76731144941814}, "LR330": {"LR320": 57.76748912058268, "LR340": 54.834535282375}, "LR260": {"LR265": 58.69134328314125, "LR250": 59.37493115474041}, "LR435": {"LR430": 59.0672577467855, "LR450": 59.88266789881125}, "LR580": {"LR590": 58.370225254122694, "LR570": 59.6990277150735}, "LR448": {"LR460": 55.82893370751763, "LR445": 56.656518759393634}, "LR250": {"LR260": 58.8216710822842, "LR240": 59.43991208899307}, "LR015": {"LR020": 54.2448898509961, "LR010": 50.27702830755466}, "LR570": {"LR580": 58.68418879915206, "LR560": 58.81617438707101}, "LR220": {"LR212": 56.95025992060191, "LR230": 54.19512847044639}, "LR060": {"LR295": 43.62835753691181, "LR190": 49.27155075169294}, "LR275": {"LR270": 32.21697666104525}, "LR520": {"LR510": 45.175716412467494, "LR530": 46.72699787445074}, "LR300": {"LR310": 55.35114096568807, "LR280": 52.24307850234116}, "LR450": {"LR455": 59.299747284046575, "LR435": 59.430504668854795}, "LR180": {"LR170": 37.44337328006361}, "LR240": {"LR250": 57.55372141841301}, "LR190": {"LR180": 37.26852850205288}, "LR110": {"LR120": 41.969191530269356}, "LR010": {"LR015": 54.80434113044491}}