{"LR150": {"LR140": 2.091817086917419, "LR160": 1.6656874552123966}, "LR295": {"LR060": 1.969873465595975, "LR280": 2.485191353278508, "LR070": 2.11475662288318}, "LR350": {"LR360": 2.3118776143059763, "LR100": 2.5791463748263976}, "LR265": {"LR260": 1.9651994517574753, "LR270": 2.237165734504836}, "LR212": {"LR160": 3.015211978785028, "LR220": 1.8565235348387568, "LR170": 3.135220123247299}, "LR530": {"LR520": 2.3231883790703862, "LR540": 1.5972427155455013}, "LR550": {"LR480": 2.4060486698325585, "LR540": 1.5059207009790858}, "LR480": {"LR468": 1.9659881185047663, "LR550": 2.0815279551959156}, "LR140": {"LR130": 1.2053318551274195, "LR150": 1.694228927964555, "LR140": 0.14450141654836166}, "LR080": {"LR075": 1.9347377709717424, "LR090": 1.7202749967692141, "LR230": 1.4385502734643034}, "LR490": {"LR468": 2.6516176675435323, "LR500": 2.1484371333208014}, "LR590": {"LR580": 1.2616915528806802}, "LR390": {"LR400": 2.458418141613336, "LR380": 3.9002453761027427, "LR425": 2.9329126913875254}, "LR600": {"LR590": 3.5993054889168805}, "LR310": {"LR320": 1.542183100638681, "LR300": 1.8418915577164874}, "LR340": {"LR330": 1.6465144421491815, "LR100": 2.6117514968022695}, "LR430": {"LR435": 2.4536931136778444, "LR425": 2.2204006402799354, "LR445": 2.9666393507537583}, "LR468": {"LR480": 1.358367467202858, "LR460": 2.446056555605732, "LR490": 2.4151491462007386}, "LR500": {"LR490": 1.714655512304026, "LR455": 1.6562167450879208, "LR510": 1.8847778640387456}, "LR050": {"LR200": 1.7073077197682565, "LR040": 1.5099244113998822}, "LR320": {"LR330": 1.4237234856007834, "LR310": 1.5458400627391748}, "LR120": {"LR130": 1.7071422156401646, "LR110": 2.6044502802587637, "LR100": 2.94584161274054}, "LR160": {"LR170": 2.8490287349385723, "LR150": 1.63664582237951, "LR212": 2.7221861064936084}, "LR030": {"LR040": 1.603451512661048, "LR020": 2.3793911875291345}, "LR445": {"LR448": 2.3218288866077783, "LR430": 2.77941153937386, "LR425": 2.616615981343337}, "LR230": {"LR220": 1.932209953699164, "LR075": 2.0964084416741366, "LR080": 1.2136901037166257}, "LR200": {"LR170": 1.8321037581985706, "LR050": 2.1020998562696045, "LR060": 1.8636250501345244}, "LR130": {"LR120": 2.0190481711370962, "LR140": 1.6630565940911606}, "LR400": {"LR390": 2.2249823365148833, "LR560": 2.3835725255361373}, "LR170": {"LR200": 2.2080726104412607, "LR160": 2.440038601476026, "LR212": 2.330833823710024}, "LR070": {"LR075": 1.7428085203531964, "LR295": 2.356420938827328}, "LR455": {"LR450": 1.9916992165789593, "LR500": 2.607050574937935}, "LR460": {"LR448": 1.8110434364625205, "LR468": 2.7317438153444336}, "LR020": {"LR030": 1.5725239428574007, "LR015": 1.7260449475539539}, "LR280": {"LR295": 2.203328654435895, "LR300": 2.3027376455536257, "LR270": 2.507715938025656}, "LR380": {"LR390": 3.7493526348153545, "LR370": 2.3589775713774306, "LR425": 111.76731144941814}, "LR560": {"LR570": 2.259530787234946, "LR400": 2.807651642417764}, "LR360": {"LR350": 1.908582750047789, "LR370": 2.1756236932902326}, "LR920": {"LR265": 2.7580415607644264}, "LR540": {"LR530": 2.040891309124397, "LR550": 2.178667337431432}, "LR270": {"LR280": 1.6722141064461886, "LR265": 2.1310071645071145}, "LR370": {"LR380": 2.084877101026022, "LR360": 2.2709177440557786}, "LR090": {"LR100": 2.8948740722322728, "LR080": 1.36196941315569}, "LR100": {"LR090": 1.9189102466752697, "LR350": 2.497616818020975, "LR340": 2.156967484650448, "LR110": 2.8742754893011218, "LR120": 3.2355227700603457}, "LR040": {"LR030": 2.1010210062201073, "LR050": 1.6878681666650501}, "LR075": {"LR070": 1.8652930751889625, "LR230": 2.466192808912219, "LR080": 2.2720403650118355}, "LR510": {"LR500": 3.312489125080264, "LR520": 2.0546263249699757}, "LR001": {"LR240": 3.989309790833178, "LR010": 2.9013996354961504}, "LR425": {"LR390": 2.904121038026318, "LR445": 2.793980140313649, "LR430": 3.2366411504307506, "LR380": 111.76731144941814}, "LR330": {"LR320": 1.7028187829113386, "LR340": 1.6699317577342825}, "LR260": {"LR265": 2.273058735517431, "LR250": 1.949399770718094}, "LR435": {"LR430": 3.9061345966454097, "LR450": 1.325665916333127}, "LR580": {"LR590": 1.6643686015933745, "LR570": 1.9235607364533347}, "LR448": {"LR460": 1.8446871371614946, "LR445": 2.315313056061108}, "LR250": {"LR260": 1.6588212624475465, "LR240": 2.4874813158703253}, "LR015": {"LR020": 1.873240336692031, "LR010": 1.637113598145525}, "LR570": {"LR580": 1.8310895967626284, "LR560": 1.8766225867761837}, "LR220": {"LR212": 1.2796099551608184, "LR230": 1.7043112589230727}, "LR060": {"LR295": 1.9957596852651789, "LR190": 2.4718727264711546}, "LR275": {"LR270": 2.69068243791364}, "LR520": {"LR510": 1.750177105879187, "LR530": 2.0202832604802228}, "LR300": {"LR310": 1.8657376555695357, "LR280": 2.2209636464664197}, "LR450": {"LR455": 1.5672111598446632, "LR435": 1.401876362388855}, "LR180": {"LR170": 1.9827004156328758}, "LR240": {"LR250": 1.981418025847507}, "LR190": {"LR180": 1.3526340474959784}, "LR110": {"LR120": 2.253350554792031}, "LR010": {"LR015": 1.7786042450858868}}