{"MEF": {"LAK": 125.94627638552329, "TWW": 351.2957458081707, "LCK": 119.57238857234418, "NAC": 172.86255619379492}}