{"MEF": {"LAK": 125.99409180674942, "TWW": 351.82102104152176, "LCK": 81.46014732641036, "NAC": 173.18177047756006}}