{"MEF": {"LAK": 125.9940917246978, "TWW": 351.82099484070426, "LCK": 108.33200111911792, "NAC": 173.1817610736246}}