{"MEF": {"LAK": 125.9940918067513, "TWW": 351.82102104152176, "LCK": 83.27644740095316, "NAC": 173.181770479253}}