{"MEF": {"LAK": 125.99409119929805, "TWW": 351.82093743444364, "LCK": 111.52189817975523, "NAC": 173.1817140049397}}