{"MEF": {"LAK": 125.99409066371636, "TWW": 351.82086367383715, "LCK": 110.60213104672339, "NAC": 173.18168439549575}}