{"MEF": {"LAK": 125.99409180675624, "TWW": 351.8210210882052, "LCK": 96.19546849851668, "NAC": 173.1817704932741}}