{"MEF": {"LAK": 125.99409113180268, "TWW": 351.82090633468533, "LCK": 109.65172614784595, "NAC": 173.18170772832303}}