{"MEF": {"LAK": 125.99409180675624, "TWW": 351.8210210939365, "LCK": 101.42045801611839, "NAC": 173.18177049448929}}