{"MEF": {"LAK": 125.99409039559585, "TWW": 351.82086367383715, "LCK": 108.22459005191486, "NAC": 173.1816641994355}}