{"MEF": {"LAK": 125.99409180675624, "TWW": 351.82102109394066, "LCK": 92.2142078137251, "NAC": 173.18177049448929}}