{"MEF": {"LAK": 116.71634504644071, "TWW": 323.0356648226185, "LCK": 97.75214519382482, "NAC": 157.43797317680864}}