{"MEF": {"LAK": 125.9940918067562, "TWW": 351.82102106608323, "LCK": 91.57771133294504, "NAC": 173.18177048639217}}