{"MEF": {"LAK": 125.99409180675624, "TWW": 351.82102109394066, "LCK": 102.80889915742496, "NAC": 173.18177049448929}}