{"MEF": {"LAK": 125.96585727867243, "TWW": 351.2957458081707, "LCK": 126.37556578477287, "NAC": 172.92320691092687}}