{"MEF": {"LAK": 125.91311597103841, "TWW": 351.02041861601043, "LCK": 115.80171428684466, "NAC": 172.69523749541227}}