{"MEF": {"LAK": 125.99409173290364, "TWW": 351.82099484070426, "LCK": 110.62762881583697, "NAC": 173.18176286358892}}