{"MEF": {"LAK": 125.99409180675624, "TWW": 351.82102109394066, "LCK": 93.63408357276015, "NAC": 173.18177049448929}}