{"MEF": {"LAK": 125.99409180655411, "TWW": 351.8210206148718, "LCK": 78.65972262990923, "NAC": 173.18177035524076}}