{"MEF": {"LAK": 125.99408915140889, "TWW": 351.8207545016129, "LCK": 102.64764203940103, "NAC": 173.18159048288217}}