{"MEF": {"LAK": 125.99409180675624, "TWW": 351.82102109394066, "LCK": 73.18779694064949, "NAC": 173.18177049448929}}