{"MEF": {"LAK": 114.54008346068767, "TWW": 319.83729190358264, "LCK": 96.9310607048622, "NAC": 157.43797317680864}}