{"MEF": {"LAK": 114.5400834606877, "TWW": 319.8372919035826, "LCK": 13.139093643683358, "NAC": 157.43797317680867}}