{"MEF": {"LAK": 125.9940918062343, "TWW": 351.8210201924879, "LCK": 72.73302514434359, "NAC": 173.18177030347616}}