{"MEF": {"LAK": 125.99244997637393, "TWW": 351.78331168687714, "LCK": 114.64808639932316, "NAC": 173.1285345455513}}