{"MEF": {"LAK": 125.99409180675624, "TWW": 351.8210210938723, "LCK": 90.71347506457177, "NAC": 173.1817704944817}}