{"MEF": {"LAK": 125.99409165234863, "TWW": 351.8209850812706, "LCK": 94.75517133078955, "NAC": 173.18175079780139}}