{"MEF": {"LAK": 125.99409178798403, "TWW": 351.82101367925145, "LCK": 118.27176751696547, "NAC": 173.18176753812224}}