{"MEF": {"LAK": 125.98691496854482, "TWW": 351.63786892667554, "LCK": 128.5923532562255, "NAC": 173.08159766450802}}