{"MEF": {"LAK": 119.90696215731327, "TWW": 334.82355606928775, "LCK": 101.17693067444233, "NAC": 157.43797317680864}}