{"MEF": {"LAK": 125.99409180664888, "TWW": 351.82102070589497, "LCK": 98.3823959541616, "NAC": 173.18177039297717}}