{"MEF": {"LAK": 125.99345572802679, "TWW": 351.81239439115103, "LCK": 122.31739593878949, "NAC": 173.16506448961974}}