{"MEF": {"LAK": 125.99409180675624, "TWW": 351.8210210938562, "LCK": 102.73574866274855, "NAC": 173.18177049447763}}