{"MEF": {"LAK": 125.99312232233387, "TWW": 351.80098076894154, "LCK": 119.71723981572848, "NAC": 173.14296148771354}}