{"MEF": {"LAK": 114.54008346068767, "TWW": 319.83729190358264, "LCK": 93.79789653855102, "NAC": 157.43797317680864}}