{"MEF": {"LAK": 125.99389219851109, "TWW": 351.81831394319613, "LCK": 116.6597191278958, "NAC": 173.17705222527766}}