{"MEF": {"LAK": 125.99409180675624, "TWW": 351.82102109394066, "LCK": 113.81331301193441, "NAC": 173.18177049448929}}