{"MEF": {"LAK": 125.99409180675624, "TWW": 351.8210210926289, "LCK": 91.73561488849165, "NAC": 173.18177049435644}}