{"MEF": {"LAK": 124.08388602298753, "TWW": 342.7878712837742, "LCK": 96.57045173741155, "NAC": 167.69224780450992}}