{"MEF": {"LAK": 125.50854312607252, "TWW": 346.4870364625356, "LCK": 91.38145905760356, "NAC": 170.55614880939257}}