{"MKK": {"HUH": 188.29362581530398, "KOT": 137.97266709715893}}