{"MKK": {"HUH": 188.31605277369212, "KOT": 137.99092676309954}}