{"MKK": {"HUH": 188.31605198840768, "KOT": 137.990926636283}}