{"MKK": {"HUH": 188.31602351640424, "KOT": 137.99092235595214}}