{"MKK": {"HUH": 188.3160526886345, "KOT": 137.99092672951699}}