{"MKK": {"HUH": 188.31605270940508, "KOT": 137.99092674979508}}