{"MKK": {"HUH": 188.3160528963398, "KOT": 137.99092678848154}}