{"MKK": {"HUH": 188.31604968161747, "KOT": 137.99092577446143}}