{"MKK": {"HUH": 188.31605289624545, "KOT": 137.99092678835126}}