{"MKK": {"HUH": 188.3160528945275, "KOT": 137.99092678684207}}