{"MOK": {"PRE": 95.76287339988255, "YMT": 117.82766059308742}, "MOS": {"HEO": 124.98381591439151}}