{"MOK": {"PRE": 85.88369750976562, "YMT": 89.70396614074707}, "MOS": {"HEO": 154.125}}