{"MOK": {"PRE": 91.64266952677382, "YMT": 85.59018780638827}, "MOS": {"HEO": 136.37917966186586}}