{"MOK": {"PRE": 87.5374345579871, "YMT": 106.5015913120856}, "MOS": {"HEO": 142.25930381881716}}