{"MOK": {"PRE": 98.1144055897587, "YMT": 112.1459698313748}, "MOS": {"HEO": 149.57240724136852}}