{"MOK": {"PRE": 87.41928739264787, "YMT": 98.62531928641846}, "MOS": {"HEO": 128.20580269110803}}