{"MOK": {"PRE": 75.5684010284691, "YMT": 101.32847100936019}, "MOS": {"HEO": 137.05828961868173}}