{"MOK": {"PRE": 86.62937782623182, "YMT": 109.10428995106122}, "MOS": {"HEO": 140.3264342483829}}