{"MOK": {"PRE": 90.34402435384857, "YMT": 103.73986222987745}, "MOS": {"HEO": 139.11670076555276}}