{"MOK": {"PRE": 96.48327216979587, "YMT": 93.18101831841079}, "MOS": {"HEO": 133.20587268957786}}