{"MOK": {"PRE": 95.20223847938787, "YMT": 100.53639374674589}, "MOS": {"HEO": 124.59315302810846}}