{"MOK": {"PRE": 67.13892401024029, "YMT": 108.13125536654638}, "MOS": {"HEO": 142.32272556725775}}