{"MOK": {"PRE": 108.0674016749341, "YMT": 111.82595435315565}, "MOS": {"HEO": 145.34488487895766}}