{"MOK": {"PRE": 89.82476975893121, "YMT": 109.05143218087703}, "MOS": {"HEO": 147.13003609324193}}