{"MOK": {"PRE": 101.27728566509168, "YMT": 106.56990638255976}, "MOS": {"HEO": 149.2165017219792}}