{"MOK": {"PRE": 103.05424044497481, "YMT": 100.97218498324477}, "MOS": {"HEO": 133.4063046173773}}