{"MOK": {"PRE": 95.94767496445104, "YMT": 105.86539071519178}, "MOS": {"HEO": 151.28045249040946}}