{"MOK": {"PRE": 122.04128654941152, "YMT": 105.52250746701615}, "MOS": {"HEO": 142.11146766165672}}