{"MOK": {"PRE": 97.28353898254585, "YMT": 101.87783416148542}, "MOS": {"HEO": 142.96829432873636}}