{"MOK": {"PRE": 110.23644793209033, "YMT": 45.66467610161999}, "MOS": {"HEO": 122.75390625}}