{"MOK": {"PRE": 96.80325674359972, "YMT": 83.5144928231261}, "MOS": {"HEO": 125.79692687876414}}