{"MOK": {"PRE": 102.3670272362247, "YMT": 106.00403639514009}, "MOS": {"HEO": 141.1188619037626}}