{"MOK": {"PRE": 100.10456192869421, "YMT": 124.5358129486478}, "MOS": {"HEO": 143.69424432037187}}