{"MOK": {"PRE": 88.34271291207817, "YMT": 87.77547603257135}, "MOS": {"HEO": 94.6023996872973}}