{"MOK": {"PRE": 107.82124083189811, "YMT": 94.70009467328273}, "MOS": {"HEO": 135.87887528631933}}