{"MOK": {"PRE": 101.78361674947578, "YMT": 99.88372286712774}, "MOS": {"HEO": 132.49551077179893}}