{"MOK": {"PRE": 88.88322836415122, "YMT": 84.82958162377102}, "MOS": {"HEO": 147.95898624016405}}