{"MOK": {"PRE": 79.78676026716428, "YMT": 101.26132999652444}, "MOS": {"HEO": 134.7148573802329}}