{"MOK": {"PRE": 74.91756911838986, "YMT": 99.8773164103763}, "MOS": {"HEO": 109.46110428430157}}