{"MOK": {"PRE": 110.85167442871543, "YMT": 118.53314748578887}, "MOS": {"HEO": 149.9037442305596}}