{"MOK": {"PRE": 158.3243217556672, "YMT": 114.1348773862139}, "MOS": {"HEO": 148.2288407038472}}