{"MOK": {"PRE": 92.28316491492612, "YMT": 104.92889748325278}, "MOS": {"HEO": 140.4052669385309}}