{"MOK": {"PRE": 66.67860569615137, "YMT": 66.26471638168212}, "MOS": {"HEO": 138.29529715564703}}