{"MOK": {"PRE": 114.86985628725952, "YMT": 118.53314748578887}, "MOS": {"HEO": 146.50203282675326}}