{"MOK": {"PRE": 109.34693938416767, "YMT": 90.94989016455038}, "MOS": {"HEO": 139.64204272299892}}