{"MOK": {"PRE": 87.73230734464116, "YMT": 76.38633028865107}, "MOS": {"HEO": 131.32807001743802}}