{"MOK": {"PRE": 79.51482488976839, "YMT": 80.83540842473778}, "MOS": {"HEO": 132.58674446382003}}