{"MOK": {"PRE": 86.78035859090032, "YMT": 201.0447566436623}, "MOS": {"HEO": 130.68642077232354}}