{"MOK": {"PRE": 78.01551315831146, "YMT": 77.06154962994592}, "MOS": {"HEO": 142.6801389690841}}