{"MOK": {"PRE": 84.14700816071239, "YMT": 94.30411146747045}, "MOS": {"HEO": 132.58674446382003}}