{"MOK": {"PRE": 83.06417291112813, "YMT": 78.98430299801478}, "MOS": {"HEO": 135.9412616956793}}