{"MOK": {"PRE": 95.9388162941388, "YMT": 87.99356323103486}, "MOS": {"HEO": 113.23475874202416}}