{"MOK": {"PRE": 72.6616947917907, "YMT": 104.7938609559551}, "MOS": {"HEO": 139.4937908235446}}