{"MOK": {"PRE": 99.00600644142955, "YMT": 94.85824237635437}, "MOS": {"HEO": 132.83571219600512}}