{"MOK": {"PRE": 76.5461773396889, "YMT": 73.51472919708547}, "MOS": {"HEO": 139.74625702779775}}