{"MOK": {"PRE": 70.17756768434379, "YMT": 97.95337918888697}, "MOS": {"HEO": 133.06425337958052}}