{"MOK": {"PRE": 77.15299302864386, "YMT": 90.41123199375116}, "MOS": {"HEO": 131.6838407137142}}