{"MOK": {"PRE": 97.1786370281043, "YMT": 102.35538803426437}, "MOS": {"HEO": 128.22297351036403}}