{"MOK": {"PRE": 101.17137827219422, "YMT": 98.8579833147164}, "MOS": {"HEO": 133.4063046173773}}