{"MOK": {"PRE": 77.34396171790542, "YMT": 105.03078225699058}, "MOS": {"HEO": 114.5908820687359}}