{"MOK": {"PRE": 100.30672897051593, "YMT": 107.93509682702631}, "MOS": {"HEO": 134.9448641184796}}