{"MOK": {"PRE": 447.46589120916326, "YMT": 103.83316317888875}, "MOS": {"HEO": 134.3106030859985}}