{"MOK": {"PRE": 92.91556570075451, "YMT": 98.3037467010628}, "MOS": {"HEO": 126.67569995025178}}