{"MOK": {"PRE": 95.54689935123261, "YMT": 102.79603125712852}, "MOS": {"HEO": 128.9886317391438}}