{"MOK": {"PRE": 88.53802539295137, "YMT": 101.12781021456162}, "MOS": {"HEO": 127.29613912293561}}