{"MOK": {"PRE": 99.77881958798505, "YMT": 85.00253363853912}, "MOS": {"HEO": 136.83628363702064}}