{"MOK": {"PRE": 96.13735274606188, "YMT": 88.99334173282367}, "MOS": {"HEO": 126.45089187900894}}