{"MOK": {"PRE": 91.06432146752594, "YMT": 73.87600370540852}, "MOS": {"HEO": 127.16765764334328}}