{"MOK": {"PRE": 101.54821645442205, "YMT": 89.37013671858377}, "MOS": {"HEO": 126.67569995025178}}