{"MOK": {"PRE": 81.43769372577948, "YMT": 93.37010879437604}, "MOS": {"HEO": 130.5154566423428}}