{"MOK": {"PRE": 100.94542797101961, "YMT": 112.01471969758131}, "MOS": {"HEO": 146.57498024896745}}