{"MOK": {"PRE": 104.69732694177105, "YMT": 97.32592079603326}, "MOS": {"HEO": 136.37917966186586}}