{"MOK": {"PRE": 98.66184282454306, "YMT": 104.66850574200039}, "MOS": {"HEO": 138.69792353611865}}