{"MOK": {"PRE": 95.56328219264695, "YMT": 94.9056667573881}, "MOS": {"HEO": 136.28520594237162}}