{"MOK": {"PRE": 91.4729056843485, "YMT": 85.0802695289022}, "MOS": {"HEO": 130.40652521064206}}