{"MOK": {"PRE": 83.08928732322258, "YMT": 98.83303289341025}, "MOS": {"HEO": 130.68642077232354}}