{"MOK": {"PRE": 103.5021301369084, "YMT": 104.66850574200039}, "MOS": {"HEO": 139.44213726235407}}