{"MOK": {"PRE": 106.71020215584315, "YMT": 111.02895987735197}, "MOS": {"HEO": 140.31586373386907}}