{"MOK": {"PRE": 85.44962585332237, "YMT": 90.45046484727479}, "MOS": {"HEO": 123.40465993216358}}