{"MOK": {"PRE": 106.87149544937174, "YMT": 108.27302630128229}, "MOS": {"HEO": 147.10969008025717}}