{"MOK": {"PRE": 83.06417291112813, "YMT": 84.2858726982133}, "MOS": {"HEO": 135.9412616956793}}