{"MOK": {"PRE": 85.73057467688042, "YMT": 110.2573950295694}, "MOS": {"HEO": 142.65754157052478}}