{"MOK": {"PRE": 82.97479223806191, "YMT": 88.82705464343685}, "MOS": {"HEO": 135.28130485974634}}