{"MOK": {"PRE": 30.240550009549317, "YMT": 76.00738354092432}, "MOS": {"HEO": 86.82529996091216}}