{"MOK": {"PRE": 79.46168113321657, "YMT": 97.41945439916404}, "MOS": {"HEO": 112.65653563192878}}