{"MOK": {"PRE": 116.95312939030018, "YMT": 81.24649672685429}, "MOS": {"HEO": 150.8388489650083}}