{"MOK": {"PRE": 77.41601190695462, "YMT": 84.39332042510739}, "MOS": {"HEO": 151.95483692528327}}