{"MOK": {"PRE": 105.32304140430206, "YMT": 121.45082374778546}, "MOS": {"HEO": 147.52136097011626}}