{"MOK": {"PRE": 75.77983090952686, "YMT": 74.45188289511421}, "MOS": {"HEO": 103.93705880856817}}