{"MOK": {"PRE": 2882.431937855616, "YMT": 104.7729899004617}, "MOS": {"HEO": 145.32082975532285}}