{"MOK": {"PRE": 111.36242014059184, "YMT": 35.177021128175625}, "MOS": {"HEO": 133.34423828125}}