{"MOK": {"PRE": 113.87203480614315, "YMT": 98.70062650248909}, "MOS": {"HEO": 143.23496406850748}}