{"MOK": {"PRE": 95.81523565000666, "YMT": 99.57270390685233}, "MOS": {"HEO": 138.50128731234432}}