{"MOK": {"PRE": 108.23499494374637, "YMT": 107.59225144586921}, "MOS": {"HEO": 145.85521120028574}}