{"MOK": {"PRE": 81.84703749993784, "YMT": 95.24436615042931}, "MOS": {"HEO": 142.2867508952203}}