{"MOK": {"PRE": 95.87800129393824, "YMT": 89.02186388901833}, "MOS": {"HEO": 137.847016813321}}