{"MOK": {"PRE": 101.9463988358847, "YMT": 96.70726858080523}, "MOS": {"HEO": 137.7792214333666}}