{"MOK": {"PRE": 84.65391118384386, "YMT": 88.59858954433699}, "MOS": {"HEO": 151.95483692528327}}