{"MOK": {"PRE": 85.80058178464385, "YMT": 95.39384708718562}, "MOS": {"HEO": 156.55935323275494}}