{"MOK": {"PRE": 86.78035859090032, "YMT": 210.04972960406923}, "MOS": {"HEO": 130.68642077232354}}