{"MOK": {"PRE": 94.55374894070403, "YMT": 96.77275956558066}, "MOS": {"HEO": 138.40503068899747}}