{"MOK": {"PRE": 98.22373159631783, "YMT": 91.46447180160715}, "MOS": {"HEO": 132.06567415563956}}