{"MOK": {"PRE": 105.3485018748675, "YMT": 110.64132804450605}, "MOS": {"HEO": 139.68826622021}}