{"MOK": {"PRE": 48.094845507734945, "YMT": 84.3659806681487}, "MOS": {"HEO": 86.82529996091216}}