{"MOK": {"PRE": 97.49491996779958, "YMT": 112.01471969758131}, "MOS": {"HEO": 148.19442249885273}}