{"MOK": {"PRE": 97.08922639348803, "YMT": 102.35538803426437}, "MOS": {"HEO": 127.39067615932763}}