{"MOK": {"PRE": 99.12293106923974, "YMT": 83.5144928231261}, "MOS": {"HEO": 132.49551077179893}}