{"MOK": {"PRE": 92.11197665899755, "YMT": 128.8565630865534}, "MOS": {"HEO": 150.39123734473432}}