{"MOK": {"PRE": 90.29516318654541, "YMT": 99.48586909035438}, "MOS": {"HEO": 116.38746476440903}}