{"MOK": {"PRE": 91.1437300126098, "YMT": 88.17728542839197}, "MOS": {"HEO": 135.9412616956793}}