{"MOK": {"PRE": 180.84543450708807, "YMT": 114.07268813112827}, "MOS": {"HEO": 145.84301321462615}}