{"MOK": {"PRE": 106.4298073494404, "YMT": 84.70163897108037}, "MOS": {"HEO": 135.67693810200166}}