{"MOK": {"PRE": 100.79487690862317, "YMT": 104.20268001208794}, "MOS": {"HEO": 145.5411041095511}}