{"MOK": {"PRE": 91.00277259900886, "YMT": 96.00390801545555}, "MOS": {"HEO": 136.7771613610368}}