{"MOK": {"PRE": 99.78230971430526, "YMT": 98.98495728371572}, "MOS": {"HEO": 119.61943052093025}}