{"MOK": {"PRE": 73.55983790230866, "YMT": 114.20344616779785}, "MOS": {"HEO": 144.13034749581203}}