{"MOK": {"PRE": 87.38030375413923, "YMT": 107.98786430775412}, "MOS": {"HEO": 121.25160854339485}}