{"MOK": {"PRE": 100.82759424759395, "YMT": 97.32592079603326}, "MOS": {"HEO": 136.37917966186586}}