{"MOK": {"PRE": 79.279027045623, "YMT": 106.59609119923725}, "MOS": {"HEO": 152.3387076947592}}