{"MOK": {"PRE": 107.0066569299524, "YMT": 93.72930057893882}, "MOS": {"HEO": 145.47783845069904}}