{"MOK": {"PRE": 99.19471910220969, "YMT": 100.41284894326708}, "MOS": {"HEO": 136.7771613610368}}