{"MOK": {"PRE": 75.72581220655088, "YMT": 99.8773164103763}, "MOS": {"HEO": 109.46110428430157}}