{"MOK": {"PRE": 77.85163683932043, "YMT": 96.35899170018973}, "MOS": {"HEO": 128.39484529120756}}