{"MOK": {"PRE": 104.6763206643437, "YMT": 95.2647853182741}, "MOS": {"HEO": 132.6807917087065}}