{"MOK": {"PRE": 83.5540514529972, "YMT": 93.48342838988961}, "MOS": {"HEO": 143.86682107676012}}