{"MOK": {"PRE": 95.364846201717, "YMT": 98.87444291813478}, "MOS": {"HEO": 137.18807485808793}}