{"NAC": {"AUS": 223.92848471159044, "OLY": 134.5460042897229, "LAK": 297.325059733712, "MEF": 173.18176548785564}}