{"NAC": {"AUS": 203.57136492850842, "OLY": 115.40711502784416, "LAK": 270.29550884882934, "MEF": 157.43797317680864}}