{"NAC": {"AUS": 216.83040682412926, "OLY": 129.49783784456991, "LAK": 297.19968592741833, "MEF": 169.58009465759386}}