{"NAC": {"AUS": 223.92301066181932, "OLY": 110.15332322772429, "LAK": 297.3250597337078, "MEF": 173.17833087623404}}