{"NAC": {"AUS": 214.19174614395183, "OLY": 124.30915083732702, "LAK": 295.7532984584462, "MEF": 164.81487110418385}}