{"NAC": {"AUS": 203.57136492850842, "OLY": 108.80613688283589, "LAK": 270.29550884882934, "MEF": 157.43797317680864}}