{"NAC": {"AUS": 203.57136492850842, "OLY": 101.16051997650165, "LAK": 270.29550884882934, "MEF": 157.43797317680864}}