{"NAC": {"AUS": 222.6132101622546, "OLY": 114.2852411204689, "LAK": 297.3245363534965, "MEF": 172.58111247093737}}