{"NAC": {"AUS": 223.92850142135026, "OLY": 140.58367831624173, "LAK": 297.325059733712, "MEF": 173.18177049448838}}