{"NAC": {"AUS": 223.92240057742598, "OLY": 106.03554828185379, "LAK": 297.32505973370456, "MEF": 173.17705222527766}}