{"NAC": {"AUS": 222.74473928816505, "OLY": 119.08594077682183, "LAK": 297.32485696549327, "MEF": 172.64117827329258}}