{"NAC": {"AUS": 223.92843568315737, "OLY": 124.0198950186007, "LAK": 297.325059733712, "MEF": 173.1817545401721}}