{"NAC": {"AUS": 223.86654951031193, "OLY": 114.56284153413647, "LAK": 297.32505973271446, "MEF": 173.15885416407835}}