{"NAC": {"AUS": 223.90690012565406, "OLY": 104.65873499563297, "LAK": 297.32505973362385, "MEF": 173.16959181693943}}