{"NAC": {"AUS": 223.9285014212679, "OLY": 124.40689942277417, "LAK": 297.325059733712, "MEF": 173.18177049448315}}