{"NAC": {"AUS": 221.70104412469937, "OLY": 128.92325318022668, "LAK": 297.31605917338766, "MEF": 172.35782258838236}}