{"NAC": {"AUS": 223.59417203077751, "OLY": 153.36061627246966, "LAK": 297.32505967902136, "MEF": 173.108744501433}}