{"NAC": {"AUS": 223.92821406375842, "OLY": 116.93981240694836, "LAK": 297.325059733712, "MEF": 173.18169300539512}}