{"NAC": {"AUS": 223.92850142068284, "OLY": 103.83822287232877, "LAK": 297.325059733712, "MEF": 173.18177049432524}}