{"NAC": {"AUS": 223.7845835813745, "OLY": 124.61196893111904, "LAK": 297.3250597316258, "MEF": 173.15630790514376}}