{"NAC": {"AUS": 203.57136492850842, "OLY": 113.36062225816663, "LAK": 270.29550884882934, "MEF": 157.43797317680864}}