{"NAC": {"AUS": 223.92850142135907, "OLY": 100.22019340767835, "LAK": 297.325059733712, "MEF": 173.18177049448929}}