{"NAC": {"AUS": 223.92850142135907, "OLY": 113.51656546636045, "LAK": 297.325059733712, "MEF": 173.18177049448929}}