{"NAC": {"AUS": 223.90690012565406, "OLY": 98.24535184646045, "LAK": 297.32505973362385, "MEF": 173.16959181693943}}