{"NAC": {"AUS": 210.57218416839982, "OLY": 101.16499136919221, "LAK": 293.67376820963494, "MEF": 162.85226507435908}}