{"NAC": {"AUS": 223.92850142135677, "OLY": 115.02989523025, "LAK": 297.325059733712, "MEF": 173.1817704944889}}