{"NAC": {"AUS": 223.928501419945, "OLY": 113.32153826334263, "LAK": 297.325059733712, "MEF": 173.18177049384354}}