{"NAC": {"AUS": 203.5713649285084, "OLY": 172.0016790166491, "LAK": 270.29550884882934, "MEF": 157.43797317680867}}