{"NAC": {"AUS": 223.9285014208114, "OLY": 117.76939114442152, "LAK": 297.325059733712, "MEF": 173.18177049440217}}