{"NAC": {"AUS": 223.92850142008643, "OLY": 118.08247849819479, "LAK": 297.325059733712, "MEF": 173.1817704941805}}