{"NAC": {"AUS": 223.88785477252108, "OLY": 127.15948033054697, "LAK": 297.325059733182, "MEF": 173.16506448961974}}