{"NAC": {"AUS": 216.04172964665926, "OLY": 141.51951217043907, "LAK": 297.0891467983273, "MEF": 169.17990845349433}}