{"NAC": {"AUS": 223.55702432071286, "OLY": 124.3588803459849, "LAK": 297.32505940577346, "MEF": 173.08159766450802}}