{"NAC": {"AUS": 223.92240057742598, "OLY": 102.03199345366842, "LAK": 297.32505973370536, "MEF": 173.1779486964279}}