{"NAC": {"AUS": 223.36231166271514, "OLY": 115.96082899699881, "LAK": 297.32504794279373, "MEF": 172.89447762386436}}