{"NAC": {"AUS": 223.92850142112343, "OLY": 122.59003730486472, "LAK": 297.325059733712, "MEF": 173.18177049445188}}