{"NAC": {"AUS": 223.92850142134557, "OLY": 137.02962329627763, "LAK": 297.325059733712, "MEF": 173.181770494488}}