{"NAC": {"AUS": 223.92806344300098, "OLY": 144.0578095770492, "LAK": 297.325059733712, "MEF": 173.18165238887394}}