{"NAC": {"AUS": 223.92849891331267, "OLY": 135.17600940586698, "LAK": 297.325059733712, "MEF": 173.18176946366796}}