{"NAC": {"AUS": 223.92850137559253, "OLY": 106.22959405179408, "LAK": 297.325059733712, "MEF": 173.18177048549245}}