{"NAC": {"AUS": 223.9283317395695, "OLY": 121.48681714352044, "LAK": 297.325059733712, "MEF": 173.18172931360766}}