{"NAC": {"AUS": 203.57136492850842, "OLY": 103.55200525654405, "LAK": 270.29550884882934, "MEF": 157.43797317680864}}