{"NAC": {"AUS": 223.92842026308531, "OLY": 122.14801854148236, "LAK": 297.325059733712, "MEF": 173.1817545401721}}