{"NAC": {"AUS": 216.04172964665926, "OLY": 138.93972437225005, "LAK": 297.1127380918658, "MEF": 169.17990845349433}}