{"NAC": {"AUS": 223.92850034172753, "OLY": 140.01705730787734, "LAK": 297.325059733712, "MEF": 173.18176965952404}}