{"NAC": {"AUS": 223.92850142112343, "OLY": 120.81212250324377, "LAK": 297.325059733712, "MEF": 173.18177049443793}}