{"NAC": {"AUS": 223.90690012565406, "OLY": 109.8535753464627, "LAK": 297.3250597336478, "MEF": 173.17190576567393}}