{"NAC": {"AUS": 223.92850142135907, "OLY": 126.18376483698376, "LAK": 297.325059733712, "MEF": 173.18177049448929}}