{"NAC": {"AUS": 223.92849254110303, "OLY": 111.7515005555701, "LAK": 297.325059733712, "MEF": 173.181767209637}}