{"NAC": {"AUS": 223.75082507569908, "OLY": 127.78234368765098, "LAK": 297.3250597270632, "MEF": 173.14296148771354}}