{"NAC": {"AUS": 223.9284971739603, "OLY": 143.71134493746973, "LAK": 297.325059733712, "MEF": 173.18176753812224}}