{"NAC": {"AUS": 3.8020481087280964, "OLY": -259.6875, "LAK": 0.07371499117325274, "MEF": 0.04293648404477926}}