{"NAC": {"AUS": 203.5713649285084, "OLY": 97.20008136704564, "LAK": 270.29550884882934, "MEF": 157.43797317680867}}