{"NAC": {"AUS": 223.92850142135822, "OLY": 113.17490490396835, "LAK": 297.325059733712, "MEF": 173.18177049448911}}