{"NOP": {"FOH": 108.77482821305833, "QUB": 91.6587144687082}}