{"NOP": {"FOH": 90.30903117424873, "QUB": 104.58593886118219}}