{"NOP": {"FOH": 60.55559683815274, "QUB": 697.6144487555176}}