{"NOP": {"FOH": 103.77225742733745, "QUB": 88.0346429141238}}