{"NOP": {"FOH": 109.61867016671431, "QUB": 98.0034779465239}}