{"NOP": {"FOH": 103.88993765634605, "QUB": 103.70559075927318}}