{"NOP": {"FOH": 105.11252254547446, "QUB": 99.30133478003486}}