{"NOP": {"FOH": 89.07792864369381, "QUB": 96.21140277965392}}