{"NOP": {"FOH": 121.8602710024431, "QUB": 103.32617207995409}}