{"NOP": {"FOH": 96.55794069457885, "QUB": 650.9517299636407}}