{"NOP": {"FOH": 95.88785476011, "QUB": 63.865293028218616}}