{"NOP": {"FOH": 113.48714409323551, "QUB": 71.57408176265706}}