{"NOP": {"FOH": 106.12921169795027, "QUB": 74.9101302106213}}