{"NOP": {"FOH": 93.02443857059737, "QUB": 73.36313312397496}}