{"NOP": {"FOH": 92.45647408050752, "QUB": 86.43636083146991}}