{"NOP": {"FOH": 106.12921169795027, "QUB": 92.48164223533493}}