{"NOP": {"FOH": 94.86801778764061, "QUB": 82.55689695747223}}