{"NOP": {"FOH": 81.75686790896341, "QUB": 90.11858471399431}}