{"NOP": {"FOH": 109.97079296300126, "QUB": 100.40072524688381}}