{"NOP": {"FOH": 90.77760941781753, "QUB": 73.76801397217231}}