{"NOP": {"FOH": 118.70812370827078, "QUB": 110.27458562991842}}