{"NOP": {"FOH": 112.6630829632044, "QUB": 71.55476911264512}}