{"NOP": {"FOH": 96.05144669347061, "QUB": 375.4896486045544}}