{"NOP": {"FOH": 111.18774415084567, "QUB": 2272.2706664334537}}