{"NOP": {"FOH": 85.18983245431711, "QUB": 56.60269939428724}}