{"NOP": {"FOH": 110.86069552970045, "QUB": 96.17188865584114}}