{"NOP": {"FOH": 118.33407112956047, "QUB": 75.34358175201783}}