{"NOP": {"FOH": 113.59924556211206, "QUB": 108.78395114811705}}