{"NOP": {"FOH": 117.49667787533924, "QUB": 84.71147816141844}}