{"NOP": {"FOH": 100.87094389071146, "QUB": 93.48737566351014}}