{"NOP": {"FOH": 115.90823566389295, "QUB": 108.75159466392651}}