{"NOP": {"FOH": 76.17429767662601, "QUB": 70.02207699130365}}