{"NOP": {"FOH": 90.20427106050548, "QUB": 83.15369021700002}}