{"NOP": {"FOH": 77.84057563963817, "QUB": 77.51998750565573}}