{"NOP": {"FOH": 103.7134009384074, "QUB": 103.31850369608965}}