{"NOP": {"FOH": 107.10990937536903, "QUB": 91.47659695315137}}