{"NOP": {"FOH": 102.76211713233833, "QUB": 91.6427531953848}}