{"NOP": {"FOH": 95.24336851167128, "QUB": 115.40195405489426}}