{"NOP": {"FOH": 101.55599251715498, "QUB": 120.51573985995375}}