{"NOP": {"FOH": 94.08604717686917, "QUB": 79.34295379976857}}