{"NOP": {"FOH": 89.34134845540187, "QUB": 87.87895691391483}}