{"NOP": {"FOH": 82.7902679036533, "QUB": 70.96164203487771}}