{"NOP": {"FOH": 111.80709720019554, "QUB": 54.356875065079336}}