{"NOP": {"FOH": 104.95121341908016, "QUB": 95.54541729310733}}