{"NOP": {"FOH": 101.19919562395293, "QUB": 87.77360344844286}}