{"NOP": {"FOH": 87.0696834763333, "QUB": 100.45705347546576}}