{"NOP": {"FOH": 107.19348070723854, "QUB": 89.75146668751287}}