{"NOP": {"FOH": 105.7568338316692, "QUB": 91.67865038150913}}