{"NOP": {"FOH": 109.88405086423373, "QUB": 76.49107624288523}}