{"NOP": {"FOH": 96.76110458374023, "QUB": 36.83790530817106}}