{"NOP": {"FOH": 110.63493821552262, "QUB": 101.25037778550607}}