{"NOP": {"FOH": 85.56030117833942, "QUB": 70.13686811824763}}