{"NOP": {"FOH": 84.30880960410423, "QUB": 99.40474436770907}}