{"NOP": {"FOH": 101.66262121294065, "QUB": 80.12374639368166}}