{"NOP": {"FOH": 98.2952176779466, "QUB": 86.8027465276651}}