{"NOP": {"FOH": 88.1453018998835, "QUB": 68.67438086836677}}