{"NOP": {"FOH": 99.51346348037593, "QUB": 93.84191110478025}}