{"NOP": {"FOH": 106.6528987226106, "QUB": 105.66592367030907}}