{"NOP": {"FOH": 109.08883666992188, "QUB": 95.25187944589543}}