{"NOP": {"FOH": 72.3881453672796, "QUB": 5721.687377797209}}