{"NOP": {"FOH": 113.72364217680551, "QUB": 87.29557880812153}}