{"NOP": {"FOH": 109.61424833414958, "QUB": 113.7270834310441}}