{"NOP": {"FOH": 51.7421875, "QUB": 92.95798342602211}}