{"NOP": {"FOH": 108.47146208020122, "QUB": 55.33241826097314}}