{"NOP": {"FOH": 118.70812370827078, "QUB": 107.94053593951901}}