{"NOP": {"FOH": 88.7645354766516, "QUB": 97.78340154775836}}