{"NOP": {"FOH": 60.44215477441927, "QUB": 53.10217523301942}}