{"NOP": {"FOH": 83.9249504867286, "QUB": 96.31907522530847}}