{"NOP": {"FOH": 90.97510179545323, "QUB": 66.8307502627251}}