{"NOP": {"FOH": 84.07697277163149, "QUB": 72.64259271272896}}