{"NOP": {"FOH": 107.1316361529689, "QUB": 83.76420685260538}}