{"NOP": {"FOH": 88.1453018998835, "QUB": 65.81371874465292}}