{"NOP": {"FOH": 106.12921169795027, "QUB": 82.25190978783942}}