{"NOP": {"FOH": 82.91104907327747, "QUB": 64.88436206260045}}