{"NOP": {"FOH": 75.46290183546742, "QUB": 94.18254489068377}}