{"NOP": {"FOH": 110.80377542156762, "QUB": 82.45195117468033}}