{"NOP": {"FOH": 102.74496637998689, "QUB": 330.0359300684926}}