{"NOP": {"FOH": 81.06073254352722, "QUB": 75.21956253040499}}