{"NOP": {"FOH": 113.89571343787722, "QUB": 109.29307440904245}}