{"NOP": {"FOH": 110.63493821552262, "QUB": 102.26652540563393}}