{"NOP": {"FOH": 91.07927606155764, "QUB": 92.19624310359856}}