{"NOP": {"FOH": 102.92424612012022, "QUB": 88.56783425882075}}