{"NOP": {"FOH": 96.55794069457885, "QUB": 411.4081470262301}}