{"NOP": {"FOH": 92.12338785919718, "QUB": 76.50216271672753}}