{"NOP": {"FOH": 114.84769585646669, "QUB": 78.61376645135417}}