{"NOP": {"FOH": 116.32177943707879, "QUB": 113.53475972815572}}