{"NOP": {"FOH": 112.11227052831673, "QUB": 95.19869339288599}}