{"NOP": {"FOH": 117.48972577202376, "QUB": 65.5948756106613}}