{"NOP": {"FOH": 115.8774730800264, "QUB": 72.883195122957}}