{"NOP": {"FOH": 118.25737021351995, "QUB": 111.4097883608681}}