{"NOP": {"FOH": 26.728407224195273, "QUB": 55.27458191183825}}