{"NOP": {"FOH": 79.54873502265447, "QUB": 56.1256195575301}}