{"NOP": {"FOH": 86.7697440052111, "QUB": 74.29810704614157}}