{"NOP": {"FOH": 92.97968736004702, "QUB": 710.6915064088425}}