{"NOP": {"FOH": 67.06011700195918, "QUB": 69.86547783138994}}