{"NOP": {"FOH": 104.78650937062045, "QUB": 52.40803094167508}}