{"NOP": {"FOH": 105.7568338316692, "QUB": 95.71078534335821}}