{"NOP": {"FOH": 106.41506855606221, "QUB": 102.18162486064043}}