{"NOP": {"FOH": 116.85282869469697, "QUB": 106.12919370264498}}