{"NOP": {"FOH": 109.07144439397037, "QUB": 98.28588557856348}}