{"NOP": {"FOH": 63.73313321017988, "QUB": 60.32580115755263}}