{"NOP": {"FOH": 102.65658497736936, "QUB": 97.66088766395958}}