{"NOP": {"FOH": 7.330061836743786, "QUB": 22.619478804024943}}