{"NOP": {"FOH": 103.480120372432, "QUB": 61.41898054309878}}