{"NOP": {"FOH": 103.23937651499902, "QUB": 84.11533456367837}}