{"NOP": {"FOH": 110.51230860143127, "QUB": 95.12116339396313}}