{"NOP": {"FOH": 87.4104969317074, "QUB": 83.88939368932537}}