{"NOP": {"FOH": 79.58602898312752, "QUB": 100.39142404378488}}