{"NOP": {"FOH": 116.1011727436043, "QUB": 89.10165025530563}}