{"NOP": {"FOH": 102.5061420940895, "QUB": 90.45648075701595}}