{"NTK": {"KOB": 82.44727277003759, "KWT": 97.4676522891186}}