{"NTK": {"KOB": 81.4018017846212, "KWT": 120.38553648481937}}