{"NTK": {"KOB": 77.06671728727893, "KWT": 92.38603644888681}}