{"NTK": {"KOB": 75.41958826535611, "KWT": 91.27858322580201}}