{"NTK": {"KOB": 110.15704586091663, "KWT": 96.65450776450527}}