{"NTK": {"KOB": 101.99858805653608, "KWT": 116.74170006070054}}