{"NTK": {"KOB": 81.47903953756385, "KWT": 115.81586014362935}}