{"NTK": {"KOB": 102.96545879447027, "KWT": 98.72169941608573}}