{"NTK": {"KOB": 114.84507446607549, "KWT": 113.41724082185446}}