{"NTK": {"KOB": 120.64785230728344, "KWT": 111.40211967978757}}