{"NTK": {"KOB": 105.43341653154077, "KWT": 95.04817338272363}}