{"NTK": {"KOB": 107.92738294146872, "KWT": 99.01952100821245}}