{"NTK": {"KOB": 55.32984380630025, "KWT": 95.02580361511562}}