{"NTK": {"KOB": 97.86715444288714, "KWT": 114.40408658796878}}