{"NTK": {"KOB": 95.1920577121725, "KWT": 102.63456052467465}}