{"NTK": {"KOB": 106.18834033185415, "KWT": 108.27084218039673}}