{"NTK": {"KOB": 86.18519220045214, "KWT": 89.17596513503302}}