{"NTK": {"KOB": 87.9375709694557, "KWT": 105.31590578393687}}