{"NTK": {"KOB": 82.18250481506144, "KWT": 87.37252800247953}}