{"NTK": {"KOB": 121.57056650686161, "KWT": 113.99950827326339}}