{"NTK": {"KOB": 89.006648491416, "KWT": 94.9753559591034}}