{"NTK": {"KOB": 74.63370246926914, "KWT": 82.67105984204618}}