{"NTK": {"KOB": 164.2439259359599, "KWT": 112.88143723033313}}