{"NTK": {"KOB": 90.41589561288447, "KWT": 68.40223170291088}}