{"NTK": {"KOB": 108.09007487838669, "KWT": 95.04817338272363}}