{"NTK": {"KOB": 117.57256928348598, "KWT": 106.82498527369998}}