{"NTK": {"KOB": 106.9603090907945, "KWT": 114.24340712709304}}