{"NTK": {"KOB": 75.74559779508398, "KWT": 66.41078985314063}}