{"NTK": {"KOB": 82.18250481506144, "KWT": 91.13527520223157}}