{"NTK": {"KOB": 84.5674272193239, "KWT": 110.27665010860342}}