{"NTK": {"KOB": 63.400762658253484, "KWT": 59.73565950640477}}