{"NTK": {"KOB": 107.55225251211807, "KWT": 110.86682283068562}}