{"NTK": {"KOB": 81.36004555855104, "KWT": 83.64743280399813}}