{"NTK": {"KOB": 75.43153397168193, "KWT": 92.9241768219778}}