{"NTK": {"KOB": 79.88838057451373, "KWT": 95.53175913978001}}