{"NTK": {"KOB": 78.66525491291253, "KWT": 100.69878051395288}}