{"NTK": {"KOB": 93.9460892555383, "KWT": 97.81955412595717}}