{"NTK": {"KOB": 61.425093384674064, "KWT": 73.37392320218274}}