{"NTK": {"KOB": 103.29977101425797, "KWT": 94.27178473639667}}