{"NTK": {"KOB": 94.38517182467787, "KWT": 92.01243840769376}}