{"NTK": {"KOB": 61.425093384674064, "KWT": 75.07363101295209}}