{"NTK": {"KOB": 84.4696993832687, "KWT": 77.63021845090199}}