{"NTK": {"KOB": 79.06924651120478, "KWT": 90.36997187476005}}