{"NTK": {"KOB": 68.17103801557559, "KWT": 76.50273978104391}}