{"NTK": {"KOB": 216.5900076240204, "KWT": 80.95499296239352}}