{"NTK": {"KOB": 106.02303648997835, "KWT": 82.55325492145612}}