{"NTK": {"KOB": 101.2721302352109, "KWT": 101.9126215641098}}