{"NTK": {"KOB": 88.50400978602201, "KWT": 82.73618495298406}}