{"NTK": {"KOB": 119.36450568214059, "KWT": 94.6103515625}}