{"NTK": {"KOB": 82.10123106000023, "KWT": 92.05569662471497}}