{"NTK": {"KOB": 85.57679186090014, "KWT": 91.27858322580201}}