{"NTK": {"KOB": 105.23580131263034, "KWT": 119.35652710597574}}