{"NTK": {"KOB": 76.75755753846799, "KWT": 120.38553648481937}}