{"NTK": {"KOB": 111.05496072654974, "KWT": 96.59356844131052}}