{"NTK": {"KOB": 53.00758453567818, "KWT": 74.66178469896471}}