{"NTK": {"KOB": 113.94829779258505, "KWT": 116.7326013914729}}