{"NTK": {"KOB": 119.11000766826884, "KWT": 121.82573268062498}}