{"OCP": {"WCH": 131.55103932411782, "ADM": 287.6909845930278}}