{"OCP": {"WCH": 131.39851703165107, "ADM": 287.6909845930278}}