{"OCP": {"WCH": 119.89731492157435, "ADM": 287.6909845930278}}