{"OCP": {"WCH": 124.11272279122065, "ADM": 287.6909845930278}}