{"OCP": {"WCH": 127.11055806348102, "ADM": 287.6907883950061}}