{"OCP": {"WCH": 129.13783833073452, "ADM": 287.6909845930278}}