{"OCP": {"WCH": 129.00344908626136, "ADM": 287.6909845930278}}