{"OCP": {"WCH": 117.58333889411536, "ADM": 287.6909845930278}}