{"OCP": {"WCH": 124.8592129050227, "ADM": 287.65672267575843}}