{"OCP": {"WCH": 113.40373048860025, "ADM": 287.6909845930278}}