{"OCP": {"WCH": 122.48281409877052, "ADM": 287.6909845930278}}