{"OCP": {"WCH": 126.66528497167333, "ADM": 287.6909845930278}}