{"OCP": {"WCH": 130.84906672118535, "ADM": 287.6909845930278}}