{"OCP": {"WCH": 128.53715742731868, "ADM": 287.6909845930278}}