{"OCP": {"WCH": 118.69203850420249, "ADM": 261.5372587209345}}