{"OCP": {"WCH": 121.13942766001313, "ADM": 287.6909845930278}}