{"OCP": {"WCH": 128.30825116435955, "ADM": 287.6909845930278}}