{"OCP": {"WCH": 127.43293331669197, "ADM": 287.6909845930278}}