{"OCP": {"WCH": 123.97862016292247, "ADM": 287.6909845930278}}