{"OCP": {"WCH": 110.13430159139509, "ADM": 261.5372587209345}}