{"OCP": {"WCH": 129.8880975161281, "ADM": 287.6909845930278}}