{"OCP": {"WCH": 126.76466287083795, "ADM": 287.6909845930278}}