{"OCP": {"WCH": 116.57375677824075, "ADM": 261.5372587209345}}