{"OCP": {"WCH": 121.76280110845903, "ADM": 287.6909845930278}}