{"OCP": {"WCH": 130.3035440566551, "ADM": 287.6909845617801}}