{"OCP": {"WCH": 137.11810963516524, "ADM": 287.6909845930278}}