{"OCP": {"WCH": 127.36264763099572, "ADM": 287.6909845930278}}