{"OCP": {"WCH": 129.55522931495244, "ADM": 287.6909845930278}}