{"OCP": {"WCH": 127.55041955027954, "ADM": 287.6909845930278}}