{"OCP": {"WCH": 128.86814612946833, "ADM": 287.6909845930278}}