{"OCP": {"WCH": 147.98100073652944, "ADM": 287.6909845930278}}