{"OCP": {"WCH": 126.69374148074886, "ADM": 287.6909845930278}}