{"OCP": {"WCH": 113.00202761400388, "ADM": 261.5372587209345}}