{"OCP": {"WCH": 111.65060937438211, "ADM": 261.5372587209345}}