{"OCP": {"WCH": 128.79761288733044, "ADM": 287.6909845930278}}