{"OCP": {"WCH": 129.2133093488604, "ADM": 287.5060868920972}}