{"OCP": {"WCH": 308.9741188978889, "ADM": 287.6909845930278}}