{"OCP": {"WCH": 129.62459001401675, "ADM": 287.6909397092138}}