{"OCP": {"WCH": 121.2651443802752, "ADM": 261.5372587209345}}