{"OCP": {"WCH": 116.57975603884404, "ADM": 261.5372587209345}}