{"OCP": {"WCH": 130.24914734964304, "ADM": 287.6909845930278}}