{"OCP": {"WCH": 118.72845836708402, "ADM": 261.5372587209345}}