{"OCP": {"WCH": 122.86801480107735, "ADM": 287.6909845930278}}