{"OCP": {"WCH": 134.1078146484803, "ADM": 287.6909845925149}}