{"OCP": {"WCH": 133.6693049070974, "ADM": 287.6909845930278}}