{"OCP": {"WCH": 128.74808906139057, "ADM": 287.6909845930278}}