{"OCP": {"WCH": 109.7537263407794, "ADM": 261.5372587209345}}