{"OCP": {"WCH": 110.1542537738205, "ADM": 261.5372587209345}}