{"OCP": {"WCH": 128.03955203141962, "ADM": 287.6908256726303}}