{"OCP": {"WCH": 129.1128334309049, "ADM": 287.6909397092138}}