{"OCP": {"WCH": 128.16926819783515, "ADM": 287.6909845930278}}