{"OCP": {"WCH": 129.74492479024067, "ADM": 287.6909845930278}}