{"OCP": {"WCH": 131.75496963974413, "ADM": 287.6909845930278}}