{"OCP": {"WCH": 126.08136989357828, "ADM": 287.6909845930278}}