{"OCP": {"WCH": 128.1664572317198, "ADM": 287.6909845930278}}