{"OCP": {"WCH": 126.64168649327704, "ADM": 287.6909845930278}}