{"OCP": {"WCH": 131.9568463406958, "ADM": 287.6909845930278}}