{"OCP": {"WCH": 137.4284137652875, "ADM": 287.6909845930278}}