{"OCP": {"WCH": 128.89710724024647, "ADM": 287.6909845930278}}