{"OCP": {"WCH": -225.02055495977402, "ADM": 0.07132644119837325}}