{"OCP": {"WCH": 121.35056271993707, "ADM": 287.6909845930278}}