{"OCP": {"WCH": 122.60235562274268, "ADM": 287.6909845930278}}