{"OCP": {"WCH": 124.80888178543236, "ADM": 287.6909845930278}}