{"OCP": {"WCH": 112.84200811937308, "ADM": 261.5372587209345}}