{"OCP": {"WCH": 121.66780861650355, "ADM": 287.6909845930278}}