{"OCP": {"WCH": 111.62726345803375, "ADM": 261.5372587209345}}