{"OCP": {"WCH": 129.7997063834572, "ADM": 287.6909845930278}}