{"OCP": {"WCH": 129.46303409469334, "ADM": 287.6909845930278}}