{"OCP": {"WCH": 123.9086801190733, "ADM": 287.6909845930278}}