{"OCP": {"WCH": 127.34257820367034, "ADM": 287.6909845930278}}