{"OCP": {"WCH": 124.14942556144652, "ADM": 287.6909845930278}}