{"OCP": {"WCH": 113.93924478601585, "ADM": 287.6909845930278}}