{"OCP": {"WCH": 136.1727937598717, "ADM": 287.6909845930278}}