{"OCP": {"WCH": 125.735162299989, "ADM": 287.6909845930278}}