{"OCP": {"WCH": 113.61432170144477, "ADM": 261.5372587209345}}