{"OCP": {"WCH": 127.57635046612106, "ADM": 287.6909845930278}}