{"OCP": {"WCH": 120.2396872867001, "ADM": 287.6909845930278}}