{"OCP": {"WCH": 128.8667074069674, "ADM": 287.6909845930278}}