{"OCP": {"WCH": 123.74626751264051, "ADM": 287.6909845930278}}