{"OCP": {"WCH": 113.95440872826182, "ADM": 261.5372587209345}}