{"OCP": {"WCH": 124.02957730142535, "ADM": 261.5372587209345}}