{"OCP": {"WCH": 127.43313589394147, "ADM": 287.6909845930278}}