{"OCP": {"WCH": 123.13354141780444, "ADM": 287.6909845930278}}