{"OCP": {"WCH": 124.82443686072165, "ADM": 287.6909845930278}}