{"OCP": {"WCH": 129.648032782746, "ADM": 287.6909845930278}}