{"OCP": {"WCH": 116.00001664521649, "ADM": 261.5372587209345}}