{"OCP": {"WCH": 120.96769242423682, "ADM": 261.5372587209345}}