{"OCP": {"WCH": 120.91936050028471, "ADM": 261.5372587209345}}