{"OCP": {"WCH": 126.97291780071927, "ADM": 287.6909845930278}}