{"OCP": {"WCH": 122.96177399675325, "ADM": 287.6909845930278}}