{"OCP": {"WCH": 123.98794136467129, "ADM": 287.690984055656}}