{"OCP": {"WCH": 125.1508033791096, "ADM": 287.6909845930278}}