{"OCP": {"WCH": 125.59857876977689, "ADM": 287.6909845930278}}