{"OCP": {"WCH": 116.36445302973138, "ADM": 261.5372587209345}}