{"OCP": {"WCH": 119.09274747340592, "ADM": 261.5372587209345}}