{"OCP": {"WCH": 109.10635487434993, "ADM": 261.5372587209345}}