{"OCP": {"WCH": 126.15745373460854, "ADM": 287.6909845930278}}