{"OCP": {"WCH": 118.62672989309226, "ADM": 261.5372587209345}}