{"OCP": {"WCH": 137.32979971858836, "ADM": 287.6909845930278}}