{"OCP": {"WCH": 217.53221182157102, "ADM": 261.5372587209345}}