{"OCP": {"WCH": 122.1397092500318, "ADM": 287.6909845930278}}