{"OCP": {"WCH": 126.38572304119864, "ADM": 287.6909845930278}}