{"OCP": {"WCH": 122.87802462174696, "ADM": 287.6909845930278}}