{"OCP": {"WCH": 120.5326080631655, "ADM": 261.5372587209345}}