{"OCP": {"WCH": 183.14651234687793, "ADM": 261.5372587209345}}