{"OCP": {"WCH": 107.04837803921812, "ADM": 261.5372587209345}}