{"OCP": {"WCH": 131.6412326300795, "ADM": 287.6909845930278}}