{"OCP": {"WCH": 127.63209058787837, "ADM": 287.6909845930278}}