{"OCP": {"WCH": 126.1826720468446, "ADM": 287.6909845930278}}