{"OCP": {"WCH": 121.08379738040921, "ADM": 287.6909845930278}}