{"OCP": {"WCH": 129.66968344313122, "ADM": 287.6909845930278}}