{"OCP": {"WCH": 125.28573526050627, "ADM": 287.6909845930278}}