{"OCP": {"WCH": 114.9140932616629, "ADM": 261.5372587209345}}