{"OCP": {"WCH": 127.17977425872043, "ADM": 287.6909845930278}}