{"OCP": {"WCH": 129.2034345627614, "ADM": 287.6909845930278}}