{"OCP": {"WCH": 138.32237376467805, "ADM": 287.6909845930278}}