{"OCP": {"WCH": 118.80084548804045, "ADM": 287.6909845930278}}