{"OCP": {"WCH": 125.1230223950741, "ADM": 287.6879479805019}}