{"OCP": {"WCH": 135.9597357451115, "ADM": 287.6909845930278}}