{"OCP": {"WCH": 123.73637531994328, "ADM": 287.6909845930278}}