{"OCP": {"WCH": 115.60090958427183, "ADM": 261.5372587209345}}