{"OLY": {"NAC": 104.00410233416275, "KOW": 121.82868609035276}}