{"OLY": {"NAC": 118.2344241812494, "KOW": 121.8286860903527}}