{"OLY": {"NAC": 110.22657925027438, "KOW": 121.82868609035276}}