{"OLY": {"NAC": 108.86952863206554, "KOW": 121.82868609035276}}