{"OLY": {"NAC": 110.5064558825421, "KOW": 121.82868609035276}}