{"OLY": {"NAC": 91.31361854640379, "KOW": 121.82868609035276}}