{"OLY": {"NAC": 101.89291709674218, "KOW": 121.76526410430108}}