{"OLY": {"NAC": 122.10115047132493, "KOW": 121.82868605961278}}