{"OLY": {"NAC": 114.21344380036858, "KOW": 121.82868609035276}}