{"OLY": {"NAC": 98.7446762224919, "KOW": 121.82868609035276}}