{"OLY": {"NAC": 103.39836510850864, "KOW": 121.82868609035276}}