{"OLY": {"NAC": 93.49315851144885, "KOW": 121.82868609035276}}