{"OLY": {"NAC": 88.37332976400585, "KOW": 121.82868609035276}}