{"OLY": {"NAC": 106.09609051449904, "KOW": 110.75335099122985}}