{"OLY": {"NAC": 94.98428796194838, "KOW": 121.82868609035276}}