{"OLY": {"NAC": 92.31166435835983, "KOW": 110.75335099122985}}