{"OLY": {"NAC": 110.05264732128259, "KOW": 121.82868609035276}}