{"OLY": {"NAC": 107.08298892044597, "KOW": 121.82868609035276}}