{"OLY": {"NAC": 110.1519148760907, "KOW": 121.82868609035276}}