{"OLY": {"NAC": 110.17820970657161, "KOW": 121.82868609035276}}