{"OLY": {"NAC": 106.65281991879351, "KOW": 121.82868609035276}}