{"OLY": {"NAC": 119.09350499687753, "KOW": 121.82868609035276}}