{"OLY": {"NAC": 96.81399558262447, "KOW": 121.82868609035276}}