{"OLY": {"NAC": 111.52613737043976, "KOW": 121.82868609035276}}