{"OLY": {"NAC": 104.94143826871873, "KOW": 121.82868609035276}}