{"OLY": {"NAC": 100.62420704996858, "KOW": 110.75335099122985}}