{"OLY": {"NAC": 88.47175138532742, "KOW": 121.82868609013558}}