{"OLY": {"NAC": 300.2802852220436, "KOW": 110.75335099122985}}