{"OLY": {"NAC": 108.54549172563752, "KOW": 121.82868609035276}}