{"OLY": {"NAC": 105.28282571583563, "KOW": 121.82868609035226}}