{"OLY": {"NAC": 90.120849609375, "KOW": 110.75335099122985}}