{"OLY": {"NAC": 120.8497825506565, "KOW": 121.82868609035276}}