{"OLY": {"NAC": 92.30560771047456, "KOW": 110.75335099122985}}