{"OLY": {"NAC": 113.14768532717385, "KOW": 121.82868609035276}}