{"OLY": {"NAC": 96.99133851613918, "KOW": 121.82868609035276}}