{"OLY": {"NAC": 77.64958012544918, "KOW": 121.82868609035276}}