{"OLY": {"NAC": 107.06477819003457, "KOW": 121.82868609035276}}