{"OLY": {"NAC": 102.04409427901444, "KOW": 110.75335099122985}}