{"OLY": {"NAC": 100.63120197310305, "KOW": 110.75335099122985}}