{"OLY": {"NAC": 96.98109880049552, "KOW": 121.82868609035276}}