{"OLY": {"NAC": 99.02097302708906, "KOW": 121.82868609035276}}