{"OLY": {"NAC": 113.65553822366026, "KOW": 121.82868609035276}}