{"OLY": {"NAC": 94.58507804077784, "KOW": 110.75335099122985}}