{"OLY": {"NAC": 119.27197127163315, "KOW": 121.82868609035276}}