{"OLY": {"NAC": 101.33389705577791, "KOW": 121.82868609035276}}