{"OLY": {"NAC": 102.00123708935645, "KOW": 121.82868609035276}}