{"OLY": {"NAC": 117.76063604600003, "KOW": 121.82868609035276}}