{"OLY": {"NAC": 103.70291845309762, "KOW": 110.75335099122985}}