{"OLY": {"NAC": 114.49731569856249, "KOW": 121.82868609035192}}