{"OLY": {"NAC": 101.76954291852574, "KOW": 121.82868609035276}}