{"OLY": {"NAC": 97.60466132244642, "KOW": 121.82868609035276}}