{"OLY": {"NAC": 123.81207648124268, "KOW": 110.75335099122985}}