{"OLY": {"NAC": 100.72793002446147, "KOW": 110.75335099122985}}