{"OLY": {"NAC": 109.99127037325547, "KOW": 121.82868609035276}}