{"OLY": {"NAC": 127.14477414446984, "KOW": 121.82868609035276}}