{"OLY": {"NAC": 109.39009498258456, "KOW": 121.82868609035276}}