{"OLY": {"NAC": 97.99145780935392, "KOW": 121.82868609032357}}