{"OLY": {"NAC": 103.99282680268932, "KOW": 121.82868609035276}}