{"OLY": {"NAC": 119.79499562469664, "KOW": 110.75335099122985}}