{"OLY": {"NAC": 116.18042342682108, "KOW": 121.82868609035276}}