{"OLY": {"NAC": 102.06229128252609, "KOW": 121.82868609035276}}