{"OLY": {"NAC": 83.99146086611964, "KOW": 110.75335099122985}}