{"OLY": {"NAC": 105.12896300270691, "KOW": 121.82868609035276}}