{"OLY": {"NAC": 107.90287806961155, "KOW": 121.828686002191}}