{"OLY": {"NAC": 108.48895427216598, "KOW": 121.82868609035276}}