{"OLY": {"NAC": 81.76989944000468, "KOW": 121.82868609035276}}