{"OLY": {"NAC": 109.41219820412338, "KOW": 121.82868609035276}}