{"OLY": {"NAC": 79.41509740405243, "KOW": 121.82868609035276}}