{"OLY": {"NAC": 98.74819050187826, "KOW": 121.82868609035276}}