{"OLY": {"NAC": 103.44853191657091, "KOW": 121.82868609035276}}