{"OLY": {"NAC": 89.43630261260232, "KOW": 110.75335099122985}}