{"OLY": {"NAC": 93.3238454067996, "KOW": 110.75335099122985}}