{"OLY": {"NAC": 88.63523660862408, "KOW": 110.75335099122985}}