{"OLY": {"NAC": 114.56986444031736, "KOW": 121.82868609035276}}