{"OLY": {"NAC": 103.12565602579753, "KOW": 121.82868609035276}}