{"OLY": {"NAC": 115.74223664540337, "KOW": 110.75335099122985}}