{"OLY": {"NAC": 113.53909208717778, "KOW": 121.82868608890502}}