{"OLY": {"NAC": 91.3010422409729, "KOW": 121.82868609035276}}