{"OLY": {"NAC": 115.4014972045447, "KOW": 121.82868609035276}}