{"OLY": {"NAC": 87.11429663136319, "KOW": 110.75335099122985}}