{"PRE": {"SSP": 117.2025574566139, "SKM": 103.412069713765, "MOK": 96.44631382114626}}