{"PRE": {"SSP": 118.73622376794022, "SKM": 116.42563979631355, "MOK": 116.09284139287824}}