{"PRE": {"SSP": 86.78677293388492, "SKM": 84.18691077410357, "MOK": 92.47274796533534}}