{"PRE": {"SSP": 123.03590633967949, "SKM": 115.3547568306411, "MOK": 118.04470311681484}}