{"PRE": {"SSP": 91.21872118952388, "SKM": 114.11125147760325, "MOK": 93.15480154952687}}