{"PRE": {"SSP": 104.49471486382053, "SKM": 118.45341815608825, "MOK": 101.87954213566675}}