{"PRE": {"SSP": 116.49478177005092, "SKM": 115.03181565312977, "MOK": 88.41698967154929}}