{"PRE": {"SSP": 125.34641883023156, "SKM": 110.07689363567866, "MOK": 114.29392398824685}}