{"PRE": {"SSP": 114.084496030221, "SKM": 108.35074947048847, "MOK": 107.15005954304948}}