{"PRE": {"SSP": 130.34752070598137, "SKM": 109.51595793083195, "MOK": 103.5695303167907}}