{"PRE": {"SSP": 86.78677293388492, "SKM": 80.20767863789285, "MOK": 83.01748692089895}}