{"PRE": {"SSP": 95.52673079601259, "SKM": 88.39844474529022, "MOK": 86.24720291510917}}