{"PRE": {"SSP": 107.20955711619494, "SKM": 120.92583873061616, "MOK": 91.5615150965277}}