{"PRE": {"SSP": 80.32714596482734, "SKM": 108.90039672048299, "MOK": 94.91420066875085}}