{"PRE": {"SSP": 89.78608740248468, "SKM": 88.39314166085212, "MOK": 83.27466990567686}}