{"PRE": {"SSP": 97.94903850558504, "SKM": 114.9347238640036, "MOK": 100.00271328338076}}