{"PRE": {"SSP": 115.44661779146047, "SKM": 111.27446552452537, "MOK": 107.51611368549698}}