{"PRE": {"SSP": 96.80084228515625, "SKM": 92.39023232460022, "MOK": 96.35618639711174}}