{"PRE": {"SSP": 108.62255208822162, "SKM": 91.11532593644837, "MOK": 82.69522057419721}}