{"PRE": {"SSP": 128.67320250924263, "SKM": 117.38008370118216, "MOK": 74.64743401861742}}