{"PRE": {"SSP": 98.45083017501445, "SKM": 97.80561118841166, "MOK": 63.63738245468924}}