{"PRE": {"SSP": 94.29776385193192, "SKM": 106.38727808961539, "MOK": 101.08362251469173}}