{"PRE": {"SSP": 102.71161592613194, "SKM": 106.77236424147118, "MOK": 88.66905397165982}}