{"PRE": {"SSP": 93.87320854749336, "SKM": 106.13678013086799, "MOK": 113.62295613892488}}