{"PRE": {"SSP": 133.42704072297616, "SKM": 95.41393964052124, "MOK": 109.37012345529328}}