{"PRE": {"SSP": 105.74177677869383, "SKM": 104.47724522415949, "MOK": 107.20481667012287}}