{"PRE": {"SSP": 116.11228729798287, "SKM": 120.21823270997659, "MOK": 76.70706741226289}}