{"PRE": {"SSP": 98.72803364858305, "SKM": 96.07894510959223, "MOK": 115.05708219976486}}