{"PRE": {"SSP": 98.46184504085714, "SKM": 88.30649058814848, "MOK": 90.89446530109996}}