{"PRE": {"SSP": 114.30006859213287, "SKM": 113.92109615739973, "MOK": 95.63668821420268}}