{"PRE": {"SSP": 120.3144395713014, "SKM": 93.4517132228934, "MOK": 112.903151740981}}