{"PRE": {"SSP": 97.87853818040979, "SKM": 110.4051635685476, "MOK": 82.78467708455662}}