{"PRE": {"SSP": 95.52673079601259, "SKM": 88.46621959738494, "MOK": 103.85614178796769}}