{"PRE": {"SSP": 82.36973146499733, "SKM": 102.41839364122343, "MOK": 91.80607259728522}}