{"PRE": {"SSP": 98.03451597747451, "SKM": 111.15333617436916, "MOK": 81.99398270240984}}