{"PRE": {"SSP": 102.59302916469453, "SKM": 111.17162836058374, "MOK": 102.96496522709495}}