{"PRE": {"SSP": 103.80149485399913, "SKM": 107.93332299774707, "MOK": 82.1752713348146}}