{"PRE": {"SSP": 106.9664464018314, "SKM": 71.4715373185256, "MOK": 82.47748177064392}}