{"PRE": {"SSP": 88.47665241635903, "SKM": 104.35544130486937, "MOK": 404.4976289003695}}