{"PRE": {"SSP": 116.19778242215266, "SKM": 121.02726870643149, "MOK": 114.50246053921789}}