{"PRE": {"SSP": 117.57338218679186, "SKM": 118.08191114251494, "MOK": 110.7812797122011}}