{"PRE": {"SSP": 76.8134765625, "SKM": 84.48743438720703, "MOK": 93.18371766060591}}