{"PRE": {"SSP": 122.9428482771441, "SKM": 108.46404991305785, "MOK": 101.84698495241227}}