{"PRE": {"SSP": 94.35769316666338, "SKM": 102.41839364122343, "MOK": 75.8080556890058}}