{"PRE": {"SSP": 124.91314461048417, "SKM": 112.77456873051463, "MOK": 107.69754762527847}}