{"PRE": {"SSP": 97.94903850558504, "SKM": 114.9347238640036, "MOK": 102.19497798358458}}