{"PRE": {"SSP": 97.64076286325252, "SKM": 94.99619315459665, "MOK": 88.73679474266288}}