{"PRE": {"SSP": 107.13222750167492, "SKM": 121.23992142686635, "MOK": 81.390440149991}}