{"PRE": {"SSP": 110.90926016570393, "SKM": 118.54529202565897, "MOK": 110.87334236525857}}