{"PRE": {"SSP": 102.105747157513, "SKM": 97.58729055635209, "MOK": 69.71627978829828}}