{"PRE": {"SSP": 114.52176713770614, "SKM": 122.03325485755454, "MOK": 85.2283445053687}}