{"PRE": {"SSP": 105.25576175521094, "SKM": 95.86602410459658, "MOK": 92.71878569564176}}