{"PRE": {"SSP": 74.0625, "SKM": 57.56640625, "MOK": 78.060302734375}}