{"PRE": {"SSP": 119.74396646041203, "SKM": 119.00119485366967, "MOK": 121.30938374405056}}