{"PRE": {"SSP": 130.65588225831837, "SKM": 118.84207533106394, "MOK": 85.6062793995721}}