{"PRE": {"SSP": 106.929796714121, "SKM": 103.28704249883825, "MOK": 87.78054370317975}}