{"PRE": {"SSP": 101.64644487186334, "SKM": 97.66559416156122, "MOK": 88.85599121774874}}