{"PRE": {"SSP": 120.99535237919038, "SKM": 109.05944857352324, "MOK": 106.10488746534834}}