{"PRE": {"SSP": 125.5957189446465, "SKM": 105.9115546393198, "MOK": 84.81199600962366}}