{"PRE": {"SSP": 123.22053075267168, "SKM": 115.3671620160176, "MOK": 106.50232979889556}}