{"PRE": {"SSP": 108.63710978627205, "SKM": 112.06454839656362, "MOK": 110.9219966783968}}