{"PRE": {"SSP": 91.94663505734283, "SKM": 88.1722468959178, "MOK": 84.16627282213942}}