{"PRE": {"SSP": 90.14498823151015, "SKM": 115.16038920923211, "MOK": 96.50168635289067}}