{"PRE": {"SSP": 100.79068436236881, "SKM": 110.4051635685476, "MOK": 82.78467708455662}}