{"PRE": {"SSP": 117.97444938058398, "SKM": 115.58350592137477, "MOK": 125.6129891131445}}