{"PRE": {"SSP": 106.18416708722745, "SKM": 107.48878907227427, "MOK": 110.1716218885845}}