{"PRE": {"SSP": 126.54265233582578, "SKM": 119.04895815359092, "MOK": 108.16642805571996}}