{"PRE": {"SSP": 99.1779840583055, "SKM": 101.73924576823984, "MOK": 76.89336674118445}}