{"PRE": {"SSP": 112.10046665479669, "SKM": 109.41369636398608, "MOK": 108.0903516595753}}