{"PRE": {"SSP": 126.84063196979612, "SKM": 110.25952068213022, "MOK": 113.36734158402142}}