{"PRE": {"SSP": 111.99139403048707, "SKM": 111.17162836058374, "MOK": 96.15427805814191}}