{"PRE": {"SSP": 99.1779840583055, "SKM": 101.73924576823984, "MOK": 94.930082396524}}