{"PRE": {"SSP": 127.827610723243, "SKM": 111.2406729163456, "MOK": 82.54108631365341}}