{"PRE": {"SSP": 113.77758127968782, "SKM": 112.18600651379299, "MOK": 98.39177196712083}}