{"PRE": {"SSP": 31.228286152621042, "SKM": 119.88728436525732, "MOK": 58.55798705392192}}