{"PRE": {"SSP": 91.94663505734283, "SKM": 89.55502220632602, "MOK": 86.03468098593292}}