{"PRE": {"SSP": 78.67150742893998, "SKM": 106.28596093899228, "MOK": 83.6301546966653}}