{"PRE": {"SSP": 89.45089434096371, "SKM": 97.01187408649362, "MOK": 103.993432633154}}