{"PRE": {"SSP": 89.63689838610374, "SKM": 103.26308903429776, "MOK": 109.31229152953688}}