{"PRE": {"SSP": 104.34967866553356, "SKM": 102.05681988221801, "MOK": 92.71878569564176}}