{"PRE": {"SSP": 105.34670725535224, "SKM": 95.37981866798683, "MOK": 113.13795767293145}}