{"PRE": {"SSP": 97.2792917576888, "SKM": 95.3480022703613, "MOK": 111.75727491408065}}