{"PRE": {"SSP": 94.0486396241348, "SKM": 110.0124619229637, "MOK": 101.50885137997814}}