{"PRE": {"SSP": 89.1349280959121, "SKM": 105.44307581668218, "MOK": 107.00898137540824}}