{"PRE": {"SSP": 76.8134765625, "SKM": 84.48743438720703, "MOK": 118.36743532121181}}