{"PRE": {"SSP": 108.62255208822162, "SKM": 94.70379334280354, "MOK": 83.15312866509974}}