{"PRE": {"SSP": 126.26736885532901, "SKM": 110.25952068213022, "MOK": 100.1356466747357}}