{"PRE": {"SSP": 114.68450540812837, "SKM": 116.57056213486085, "MOK": 122.26518688179317}}