{"PRE": {"SSP": 127.42722823125374, "SKM": 109.34096314795724, "MOK": 118.64634688860517}}