{"PRE": {"SSP": 120.38707500329838, "SKM": 113.91007656298466, "MOK": 106.19798326323125}}