{"PRE": {"SSP": 81.52566103212664, "SKM": 86.48613104752702, "MOK": 55.827400770198395}}