{"PRE": {"SSP": 114.14385845695237, "SKM": 96.31561836337085, "MOK": 102.13729086490369}}