{"PRE": {"SSP": 124.4284776774045, "SKM": 115.3671620160176, "MOK": 104.53299842339486}}