{"PRE": {"SSP": 108.28299561417127, "SKM": 93.23053992688769, "MOK": 119.14403564794084}}