{"PRE": {"SSP": 97.94903850558504, "SKM": 114.11125147760325, "MOK": 103.50533505502986}}