{"PRE": {"SSP": 98.04285785656856, "SKM": 107.93119398625986, "MOK": 82.77709122116427}}