{"PRE": {"SSP": 93.13820689242033, "SKM": 88.19835058028248, "MOK": 65.81636590144154}}