{"PRE": {"SSP": 120.41801589729673, "SKM": 112.78397137868178, "MOK": 107.37996167455704}}