{"PRE": {"SSP": 130.6614917718449, "SKM": 118.71595237884733, "MOK": 107.31031435227344}}