{"PRE": {"SSP": 101.27742073948174, "SKM": 106.76241408659958, "MOK": 88.35420632849085}}