{"PRE": {"SSP": 96.84759751489193, "SKM": 100.79159751390108, "MOK": 80.29112021823843}}