{"PRE": {"SSP": 98.2069529876211, "SKM": 111.87478747201104, "MOK": 101.75086135800163}}