{"PRE": {"SSP": 112.76171902443511, "SKM": 110.67706185132427, "MOK": 88.73514748243035}}