{"PRE": {"SSP": 80.97906562759547, "SKM": 97.62182515630103, "MOK": 94.83497327312028}}