{"PRE": {"SSP": 134.17503539548267, "SKM": 111.02261795537454, "MOK": 78.37325838428741}}