{"PRE": {"SSP": 109.07828339112879, "SKM": 109.68036562641946, "MOK": 110.49552488047213}}