{"PRE": {"SSP": 101.39451495826538, "SKM": 116.80910662635961, "MOK": 100.87946121836411}}