{"PRE": {"SSP": 97.62723884251709, "SKM": 104.88901053894347, "MOK": 85.67981035811631}}