{"PRE": {"SSP": 93.12352891569724, "SKM": 106.28596093899228, "MOK": 85.32698277386899}}