{"PRE": {"SSP": 94.0486396241348, "SKM": 104.55481745262509, "MOK": 98.34575732354539}}