{"QUB": {"TAK": 118.39875817127104, "YAT": 249.6704852542915, "NOP": 122.21631098283743}}