{"QUB": {"TAK": 91.27716718088365, "YAT": 249.670485416899, "NOP": 112.84723761344908}}