{"QUB": {"TAK": 87.85293784886719, "YAT": 249.670485416899, "NOP": 86.8260234612354}}