{"QUB": {"TAK": 97.11406702955176, "YAT": 249.6704854168967, "NOP": 115.78008886451082}}