{"QUB": {"TAK": 88.87314909531136, "YAT": 249.670485416899, "NOP": 94.28432718497534}}