{"QUB": {"TAK": 87.3376415888427, "YAT": 249.670485416899, "NOP": 96.8468459887888}}