{"QUB": {"TAK": 80.86831368961946, "YAT": 226.97316856081753, "NOP": 103.1076964893156}}