{"QUB": {"TAK": 81.8343801028227, "YAT": 226.97316856081753, "NOP": 105.45295595080765}}