{"QUB": {"TAK": 102.44485957326192, "YAT": 249.670485416899, "NOP": 124.75975323862426}}