{"QUB": {"TAK": 83.17804358566384, "YAT": 249.670485416899, "NOP": 97.46309698723101}}