{"QUB": {"TAK": 96.72667904450199, "YAT": 249.670485416899, "NOP": 116.0547451600374}}