{"QUB": {"TAK": 97.72418780085407, "YAT": 249.66368324273816, "NOP": 82.95888226864214}}