{"QUB": {"TAK": 93.61883961614035, "YAT": 249.66602251043213, "NOP": 91.06669463760014}}