{"QUB": {"TAK": 79.67984573978092, "YAT": 249.670485416899, "NOP": 93.13210088302462}}