{"QUB": {"TAK": 84.84283138940049, "YAT": 226.9731685608175, "NOP": 109.24275659918567}}