{"QUB": {"TAK": 96.53464211088323, "YAT": 249.670485416899, "NOP": 119.78942670232163}}