{"QUB": {"TAK": 26.17241668701172, "YAT": 226.9731685608175, "NOP": 113.19970703125}}