{"QUB": {"TAK": 88.18157715347819, "YAT": 226.97316856081753, "NOP": 106.50404558420519}}