{"QUB": {"TAK": 80.58135354597191, "YAT": 226.97316856081753, "NOP": 76.01588619486498}}