{"QUB": {"TAK": 103.89945039459903, "YAT": 249.670485416899, "NOP": 110.90261141201469}}