{"QUB": {"TAK": 81.69733619738773, "YAT": 249.670485416899, "NOP": 114.69449634023056}}