{"QUB": {"TAK": 89.7235828383343, "YAT": 226.97316856081753, "NOP": 97.86556955598104}}