{"QUB": {"TAK": 70.78540212096398, "YAT": 249.670485416899, "NOP": 122.50881631156719}}