{"QUB": {"TAK": 89.51497127239233, "YAT": 249.60141174559107, "NOP": 92.54769740017579}}