{"QUB": {"TAK": 88.69009299287939, "YAT": 226.97316856081753, "NOP": 98.59382952486251}}