{"QUB": {"TAK": 100.93195868895049, "YAT": 249.670485416899, "NOP": 122.81139206599248}}