{"QUB": {"TAK": 99.39196340662679, "YAT": 249.67048541689883, "NOP": 122.89641250804539}}