{"QUB": {"TAK": 86.0830978842449, "YAT": 249.670485416899, "NOP": 118.07509349886398}}