{"QUB": {"TAK": 117.4454402699167, "YAT": 249.670485416899, "NOP": 100.43809240856116}}