{"QUB": {"TAK": 110.06485902641441, "YAT": 249.67047032606348, "NOP": 115.61117306601275}}