{"QUB": {"TAK": 111.92253581139569, "YAT": 249.67047957040032, "NOP": 115.61117306601275}}