{"QUB": {"TAK": 99.39196340662679, "YAT": 249.6704854168986, "NOP": 120.76100309635231}}