{"QUB": {"TAK": 98.15055481962521, "YAT": 249.670485416899, "NOP": 110.90261141201469}}