{"QUB": {"TAK": 84.94479169182418, "YAT": 249.670485416899, "NOP": 91.34342111511185}}