{"QUB": {"TAK": 118.3226947068566, "YAT": 249.67048536587126, "NOP": 123.86621189609832}}