{"QUB": {"TAK": 87.2136325921218, "YAT": 249.670485416899, "NOP": 114.24082531870636}}