{"QUB": {"TAK": 99.44025723614561, "YAT": 249.670485416899, "NOP": 125.16090628505458}}