{"QUB": {"TAK": 86.39264640205413, "YAT": 249.670485416899, "NOP": 100.92057199894512}}