{"QUB": {"TAK": 98.72089990305747, "YAT": 249.670485416899, "NOP": 108.71534825109454}}