{"QUB": {"TAK": 102.38348600268364, "YAT": 226.9731685608175, "NOP": 59.949981689453125}}