{"QUB": {"TAK": 92.85233263505044, "YAT": 249.670485416899, "NOP": 119.73857853413986}}