{"QUB": {"TAK": 94.01716968212135, "YAT": 249.670485416899, "NOP": 102.5306526096369}}