{"QUB": {"TAK": 114.72051956447876, "YAT": 249.670485416899, "NOP": 117.04635551817235}}