{"QUB": {"TAK": 94.85603708098746, "YAT": 249.670485416899, "NOP": 89.69448652589072}}