{"QUB": {"TAK": 90.82158138515773, "YAT": 249.670485416899, "NOP": 112.26758368745149}}