{"QUB": {"TAK": 59.83778736645761, "YAT": 226.97316856081753, "NOP": 84.18256888830209}}