{"QUB": {"TAK": 83.35067504922253, "YAT": 249.670485416899, "NOP": 96.87597138935244}}