{"QUB": {"TAK": 111.46125876250501, "YAT": 249.670485416899, "NOP": 118.54171996635512}}