{"QUB": {"TAK": 92.75122455450087, "YAT": 226.97316856081753, "NOP": 94.77901260038293}}