{"QUB": {"TAK": 98.83906900389646, "YAT": 249.670485416899, "NOP": 112.25252644027128}}