{"QUB": {"TAK": 91.95944811981931, "YAT": 249.670485416899, "NOP": 105.97368214355825}}