{"QUB": {"TAK": 102.70044054946193, "YAT": 249.670485416899, "NOP": 97.0525545117215}}