{"QUB": {"TAK": 94.07249538663494, "YAT": 249.64075146632678, "NOP": 95.08503983782981}}