{"QUB": {"TAK": 102.42141569470024, "YAT": 226.9731685608175, "NOP": 110.45407326796557}}