{"QUB": {"TAK": 90.67478809582042, "YAT": 249.670485416899, "NOP": 119.46758414897758}}