{"QUB": {"TAK": 89.86236461110617, "YAT": 249.670485416899, "NOP": 117.61506850815215}}