{"QUB": {"TAK": 86.04047742134676, "YAT": 249.670485416899, "NOP": 121.84696172304089}}