{"QUB": {"TAK": 101.34713408016631, "YAT": 249.6694644470493, "NOP": 104.95456835172945}}