{"QUB": {"TAK": 74.27155208587646, "YAT": 226.9731685608175, "NOP": 112.7999267578125}}