{"QUB": {"TAK": 93.25934865760729, "YAT": 249.670485416899, "NOP": 104.74734351986982}}