{"QUB": {"TAK": 101.92951544185661, "YAT": 249.670485416899, "NOP": 120.96472068072588}}