{"QUB": {"TAK": 111.517333984375, "YAT": 226.9731685608175, "NOP": 98.59765625}}