{"QUB": {"TAK": 100.77929028269766, "YAT": 249.67029622912492, "NOP": 111.76688032841078}}