{"QUB": {"TAK": 101.49139328635597, "YAT": 226.97316856081753, "NOP": 117.30483219210996}}