{"QUB": {"TAK": 94.61096472751163, "YAT": 226.97316856081753, "NOP": 114.61568201935525}}