{"QUB": {"TAK": 110.09362194046503, "YAT": 249.670485416899, "NOP": 115.03623490223856}}