{"QUB": {"TAK": 78.65044680107108, "YAT": 249.670485416899, "NOP": 118.98054363726638}}