{"QUB": {"TAK": 117.9308330505697, "YAT": 249.670485416899, "NOP": 115.38483946463593}}