{"QUB": {"TAK": 84.60042638428129, "YAT": 226.97316856081753, "NOP": 109.83125426221231}}