{"QUB": {"TAK": 91.86999668159531, "YAT": 249.670485416899, "NOP": 95.22236534831319}}