{"QUB": {"TAK": 88.71558310691577, "YAT": 226.97316856081753, "NOP": 106.57604492710784}}