{"QUB": {"TAK": 121.21789022248481, "YAT": 249.670485416899, "NOP": 103.59428316770504}}