{"QUB": {"TAK": 102.66742622414719, "YAT": 249.670485416899, "NOP": 104.28952426860651}}