{"QUB": {"TAK": 113.39980570778903, "YAT": 249.5100233196626, "NOP": 94.64253528452338}}