{"QUB": {"TAK": 88.53464635863787, "YAT": 249.670485416899, "NOP": 96.70185953297002}}