{"QUB": {"TAK": 98.83906900389646, "YAT": 249.670485416899, "NOP": 110.05836271141251}}