{"SHT": {"TAW": 134.35569480279898, "FOT": 141.8066086270742}, "SHS": {"LOW": 237.9570188328725, "LMC": 477.49651520679726, "FAN": 114.29967534167379}, "SHM": {"CIO": 109.49372152752623, "TSH": 196.7439034044349}, "SHW": {"SYP": 72.76840282899573, "CEN": 84.8752216909982}}