{"SHT": {"TAW": 294.7480765907272, "FOT": 141.8066086270742}, "SHS": {"LOW": 237.9570188328725, "LMC": 477.49651520679726, "FAN": 114.29967534167379}, "SHM": {"CIO": 106.5885005608549, "TSH": 196.7439034044349}, "SHW": {"SYP": 120.6675284446637, "CEN": 298.38161228429834}}