{"SHT": {"TAW": 117.22252145201055, "FOT": 155.98726948978157}, "SHS": {"LOW": 261.7527207161594, "LMC": 525.2461667274767, "FAN": 125.729642875841}, "SHM": {"CIO": 112.95038128742632, "TSH": 216.41829374486207}, "SHW": {"SYP": 119.58140869023221, "CEN": 110.39961003727906}}