{"SHT": {"TAW": 131.86187371023772, "FOT": 155.98689283159203}, "SHS": {"LOW": 261.68754601508067, "LMC": 524.8294095086162, "FAN": 125.72912873347302}, "SHM": {"CIO": 119.39130597064054, "TSH": 214.84893760771524}, "SHW": {"SYP": 113.24682461498132, "CEN": 96.56004956398063}}