{"SHT": {"TAW": 121.48230295826934, "FOT": 155.98726948978157}, "SHS": {"LOW": 261.7527207161594, "LMC": 525.2461667274767, "FAN": 125.729642875841}, "SHM": {"CIO": 103.32891582369398, "TSH": 216.41829374487816}, "SHW": {"SYP": 121.54262080368844, "CEN": 96.180754280925}}