{"SHT": {"TAW": 105.02085821539761, "FOT": 141.8066086270742}, "SHS": {"LOW": 237.9570188328725, "LMC": 477.49651520679726, "FAN": 114.29967534167379}, "SHM": {"CIO": 87.04904471071201, "TSH": 196.7439034044349}, "SHW": {"SYP": 112.898220050183, "CEN": 69.2840604717536}}