{"SHT": {"TAW": 126.72620426785075, "FOT": 155.98726948978157}, "SHS": {"LOW": 261.75272065011353, "LMC": 525.2461666761319, "FAN": 125.729642875841}, "SHM": {"CIO": 104.6434444307267, "TSH": 216.4179508805802}, "SHW": {"SYP": 106.7732386222659, "CEN": 78.93667110640942}}