{"SHT": {"TAW": 148.98205958267337, "FOT": 155.98726948978157}, "SHS": {"LOW": 261.75272071611835, "LMC": 525.246166727423, "FAN": 125.729642875841}, "SHM": {"CIO": 126.00141874949607, "TSH": 216.4182792104637}, "SHW": {"SYP": 107.9001959230812, "CEN": 97.95487740720947}}