{"SHT": {"TAW": 140.9264992626016, "FOT": 155.9830196779859}, "SHS": {"LOW": 261.46782631408234, "LMC": 523.7705518748169, "FAN": 125.72384183829385}, "SHM": {"CIO": 116.43371107486487, "TSH": 212.77258949445906}, "SHW": {"SYP": 86.4878518237968, "CEN": 80.38870624915322}}