{"SHT": {"TAW": 133.01236758333317, "FOT": 155.98726948978157}, "SHS": {"LOW": 261.7527207161594, "LMC": 525.2461667274767, "FAN": 125.729642875841}, "SHM": {"CIO": 104.58635907054341, "TSH": 216.41829374487816}, "SHW": {"SYP": 120.75739320802862, "CEN": 85.5434652812194}}