{"SHT": {"TAW": 102.7167831676531, "FOT": 155.98726948629331}, "SHS": {"LOW": 261.7526584739975, "LMC": 525.245905596261, "FAN": 125.72964287512642}, "SHM": {"CIO": 117.07347882390737, "TSH": 216.35176692047776}, "SHW": {"SYP": 117.07431217652095, "CEN": 78.86304406218757}}