{"SHT": {"TAW": 138.61711962893327, "FOT": 155.98726948978157}, "SHS": {"LOW": 261.7527207161594, "LMC": 525.2461667274767, "FAN": 125.729642875841}, "SHM": {"CIO": 115.06553676601088, "TSH": 216.41829374487762}, "SHW": {"SYP": 134.80174008073328, "CEN": 99.24143476359055}}