{"SHT": {"TAW": 110.94723609728797, "FOT": 155.98726948978157}, "SHS": {"LOW": 261.7527207161594, "LMC": 525.2461667274767, "FAN": 125.729642875841}, "SHM": {"CIO": 122.03267014009847, "TSH": 216.41829374487816}, "SHW": {"SYP": 119.69415420981534, "CEN": 95.08833317021598}}