{"SHT": {"TAW": 128.49719856403198, "FOT": 155.9872694895035}, "SHS": {"LOW": 261.7526939229499, "LMC": 525.2461183393357, "FAN": 125.72964287579957}, "SHM": {"CIO": 104.44467851072909, "TSH": 216.3644070171139}, "SHW": {"SYP": 137.73349061348978, "CEN": 100.69331414660124}}