{"SHT": {"TAW": 132.85248467243417, "FOT": 155.98726948978157}, "SHS": {"LOW": 261.7527207161594, "LMC": 525.2461667274767, "FAN": 125.729642875841}, "SHM": {"CIO": 119.41603786066628, "TSH": 216.41829374487816}, "SHW": {"SYP": 123.0939253871325, "CEN": 109.88154137533161}}