{"SHT": {"TAW": 128.91941612412856, "FOT": 155.98726948978157}, "SHS": {"LOW": 261.7527207161594, "LMC": 525.2461667274767, "FAN": 125.729642875841}, "SHM": {"CIO": 112.51376235080866, "TSH": 216.41829374487816}, "SHW": {"SYP": 120.26200980386795, "CEN": 79.76318619000895}}