{"SHT": {"TAW": 103.41524209011973, "FOT": 141.8066086270742}, "SHS": {"LOW": 237.9570188328725, "LMC": 477.49651520679726, "FAN": 114.29967534167379}, "SHM": {"CIO": 98.6487834659513, "TSH": 196.7439034044349}, "SHW": {"SYP": 90.27061067308817, "CEN": 71.6729422512941}}