{"SHT": {"TAW": 107.87855969493312, "FOT": 155.98726948978157}, "SHS": {"LOW": 261.7527207161594, "LMC": 525.2461667274767, "FAN": 125.729642875841}, "SHM": {"CIO": 113.55183605971816, "TSH": 216.41829374487816}, "SHW": {"SYP": 130.05588170287666, "CEN": 110.06427642654617}}