{"SHT": {"TAW": 128.24388238623374, "FOT": 155.98726948978157}, "SHS": {"LOW": 261.7527207161594, "LMC": 525.2461667274767, "FAN": 125.729642875841}, "SHM": {"CIO": 108.87373230060379, "TSH": 216.41829374487816}, "SHW": {"SYP": 133.31932578669844, "CEN": 98.38102233363426}}