{"SHT": {"TAW": 104.02468315958262, "FOT": 155.98726948978157}, "SHS": {"LOW": 261.7527207161594, "LMC": 525.2461667274767, "FAN": 125.729642875841}, "SHM": {"CIO": 98.67470711830485, "TSH": 216.41829364212518}, "SHW": {"SYP": 95.75430544547223, "CEN": 79.11566012072396}}