{"SHT": {"TAW": 126.22340762616086, "FOT": 155.98726948978157}, "SHS": {"LOW": 261.7527207141187, "LMC": 525.2461667229265, "FAN": 125.729642875841}, "SHM": {"CIO": 124.00862898983712, "TSH": 216.4182365647764}, "SHW": {"SYP": 101.80076534895878, "CEN": 96.07844656557994}}