{"SHT": {"TAW": 126.05416849021961, "FOT": 141.8066086270742}, "SHS": {"LOW": 237.95701883287254, "LMC": 477.4965152067973, "FAN": 114.29967534167379}, "SHM": {"CIO": 120.55174720287323, "TSH": 196.7439034044349}, "SHW": {"SYP": 133.21268235892057, "CEN": 101.40482885949314}}