{"SHT": {"TAW": 114.81046440270727, "FOT": 155.98578767203404}, "SHS": {"LOW": 261.5658014989568, "LMC": 524.37483091313, "FAN": 125.72686825756549}, "SHM": {"CIO": 116.43371107486487, "TSH": 213.137159919501}, "SHW": {"SYP": 86.4878518237968, "CEN": 73.1198356242379}}