{"SHT": {"TAW": 113.96213425508822, "FOT": 155.98726948977398}, "SHS": {"LOW": 261.75271807764227, "LMC": 525.2461624388663, "FAN": 125.72964287584087}, "SHM": {"CIO": 104.53218959369056, "TSH": 216.4030745413334}, "SHW": {"SYP": 144.7108523664302, "CEN": 104.45260817770686}}