{"SHT": {"TAW": 119.95293857781412, "FOT": 155.83446913005196}, "SHS": {"LOW": 259.40938923499004, "LMC": 510.2618201206831, "FAN": 125.47214400044575}, "SHM": {"CIO": 110.3874703241122, "TSH": 207.9491138265767}, "SHW": {"SYP": 127.84850938727111, "CEN": 78.77454325300579}}