{"SHT": {"TAW": 153.5880989497614, "FOT": 155.98725784985555}, "SHS": {"LOW": 261.7378108350607, "LMC": 525.1402326341442, "FAN": 125.72961596832201}, "SHM": {"CIO": 118.32203584733725, "TSH": 215.58427354998827}, "SHW": {"SYP": 128.4049351443214, "CEN": 108.6374050056127}}