{"SHT": {"TAW": 103.71010804257973, "FOT": 141.8066086270742}, "SHS": {"LOW": 237.9570188328725, "LMC": 477.49651520679726, "FAN": 114.29967534167379}, "SHM": {"CIO": 97.77384014880958, "TSH": 196.7439034044349}, "SHW": {"SYP": 107.4667831530571, "CEN": 82.88575060061905}}