{"SHT": {"TAW": 144.20342211756238, "FOT": 141.8066086270742}, "SHS": {"LOW": 237.9570188328725, "LMC": 477.49651520679726, "FAN": 114.29967534167379}, "SHM": {"CIO": 98.93730228770633, "TSH": 196.7439034044349}, "SHW": {"SYP": 111.37541987117697, "CEN": 98.73912940394149}}