{"SHT": {"TAW": 139.01127752278364, "FOT": 155.98726881292305}, "SHS": {"LOW": 261.7499578850908, "LMC": 525.230266588373, "FAN": 125.7296418492643}, "SHM": {"CIO": 120.92194405274475, "TSH": 216.12748888431216}, "SHW": {"SYP": 128.2901977202103, "CEN": 106.53604128176426}}