{"SHT": {"TAW": 136.6668314433592, "FOT": 141.8066086270742}, "SHS": {"LOW": 237.9570188328725, "LMC": 477.49651520679726, "FAN": 114.29967534167379}, "SHM": {"CIO": 91.70490863343043, "TSH": 196.7439034044349}, "SHW": {"SYP": 116.6692332014909, "CEN": 72.6431642276318}}