{"SHT": {"TAW": 119.26907316909782, "FOT": 155.98726948978157}, "SHS": {"LOW": 261.7527207161594, "LMC": 525.2461667274767, "FAN": 125.729642875841}, "SHM": {"CIO": 121.0733548660269, "TSH": 216.41829374472883}, "SHW": {"SYP": 119.42062968487967, "CEN": 106.37537231634602}}