{"SHT": {"TAW": 110.08466876304063, "FOT": 141.8066086270742}, "SHS": {"LOW": 237.9570188328725, "LMC": 477.49651520679726, "FAN": 114.29967534167379}, "SHM": {"CIO": 93.99645613392862, "TSH": 196.7439034044349}, "SHW": {"SYP": 87.04809435397625, "CEN": 86.59717554055715}}