{"SHT": {"TAW": 169.2160991613377, "FOT": 141.8066086270742}, "SHS": {"LOW": 237.9570188328725, "LMC": 477.49651520679726, "FAN": 114.29967534167379}, "SHM": {"CIO": 100.03672139390514, "TSH": 196.7439034044349}, "SHW": {"SYP": 119.12516613680775, "CEN": 193.99770495532363}}