{"SHT": {"TAW": 133.66906751629227, "FOT": 155.98726948978157}, "SHS": {"LOW": 261.7527207161594, "LMC": 525.2461667274767, "FAN": 125.729642875841}, "SHM": {"CIO": 115.06553676601088, "TSH": 216.41829374487662}, "SHW": {"SYP": 124.29285182248634, "CEN": 125.1991232488806}}