{"SHT": {"TAW": 143.54636014930674, "FOT": 155.98726006144153}, "SHS": {"LOW": 261.73930182317065, "LMC": 525.1766633688414, "FAN": 125.72962326025967}, "SHM": {"CIO": 119.68983226260352, "TSH": 215.81029302280348}, "SHW": {"SYP": 128.76444162988926, "CEN": 108.6374050056127}}