{"SHT": {"TAW": 99.26905894780678, "FOT": 155.98726948978157}, "SHS": {"LOW": 261.7527207161594, "LMC": 525.2461667274767, "FAN": 125.729642875841}, "SHM": {"CIO": 106.84409818533996, "TSH": 216.41829374487816}, "SHW": {"SYP": 143.9019287214143, "CEN": 92.20004987297449}}