{"SHT": {"TAW": 157.67014767282143, "FOT": 155.98726948978157}, "SHS": {"LOW": 261.75272071569276, "LMC": 525.2461667267185, "FAN": 125.729642875841}, "SHM": {"CIO": 127.13724148023216, "TSH": 216.4182599806}, "SHW": {"SYP": 112.51862563781602, "CEN": 103.7980719125093}}