{"SHT": {"TAW": 128.260832875944, "FOT": 155.98726948978157}, "SHS": {"LOW": 261.7527207108916, "LMC": 525.2461667169057, "FAN": 125.729642875841}, "SHM": {"CIO": 119.57544427653883, "TSH": 216.41821530852445}, "SHW": {"SYP": 106.08814433599007, "CEN": 90.20617142946134}}