{"SHT": {"TAW": 117.42641144131453, "FOT": 155.9872679174003}, "SHS": {"LOW": 261.74850972535194, "LMC": 525.2129234865022, "FAN": 125.72963993164758}, "SHM": {"CIO": 118.32338771943796, "TSH": 215.97506121848573}, "SHW": {"SYP": 128.2901977202103, "CEN": 103.09560142418249}}