{"SHT": {"TAW": 107.88493255956564, "FOT": 141.8066086270742}, "SHS": {"LOW": 237.95701883287254, "LMC": 477.4965152067973, "FAN": 114.29967534167379}, "SHM": {"CIO": 68.65234375, "TSH": 196.7439034044349}, "SHW": {"SYP": 114.29388427734375, "CEN": 103.45654296875}}