{"SHT": {"TAW": 160.95107340740984, "FOT": 155.9807921055479}, "SHS": {"LOW": 261.2166416366808, "LMC": 520.5439199867802, "FAN": 125.71981876781683}, "SHM": {"CIO": 117.98039927965002, "TSH": 212.36751124441247}, "SHW": {"SYP": 88.76427980421867, "CEN": 91.09716820883115}}