{"SHT": {"TAW": 141.15700083328278, "FOT": 141.8066086270742}, "SHS": {"LOW": 237.9570188328725, "LMC": 477.49651520679726, "FAN": 114.29967534167379}, "SHM": {"CIO": 96.57535852886852, "TSH": 196.7439034044349}, "SHW": {"SYP": 122.91306672971072, "CEN": 118.00594703866918}}