{"SHT": {"TAW": 122.8342587510489, "FOT": 155.98726948978157}, "SHS": {"LOW": 261.75272070813014, "LMC": 525.2461667113646, "FAN": 125.729642875841}, "SHM": {"CIO": 110.86160475170982, "TSH": 216.41819690987353}, "SHW": {"SYP": 107.9816596740618, "CEN": 80.11683323657246}}