{"SHT": {"TAW": 114.25933680888133, "FOT": 154.26323218221037}, "SHS": {"LOW": 250.37131027205928, "LMC": 504.6915074588981, "FAN": 123.61164681596782}, "SHM": {"CIO": 110.3874703241122, "TSH": 204.80076299274987}, "SHW": {"SYP": 129.1434971018808, "CEN": 99.57225004268523}}