{"SHT": {"TAW": 97.3510354288448, "FOT": 155.98726948978157}, "SHS": {"LOW": 261.7527207161594, "LMC": 525.2461667274767, "FAN": 125.729642875841}, "SHM": {"CIO": 116.21284289772844, "TSH": 216.41829374487816}, "SHW": {"SYP": 144.95105087662586, "CEN": 69.47256558663037}}