{"SHT": {"TAW": 157.6469736266755, "FOT": 155.98726948978157}, "SHS": {"LOW": 261.75272071613773, "LMC": 525.2461667274563, "FAN": 125.729642875841}, "SHM": {"CIO": 114.13914918709183, "TSH": 216.4182842088489}, "SHW": {"SYP": 88.3711428279262, "CEN": 102.54245069983968}}