{"SHT": {"TAW": 117.46340291126316, "FOT": 155.98726948978157}, "SHS": {"LOW": 261.7527206845701, "LMC": 525.2461667001902, "FAN": 125.729642875841}, "SHM": {"CIO": 112.05707098999974, "TSH": 216.41798516701002}, "SHW": {"SYP": 106.7732386222659, "CEN": 89.01870359619163}}