{"SHT": {"TAW": 234.54942152201747, "FOT": 141.8066086270742}, "SHS": {"LOW": 237.9570188328725, "LMC": 477.49651520679726, "FAN": 114.29967534167379}, "SHM": {"CIO": 100.30384164726324, "TSH": 196.7439034044349}, "SHW": {"SYP": 121.80907401672644, "CEN": 83.6744972614716}}