{"SHT": {"TAW": 141.3932964840613, "FOT": 155.98726948978157}, "SHS": {"LOW": 261.7527207161594, "LMC": 525.2461667274767, "FAN": 125.729642875841}, "SHM": {"CIO": 116.68856851520404, "TSH": 216.41829334063505}, "SHW": {"SYP": 132.97819962420118, "CEN": 100.0325059806}}