{"SHT": {"TAW": 113.68225574032094, "FOT": 155.98726948978157}, "SHS": {"LOW": 261.7527207161594, "LMC": 525.2461667274767, "FAN": 125.729642875841}, "SHM": {"CIO": 120.60418909493589, "TSH": 216.41829374487816}, "SHW": {"SYP": 107.269726114213, "CEN": 90.37425858591413}}