{"SHT": {"TAW": 164.52423998472764, "FOT": 155.98726948978157}, "SHS": {"LOW": 261.7527207161594, "LMC": 525.2461667274767, "FAN": 125.729642875841}, "SHM": {"CIO": 114.50165252882876, "TSH": 216.41829374440175}, "SHW": {"SYP": 111.80635729581279, "CEN": 100.11753293634936}}