{"SHT": {"TAW": 87.46678337405551, "FOT": 141.8066086270742}, "SHS": {"LOW": 237.95701883287254, "LMC": 477.4965152067973, "FAN": 114.29967534167379}, "SHM": {"CIO": 122.20698881149292, "TSH": 196.7439034044349}, "SHW": {"SYP": 133.21268235892057, "CEN": 115.47726175189018}}