{"SHT": {"TAW": 95.41749273506096, "FOT": 155.9872694897811}, "SHS": {"LOW": 261.75271969394396, "LMC": 525.2461657463808, "FAN": 125.729642875841}, "SHM": {"CIO": 106.84202063317835, "TSH": 216.4110144470024}, "SHW": {"SYP": 126.92949023761489, "CEN": 113.23134306831184}}