{"SHT": {"TAW": 134.9640206363128, "FOT": 141.8066086270742}, "SHS": {"LOW": 237.9570188328725, "LMC": 477.49651520679726, "FAN": 114.29967534167379}, "SHM": {"CIO": 93.78529336773792, "TSH": 196.7439034044349}, "SHW": {"SYP": 107.52586577452409, "CEN": 100.90174280192602}}