{"SHT": {"TAW": 127.06256976516663, "FOT": 141.8066086270742}, "SHS": {"LOW": 237.9570188328725, "LMC": 477.49651520679726, "FAN": 114.29967534167379}, "SHM": {"CIO": 92.8626956369769, "TSH": 196.7439034044349}, "SHW": {"SYP": 97.15690326870701, "CEN": 87.0945709894295}}