{"SIH": {"TIS": 389.4590189021734, "TUM": 154.4177961085171}}