{"SIH": {"TIS": 389.4590189027047, "TUM": 154.417796109349}}