{"SIH": {"TIS": 389.45901890275366, "TUM": 154.41779610938195}}