{"SIH": {"TIS": 389.4590188311603, "TUM": 154.4177960088242}}