{"SIH": {"TIS": 389.4590160408749, "TUM": 154.41779418771483}}