{"SIH": {"TIS": 370.6431561332784, "TUM": 144.1841076217813}}