{"SIH": {"TIS": 389.4590160408749, "TUM": 154.4177939741948}}