{"SIH": {"TIS": 389.4590189026219, "TUM": 154.41779610930848}}