{"SIH": {"TIS": 389.45901890265543, "TUM": 154.4177961093319}}