{"SIH": {"TIS": 389.4590189027846, "TUM": 154.41779610938872}}