{"SIH": {"TIS": 388.8775493907896, "TUM": 153.4100122449335}}