{"SIH": {"TIS": 385.9724015445399, "TUM": 152.521472971998}}