{"SIH": {"TIS": 389.45901069488167, "TUM": 154.4177905980703}}