{"SIH": {"TIS": 389.4589790374737, "TUM": 154.41778030307043}}