{"SIH": {"TIS": 389.4590189027721, "TUM": 154.4177961093844}}