{"SIH": {"TIS": 389.45895139052084, "TUM": 154.4177663670069}}