{"SIH": {"TIS": 389.4590189022922, "TUM": 154.4177961091194}}