{"SIH": {"TIS": 384.67627904236144, "TUM": 151.52750021334722}}