{"SKW": {"HFC": 142.25375871513754, "SWH": 90.6343495226215}, "SKM": {"KOT": 131.5121887199095, "PRE": 121.61626477957904}}