{"SKW": {"HFC": 167.26833271111863, "SWH": 95.12360284293041}, "SKM": {"KOT": 134.05224839321426, "PRE": 98.7225990997689}}