{"SKW": {"HFC": 173.2654621880394, "SWH": 238.1685535049879}, "SKM": {"KOT": 151.00796919264715, "PRE": 90.53598854871697}}