{"SKW": {"HFC": 104.503662109375, "SWH": 52.49957275390625}, "SKM": {"KOT": 152.740234375, "PRE": 82.729248046875}}