{"SKW": {"HFC": 150.54226310948837, "SWH": 107.44611159685105}, "SKM": {"KOT": 119.67489608532715, "PRE": 98.3361567068785}}