{"SKW": {"HFC": 125.45883111057273, "SWH": 108.94759184494055}, "SKM": {"KOT": 142.45039031855333, "PRE": 101.19176421970901}}