{"SKW": {"HFC": 141.2048812134929, "SWH": 92.01376624995261}, "SKM": {"KOT": 120.8499462713631, "PRE": 83.88129627913824}}