{"SKW": {"HFC": 182.14995974157267, "SWH": 164.61816001532515}, "SKM": {"KOT": 149.7791081557096, "PRE": 214.64375629031875}}