{"SKW": {"HFC": 162.72138765582363, "SWH": 103.8099307840333}, "SKM": {"KOT": 125.80561367442549, "PRE": 95.76348820069501}}