{"SKW": {"HFC": 133.17746412440133, "SWH": 80.94255676821483}, "SKM": {"KOT": 110.91162381956713, "PRE": 93.7465572574603}}