{"SKW": {"HFC": 156.8678144875293, "SWH": 97.75622943362553}, "SKM": {"KOT": 116.52534387911639, "PRE": 110.0549084491021}}