{"SKW": {"HFC": 147.86189160109546, "SWH": 112.25667728321767}, "SKM": {"KOT": 118.55801502307534, "PRE": 102.99109023562112}}