{"SKW": {"HFC": 82.4842268464711, "SWH": 89.0494689826446}, "SKM": {"KOT": 133.13312043675256, "PRE": 101.50408003473218}}