{"SKW": {"HFC": 134.6283828436238, "SWH": 97.61382311332342}, "SKM": {"KOT": 115.67238557681404, "PRE": 112.55025702431313}}