{"SKW": {"HFC": 87.435804161824, "SWH": 99.43115659951313}, "SKM": {"KOT": 136.71282755376956, "PRE": 100.69830482813308}}