{"SKW": {"HFC": 146.1764415856906, "SWH": 109.00611507911671}, "SKM": {"KOT": 116.14837383926178, "PRE": 103.29691302406142}}