{"SKW": {"HFC": 134.70477574348863, "SWH": 107.98020106715646}, "SKM": {"KOT": 106.82416582182546, "PRE": 107.86237681364153}}