{"SKW": {"HFC": 143.81503674574532, "SWH": 2245.097689492908}, "SKM": {"KOT": 107.09315078349239, "PRE": 99.38302117277671}}