{"SKW": {"HFC": 142.12841860984167, "SWH": 113.8463734849307}, "SKM": {"KOT": 131.08613835841723, "PRE": 99.64201162746268}}