{"SKW": {"HFC": 125.46637134668856, "SWH": 85.62641149562573}, "SKM": {"KOT": 111.93841529384936, "PRE": 90.00124024068855}}