{"SKW": {"HFC": 156.05354114671408, "SWH": 109.61892706440725}, "SKM": {"KOT": 137.3035090858313, "PRE": 124.47771875362226}}