{"SKW": {"HFC": 132.91798761650608, "SWH": 95.88272675164683}, "SKM": {"KOT": 112.10207252596074, "PRE": 90.86790413546194}}