{"SKW": {"HFC": 143.60099868657022, "SWH": 600.7646415772208}, "SKM": {"KOT": 115.5846447776466, "PRE": 109.41265215960411}}