{"SKW": {"HFC": 146.19780074882647, "SWH": 95.04880465467696}, "SKM": {"KOT": 107.55723250476771, "PRE": 83.34549227829336}}