{"SKW": {"HFC": 151.28193051611845, "SWH": 106.69676102434588}, "SKM": {"KOT": 93.04644135980809, "PRE": 102.32720825834244}}