{"SKW": {"HFC": 152.43792225160686, "SWH": 115.07917501557031}, "SKM": {"KOT": 123.96874701786251, "PRE": 89.49375846530947}}