{"SKW": {"HFC": 144.82376453349994, "SWH": 92.76291337450846}, "SKM": {"KOT": 123.82348558424272, "PRE": 102.19518562004554}}