{"SKW": {"HFC": 110.42762554800534, "SWH": 108.55556380657625}, "SKM": {"KOT": 132.36518037231963, "PRE": 98.16279778610378}}