{"SKW": {"HFC": 159.2040404642526, "SWH": 101.59231528044947}, "SKM": {"KOT": 114.60820312940163, "PRE": 92.43989891081421}}