{"SKW": {"HFC": 174.66112220647705, "SWH": 112.32673745218354}, "SKM": {"KOT": 98.92366744571437, "PRE": 121.21220077466197}}