{"SKW": {"HFC": 164.8975757354165, "SWH": 121.55065062718691}, "SKM": {"KOT": 115.343096258428, "PRE": 102.53103482033166}}