{"SKW": {"HFC": 158.70791371443286, "SWH": 400.03933320493303}, "SKM": {"KOT": 139.11588543861393, "PRE": 111.67138694364371}}