{"SKW": {"HFC": 133.10240191226237, "SWH": 103.1757863264354}, "SKM": {"KOT": 122.5587536822404, "PRE": 110.26450651726255}}