{"SKW": {"HFC": 110.76699538948328, "SWH": 103.30359273916238}, "SKM": {"KOT": 118.09693225003541, "PRE": 94.59935974640211}}