{"SKW": {"HFC": 160.02535944038777, "SWH": 114.55423094371262}, "SKM": {"KOT": 137.89278787314592, "PRE": 124.47771875362226}}