{"SKW": {"HFC": 137.55666520730023, "SWH": 652.8496017524675}, "SKM": {"KOT": 128.427383086274, "PRE": 109.41265215960411}}