{"SKW": {"HFC": 142.64556109391023, "SWH": 82.25676710097962}, "SKM": {"KOT": 122.12185553609916, "PRE": 104.9152143620076}}