{"SKW": {"HFC": 110.9593705520407, "SWH": 88.66558622005432}, "SKM": {"KOT": 118.88997908360382, "PRE": 112.21181304984952}}