{"SKW": {"HFC": 148.68803679853954, "SWH": 107.59150043716595}, "SKM": {"KOT": 120.90740647679442, "PRE": 98.3361567068785}}