{"SKW": {"HFC": 151.5434339854082, "SWH": 82.41928646394754}, "SKM": {"KOT": 128.02088807593967, "PRE": 87.18344959454078}}