{"SKW": {"HFC": 141.58483247556953, "SWH": 84.49065907278217}, "SKM": {"KOT": 115.73768698889447, "PRE": 119.65636829497824}}