{"SKW": {"HFC": 89.60442772849908, "SWH": 80.43743384895355}, "SKM": {"KOT": 116.16391829000501, "PRE": 111.82654323833522}}