{"SKW": {"HFC": 166.58103243588002, "SWH": 103.81650735679754}, "SKM": {"KOT": 84.33607325626812, "PRE": 115.64056480932535}}