{"SKW": {"HFC": 140.2011487853314, "SWH": 98.13131641018636}, "SKM": {"KOT": 89.50333997836927, "PRE": 98.62637514325799}}