{"SKW": {"HFC": 104.0788964883566, "SWH": 117.08655878045563}, "SKM": {"KOT": 147.1175066324934, "PRE": 95.14644269302977}}