{"SKW": {"HFC": 104.0788964883566, "SWH": 116.4072875338396}, "SKM": {"KOT": 148.79722959165932, "PRE": 91.0516029922553}}