{"SKW": {"HFC": 110.2966910284149, "SWH": 103.88075240171742}, "SKM": {"KOT": 107.11905409008614, "PRE": 120.6284527032893}}