{"SKW": {"HFC": 124.72034434117771, "SWH": 112.54396286439673}, "SKM": {"KOT": 94.09860167612969, "PRE": 110.27613913227738}}