{"SKW": {"HFC": 151.5434339854082, "SWH": 83.31565983221776}, "SKM": {"KOT": 134.4687992683457, "PRE": 91.66510463508669}}