{"SKW": {"HFC": 156.83187662962607, "SWH": 104.17485258959509}, "SKM": {"KOT": 119.18551085874942, "PRE": 89.94560772165433}}