{"SKW": {"HFC": 142.39134969288202, "SWH": 103.6992893605454}, "SKM": {"KOT": 116.72105713190471, "PRE": 91.11548096028196}}