{"SKW": {"HFC": 125.05718123945337, "SWH": 106.48824981927996}, "SKM": {"KOT": 128.4746546428321, "PRE": 111.67223082688136}}