{"SKW": {"HFC": 146.93055180286234, "SWH": 92.96507407849538}, "SKM": {"KOT": 113.02034179616203, "PRE": 85.81173034558975}}