{"SKW": {"HFC": 166.73580419342252, "SWH": 94.14026746381177}, "SKM": {"KOT": 117.44249306615468, "PRE": 74.3542835997412}}