{"SKW": {"HFC": 152.8557958479251, "SWH": 103.24436753781478}, "SKM": {"KOT": 124.50623741602831, "PRE": 88.63444322617741}}