{"SKW": {"HFC": 125.98328834901449, "SWH": 98.86142218450676}, "SKM": {"KOT": 110.98993194319864, "PRE": 104.65878191379593}}