{"SKW": {"HFC": 137.00002567503998, "SWH": 110.91518943216315}, "SKM": {"KOT": 125.02851512252869, "PRE": 84.09257634298768}}