{"SKW": {"HFC": 155.32653149595458, "SWH": 109.48233092216988}, "SKM": {"KOT": 133.6481323112139, "PRE": 110.42995219043402}}