{"SKW": {"HFC": 136.15332051860588, "SWH": 101.61820965828005}, "SKM": {"KOT": 84.33607325626812, "PRE": 110.43799181720142}}