{"SKW": {"HFC": 125.05718123945337, "SWH": 105.59170071231817}, "SKM": {"KOT": 131.03450568289725, "PRE": 112.22470091875705}}