{"SKW": {"HFC": 91.7010001687081, "SWH": 114.9353139695346}, "SKM": {"KOT": 136.8134301100788, "PRE": 2240.893079893372}}