{"SKW": {"HFC": 116.234375, "SWH": 109.97265625}, "SKM": {"KOT": -26.5, "PRE": 95.671875}}