{"SKW": {"HFC": 156.0544332711593, "SWH": 90.94795799519314}, "SKM": {"KOT": 56.94547438982287, "PRE": 97.40315620679412}}