{"SKW": {"HFC": 150.1237374645066, "SWH": 109.99708492191128}, "SKM": {"KOT": 93.18761750144455, "PRE": 104.74448743250821}}