{"SKW": {"HFC": 130.77670050577362, "SWH": 116.14626990961517}, "SKM": {"KOT": 132.39575539492077, "PRE": 105.24607608136566}}