{"SKW": {"HFC": 153.62192433967599, "SWH": 88.60483280291278}, "SKM": {"KOT": 140.25608877902533, "PRE": 120.4625164217545}}