{"SKW": {"HFC": 161.76607577674116, "SWH": 104.26254584123669}, "SKM": {"KOT": 121.47120811908826, "PRE": 112.35981190190137}}