{"SKW": {"HFC": 127.9673928646453, "SWH": 85.74153746427956}, "SKM": {"KOT": 129.39424175659116, "PRE": 112.22061799564378}}