{"SKW": {"HFC": 66.91208637855186, "SWH": 88.86009405021468}, "SKM": {"KOT": 149.01488176126077, "PRE": 120.31422635164465}}