{"SKW": {"HFC": 148.3738866716264, "SWH": 113.67157340401744}, "SKM": {"KOT": 115.26629922891053, "PRE": 116.54114881772743}}