{"SKW": {"HFC": 112.80907538898846, "SWH": 1659.13821564033}, "SKM": {"KOT": 103.27838653097702, "PRE": 98.21474009972586}}