{"SKW": {"HFC": 153.9541135970036, "SWH": 95.33494351025732}, "SKM": {"KOT": 79.97801418150273, "PRE": 91.47989357320803}}