{"SKW": {"HFC": 126.441320087492, "SWH": 96.17904572170423}, "SKM": {"KOT": 125.55909648702686, "PRE": 99.82699369875637}}