{"SKW": {"HFC": 127.06086193720958, "SWH": 107.87800118572939}, "SKM": {"KOT": 98.14426038659182, "PRE": 107.86237681364153}}