{"SKW": {"HFC": 125.08183867320425, "SWH": 71.31079297432625}, "SKM": {"KOT": 128.99951515196892, "PRE": 96.90359006391006}}