{"SKW": {"HFC": 140.22945438298007, "SWH": 85.66016671329471}, "SKM": {"KOT": 93.70674806252013, "PRE": 104.70122446568078}}