{"SKW": {"HFC": 145.36749655163743, "SWH": 121.73484138641292}, "SKM": {"KOT": 114.80593764346266, "PRE": 112.66578029126977}}