{"SKW": {"HFC": 166.39816613098543, "SWH": 106.53368545737335}, "SKM": {"KOT": 128.96426431952196, "PRE": 103.23144147102266}}