{"SKW": {"HFC": 124.93874067668344, "SWH": 101.7897486488891}, "SKM": {"KOT": 110.50785329306873, "PRE": 89.26799955737306}}