{"SKW": {"HFC": 300.2310481425985, "SWH": 522.0276119333498}, "SKM": {"KOT": 126.31182916940213, "PRE": 96.64368694713836}}