{"SKW": {"HFC": 124.22098695132597, "SWH": 5598.382536100224}, "SKM": {"KOT": 104.61387937885539, "PRE": 86.14755089093352}}