{"SKW": {"HFC": 166.2492488902413, "SWH": 106.62893770562997}, "SKM": {"KOT": 125.80561367442549, "PRE": 90.21842544256296}}