{"SKW": {"HFC": 128.54336453789466, "SWH": 96.49867164836806}, "SKM": {"KOT": 76.54941759403555, "PRE": 95.71317487180023}}