{"SKW": {"HFC": 144.9374966225761, "SWH": 92.96507407849538}, "SKM": {"KOT": 113.02034179616203, "PRE": 89.23055731103076}}