{"SSP": {"CSW": 74.82742080589522, "PRE": 52.66979063957725}}