{"SSP": {"CSW": 109.02195144769999, "PRE": 95.46035150430556}}