{"SSP": {"CSW": 80.6182352127282, "PRE": 103.37071871230228}}