{"SSP": {"CSW": 94.25132353968749, "PRE": 106.23364684107204}}