{"SSP": {"CSW": 218.54093849413078, "PRE": 100.60117447807326}}