{"SSP": {"CSW": 105.97360674109234, "PRE": 93.52559639741969}}