{"SSP": {"CSW": 111.47089161558495, "PRE": 120.89318555251695}}