{"SSP": {"CSW": 80.25476158064563, "PRE": 68.75826558655882}}