{"SSP": {"CSW": 105.70480446368512, "PRE": 120.89318555251695}}