{"SSP": {"CSW": 61.299943946596784, "PRE": 108.59543684532613}}