{"SSP": {"CSW": 87.0794057619385, "PRE": 97.47899427627114}}