{"SSP": {"CSW": 87.88248790310081, "PRE": 86.404078460033}}