{"SSP": {"CSW": 98.37563232672764, "PRE": 84.40613647504111}}