{"SSP": {"CSW": 101.38044457204319, "PRE": 73.80232179441796}}