{"SSP": {"CSW": 112.46557266620884, "PRE": 72.12843302082749}}