{"SSP": {"CSW": 82.7108382583903, "PRE": 87.5184527583897}}