{"SSP": {"CSW": 82.80021434860285, "PRE": 103.92506177815778}}