{"SSP": {"CSW": 261.7458138913745, "PRE": 100.60117447807326}}