{"SSP": {"CSW": 173.09090289425936, "PRE": 103.74105703026594}}