{"SSP": {"CSW": 102.19015502732056, "PRE": 99.14330938439211}}