{"SSP": {"CSW": 112.70997014510264, "PRE": 107.9844808940425}}