{"SSP": {"CSW": 87.63975443255126, "PRE": 87.5184527583897}}