{"SSP": {"CSW": 81.37615413519957, "PRE": 102.366939563023}}