{"SSP": {"CSW": 96.94810523801982, "PRE": 101.17796113835054}}