{"SSP": {"CSW": 96.80634409301949, "PRE": 77.68970332931761}}