{"SSP": {"CSW": 56.304693445563316, "PRE": 61.2265625}}