{"SSP": {"CSW": 104.97326218464939, "PRE": 97.30407349030496}}