{"SSP": {"CSW": 113.45793999779191, "PRE": 97.24272528709966}}