{"SSP": {"CSW": 102.61820708580504, "PRE": 84.13466957443231}}