{"SSP": {"CSW": 56.304693445563316, "PRE": 116.90625}}