{"SSP": {"CSW": 113.28198478124077, "PRE": 76.29916270915797}}