{"SSP": {"CSW": 96.148645255294, "PRE": 110.39749894144374}}