{"SSP": {"CSW": 75.40881474996851, "PRE": 66.84243702616007}}