{"SSP": {"CSW": 89.81258171076387, "PRE": 106.23364684107204}}