{"SSP": {"CSW": 94.4622523203013, "PRE": 84.5373444797861}}