{"SSP": {"CSW": 97.68080445533226, "PRE": 144.80100400037728}}