{"SSP": {"CSW": 101.18207308811165, "PRE": 99.74916924167775}}