{"SSP": {"CSW": 108.84377466035262, "PRE": 54.257895020482145}}