{"SSP": {"CSW": 120.12170164278689, "PRE": 88.47710490496493}}