{"SSP": {"CSW": 111.0501683201655, "PRE": 109.53231417046084}}