{"SSP": {"CSW": 105.46443290362564, "PRE": 106.24144191479645}}