{"SSP": {"CSW": 104.63407423153694, "PRE": 102.71154877942777}}