{"SSP": {"CSW": 88.65234672278166, "PRE": 75.306640625}}