{"SSP": {"CSW": 115.48142220862383, "PRE": 124.71281904100638}}