{"SSP": {"CSW": 118.61266851949517, "PRE": 86.6164795923811}}