{"SSP": {"CSW": 108.09360516476582, "PRE": 111.59542082051821}}