{"SSP": {"CSW": 94.55405139482835, "PRE": 90.58625531894127}}