{"SSP": {"CSW": 110.02036569813602, "PRE": 93.52559639741969}}