{"SSP": {"CSW": 60.8377088948258, "PRE": 48.72813659207068}}