{"SSP": {"CSW": 91.4810196600238, "PRE": 61.95932650706696}}