{"SSP": {"CSW": 120.30407900328923, "PRE": 104.96314016129887}}