{"SSP": {"CSW": 128.45676218164837, "PRE": 94.4141120767008}}