{"SSP": {"CSW": 82.10683792799952, "PRE": 91.35108307684911}}