{"SSP": {"CSW": 91.92364628002453, "PRE": 86.84021435436527}}