{"SSP": {"CSW": 81.41968680045318, "PRE": 85.0407681446615}}