{"SSP": {"CSW": 109.01918061681572, "PRE": 84.783684469889}}