{"SSP": {"CSW": 107.92979666973756, "PRE": 121.47582817347927}}