{"SSP": {"CSW": 91.8338657793005, "PRE": 89.77425231750996}}