{"SSP": {"CSW": 115.96497282310061, "PRE": 91.7476232291306}}