{"SSP": {"CSW": 165.2836313443501, "PRE": 101.47723057506387}}