{"SSP": {"CSW": 91.87468484951167, "PRE": 107.99722104604862}}