{"SSP": {"CSW": 107.12222072964782, "PRE": 75.67286820569473}}