{"SSP": {"CSW": 136.4302771186654, "PRE": 170.27232298663358}}