{"SSP": {"CSW": 80.67747405970398, "PRE": 86.75659712518997}}