{"SSP": {"CSW": 91.99423911279072, "PRE": 86.404078460033}}