{"SSP": {"CSW": 122.46887605552665, "PRE": 98.47197754331177}}