{"STW": {"CIO": 144.70920959126943, "CKT": 110.49454189410332}}