{"STW": {"CIO": 129.29088919850017, "CKT": 122.25686780428187}}