{"STW": {"CIO": 146.76479619416372, "CKT": 118.12837684976371}}