{"STW": {"CIO": 146.5570846747624, "CKT": 136.75056302622858}}