{"STW": {"CIO": 147.2440796608646, "CKT": 110.67979012132196}}