{"STW": {"CIO": 113.450927734375, "CKT": 106.73492431640625}}