{"STW": {"CIO": 144.39894714234447, "CKT": 124.06901199618122}}