{"STW": {"CIO": 146.78905242811, "CKT": 124.06901199618122}}