{"STW": {"CIO": 133.40856874634878, "CKT": 120.36791862799421}}