{"STW": {"CIO": 140.4223032551116, "CKT": 137.37550672360572}}