{"STW": {"CIO": 153.51564792024826, "CKT": 136.83036250610508}}