{"STW": {"CIO": 133.9318433887844, "CKT": 125.20978777567981}}