{"STW": {"CIO": 138.01888941277275, "CKT": 146.40773936035083}}