{"STW": {"CIO": 114.45220006078566, "CKT": 117.15470303805031}}