{"STW": {"CIO": 140.81925879346764, "CKT": 125.41895015090581}}