{"STW": {"CIO": 133.6065580483355, "CKT": 128.03344744426528}}