{"STW": {"CIO": 112.93640176965485, "CKT": 124.61200758629866}}