{"STW": {"CIO": 143.11997091010647, "CKT": 125.41895015090581}}