{"STW": {"CIO": 135.96365521880034, "CKT": 129.9137784846385}}