{"STW": {"CIO": 145.5419688452809, "CKT": 113.3775756138642}}