{"STW": {"CIO": 144.99738306153426, "CKT": 131.43921923838596}}