{"STW": {"CIO": 146.12134399029935, "CKT": 110.49454189410332}}