{"STW": {"CIO": 135.32574787499863, "CKT": 91.66298731237652}}