{"STW": {"CIO": 143.87179993284303, "CKT": 111.59276548976418}}