{"STW": {"CIO": 124.82866549257263, "CKT": 124.46844574030497}}