{"STW": {"CIO": 155.90865466009754, "CKT": 129.3476806508999}}