{"STW": {"CIO": 150.26742855526447, "CKT": 134.17256425843277}}