{"STW": {"CIO": 135.4094635710773, "CKT": 127.26557802210786}}