{"STW": {"CIO": 148.8976060760778, "CKT": 136.6531346415375}}