{"STW": {"CIO": 131.33301274985473, "CKT": 110.2474112557474}}