{"STW": {"CIO": 137.76907049119473, "CKT": 89.61635869950987}}