{"STW": {"CIO": 152.93415302667262, "CKT": 128.99376758309262}}