{"STW": {"CIO": 135.96365521880034, "CKT": 130.12240063617463}}