{"STW": {"CIO": 123.38940588096352, "CKT": 125.96173991817284}}