{"STW": {"CIO": 124.75456946196164, "CKT": 130.9920113432278}}