{"STW": {"CIO": 155.24292078237895, "CKT": 132.17430282529511}}