{"STW": {"CIO": 135.28688385790156, "CKT": 123.35081320058498}}