{"STW": {"CIO": 130.846252403136, "CKT": 122.72258370704806}}