{"STW": {"CIO": 141.79917643718625, "CKT": 125.41895015090581}}