{"STW": {"CIO": 143.43828863214247, "CKT": 110.49454189410332}}