{"STW": {"CIO": 124.88670099043892, "CKT": 114.58875004484034}}