{"STW": {"CIO": 157.6814421267471, "CKT": 135.51041417976384}}