{"STW": {"CIO": 134.40314115242572, "CKT": 127.62620050435268}}