{"STW": {"CIO": 148.22015938842762, "CKT": 127.30935042598796}}