{"STW": {"CIO": 138.3569652603344, "CKT": 134.6129903831389}}