{"STW": {"CIO": 143.44178452897535, "CKT": 129.3294028004629}}