{"STW": {"CIO": 146.83655948593184, "CKT": 129.27187570813322}}