{"STW": {"CIO": 141.94903470976308, "CKT": 126.0907973912291}}