{"STW": {"CIO": 137.76907049119473, "CKT": 59.23271739901975}}