{"STW": {"CIO": 119.72626518134095, "CKT": 113.71057461722178}}