{"SUW": {"TKW": 117.57695448662885, "KAT": 106.9485299800051}, "SUN": {"DIS": 198.57938038523076, "TUC": 823.8732149873189, "TSY": 690.63554194413}}