{"SUW": {"TKW": 118.76197139665655, "KAT": 105.54363087885449}, "SUN": {"DIS": 180.526709441119, "TUC": 748.9756499884726, "TSY": 627.8504926764824}}