{"SUW": {"TKW": 121.85637447675242, "KAT": 108.29510588837206}, "SUN": {"DIS": 198.57938038523076, "TUC": 823.8732149873173, "TSY": 690.6355419441159}}