{"SUW": {"TKW": 122.24649309327519, "KAT": 128.6547398624541}, "SUN": {"DIS": 198.57938038523076, "TUC": 823.8732149873189, "TSY": 690.63554194413}}