{"SUW": {"TKW": 126.30616906473979, "KAT": 108.57774313792943}, "SUN": {"DIS": 180.526709441119, "TUC": 748.9756499884726, "TSY": 627.8504926764824}}