{"SUW": {"TKW": 135.63289521171478, "KAT": 123.83598057855116}, "SUN": {"DIS": 198.57938038523076, "TUC": 823.8732149873189, "TSY": 690.63554194413}}