{"SUW": {"TKW": 119.03617898045601, "KAT": 101.78408134366921}, "SUN": {"DIS": 198.57938038523076, "TUC": 823.8732149873124, "TSY": 690.6355419440883}}