{"SUW": {"TKW": 126.4755521582658, "KAT": 109.7199688241365}, "SUN": {"DIS": 180.526709441119, "TUC": 748.9756499884726, "TSY": 627.8504926764824}}