{"SUW": {"TKW": 125.76366332616946, "KAT": 118.15311329842191}, "SUN": {"DIS": 198.57938038523076, "TUC": 823.8732149873189, "TSY": 690.63554194413}}