{"SUW": {"TKW": 142.5270332914739, "KAT": 94.84094157566307}, "SUN": {"DIS": 198.57938038523076, "TUC": 823.8731911693883, "TSY": 690.6355333493924}}