{"SUW": {"TKW": 137.27368527538175, "KAT": 108.2728170490753}, "SUN": {"DIS": 198.57938038523076, "TUC": 823.8732149873189, "TSY": 690.63554194413}}