{"SUW": {"TKW": 135.9846740736593, "KAT": 123.35771301816195}, "SUN": {"DIS": 198.57938038523076, "TUC": 823.8732149873189, "TSY": 690.63554194413}}