{"SUW": {"TKW": 130.32229205446092, "KAT": 117.92727670101428}, "SUN": {"DIS": 198.57938038523076, "TUC": 823.8732149873189, "TSY": 690.63554194413}}