{"SUW": {"TKW": 123.83005299333036, "KAT": 97.33885419487846}, "SUN": {"DIS": 198.57705146416936, "TUC": 804.835258877758, "TSY": 668.7437489038855}}