{"SUW": {"TKW": 124.46265257643415, "KAT": 121.78622575395586}, "SUN": {"DIS": 198.57938038523076, "TUC": 823.8732149873189, "TSY": 690.63554194413}}