{"SUW": {"TKW": 109.22325709565007, "KAT": 102.98034733786321}, "SUN": {"DIS": 198.57938038523076, "TUC": 823.8732149872576, "TSY": 690.6355419436003}}