{"SUW": {"TKW": 125.73994836645325, "KAT": 89.76684137175835}, "SUN": {"DIS": 180.526709441119, "TUC": 748.9756499884726, "TSY": 627.8504926764824}}