{"SUW": {"TKW": 67.55145834846772, "KAT": 113.5213792348286}, "SUN": {"DIS": 180.526709441119, "TUC": 748.9756499884726, "TSY": 627.8504926764824}}