{"SUW": {"TKW": 144.12319643825597, "KAT": 126.46949226735936}, "SUN": {"DIS": 198.57938038523076, "TUC": 823.8732149873189, "TSY": 690.63554194413}}