{"SUW": {"TKW": 96.41627476602649, "KAT": 106.37074071095967}, "SUN": {"DIS": 180.526709441119, "TUC": 748.9756499884726, "TSY": 627.8504926764824}}