{"SUW": {"TKW": 131.06987170664803, "KAT": 111.22791366851177}, "SUN": {"DIS": 198.57938038523076, "TUC": 823.8732149873189, "TSY": 690.63554194413}}