{"SUW": {"TKW": 124.05450075690949, "KAT": 107.99331934592128}, "SUN": {"DIS": 180.526709441119, "TUC": 748.9756499884726, "TSY": 627.8504926764824}}