{"SUW": {"TKW": 57.9375, "KAT": 75.625}, "SUN": {"DIS": 180.526709441119, "TUC": 0.20426063926485624, "TSY": 627.8504926764824}}