{"SUW": {"TKW": 144.27066909047028, "KAT": 124.22872376510335}, "SUN": {"DIS": 198.57938038523076, "TUC": 823.8732149873189, "TSY": 690.63554194413}}