{"SUW": {"TKW": 126.59392155885118, "KAT": 93.72347395090375}, "SUN": {"DIS": 180.526709441119, "TUC": 748.9756499884726, "TSY": 627.8504926764824}}