{"SUW": {"TKW": 129.92875562279127, "KAT": 121.95960086544972}, "SUN": {"DIS": 198.57938038523076, "TUC": 823.8732149873189, "TSY": 690.63554194413}}