{"SUW": {"TKW": 136.5523142932687, "KAT": 118.18100576260815}, "SUN": {"DIS": 198.57938038523076, "TUC": 823.8732149873189, "TSY": 690.63554194413}}