{"SUW": {"TKW": 134.7005137067759, "KAT": 125.54734383563819}, "SUN": {"DIS": 198.57938038523076, "TUC": 823.8732149873189, "TSY": 690.63554194413}}