{"SUW": {"TKW": 137.85464538751188, "KAT": 123.18060008630509}, "SUN": {"DIS": 198.57938038523076, "TUC": 823.8732149873189, "TSY": 690.63554194413}}