{"SUW": {"TKW": 133.25418829356545, "KAT": 121.11151817182864}, "SUN": {"DIS": 198.57938038523076, "TUC": 823.8732149873189, "TSY": 690.63554194413}}