{"SUW": {"TKW": 133.98516370484268, "KAT": 126.918061061506}, "SUN": {"DIS": 198.57938038523076, "TUC": 823.8732149873189, "TSY": 690.63554194413}}