{"SUW": {"TKW": 139.42639293940826, "KAT": 118.16021136528312}, "SUN": {"DIS": 198.57938038523076, "TUC": 823.8732149873189, "TSY": 690.63554194413}}