{"SUW": {"TKW": 133.93039858128546, "KAT": 98.63640819706866}, "SUN": {"DIS": 198.57938038523076, "TUC": 823.8675094894428, "TSY": 690.6345572083226}}