{"SWH": {"TAK": 88.79089984383373, "SKW": 77.14320414973267}}