{"SWH": {"TAK": 94.12067286883067, "SKW": 94.73333908512811}}