{"SWH": {"TAK": 118.91064453125, "SKW": 88.01904296875}}