{"SWH": {"TAK": 96.08689849373408, "SKW": 94.61600053235114}}