{"SWH": {"TAK": 107.53553493957781, "SKW": 90.95056318337681}}