{"SWH": {"TAK": 107.83282063987178, "SKW": 91.80490320124713}}