{"SWH": {"TAK": 96.7086055819476, "SKW": 94.73333908512811}}