{"SWH": {"TAK": 98.92488228556684, "SKW": 113.89587598286668}}