{"SWH": {"TAK": 88.36737963558349, "SKW": 77.89054169642114}}