{"SWH": {"TAK": 90.20668431938361, "SKW": 98.59259898347568}}