{"SWH": {"TAK": 108.04652061614225, "SKW": 94.3433443531328}}