{"SWH": {"TAK": 110.14817957040425, "SKW": 104.76351829466971}}