{"SWH": {"TAK": 85.9646692276001, "SKW": 87.14258742332458}}