{"SWH": {"TAK": 92.63658014709972, "SKW": 99.51905724244709}}