{"SWH": {"TAK": 92.6876853592645, "SKW": 95.74884084191794}}