{"SWH": {"TAK": 100.03758508327152, "SKW": 80.52106584454353}}