{"SWH": {"TAK": 100.25094384601132, "SKW": 113.21957405191517}}