{"SWH": {"TAK": 89.6677063813339, "SKW": 72.44750384685902}}