{"SWH": {"TAK": 96.36867572901541, "SKW": 100.731636032487}}