{"SWH": {"TAK": 82.19150287975576, "SKW": 106.3552051059667}}