{"SWH": {"TAK": 148.70792834250898, "SKW": 111.34266160782013}}