{"SWH": {"TAK": 106.34213550970374, "SKW": 122.692980381481}}