{"SWH": {"TAK": 85.140625, "SKW": 113.21875}}