{"SWH": {"TAK": 52.9524954515471, "SKW": 85.21763751105019}}