{"SWH": {"TAK": 100.36516225423892, "SKW": 92.78627130060502}}