{"SWH": {"TAK": 145.8371355082581, "SKW": 109.3148003121009}}