{"SWH": {"TAK": 89.41008256964122, "SKW": 119.73247094754399}}