{"SWH": {"TAK": 90.53115406293615, "SKW": 102.47341990973196}}