{"SWH": {"TAK": 106.48335658207948, "SKW": 121.38845752054968}}