{"SWH": {"TAK": 102.86941528320312, "SKW": 28.56279754638672}}