{"SWH": {"TAK": 97.7997369043528, "SKW": 113.15144616485063}}