{"SWH": {"TAK": 106.27843819700965, "SKW": 90.95056318337681}}