{"SWH": {"TAK": 91.65511733260216, "SKW": 105.67000506302224}}