{"SWH": {"TAK": 94.62443713174949, "SKW": 92.98974654653179}}