{"SWH": {"TAK": 96.72812890830197, "SKW": 112.42999657870334}}