{"SWH": {"TAK": 120.14046495915689, "SKW": 118.35617023422533}}