{"SWH": {"TAK": 100.82652497580992, "SKW": 103.27553022266311}}