{"SWH": {"TAK": 51.67666140244512, "SKW": 44.751778444018846}}