{"SWH": {"TAK": 77.89473738294588, "SKW": 105.62533983116494}}