{"SWH": {"TAK": 89.41008256964122, "SKW": 116.12330146751064}}