{"SWH": {"TAK": 72.29548677768085, "SKW": 125.12659089970516}}