{"SWH": {"TAK": 93.20841756676231, "SKW": 91.78107248337442}}