{"SWH": {"TAK": 98.95054216654005, "SKW": 90.70784623282026}}