{"SWH": {"TAK": 76.51034638222494, "SKW": 108.90432932203393}}