{"SWH": {"TAK": 103.49126167744859, "SKW": 122.692980381481}}