{"SWH": {"TAK": 91.60027406181881, "SKW": 93.69214834542097}}