{"SWH": {"TAK": 78.97747849765871, "SKW": 100.71783706409198}}