{"SWH": {"TAK": 87.12690384878465, "SKW": 117.6893589708604}}