{"SWH": {"TAK": 105.68687985905858, "SKW": 114.37286417507455}}