{"SWH": {"TAK": 108.04652061614225, "SKW": 106.28716646520274}}