{"SWH": {"TAK": 74.63593809991276, "SKW": 125.48393180973464}}