{"SWH": {"TAK": 103.94186855452804, "SKW": 94.3433443531328}}