{"SWH": {"TAK": 103.25510782750919, "SKW": 102.57313707295114}}