{"SWH": {"TAK": 43.241167306900024, "SKW": 102.07129371166229}}