{"SWH": {"TAK": 109.06147712202801, "SKW": 122.71558487472066}}