{"SWH": {"TAK": 107.61735755962575, "SKW": 116.52289079300196}}