{"SWH": {"TAK": 98.03732634866098, "SKW": 108.20584942136782}}