{"SWH": {"TAK": 100.02467811472215, "SKW": 105.56260401815032}}