{"SWH": {"TAK": 108.69096044904875, "SKW": 110.41624367543834}}