{"SWH": {"TAK": 102.955322265625, "SKW": 114.25119018554688}}