{"SWH": {"TAK": 100.74716024980562, "SKW": 98.51141407522309}}