{"SYP": {"HKU": 99.58398634134211, "SHW": 134.81356972369105}}