{"SYP": {"HKU": 94.36599057975623, "SHW": 130.6025004240181}}