{"SYP": {"HKU": 78.1656893571039, "SHW": 124.95164689988303}}