{"SYP": {"HKU": 69.74441389139488, "SHW": 121.61132477589781}}