{"SYP": {"HKU": 101.672202517252, "SHW": 121.17228485299589}}