{"SYP": {"HKU": 96.21894248490267, "SHW": 130.46288596864537}}