{"SYP": {"HKU": 107.61050715048941, "SHW": 134.30117424785564}}