{"SYP": {"HKU": 78.92319690508738, "SHW": 133.70682460977088}}