{"SYP": {"HKU": 93.39852045954493, "SHW": 144.7967778508986}}