{"SYP": {"HKU": 100.26207102680885, "SHW": 98.99664113976807}}