{"SYP": {"HKU": 78.7193485363475, "SHW": 120.98832387886391}}