{"SYP": {"HKU": 78.66105885198358, "SHW": 157.88838386111132}}