{"SYP": {"HKU": 76.18235278226481, "SHW": 106.68505538611721}}