{"SYP": {"HKU": 112.31845454316064, "SHW": 146.80782504513977}}