{"SYP": {"HKU": 98.13047857091091, "SHW": 127.57929786304416}}