{"SYP": {"HKU": 108.00250103266058, "SHW": 111.9664325038544}}