{"SYP": {"HKU": 94.38351457782746, "SHW": 135.22898284098628}}