{"SYP": {"HKU": 101.99297059457919, "SHW": 80.12645521327967}}