{"SYP": {"HKU": 97.70416137255151, "SHW": 108.16397636577885}}