{"SYP": {"HKU": 83.99495296678523, "SHW": 158.35970426589142}}