{"SYP": {"HKU": 95.90312748307751, "SHW": 83.92877483756351}}