{"SYP": {"HKU": 110.29022296815792, "SHW": 148.8243779462057}}