{"SYP": {"HKU": 87.43595985565125, "SHW": 88.33799362662162}}