{"SYP": {"HKU": 99.8958384257207, "SHW": 136.08124315222548}}