{"SYP": {"HKU": 104.81985658765207, "SHW": 140.81207899844657}}