{"SYP": {"HKU": 93.07966902823031, "SHW": 124.60639088648736}}