{"SYP": {"HKU": 90.53297178843607, "SHW": 120.25043827011238}}