{"SYP": {"HKU": 104.81985658765207, "SHW": 143.77000558986754}}