{"SYP": {"HKU": 93.34332931241258, "SHW": 104.30930348242086}}