{"SYP": {"HKU": 80.93087721457864, "SHW": 130.71254762647067}}