{"SYP": {"HKU": 92.36539741105186, "SHW": 115.10258553223028}}