{"SYP": {"HKU": 85.18799093344842, "SHW": 154.22955697777797}}