{"SYP": {"HKU": 111.8200024917146, "SHW": 152.1089486148435}}