{"SYP": {"HKU": 86.91206232791507, "SHW": 119.55455390559673}}