{"SYP": {"HKU": 89.91136780966741, "SHW": 125.81541140186096}}