{"SYP": {"HKU": 94.29417909773079, "SHW": 130.2483632689576}}