{"SYP": {"HKU": 91.62562198404856, "SHW": 117.24774281746201}}