{"SYP": {"HKU": 107.79197658353155, "SHW": 95.21441938704194}}