{"SYP": {"HKU": 82.51865130839334, "SHW": 124.96447735384902}}