{"SYP": {"HKU": 99.23831245321598, "SHW": 128.5720301775188}}