{"SYP": {"HKU": 93.17198803369804, "SHW": 140.85166618165923}}