{"SYP": {"HKU": 94.07643639969623, "SHW": 128.8216005281983}}