{"SYP": {"HKU": 86.91206232791507, "SHW": 109.98567065239608}}