{"SYP": {"HKU": 84.944091796875, "SHW": 123.00048828125}}