{"SYP": {"HKU": 99.7485888003482, "SHW": 154.33339241785944}}