{"SYP": {"HKU": 64.21345376791143, "SHW": 119.85245752268975}}