{"SYP": {"HKU": 81.00543170236051, "SHW": 178.06634524464607}}