{"SYP": {"HKU": 87.08412453518112, "SHW": 137.755386720913}}