{"SYP": {"HKU": 100.13887254378712, "SHW": 153.7419401515851}}