{"SYP": {"HKU": 92.52775217282473, "SHW": 123.52296853571582}}