{"SYP": {"HKU": 103.4984320003869, "SHW": 154.33339241785944}}