{"SYP": {"HKU": 103.91353802576768, "SHW": 138.0623140121162}}