{"SYP": {"HKU": 84.46593517827105, "SHW": 114.01654984750549}}