{"SYP": {"HKU": 79.25157412063913, "SHW": 142.17109317762365}}