{"SYP": {"HKU": 112.69828282573405, "SHW": 141.9688958095196}}