{"SYP": {"HKU": 87.2114177474101, "SHW": 123.44677789690388}}