{"SYP": {"HKU": 97.35584045346533, "SHW": 120.55506344784347}}