{"SYP": {"HKU": 86.76645776312108, "SHW": 110.07634271186132}}