{"SYP": {"HKU": 76.18505574759345, "SHW": 125.40486026339345}}