{"SYP": {"HKU": 99.50625458314863, "SHW": 138.57822625797237}}