{"SYP": {"HKU": 104.77184152306134, "SHW": 135.60903564197108}}