{"SYP": {"HKU": 92.44460998054174, "SHW": 135.31801234096005}}