{"SYP": {"HKU": 85.95890563999562, "SHW": 125.40486026339345}}