{"SYP": {"HKU": 104.01959256998387, "SHW": 93.27123594254587}}