{"SYP": {"HKU": 72.02172680944204, "SHW": 149.06152391433716}}