{"SYP": {"HKU": 84.46761023091398, "SHW": 130.88807116691993}}