{"SYP": {"HKU": 90.53671356839644, "SHW": 124.86437423705411}}