{"SYP": {"HKU": 90.67770677148478, "SHW": 93.12565722170886}}