{"SYP": {"HKU": 89.95016593912496, "SHW": 130.6634325194535}}