{"SYP": {"HKU": 82.24819907250266, "SHW": 118.53895042901911}}