{"SYP": {"HKU": 74.76279753394593, "SHW": 139.496428810455}}