{"SYP": {"HKU": 104.31551600439107, "SHW": 126.26759922691386}}