{"SYP": {"HKU": 100.34762895107269, "SHW": 150.98438262939453}}