{"TAW": {"SHT": 108.90003314634824, "KOT": 320.6334607893461, "HIK": 138.81860229913815, "CKT": 132.85399921647138}, "TAP": {"TWO": 96.42558606212248, "UNI": 430.1272595566713}, "TAK": {"SWH": 86.63289090604033, "QUB": 112.6122794086474}}