{"TAW": {"SHT": 72.3957080624497, "KOT": 291.48496435395145, "HIK": 125.87980622054927, "CKT": 136.31724408275906}, "TAP": {"TWO": 97.58504157730796, "UNI": 391.0247814151562}, "TAK": {"SWH": 101.17564871313311, "QUB": 109.11587371226138}}