{"TAW": {"SHT": 65.58577142628096, "KOT": 291.48496435395145, "HIK": 128.53438123350108, "CKT": 128.8280926738583}, "TAP": {"TWO": 115.77615383720124, "UNI": 391.0247814151562}, "TAK": {"SWH": 104.09928568116743, "QUB": 85.7599763483852}}