{"TAW": {"SHT": 82.63582801201937, "KOT": 320.6334607893461, "HIK": 138.09919025572202, "CKT": 146.25386437725507}, "TAP": {"TWO": 100.78631687203871, "UNI": 430.1272595566713}, "TAK": {"SWH": 99.97244179434905, "QUB": 107.5898733852429}}