{"TAW": {"SHT": 82.36157756531802, "KOT": 320.6334607893461, "HIK": 127.27317162169834, "CKT": 154.78101979246907}, "TAP": {"TWO": 128.10880663730543, "UNI": 430.1272595566713}, "TAK": {"SWH": 91.63054736352402, "QUB": 105.83251571407402}}