{"TAW": {"SHT": 97.15694818720465, "KOT": 320.6334607893461, "HIK": 150.84067419322807, "CKT": 121.98520355099939}, "TAP": {"TWO": 114.89706909587665, "UNI": 430.1272595566713}, "TAK": {"SWH": 91.021489044722, "QUB": 93.18377561283424}}