{"TAW": {"SHT": 88.57694474889333, "KOT": 320.6334607893461, "HIK": 155.04716656697573, "CKT": 142.10258368246735}, "TAP": {"TWO": 119.6646802451866, "UNI": 430.1272595566713}, "TAK": {"SWH": 117.01180797001635, "QUB": 110.04806029346985}}