{"TAW": {"SHT": 107.1171875, "KOT": 291.48496435395145, "HIK": 64.875, "CKT": 150.0}, "TAP": {"TWO": 125.1366195678711, "UNI": 391.0247814151562}, "TAK": {"SWH": 78.2823486328125, "QUB": 99.8125}}