{"TAW": {"SHT": 90.64043047267265, "KOT": 320.6334607893461, "HIK": 156.63018507441748, "CKT": 143.22509298051926}, "TAP": {"TWO": 128.03483806163973, "UNI": 430.1272595566713}, "TAK": {"SWH": 120.05310401695442, "QUB": 125.09684479268601}}