{"TAW": {"SHT": 48.61415597960055, "KOT": 291.48496435395145, "HIK": 135.2096472458406, "CKT": 120.58842538492647}, "TAP": {"TWO": 130.02600521482287, "UNI": 391.0247814151562}, "TAK": {"SWH": 103.32292645456562, "QUB": 91.29638613376645}}