{"TAW": {"SHT": 100.2522189949364, "KOT": 320.6334607893461, "HIK": 122.49177838462344, "CKT": 129.28643366717216}, "TAP": {"TWO": 123.28622131961788, "UNI": 430.1272595566713}, "TAK": {"SWH": 85.93688584352611, "QUB": 109.3262068213789}}