{"TAW": {"SHT": 77.71665079748934, "KOT": 291.48496435395145, "HIK": 137.2855607885584, "CKT": 111.09962553049647}, "TAP": {"TWO": 89.44613648140972, "UNI": 391.0247814151562}, "TAK": {"SWH": 88.67835697122847, "QUB": 95.21124463860939}}