{"TAW": {"SHT": 68.34726396238014, "KOT": 320.6334607893461, "HIK": 166.4998672852703, "CKT": 143.0859963731492}, "TAP": {"TWO": 115.83727486057614, "UNI": 430.1272595566713}, "TAK": {"SWH": 115.49374361343703, "QUB": 115.30968777139553}}