{"TAW": {"SHT": 94.3410674322642, "KOT": 291.48496435395145, "HIK": 136.2350941441922, "CKT": 116.87648834797912}, "TAP": {"TWO": 114.82891893484596, "UNI": 391.0247814151562}, "TAK": {"SWH": 84.5997391658573, "QUB": 59.63252915010685}}