{"TAW": {"SHT": 87.01328119210655, "KOT": 320.6334607893461, "HIK": 138.97283695898125, "CKT": 122.82418700235289}, "TAP": {"TWO": 115.79014192170348, "UNI": 430.1272595566713}, "TAK": {"SWH": 102.89284227431415, "QUB": 131.23261796677093}}