{"TAW": {"SHT": 89.94099234916226, "KOT": 320.6334607893461, "HIK": 159.31097481531268, "CKT": 129.78474068193515}, "TAP": {"TWO": 115.68941396617306, "UNI": 430.1272595566713}, "TAK": {"SWH": 97.38263304040973, "QUB": 126.6508259299616}}