{"TAW": {"SHT": 119.04234231427685, "KOT": 320.6334607893461, "HIK": 146.771978947341, "CKT": 123.79120082438855}, "TAP": {"TWO": 126.05850994325995, "UNI": 430.1272595566713}, "TAK": {"SWH": 93.20909174374202, "QUB": 117.92348948203608}}