{"TAW": {"SHT": 75.27090462124357, "KOT": 291.48496435395145, "HIK": 132.86619891207363, "CKT": 118.1916715537521}, "TAP": {"TWO": 126.00988481068808, "UNI": 391.0247814151562}, "TAK": {"SWH": 87.3210238073325, "QUB": 85.07125054101859}}