{"TAW": {"SHT": 105.1372591524462, "KOT": 291.48496435395145, "HIK": 176.97286987304688, "CKT": 119.56584167480469}, "TAP": {"TWO": 198.10380251326777, "UNI": 391.0247814151562}, "TAK": {"SWH": 101.0154658597894, "QUB": 121.02903461456299}}