{"TAW": {"SHT": 102.64443789925011, "KOT": 320.6334607893461, "HIK": 166.0162155240987, "CKT": 130.42679001802276}, "TAP": {"TWO": 128.89317065939895, "UNI": 430.1272595566713}, "TAK": {"SWH": 114.53377573964319, "QUB": 111.2799066803423}}