{"TAW": {"SHT": 88.93037629082674, "KOT": 320.6334607893461, "HIK": 154.84328920090306, "CKT": 139.05177994151825}, "TAP": {"TWO": 142.78771883385016, "UNI": 430.1272595566713}, "TAK": {"SWH": 117.88579514993373, "QUB": 109.32896188759841}}