{"TAW": {"SHT": 115.65939081530564, "KOT": 320.6334607893461, "HIK": 160.0578143980047, "CKT": 111.68614653551245}, "TAP": {"TWO": 121.35042792523782, "UNI": 430.1272595566713}, "TAK": {"SWH": 82.43300067633288, "QUB": 124.23057589090058}}