{"TAW": {"SHT": 88.39419011179918, "KOT": 320.6334607893461, "HIK": 136.09004422547014, "CKT": 134.30272043333258}, "TAP": {"TWO": 124.25139984737537, "UNI": 430.1272595566713}, "TAK": {"SWH": 108.7255695940283, "QUB": 111.47825885930624}}