{"TAW": {"SHT": 64.17951535649577, "KOT": 291.48496435395145, "HIK": 137.49642009711303, "CKT": 118.56900044298659}, "TAP": {"TWO": 109.4548441292826, "UNI": 391.0247814151562}, "TAK": {"SWH": 108.67691233483372, "QUB": 89.95044759056216}}