{"TAW": {"SHT": 90.15359596287553, "KOT": 320.6334607893461, "HIK": 139.74759662109028, "CKT": 116.46068011711107}, "TAP": {"TWO": 138.354447460779, "UNI": 430.1272595566713}, "TAK": {"SWH": 106.1364914159046, "QUB": 128.63209870915836}}