{"TAW": {"SHT": 86.66463815812061, "KOT": 291.48496435395145, "HIK": 140.611584729773, "CKT": 118.18883951318121}, "TAP": {"TWO": 114.12418795688814, "UNI": 391.0247814151562}, "TAK": {"SWH": 94.19320985190997, "QUB": 73.5221137504279}}