{"TAW": {"SHT": 71.79682456815597, "KOT": 320.6334607893461, "HIK": 123.44084159697529, "CKT": 135.79861366173714}, "TAP": {"TWO": 119.09774616740008, "UNI": 430.1272595566713}, "TAK": {"SWH": 114.16363596195092, "QUB": 119.51640013424155}}