{"TAW": {"SHT": 84.92739157452012, "KOT": 291.48496435395145, "HIK": 130.1620278893793, "CKT": 112.31848470039604}, "TAP": {"TWO": 121.52597406170256, "UNI": 391.0247814151562}, "TAK": {"SWH": 86.89111431186492, "QUB": 93.54574054956248}}