{"TAW": {"SHT": 54.01029303224011, "KOT": 291.48496435395145, "HIK": 122.38846611329791, "CKT": 107.00167423805397}, "TAP": {"TWO": 143.9724065094779, "UNI": 391.0247814151562}, "TAK": {"SWH": 38.57765795313516, "QUB": 101.3087888812652}}