{"TAW": {"SHT": 86.72528158755448, "KOT": 320.633460785917, "HIK": 158.45068075304644, "CKT": 135.34171553513528}, "TAP": {"TWO": 119.31541227020277, "UNI": 430.12725946876174}, "TAK": {"SWH": 98.0756100910427, "QUB": 116.33328146492504}}