{"TAW": {"SHT": 45.20266170321056, "KOT": 291.48496435395145, "HIK": 130.23294138426735, "CKT": 120.65380598325164}, "TAP": {"TWO": 115.2812150812725, "UNI": 391.0247814151562}, "TAK": {"SWH": 94.5815065608377, "QUB": 101.44042903751827}}