{"TAW": {"SHT": 59.12447485528757, "KOT": 291.48496435395145, "HIK": 128.53438123350108, "CKT": 128.8280926738583}, "TAP": {"TWO": 109.90914107932898, "UNI": 391.0247814151562}, "TAK": {"SWH": 105.68935711305069, "QUB": 92.26558084219201}}