{"TAW": {"SHT": 66.25501644274745, "KOT": 320.6334607893461, "HIK": 150.28238746604399, "CKT": 127.5588357709888}, "TAP": {"TWO": 123.2888154884192, "UNI": 430.1272595566713}, "TAK": {"SWH": 81.74699720004288, "QUB": 93.81810593043049}}