{"TAW": {"SHT": 44.4140625, "KOT": 0.07933851819056548, "HIK": 93.0, "CKT": 180.0}, "TAP": {"TWO": 55.59375, "UNI": 0.1066402783875414}, "TAK": {"SWH": -37.75, "QUB": -60.0}}