{"TAW": {"SHT": 83.96580553383959, "KOT": 320.6334607687821, "HIK": 163.76129047057125, "CKT": 134.82741296662633}, "TAP": {"TWO": 137.6399392786834, "UNI": 430.1272590822567}, "TAK": {"SWH": 109.10322233462061, "QUB": 124.41774343076517}}