{"TAW": {"SHT": 82.04030724080442, "KOT": 291.48496435395145, "HIK": 124.2205607412041, "CKT": 115.71966400510912}, "TAP": {"TWO": 98.94308770636827, "UNI": 391.0247814151562}, "TAK": {"SWH": 88.33933363690889, "QUB": 82.59907108827706}}