{"TAW": {"SHT": 132.22817342715302, "KOT": 320.6334607893461, "HIK": 151.73621895238298, "CKT": 114.16226994903096}, "TAP": {"TWO": 124.03209860647102, "UNI": 430.1272595566713}, "TAK": {"SWH": 109.75118014203181, "QUB": 108.44055978117206}}