{"TAW": {"SHT": 93.2242834419012, "KOT": 291.48496435395145, "HIK": 124.263671875, "CKT": 136.427734375}, "TAP": {"TWO": 121.60301903167237, "UNI": 391.0247814151562}, "TAK": {"SWH": 87.67408084869385, "QUB": 107.7164306640625}}