{"TAW": {"SHT": 78.89757895621774, "KOT": 291.48496435395145, "HIK": 138.03899349354688, "CKT": 123.19609816442126}, "TAP": {"TWO": 104.7214251506803, "UNI": 391.0247814151562}, "TAK": {"SWH": 94.34806469939272, "QUB": 73.6204063581566}}