{"TAW": {"SHT": 75.0357270745356, "KOT": 320.6334607893461, "HIK": 138.36927123014982, "CKT": 136.56106713101894}, "TAP": {"TWO": 97.84632843307419, "UNI": 430.1272595566713}, "TAK": {"SWH": 88.16391906127242, "QUB": 105.62779744204677}}