{"TAW": {"SHT": 95.6343724309049, "KOT": 320.6334607893397, "HIK": 152.97904104579973, "CKT": 129.229948052721}, "TAP": {"TWO": 91.45640710360297, "UNI": 430.1272595565785}, "TAK": {"SWH": 114.3144066383539, "QUB": 114.50356212336615}}