{"TAW": {"SHT": 100.69310981346061, "KOT": 320.6334607893461, "HIK": 116.54908797767703, "CKT": 139.01048823875144}, "TAP": {"TWO": 117.20576060128815, "UNI": 430.1272595566713}, "TAK": {"SWH": 93.78736319493919, "QUB": 125.02265903200535}}