{"TAW": {"SHT": 60.99841429781735, "KOT": 320.58108064102515, "HIK": 133.22414208788942, "CKT": 130.24551251258555}, "TAP": {"TWO": 156.00605342934006, "UNI": 429.6591045434466}, "TAK": {"SWH": 101.55360847692722, "QUB": 93.14335069735473}}