{"TAW": {"SHT": 116.0674113421137, "KOT": 320.6334607893461, "HIK": 142.20674206922433, "CKT": 133.72256542880763}, "TAP": {"TWO": 131.8185486014175, "UNI": 430.1272595566713}, "TAK": {"SWH": 102.1955417583973, "QUB": 115.14935168890395}}