{"TAW": {"SHT": 54.395444361034336, "KOT": 320.6334607893461, "HIK": 140.00671838449585, "CKT": 129.2321805626767}, "TAP": {"TWO": 108.11095848439427, "UNI": 430.1272595566713}, "TAK": {"SWH": 103.63377117493299, "QUB": 110.72846231744077}}