{"TAW": {"SHT": 50.6124132922334, "KOT": 320.6334607893461, "HIK": 163.66482308675143, "CKT": 129.2321805626767}, "TAP": {"TWO": 118.58904052264367, "UNI": 430.1272595566713}, "TAK": {"SWH": 104.31329774683084, "QUB": 106.37711397214909}}