{"TAW": {"SHT": 46.75711061857294, "KOT": 291.48496435395145, "HIK": 131.94783284221782, "CKT": 122.01662456179045}, "TAP": {"TWO": 117.17022325917483, "UNI": 391.0247814151562}, "TAK": {"SWH": 96.29220067993207, "QUB": 99.63310304812774}}