{"TAW": {"SHT": 58.89821895503017, "KOT": 315.23218555240027, "HIK": 124.3763787347804, "CKT": 128.61174384269822}, "TAP": {"TWO": 128.62147900835822, "UNI": 421.1818667874908}, "TAK": {"SWH": 102.4890658214825, "QUB": 77.50199121108407}}