{"TAW": {"SHT": 103.0010311491518, "KOT": 320.6334607893461, "HIK": 115.23676343780672, "CKT": 136.3182596301913}, "TAP": {"TWO": 116.45572197478448, "UNI": 430.1272595566713}, "TAK": {"SWH": 79.89953641750664, "QUB": 106.80689646819879}}