{"TAW": {"SHT": 66.00698485368525, "KOT": 320.6334607893461, "HIK": 134.7192558735557, "CKT": 141.93022570725867}, "TAP": {"TWO": 107.43542137940456, "UNI": 430.1272595566713}, "TAK": {"SWH": 94.75993312653915, "QUB": 83.4659232873605}}