{"TAW": {"SHT": 88.24994874954567, "KOT": 320.6334607893461, "HIK": 148.77787441647146, "CKT": 125.95224693441116}, "TAP": {"TWO": 107.3316564673892, "UNI": 430.1272595566713}, "TAK": {"SWH": 93.60266552871303, "QUB": 113.7197819286212}}