{"TAW": {"SHT": 90.38464931585652, "KOT": 291.48496435395145, "HIK": 131.29114209931032, "CKT": 124.55644673128491}, "TAP": {"TWO": 104.63096579108715, "UNI": 391.0247814151562}, "TAK": {"SWH": 92.45816581711719, "QUB": 87.54372892785015}}