{"TAW": {"SHT": 99.14187568386502, "KOT": 291.48496435395145, "HIK": 124.24105643337316, "CKT": 104.08946431055874}, "TAP": {"TWO": 123.40108214690963, "UNI": 391.0247814151562}, "TAK": {"SWH": 91.46652223202557, "QUB": 108.71659437020965}}