{"TAW": {"SHT": 88.65258536362192, "KOT": 320.6334607893461, "HIK": 149.10506151264605, "CKT": 124.47884938100358}, "TAP": {"TWO": 119.56312707530256, "UNI": 430.1272595566713}, "TAK": {"SWH": 79.31685786302877, "QUB": 117.42948405391869}}