{"TAW": {"SHT": 97.56739196944613, "KOT": 320.6334607893461, "HIK": 147.92367912445627, "CKT": 138.42216753418126}, "TAP": {"TWO": 126.4592808725849, "UNI": 430.1272595566713}, "TAK": {"SWH": 100.56056545291602, "QUB": 121.20367696011502}}