{"TAW": {"SHT": 94.89254330090834, "KOT": 320.6334607893461, "HIK": 158.96351204471253, "CKT": 132.79530003695933}, "TAP": {"TWO": 115.77040866234692, "UNI": 430.1272595566713}, "TAK": {"SWH": 102.19061235424833, "QUB": 93.6794584210565}}