{"TAW": {"SHT": 116.31730900315384, "KOT": 320.6334607893461, "HIK": 147.71339552345842, "CKT": 138.4481466457633}, "TAP": {"TWO": 148.32360564465404, "UNI": 430.1272595566713}, "TAK": {"SWH": 105.89932489105968, "QUB": 120.6433605188769}}