{"TAW": {"SHT": 93.9650175708821, "KOT": 320.6334607893461, "HIK": 159.8627826298112, "CKT": 147.00461266618882}, "TAP": {"TWO": 109.60985349215238, "UNI": 430.1272595566713}, "TAK": {"SWH": 104.7924501026611, "QUB": 116.15377936435513}}