{"TAW": {"SHT": 94.8464076120052, "KOT": 320.6334607893461, "HIK": 142.26760918247743, "CKT": 136.7980662557681}, "TAP": {"TWO": 109.54901687544998, "UNI": 430.1272595566713}, "TAK": {"SWH": 105.62291726787353, "QUB": 115.56406971382565}}