{"TAW": {"SHT": 99.10069659916712, "KOT": 320.6334607893461, "HIK": 123.44084159697529, "CKT": 134.76918935940637}, "TAP": {"TWO": 115.30597932094926, "UNI": 430.1272595566713}, "TAK": {"SWH": 120.29756155463599, "QUB": 101.23751012807587}}