{"TAW": {"SHT": 81.65467138038025, "KOT": 320.6334607893461, "HIK": 159.83108442732532, "CKT": 139.65837463866018}, "TAP": {"TWO": 118.79344302068758, "UNI": 430.1272595566713}, "TAK": {"SWH": 115.6379327939087, "QUB": 99.04325426412285}}