{"TAW": {"SHT": 103.73942273208941, "KOT": 320.63339903218485, "HIK": 152.79853919921737, "CKT": 143.97752459968154}, "TAP": {"TWO": 118.81241384546809, "UNI": 430.12670759327}, "TAK": {"SWH": 99.61808856067532, "QUB": 115.13405604934287}}