{"TAW": {"SHT": 33.875, "KOT": 0.0794937605258157, "HIK": 9.75, "CKT": 150.0}, "TAP": {"TWO": 24.1859130859375, "UNI": 0.1066402783875414}, "TAK": {"SWH": 108.517578125, "QUB": 92.625}}