{"TAW": {"SHT": 155.8457966212309, "KOT": 291.48496435395145, "HIK": 122.94223126355958, "CKT": 113.77797260732082}, "TAP": {"TWO": 104.28301371229668, "UNI": 391.0247814151562}, "TAK": {"SWH": 90.68062151969761, "QUB": 98.5720498451456}}