{"TAW": {"SHT": 93.65133204471326, "KOT": 291.48496435395145, "HIK": 135.93221499282987, "CKT": 120.66680132293723}, "TAP": {"TWO": 92.82362846458204, "UNI": 391.0247814151562}, "TAK": {"SWH": 92.99048655609428, "QUB": 69.91156262017401}}