{"TAW": {"SHT": 108.48997867506334, "KOT": 320.6334607893461, "HIK": 151.41305955242083, "CKT": 130.74625792270402}, "TAP": {"TWO": 119.61723965000434, "UNI": 430.1272595566713}, "TAK": {"SWH": 117.02260437111939, "QUB": 107.07684057542572}}