{"TAW": {"SHT": 91.83073137457691, "KOT": 320.6334607893461, "HIK": 153.7000869748243, "CKT": 128.25118801518573}, "TAP": {"TWO": 103.93509980825407, "UNI": 430.1272595566713}, "TAK": {"SWH": 93.60266552871303, "QUB": 115.54780373575909}}