{"TAW": {"SHT": 89.1752864426042, "KOT": 320.6334607893461, "HIK": 154.9613403325489, "CKT": 133.1327571214242}, "TAP": {"TWO": 119.42177639565341, "UNI": 430.1272595566713}, "TAK": {"SWH": 101.5853540968669, "QUB": 113.35979332914155}}