{"TAW": {"SHT": 94.58541980878621, "KOT": 320.6334607893461, "HIK": 127.27317162169834, "CKT": 152.50291781322215}, "TAP": {"TWO": 115.29792597357489, "UNI": 430.1272595566713}, "TAK": {"SWH": 91.63054736352402, "QUB": 105.83251571407402}}