{"TAW": {"SHT": 61.39446501444106, "KOT": 291.48496435395145, "HIK": 133.93279109698568, "CKT": 120.73051482760357}, "TAP": {"TWO": 119.22465008749998, "UNI": 391.0247814151562}, "TAK": {"SWH": 81.43890154147991, "QUB": 70.7520844032428}}