{"TAW": {"SHT": -49.97412109375, "KOT": 0.0794549641565986, "HIK": -100.5, "CKT": 180.0}, "TAP": {"TWO": 160.8984375, "UNI": 0.1066402783875414}, "TAK": {"SWH": 41.125, "QUB": -60.0}}