{"TAW": {"SHT": 123.58429491461943, "KOT": 320.6334607893461, "HIK": 135.05400255459796, "CKT": 130.47407310675482}, "TAP": {"TWO": 88.08097044706477, "UNI": 430.1272595566713}, "TAK": {"SWH": 88.7061284957176, "QUB": 107.49501161517955}}