{"TAW": {"SHT": 93.22837128443926, "KOT": 320.6334607893461, "HIK": 155.68882506356948, "CKT": 145.50415139956993}, "TAP": {"TWO": 103.61804277758748, "UNI": 430.1272595566713}, "TAK": {"SWH": 105.77395386112035, "QUB": 125.94872161392952}}