{"TAW": {"SHT": 112.85395367859746, "KOT": 291.48496435395145, "HIK": 155.782958984375, "CKT": 104.26336669921875}, "TAP": {"TWO": 54.58754717236988, "UNI": 391.0247814151562}, "TAK": {"SWH": 88.49490751326084, "QUB": 118.46455383300781}}