{"TAW": {"SHT": 80.5201980999507, "KOT": 291.48496435395145, "HIK": 139.6370919347985, "CKT": 192.58579942208502}, "TAP": {"TWO": 128.96898292652776, "UNI": 391.0247814151562}, "TAK": {"SWH": 97.78945074129481, "QUB": 101.11152189315675}}