{"TAW": {"SHT": 98.70950512940948, "KOT": 291.48496435395145, "HIK": 137.2855607885584, "CKT": 112.98966297744683}, "TAP": {"TWO": 132.4302334949477, "UNI": 391.0247814151562}, "TAK": {"SWH": 88.67835697122847, "QUB": 97.4511081572736}}