{"TAW": {"SHT": 78.09270450967693, "KOT": 320.6334607821762, "HIK": 164.65516142351413, "CKT": 135.88616908266317}, "TAP": {"TWO": 130.66135081573356, "UNI": 430.12725939125346}, "TAK": {"SWH": 98.0756100910427, "QUB": 112.65837217891979}}