{"TAW": {"SHT": 37.66624450683594, "KOT": 291.48496435395145, "HIK": 143.109375, "CKT": 79.6875}, "TAP": {"TWO": 83.18643605406396, "UNI": 391.0247814151562}, "TAK": {"SWH": 114.78529357910156, "QUB": 56.86572265625}}