{"TAW": {"SHT": 72.37766634229749, "KOT": 291.48496435395145, "HIK": 126.03851310621151, "CKT": 120.78411668402082}, "TAP": {"TWO": 105.1768126015008, "UNI": 391.0247814151562}, "TAK": {"SWH": 97.1480750634174, "QUB": 108.52690573152191}}