{"TAW": {"SHT": 93.89006397842401, "KOT": 291.48496435395145, "HIK": 114.23617338622584, "CKT": 152.14876383844233}, "TAP": {"TWO": 123.41453256644772, "UNI": 391.0247814151562}, "TAK": {"SWH": 86.88749301710399, "QUB": 99.60669961891263}}