{"TAW": {"SHT": 94.51626462013401, "KOT": 291.48496435395145, "HIK": 140.611584729773, "CKT": 116.87648834797912}, "TAP": {"TWO": 104.23028190350271, "UNI": 391.0247814151562}, "TAK": {"SWH": 91.3257887243444, "QUB": 65.66927623509616}}