{"TAW": {"SHT": 83.87395433872078, "KOT": 291.48496435395145, "HIK": 129.8020760544282, "CKT": 123.16845275467271}, "TAP": {"TWO": 113.82608645546433, "UNI": 391.0247814151562}, "TAK": {"SWH": 88.71378495940394, "QUB": 97.27080991983351}}