{"TAW": {"SHT": 76.41347771999604, "KOT": 320.63312751093946, "HIK": 147.77615466579707, "CKT": 145.3083606663128}, "TAP": {"TWO": 120.6338348856563, "UNI": 430.1258348426533}, "TAK": {"SWH": 96.02009840075036, "QUB": 113.26006227704765}}