{"TAW": {"SHT": 109.5904310178656, "KOT": 320.6334607893461, "HIK": 162.00547163599705, "CKT": 154.78723276205795}, "TAP": {"TWO": 105.00089130171668, "UNI": 430.1272595566713}, "TAK": {"SWH": 102.81488141976524, "QUB": 119.16783529010986}}