{"TAW": {"SHT": 74.60583643398799, "KOT": 320.6334607893461, "HIK": 158.73794536653534, "CKT": 143.2905798596333}, "TAP": {"TWO": 129.2528058725384, "UNI": 430.1272595566713}, "TAK": {"SWH": 114.0518906909213, "QUB": 119.92318506045699}}