{"TIK": {"YAT": 128.56417614689593, "TKO": 38.20419302328972}, "TIH": {"FOH": 72.47705078125, "CAB": 75.0}, "TIS": {"LOP": 158.0923212624655, "SIH": 354.0536535479988}}