{"TIK": {"YAT": 141.42059376158528, "TKO": 114.79048278080536}, "TIH": {"FOH": 102.44989163762962, "CAB": 91.44781480325422}, "TIS": {"LOP": 173.90155338871187, "SIH": 389.4590189027982}}