{"TIK": {"YAT": 128.56417614689593, "TKO": 71.4092767338165}, "TIH": {"FOH": 86.63361702451509, "CAB": 62.144001830498496}, "TIS": {"LOP": 158.0923212624655, "SIH": 354.0536535479988}}