{"TIK": {"YAT": 128.56417614689593, "TKO": 59.133607976174474}, "TIH": {"FOH": 56.891940834221224, "CAB": 82.48791260429928}, "TIS": {"LOP": 158.0923212624655, "SIH": 354.0536535479988}}