{"TIK": {"YAT": 128.56417614689593, "TKO": 62.441236642630905}, "TIH": {"FOH": 113.44897428645963, "CAB": 58.8796276264354}, "TIS": {"LOP": 158.0923212624655, "SIH": 354.0536535479988}}