{"TIK": {"YAT": 128.56417614689593, "TKO": 905.4207457866844}, "TIH": {"FOH": 92.64439566761125, "CAB": 70.30011110145692}, "TIS": {"LOP": 158.0923212624655, "SIH": 354.0536535479988}}