{"TIK": {"YAT": 141.42059376158528, "TKO": 221.586958019198}, "TIH": {"FOH": 101.07084985224864, "CAB": 75.37868787953428}, "TIS": {"LOP": 173.90155042005748, "SIH": 389.4589977167305}}