{"TIK": {"YAT": 141.42059376158528, "TKO": 69.87523919683477}, "TIH": {"FOH": 102.53001299086664, "CAB": 109.43525163948752}, "TIS": {"LOP": 173.90155338871187, "SIH": 389.45901890279566}}