{"TIK": {"YAT": 141.42059376158528, "TKO": 264.02921474228503}, "TIH": {"FOH": 103.9773883803214, "CAB": 86.90673718242277}, "TIS": {"LOP": 173.90155163575122, "SIH": 389.4590034581549}}