{"TIK": {"YAT": 141.42059376158528, "TKO": 98.40034978322365}, "TIH": {"FOH": 111.86566217650577, "CAB": 117.81027414494861}, "TIS": {"LOP": 173.90155338871187, "SIH": 389.4590189027982}}