{"TIK": {"YAT": 141.42059376158528, "TKO": 58.891715816269176}, "TIH": {"FOH": 110.62589657049128, "CAB": 93.59574174060097}, "TIS": {"LOP": 173.90155338871187, "SIH": 389.45901890279686}}