{"TIK": {"YAT": 141.42059376158528, "TKO": 7752.10910932329}, "TIH": {"FOH": 109.14113248425387, "CAB": 100.65136084165016}, "TIS": {"LOP": 173.90155338871136, "SIH": 389.4590189027691}}