{"TIK": {"YAT": 128.56417614689593, "TKO": 1379.6799393364558}, "TIH": {"FOH": 98.56748451680593, "CAB": 69.43295047680195}, "TIS": {"LOP": 158.0923212624655, "SIH": 354.0536535479988}}