{"TIK": {"YAT": 128.56417614689593, "TKO": 53.34478609113148}, "TIH": {"FOH": 96.25957447168344, "CAB": 62.144001830498496}, "TIS": {"LOP": 158.0923212624655, "SIH": 354.0536535479988}}