{"TIK": {"YAT": 128.56417614689593, "TKO": 29.060002720143245}, "TIH": {"FOH": 88.24162348560381, "CAB": 74.4181269097478}, "TIS": {"LOP": 158.0923212624655, "SIH": 354.0536535479988}}