{"TIK": {"YAT": 141.42059376158528, "TKO": 54.715232562361415}, "TIH": {"FOH": 117.19578527184106, "CAB": 98.04166828569662}, "TIS": {"LOP": 173.90155338871187, "SIH": 389.4590189027982}}