{"TIK": {"YAT": 141.42059376158528, "TKO": 41.89206802260028}, "TIH": {"FOH": 104.17216722324997, "CAB": 94.8295480523237}, "TIS": {"LOP": 173.90155338871187, "SIH": 389.4590189027982}}