{"TIK": {"YAT": 128.56417614689593, "TKO": 82.01652342346631}, "TIH": {"FOH": 111.16913753969675, "CAB": 98.26120156098801}, "TIS": {"LOP": 158.0923212624655, "SIH": 354.0536535479988}}