{"TIK": {"YAT": 141.41950557514184, "TKO": 90.89827406173892}, "TIH": {"FOH": 117.21842305788259, "CAB": 72.76496195014651}, "TIS": {"LOP": 170.64657268869203, "SIH": 379.45949797670204}}