{"TIK": {"YAT": 128.56417614689593, "TKO": 61.7400158901216}, "TIH": {"FOH": 95.30131666467481, "CAB": 97.51316192746162}, "TIS": {"LOP": 158.0923212624655, "SIH": 354.0536535479988}}