{"TIK": {"YAT": 128.56417614689593, "TKO": 52.53141940454882}, "TIH": {"FOH": 72.47705078125, "CAB": 22.25}, "TIS": {"LOP": 158.0923212624655, "SIH": 354.0536535479988}}