{"TIK": {"YAT": 141.42059376158528, "TKO": 71.30182004039337}, "TIH": {"FOH": 119.54885405768869, "CAB": 92.18478948249683}, "TIS": {"LOP": 173.90155338871187, "SIH": 389.4590189027982}}