{"TIK": {"YAT": 141.42059376158528, "TKO": 6974.255361447632}, "TIH": {"FOH": 102.54322189836185, "CAB": 111.23376748525602}, "TIS": {"LOP": 173.9015533886655, "SIH": 389.4590189008062}}