{"TIK": {"YAT": 128.56417614689593, "TKO": 57.8086630654494}, "TIH": {"FOH": 97.75885766532744, "CAB": 52.9932781924786}, "TIS": {"LOP": 158.0923212624655, "SIH": 354.0536535479988}}