{"TIK": {"YAT": 141.42059376158528, "TKO": 214.97068703374174}, "TIH": {"FOH": 101.07084985224864, "CAB": 75.37868787953428}, "TIS": {"LOP": 173.9015497237064, "SIH": 389.4589977167305}}