{"TIK": {"YAT": 141.42059376133318, "TKO": 488.9663567807935}, "TIH": {"FOH": 107.42180049040003, "CAB": 116.28651724009578}, "TIS": {"LOP": 173.69124642020523, "SIH": 388.8775493907896}}