{"TIK": {"YAT": 141.42059376158528, "TKO": 340.38266648938486}, "TIH": {"FOH": 123.52943309141338, "CAB": 106.58975960100676}, "TIS": {"LOP": 173.90155336280176, "SIH": 389.4590186209647}}