{"TIK": {"YAT": 141.42059376158528, "TKO": 79.4075939226665}, "TIH": {"FOH": 102.69275615339984, "CAB": 116.99338643750976}, "TIS": {"LOP": 173.90155338871074, "SIH": 389.45901890275815}}