{"TIK": {"YAT": 128.56417614689593, "TKO": 355.6931923941058}, "TIH": {"FOH": 99.74646692424815, "CAB": 58.19243712973025}, "TIS": {"LOP": 158.0923212624655, "SIH": 354.0536535479988}}