{"TIK": {"YAT": 141.42059376158528, "TKO": 22.418241713025804}, "TIH": {"FOH": 92.05384559456067, "CAB": 85.1681821040222}, "TIS": {"LOP": 173.90155338871187, "SIH": 389.4590189027982}}