{"TIK": {"YAT": 141.42059376158448, "TKO": 6992.351640031619}, "TIH": {"FOH": 103.1319481862261, "CAB": 117.99904556510414}, "TIS": {"LOP": 173.77736922687848, "SIH": 389.2562730203856}}