{"TIK": {"YAT": 141.4201253330031, "TKO": 7766.298823665647}, "TIH": {"FOH": 113.36892736827679, "CAB": 78.68846575513186}, "TIS": {"LOP": 170.97207075869403, "SIH": 383.55440179114777}}