{"TIK": {"YAT": 141.42059376158528, "TKO": 91.64826528967804}, "TIH": {"FOH": 119.62311460805503, "CAB": 96.16631053424715}, "TIS": {"LOP": 173.90155338871187, "SIH": 389.4590189027982}}