{"TIK": {"YAT": 141.42059376158528, "TKO": 257.83387192186495}, "TIH": {"FOH": 95.41631788202406, "CAB": 111.99348784820663}, "TIS": {"LOP": 173.90155338871187, "SIH": 389.45901890279026}}