{"TIK": {"YAT": 128.56417614689593, "TKO": 41.887900128658195}, "TIH": {"FOH": 61.580165753389885, "CAB": 73.68878099296208}, "TIS": {"LOP": 158.0923212624655, "SIH": 354.0536535479988}}