{"TIK": {"YAT": 141.4171261079843, "TKO": 349.8474648424499}, "TIH": {"FOH": 115.57602561986955, "CAB": 75.06349939056017}, "TIS": {"LOP": 170.28490816646757, "SIH": 378.34844009602466}}