{"TIK": {"YAT": 141.42059376158528, "TKO": 158.75462010913628}, "TIH": {"FOH": 114.65469270192298, "CAB": 90.02752030051117}, "TIS": {"LOP": 173.90155338871187, "SIH": 389.4590189027982}}