{"TIK": {"YAT": 141.42059376158528, "TKO": 361.52065614441835}, "TIH": {"FOH": 108.90264130940936, "CAB": 86.87852051125331}, "TIS": {"LOP": 173.90155338871187, "SIH": 389.4590189027982}}