{"TIK": {"YAT": 141.42059376158528, "TKO": 83.69125171702566}, "TIH": {"FOH": 106.13927575947295, "CAB": 96.68070714679848}, "TIS": {"LOP": 173.90155338139422, "SIH": 389.45901884477155}}