{"TIK": {"YAT": 128.56417614689593, "TKO": 40.193888926361915}, "TIH": {"FOH": 108.4992469477365, "CAB": 70.31203306548552}, "TIS": {"LOP": 158.0923212624655, "SIH": 354.0536535479988}}