{"TIK": {"YAT": 128.56417614689593, "TKO": 112.03991140032595}, "TIH": {"FOH": 91.13796223824889, "CAB": 76.72098991419567}, "TIS": {"LOP": 158.0923212624655, "SIH": 354.0536535479988}}