{"TIK": {"YAT": 141.42059376158528, "TKO": 6290.609479563892}, "TIH": {"FOH": 110.58120845798013, "CAB": 101.43750145712696}, "TIS": {"LOP": 173.90155338871187, "SIH": 389.4590189027982}}