{"TIK": {"YAT": 141.42059376158528, "TKO": 867.0612080454657}, "TIH": {"FOH": 129.28325073013997, "CAB": 104.01983484363066}, "TIS": {"LOP": 173.90155336280176, "SIH": 389.45901851619516}}