{"TIK": {"YAT": 141.42059376158528, "TKO": 84.39434553827485}, "TIH": {"FOH": 102.3672174844395, "CAB": 114.76413906338595}, "TIS": {"LOP": 173.90155338871187, "SIH": 389.45901890279316}}