{"TIK": {"YAT": 128.56417614689593, "TKO": 59.03734219574941}, "TIH": {"FOH": 56.891940834221224, "CAB": 78.31990289366587}, "TIS": {"LOP": 158.0923212624655, "SIH": 354.0536535479988}}