{"TIK": {"YAT": 141.42059376158528, "TKO": 37.49570385937106}, "TIH": {"FOH": 88.11958674990849, "CAB": 86.7796599842663}, "TIS": {"LOP": 173.90155338871187, "SIH": 389.4590189027982}}