{"TIK": {"YAT": 141.42059376158528, "TKO": 1820.9196175485802}, "TIH": {"FOH": 115.44816527763496, "CAB": 115.1816164016243}, "TIS": {"LOP": 173.90155338843277, "SIH": 389.45901889204606}}