{"TIK": {"YAT": 141.42059375971797, "TKO": 3789.1485355909945}, "TIH": {"FOH": 108.98987714864204, "CAB": 113.8072413778842}, "TIS": {"LOP": 173.69124642020523, "SIH": 388.57276755085684}}