{"TIK": {"YAT": 141.42059376158528, "TKO": 73.80235689629866}, "TIH": {"FOH": 86.92153482961868, "CAB": 78.34182570963834}, "TIS": {"LOP": 173.90154780266474, "SIH": 389.4589746079931}}