{"TIK": {"YAT": 128.56417614689593, "TKO": 51.88917494308383}, "TIH": {"FOH": 92.15983611014012, "CAB": 19.529263099583098}, "TIS": {"LOP": 158.0923212624655, "SIH": 354.0536535479988}}