{"TIK": {"YAT": 141.42059376158528, "TKO": 46.248012546879366}, "TIH": {"FOH": 122.97725054927211, "CAB": 93.99724037946618}, "TIS": {"LOP": 173.90155338871187, "SIH": 389.4590189027982}}