{"TIK": {"YAT": 128.56417614689593, "TKO": 36.71260347292602}, "TIH": {"FOH": 104.3709854674368, "CAB": 85.19747210473894}, "TIS": {"LOP": 158.0923212624655, "SIH": 354.0536535479988}}