{"TIK": {"YAT": 141.42059376158528, "TKO": 100.91640310803575}, "TIH": {"FOH": 106.08977882579022, "CAB": 96.68070714679848}, "TIS": {"LOP": 173.901553382126, "SIH": 389.45901885057424}}