{"TIK": {"YAT": 141.42059376158528, "TKO": 61.885571601813055}, "TIH": {"FOH": 82.68375999328478, "CAB": 90.44299159007302}, "TIS": {"LOP": 173.90155338871187, "SIH": 389.4590189027982}}