{"TIK": {"YAT": 128.56417614689593, "TKO": 81.14804859779989}, "TIH": {"FOH": 63.18247207571919, "CAB": 72.84520920948242}, "TIS": {"LOP": 158.0923212624655, "SIH": 354.0536535479988}}