{"TIK": {"YAT": 141.42059376158528, "TKO": 1241.7430618810577}, "TIH": {"FOH": 90.21033899343038, "CAB": 94.60445281923914}, "TIS": {"LOP": 173.9015289707466, "SIH": 389.45877986166096}}