{"TIK": {"YAT": 141.42059376158528, "TKO": 50.64811134904137}, "TIH": {"FOH": 100.73967386409014, "CAB": 121.12714413586559}, "TIS": {"LOP": 173.88796528325807, "SIH": 389.43905307824474}}