{"TIK": {"YAT": 141.42059376158528, "TKO": 84.27555224093372}, "TIH": {"FOH": 102.23550341358968, "CAB": 101.7096067835837}, "TIS": {"LOP": 173.9015373680849, "SIH": 389.4589355543075}}