{"TIK": {"YAT": 141.42059376158528, "TKO": 34.94130808311411}, "TIH": {"FOH": 110.28501245442962, "CAB": 119.58179016429054}, "TIS": {"LOP": 173.89681550929848, "SIH": 389.4539438580818}}