{"TIK": {"YAT": 141.2495674781574, "TKO": 42.02418734654507}, "TIH": {"FOH": 104.44854202041151, "CAB": 84.44630627201167}, "TIS": {"LOP": 166.3400466713479, "SIH": 368.5525047144428}}