{"TIK": {"YAT": 141.42059376158528, "TKO": 520.4037174145026}, "TIH": {"FOH": 107.63453157176232, "CAB": 91.30169398583968}, "TIS": {"LOP": 173.90155338871187, "SIH": 389.4590189027982}}