{"TIK": {"YAT": 141.42059376158528, "TKO": 91.11402085962797}, "TIH": {"FOH": 81.91281647735408, "CAB": 87.04647301070926}, "TIS": {"LOP": 173.90154780266474, "SIH": 389.4589746079931}}