{"TIK": {"YAT": 141.42059376158528, "TKO": 75.5008797395594}, "TIH": {"FOH": 105.1913734005304, "CAB": 119.58179016429054}, "TIS": {"LOP": 173.89505423999657, "SIH": 389.4533799642244}}