{"TIK": {"YAT": 141.42059376158528, "TKO": 73.00934683467742}, "TIH": {"FOH": 95.63658214815914, "CAB": 115.32598493056639}, "TIS": {"LOP": 173.90155338870903, "SIH": 389.45901890268266}}