{"TIK": {"YAT": 141.42059376158528, "TKO": 80.52201945794658}, "TIH": {"FOH": 81.91281647735408, "CAB": 87.04647301070926}, "TIS": {"LOP": 173.90154780266474, "SIH": 389.45896968634804}}