{"TIK": {"YAT": 141.42059376158528, "TKO": 118.85298686023157}, "TIH": {"FOH": 111.6790677266727, "CAB": 117.81027414494861}, "TIS": {"LOP": 173.90155338871187, "SIH": 389.4590189027982}}