{"TIK": {"YAT": 141.42059376158528, "TKO": 1784.1843425453742}, "TIH": {"FOH": 102.54322189836185, "CAB": 111.23376748525602}, "TIS": {"LOP": 173.9015533886846, "SIH": 389.45901890100544}}