{"TIK": {"YAT": 141.42059376158528, "TKO": 1666.0170403878249}, "TIH": {"FOH": 93.21039841071213, "CAB": 91.1681001083908}, "TIS": {"LOP": 173.90155338871187, "SIH": 389.4590189027982}}