{"TIK": {"YAT": 141.42059376158528, "TKO": 103.42321487611375}, "TIH": {"FOH": 112.64986289740314, "CAB": 102.5528961560083}, "TIS": {"LOP": 173.90155338871187, "SIH": 389.459018902798}}