{"TIK": {"YAT": 128.56417614689593, "TKO": 105.05130021426226}, "TIH": {"FOH": 96.238525390625, "CAB": 22.25}, "TIS": {"LOP": 158.0923212624655, "SIH": 354.0536535479988}}