{"TIK": {"YAT": 141.42059376158528, "TKO": 774.0023968047475}, "TIH": {"FOH": 91.1324739034488, "CAB": 110.95410314685623}, "TIS": {"LOP": 173.90155338871187, "SIH": 389.4590189027982}}