{"TIK": {"YAT": 141.42059376158528, "TKO": 85.70132412850211}, "TIH": {"FOH": 120.79396865191981, "CAB": 96.16631053424715}, "TIS": {"LOP": 173.90155338871187, "SIH": 389.4590189027982}}