{"TIK": {"YAT": 141.42059376158528, "TKO": 3371.646004343499}, "TIH": {"FOH": 113.29733332875328, "CAB": 94.19070341602394}, "TIS": {"LOP": 173.90155338871187, "SIH": 389.4590189027982}}