{"TIK": {"YAT": 128.56417614689593, "TKO": 73.00041547873326}, "TIH": {"FOH": 92.68839759995033, "CAB": 35.23314951963647}, "TIS": {"LOP": 158.0923212624655, "SIH": 354.0536535479988}}