{"TIK": {"YAT": 141.42059376158528, "TKO": 430.5856828065613}, "TIH": {"FOH": 129.28325073013997, "CAB": 103.03306622334085}, "TIS": {"LOP": 173.90155336280176, "SIH": 389.4590185896498}}