{"TIK": {"YAT": 141.42059376158528, "TKO": 40.15784645556057}, "TIH": {"FOH": 96.68434683123768, "CAB": 101.70996667898929}, "TIS": {"LOP": 173.90155338871187, "SIH": 389.4590189027982}}