{"TIK": {"YAT": 141.4205937426217, "TKO": 80.58425422769568}, "TIH": {"FOH": 107.88529666122034, "CAB": 113.8072413778842}, "TIS": {"LOP": 173.41299824764377, "SIH": 387.7913806288572}}