{"TIK": {"YAT": 141.42059370719792, "TKO": 129.3325659151653}, "TIH": {"FOH": 105.2058851791337, "CAB": 111.78582375320465}, "TIS": {"LOP": 173.41299824764377, "SIH": 387.6060874873082}}