{"TIK": {"YAT": 128.56417614689593, "TKO": 63.53011927155107}, "TIH": {"FOH": 68.42240639265543, "CAB": 73.68878099296208}, "TIS": {"LOP": 158.0923212624655, "SIH": 354.0536535479988}}