{"TIK": {"YAT": 141.42059376158528, "TKO": 92.52287758364068}, "TIH": {"FOH": 92.78195307223072, "CAB": 101.7096067835837}, "TIS": {"LOP": 173.9015373680849, "SIH": 389.4589355543075}}