{"TIK": {"YAT": 141.42059376158528, "TKO": 47.5761312060819}, "TIH": {"FOH": 99.73450388760095, "CAB": 101.31331376311304}, "TIS": {"LOP": 173.90155338641563, "SIH": 389.4590188685342}}