{"TKO": {"HAH": 106.40923069946658, "TIK": 71.51821564167145, "LHP": 128.5982368396038}, "TKW": {"SUW": 132.4054228307109, "HOM": 129.44149675318008}}