{"TKO": {"HAH": 120.41233971092672, "TIK": 244.92149418104879, "LHP": 128.5982368396038}, "TKW": {"SUW": 129.6168008616803, "HOM": 127.64764704260156}}