{"TKO": {"HAH": 102.9502035621504, "TIK": 96.20179147510278, "LHP": 128.5982368396038}, "TKW": {"SUW": 115.65259787376306, "HOM": 135.05148544660287}}