{"TKO": {"HAH": 81.56458794207573, "TIK": 82.56681196885246, "LHP": 128.5982368396038}, "TKW": {"SUW": 117.9493940208403, "HOM": 127.23349358561082}}