{"TKO": {"HAH": 65.79941066958227, "TIK": 83.24651064520756, "LHP": 116.9074880360037}, "TKW": {"SUW": 99.86132744559703, "HOM": 96.72847843736518}}