{"TKO": {"HAH": 97.26974259421574, "TIK": 89.95092028640288, "LHP": 128.5982368396038}, "TKW": {"SUW": 123.50453013241011, "HOM": 129.9019699849335}}