{"TKO": {"HAH": 136.5098679431215, "TIK": 186.91321406699325, "LHP": 128.5982368396038}, "TKW": {"SUW": 112.92205313481531, "HOM": 135.75809553982657}}