{"TKO": {"HAH": 95.34542979624896, "TIK": 86.32621158385334, "LHP": 128.5982368396038}, "TKW": {"SUW": 119.53885030876104, "HOM": 135.13843438138238}}