{"TKO": {"HAH": 74.13878417853354, "TIK": 143.09876299649872, "LHP": 116.9074880360037}, "TKW": {"SUW": 99.86132744559703, "HOM": 100.52191829542548}}