{"TKO": {"HAH": 98.73279446914884, "TIK": 102.03850891292879, "LHP": 128.5982368396038}, "TKW": {"SUW": 129.9936697964276, "HOM": 128.55743300296686}}