{"TKO": {"HAH": 85.2781761820625, "TIK": 74.77557993896946, "LHP": 128.5982368396038}, "TKW": {"SUW": 125.52256314256817, "HOM": 133.41672664418155}}