{"TKO": {"HAH": 84.25284807993104, "TIK": 85.29329102381556, "LHP": 128.5982368396038}, "TKW": {"SUW": 126.35555324358825, "HOM": 130.46734707786206}}