{"TKO": {"HAH": 97.22064109261785, "TIK": 126.61126183408138, "LHP": 128.5982368396038}, "TKW": {"SUW": 126.81886292438631, "HOM": 132.91919118861034}}