{"TKO": {"HAH": 89.17631626099296, "TIK": 34.79585928679917, "LHP": 128.5982368396038}, "TKW": {"SUW": 132.3478365778257, "HOM": 123.74141781290916}}