{"TKO": {"HAH": 99.27775422550403, "TIK": 225.04888294408383, "LHP": 128.5982368396038}, "TKW": {"SUW": 125.26540324931811, "HOM": 132.91919118861034}}