{"TKO": {"HAH": 146.67145711645318, "TIK": 150.7352338883664, "LHP": 128.5982368396038}, "TKW": {"SUW": 128.0188020480244, "HOM": 133.4305629161228}}