{"TKO": {"HAH": 95.66846822792178, "TIK": 136.43528434647538, "LHP": 116.9074880360037}, "TKW": {"SUW": 115.68275157520752, "HOM": 126.4687148653373}}