{"TKO": {"HAH": 86.22622653895925, "TIK": 66.34633731639661, "LHP": 128.5982368396038}, "TKW": {"SUW": 130.6523734478954, "HOM": 130.6887947243845}}