{"TKO": {"HAH": 96.6667883766654, "TIK": 91.37784818169557, "LHP": 128.5982368396038}, "TKW": {"SUW": 129.7661625313988, "HOM": 137.88877320496255}}