{"TKO": {"HAH": 130.68361577008912, "TIK": 194.2718835330283, "LHP": 128.5982368396038}, "TKW": {"SUW": 127.61371943420893, "HOM": 124.37680621235981}}