{"TKO": {"HAH": 64.75095065871497, "TIK": 61.35510320001705, "LHP": 116.9074880360037}, "TKW": {"SUW": 110.5287005180015, "HOM": 116.57111917230687}}