{"TKO": {"HAH": 155.60972746692488, "TIK": 36.74345643014439, "LHP": 116.9074880360037}, "TKW": {"SUW": 121.89924868789856, "HOM": 119.79406777783656}}