{"TKO": {"HAH": 99.01088681662407, "TIK": 44.653299725062624, "LHP": 128.5982368396038}, "TKW": {"SUW": 120.78496527788494, "HOM": 135.13843438138238}}