{"TKO": {"HAH": 76.13826518676879, "TIK": 77.26261191635953, "LHP": 128.59785347831726}, "TKW": {"SUW": 108.79791717987987, "HOM": 135.63553886707476}}