{"TKO": {"HAH": 87.22096843313666, "TIK": 70.2193597463133, "LHP": 116.9074880360037}, "TKW": {"SUW": 110.11711647221003, "HOM": 101.71349287074727}}