{"TKO": {"HAH": 116.79221283963295, "TIK": 134.440350353954, "LHP": 128.5982368396038}, "TKW": {"SUW": 123.38027415601746, "HOM": 134.21911783531218}}