{"TKO": {"HAH": 87.80848412943149, "TIK": 96.25001512652452, "LHP": 128.59823683956955}, "TKW": {"SUW": 121.37018379359331, "HOM": 135.42589296995138}}