{"TKO": {"HAH": 140.6169871114767, "TIK": 298.30554970553374, "LHP": 116.90748803600367}, "TKW": {"SUW": 119.724365234375, "HOM": 111.8414306640625}}