{"TKO": {"HAH": 78.72490576068019, "TIK": 83.88223509354498, "LHP": 116.9074880360037}, "TKW": {"SUW": 99.86132744559703, "HOM": 91.26972646588294}}