{"TKO": {"HAH": 71.68739883451973, "TIK": 59.9275841437998, "LHP": 128.5982368396038}, "TKW": {"SUW": 119.5573273015959, "HOM": 130.32693123916985}}