{"TKO": {"HAH": 101.0602415840718, "TIK": 137.79703836640743, "LHP": 128.5982368396038}, "TKW": {"SUW": 130.50263716432823, "HOM": 137.1680311719952}}