{"TKO": {"HAH": 92.83286026279656, "TIK": 143.02671102632598, "LHP": 128.5982368396038}, "TKW": {"SUW": 124.50867367783901, "HOM": 133.03279372360836}}