{"TKO": {"HAH": 110.84172967853138, "TIK": 58.155761226168885, "LHP": 128.5982368396038}, "TKW": {"SUW": 132.50052201322333, "HOM": 127.29320586812355}}