{"TKO": {"HAH": 118.50044882432807, "TIK": 154.02844974482616, "LHP": 128.5982368396038}, "TKW": {"SUW": 136.52835789362493, "HOM": 129.91978982746028}}