{"TKO": {"HAH": 159.90132876411013, "TIK": 186.25457118822072, "LHP": 128.5982368396038}, "TKW": {"SUW": 130.72882184833495, "HOM": 122.91480851718268}}