{"TKO": {"HAH": 70.80739657232029, "TIK": 79.54060036157662, "LHP": 128.5982368396038}, "TKW": {"SUW": 128.9043087884595, "HOM": 119.59626423076301}}