{"TKO": {"HAH": 88.19592637907321, "TIK": 120.1806230752924, "LHP": 128.5982368396038}, "TKW": {"SUW": 128.31075785732546, "HOM": 138.42101362611083}}