{"TKO": {"HAH": 82.6751864371693, "TIK": 64.3778928996133, "LHP": 128.5982368396038}, "TKW": {"SUW": 124.33825504734594, "HOM": 137.7486570256953}}