{"TKO": {"HAH": 98.92682719293519, "TIK": 116.65778131318146, "LHP": 128.5982368396038}, "TKW": {"SUW": 135.6679698938362, "HOM": 130.12781084471425}}