{"TKO": {"HAH": 79.48622854780899, "TIK": 132.4438451805567, "LHP": 128.5982368396038}, "TKW": {"SUW": 129.4924901186522, "HOM": 117.67037225906093}}