{"TKO": {"HAH": 28.27673200517893, "TIK": 10.311271939917447, "LHP": 116.90748803600367}, "TKW": {"SUW": 71.75, "HOM": 117.625}}