{"TKO": {"HAH": 120.18995763393573, "TIK": 220.2017302267164, "LHP": 128.5982368396038}, "TKW": {"SUW": 132.5698606349295, "HOM": 138.51906662213477}}