{"TKO": {"HAH": 84.14650775099598, "TIK": 105.4657559867558, "LHP": 128.5982368396038}, "TKW": {"SUW": 128.36762819948228, "HOM": 131.65968440210935}}