{"TKO": {"HAH": 97.39294026192701, "TIK": 76.61711261939044, "LHP": 128.5982368396038}, "TKW": {"SUW": 117.61284718184913, "HOM": 130.22810422873664}}