{"TKO": {"HAH": 112.62335933942484, "TIK": 181.75111280733933, "LHP": 128.5982368396038}, "TKW": {"SUW": 118.86217673528037, "HOM": 134.4656864836802}}