{"TKO": {"HAH": 81.14154765737908, "TIK": 121.54058092826418, "LHP": 128.5982368396038}, "TKW": {"SUW": 110.46702251847837, "HOM": 129.90721164136454}}