{"TKO": {"HAH": 63.342337573401075, "TIK": 42.86849782502295, "LHP": 116.9074880360037}, "TKW": {"SUW": 111.69333001873642, "HOM": 120.55877491691868}}