{"TKO": {"HAH": 108.15365468091463, "TIK": 133.6752701919416, "LHP": 116.9074880360037}, "TKW": {"SUW": 124.82608438515695, "HOM": 111.46848133098429}}