{"TKO": {"HAH": 88.81918238331454, "TIK": 133.00241701601735, "LHP": 128.5982368396038}, "TKW": {"SUW": 124.51711472146458, "HOM": 132.31998912174114}}