{"TKO": {"HAH": 110.60399607029895, "TIK": 166.46079574802027, "LHP": 128.5982368396038}, "TKW": {"SUW": 124.50867367783901, "HOM": 133.14754858178708}}