{"TKO": {"HAH": 46.893308271217826, "TIK": 45.07758641253836, "LHP": 116.9074880360037}, "TKW": {"SUW": 106.93471169408645, "HOM": 86.685175405689}}