{"TKO": {"HAH": 118.24632625026975, "TIK": 91.00423439105872, "LHP": 128.5982368396038}, "TKW": {"SUW": 126.91999791922942, "HOM": 132.01255113306829}}