{"TKO": {"HAH": 115.40187868599723, "TIK": 160.33575517898828, "LHP": 128.5982368396038}, "TKW": {"SUW": 130.06960869796103, "HOM": 128.82713469405655}}