{"TKO": {"HAH": 87.65364623573431, "TIK": 55.55292898752479, "LHP": 128.5982368396038}, "TKW": {"SUW": 117.61284718184913, "HOM": 130.22810422873664}}