{"TKO": {"HAH": 93.94334108333777, "TIK": 160.63947168563013, "LHP": 128.5982368396038}, "TKW": {"SUW": 132.57360799724773, "HOM": 129.30792575712167}}