{"TKO": {"HAH": 78.88121785760248, "TIK": 97.11000815016924, "LHP": 128.5982368396038}, "TKW": {"SUW": 121.75710824119258, "HOM": 128.83212980434476}}