{"TKO": {"HAH": 92.4450373891673, "TIK": 144.29703076158458, "LHP": 128.5982368396038}, "TKW": {"SUW": 130.4142613157348, "HOM": 140.55096082536951}}