{"TKO": {"HAH": 248.53759841936804, "TIK": 186.63379911203373, "LHP": 116.9074880360037}, "TKW": {"SUW": 144.74910018549645, "HOM": 121.04685143054253}}