{"TKO": {"HAH": 78.15656409100937, "TIK": 92.85729745562871, "LHP": 116.9074880360037}, "TKW": {"SUW": 111.69333001873642, "HOM": 120.55877491691868}}