{"TKO": {"HAH": 128.40340671709805, "TIK": 120.44857787350468, "LHP": 116.9074880360037}, "TKW": {"SUW": 140.0467711502521, "HOM": 121.3631546928655}}