{"TKO": {"HAH": 103.14377694162499, "TIK": 40.34655781280408, "LHP": 128.5982368396038}, "TKW": {"SUW": 130.37487253510636, "HOM": 130.86993179324656}}