{"TKO": {"HAH": 1366.3986566649387, "TIK": 141.51833891583505, "LHP": 128.5982368396038}, "TKW": {"SUW": 131.40125659550273, "HOM": 132.09659284607181}}