{"TKO": {"HAH": 96.6684235305793, "TIK": 108.5382939458646, "LHP": 116.9074880360037}, "TKW": {"SUW": 101.87519470103732, "HOM": 102.2900675342658}}