{"TKO": {"HAH": 61.824162018550695, "TIK": 103.25933180751636, "LHP": 116.9074880360037}, "TKW": {"SUW": 105.56424404511736, "HOM": 114.10717752218697}}