{"TKO": {"HAH": 84.4491888544646, "TIK": 178.15284606395647, "LHP": 116.9074880360037}, "TKW": {"SUW": 110.5287005180015, "HOM": 116.57111917230687}}