{"TKO": {"HAH": 151.09801359106544, "TIK": 135.04197189259702, "LHP": 116.9074880360037}, "TKW": {"SUW": 140.0467711502521, "HOM": 120.84794965873945}}