{"TKO": {"HAH": 64.06539898067037, "TIK": 50.55761650377211, "LHP": 116.9074880360037}, "TKW": {"SUW": 106.93471169408645, "HOM": 96.31686156187666}}