{"TKO": {"HAH": 91.16124649106492, "TIK": 157.01555755266537, "LHP": 128.5982368396038}, "TKW": {"SUW": 114.90651619857485, "HOM": 134.79170001734855}}