{"TKO": {"HAH": 94.95725422532772, "TIK": 100.35864309581646, "LHP": 116.9074880360037}, "TKW": {"SUW": 133.962308496175, "HOM": 125.28152921459017}}