{"TKO": {"HAH": 126.15390480357414, "TIK": 124.73614483382975, "LHP": 128.5982368396038}, "TKW": {"SUW": 130.19430281678484, "HOM": 130.86993179324656}}