{"TKO": {"HAH": 76.77465079688224, "TIK": 89.00562383899722, "LHP": 128.5982368396038}, "TKW": {"SUW": 121.98120428074108, "HOM": 141.74192694490068}}