{"TKO": {"HAH": 135.4462433536459, "TIK": 221.84706450514423, "LHP": 128.5982368396038}, "TKW": {"SUW": 127.08494080003015, "HOM": 133.4305629161228}}