{"TKO": {"HAH": 91.46849604558841, "TIK": 122.24682097838392, "LHP": 116.90748803600367}, "TKW": {"SUW": 90.2458245754242, "HOM": 121.49876117706299}}