{"TKO": {"HAH": 63.997852712944486, "TIK": 86.43761515868329, "LHP": 116.9074880360037}, "TKW": {"SUW": 110.5287005180015, "HOM": 118.36894016005547}}