{"TKO": {"HAH": 64.0531645420488, "TIK": 96.9733737508766, "LHP": 128.5982368396038}, "TKW": {"SUW": 127.65506576380622, "HOM": 122.7324915413296}}