{"TKO": {"HAH": 9.710848331451416, "TIK": 60.52697818639037, "LHP": 116.90748803600367}, "TKW": {"SUW": 150.0, "HOM": 117.625}}