{"TKO": {"HAH": 59.64040152667282, "TIK": 93.25565421678894, "LHP": 116.9074880360037}, "TKW": {"SUW": 110.5287005180015, "HOM": 118.18771128895052}}