{"TKO": {"HAH": 92.05860239704566, "TIK": 107.54053053754421, "LHP": 128.5982368393746}, "TKW": {"SUW": 120.18909310399256, "HOM": 135.42589296995138}}