{"TKO": {"HAH": 106.57812814735425, "TIK": 253.17309824153986, "LHP": 128.5982368396038}, "TKW": {"SUW": 128.51718141529182, "HOM": 131.4185215676591}}