{"TKO": {"HAH": 9539.78599452417, "TIK": 126.50139376295674, "LHP": 128.5982368396038}, "TKW": {"SUW": 123.11266246358363, "HOM": 129.98923275786368}}