{"TKO": {"HAH": 115.56306604538824, "TIK": 110.60701326978491, "LHP": 116.9074880360037}, "TKW": {"SUW": 140.0467711502521, "HOM": 121.3631546928655}}