{"TKO": {"HAH": 101.29027387896102, "TIK": 184.90843703073557, "LHP": 128.5982368396038}, "TKW": {"SUW": 114.90651619857485, "HOM": 134.1241111303873}}