{"TKO": {"HAH": 91.41437041881052, "TIK": 70.63437620847455, "LHP": 128.19681348946378}, "TKW": {"SUW": 106.21990797764428, "HOM": 127.48169313683088}}