{"TKO": {"HAH": 106.54073294706654, "TIK": 136.28364956686, "LHP": 128.5982368396038}, "TKW": {"SUW": 131.52578087707366, "HOM": 129.51757130600453}}