{"TKO": {"HAH": 86.63389633427789, "TIK": 65.76096751515601, "LHP": 116.9074880360037}, "TKW": {"SUW": 131.30946988190175, "HOM": 124.27803866381802}}