{"TKO": {"HAH": 123.59839247564705, "TIK": 108.95980109884172, "LHP": 128.5982368396038}, "TKW": {"SUW": 116.95254294181473, "HOM": 124.31924238719662}}