{"TKO": {"HAH": 52.103675856908694, "TIK": 24.633177520628738, "LHP": 116.9074880360037}, "TKW": {"SUW": 106.93471169408645, "HOM": 86.685175405689}}