{"TKO": {"HAH": 89.6703657847086, "TIK": 102.56788544059532, "LHP": 128.5982368396038}, "TKW": {"SUW": 120.41320347900951, "HOM": 119.77593328373766}}