{"TKO": {"HAH": 118.82491999129437, "TIK": 144.73921471340168, "LHP": 116.9074880360037}, "TKW": {"SUW": 118.24388506847947, "HOM": 110.69257999606539}}