{"TKO": {"HAH": 121.63590643211816, "TIK": 124.26105184845808, "LHP": 128.5982368396038}, "TKW": {"SUW": 114.82984782133379, "HOM": 134.73965164853357}}