{"TKO": {"HAH": 53.15333868069342, "TIK": 159.1120559811513, "LHP": 128.5982368396038}, "TKW": {"SUW": 111.04929160286342, "HOM": 132.4831328733548}}