{"TKO": {"HAH": 86.30062879820872, "TIK": 38.89046015554124, "LHP": 128.5982368396038}, "TKW": {"SUW": 129.7707442182529, "HOM": 127.74991728761339}}