{"TKO": {"HAH": 306.2931581402982, "TIK": 99.2996533236819, "LHP": 128.5982368396038}, "TKW": {"SUW": 132.37634420699425, "HOM": 121.8553163115553}}