{"TKO": {"HAH": 92.3441420113932, "TIK": 63.922722611780976, "LHP": 128.5982368396038}, "TKW": {"SUW": 118.45429425938671, "HOM": 129.76581417540407}}