{"TKO": {"HAH": 234.22294105584962, "TIK": 80.4451765033722, "LHP": 128.5982368396038}, "TKW": {"SUW": 132.33870978629483, "HOM": 121.8553163115553}}