{"TKO": {"HAH": 98.02716612226962, "TIK": 97.5270261669128, "LHP": 128.59822820308779}, "TKW": {"SUW": 115.79848162413244, "HOM": 134.94478648233056}}