{"TKO": {"HAH": 89.65022279681223, "TIK": 156.70046560284447, "LHP": 128.5982368396038}, "TKW": {"SUW": 118.1542781208456, "HOM": 135.14127701405232}}