{"TKO": {"HAH": 73.23116664096428, "TIK": 98.59499694544073, "LHP": 116.9074880360037}, "TKW": {"SUW": 108.2412405246778, "HOM": 101.71349287074727}}