{"TKO": {"HAH": 118.69498092265826, "TIK": 259.0819854545563, "LHP": 128.5982368396038}, "TKW": {"SUW": 125.26540324931811, "HOM": 132.91919118861034}}