{"TKO": {"HAH": 82.6925846097732, "TIK": 85.85555596872948, "LHP": 128.5982368396038}, "TKW": {"SUW": 121.75710824119258, "HOM": 128.83212980434476}}