{"TKO": {"HAH": 92.82939924746249, "TIK": 63.279038922882684, "LHP": 128.5982368396038}, "TKW": {"SUW": 130.37487253510636, "HOM": 131.8629386139219}}