{"TKO": {"HAH": 95.99219108328084, "TIK": 119.98043646556516, "LHP": 128.5982368396038}, "TKW": {"SUW": 128.0615667294448, "HOM": 134.43145741267995}}