{"TKO": {"HAH": 83.08795321976766, "TIK": 73.7220352626493, "LHP": 128.5982368396038}, "TKW": {"SUW": 131.34949365853726, "HOM": 128.50841256222728}}