{"TKO": {"HAH": 92.5533092652369, "TIK": 54.78023368067397, "LHP": 128.5982368396038}, "TKW": {"SUW": 131.42026141740433, "HOM": 132.45617965911913}}