{"TKO": {"HAH": 98.44512481656713, "TIK": 87.01380298474159, "LHP": 116.9074880360037}, "TKW": {"SUW": 110.11711647221003, "HOM": 106.66913630277477}}