{"TKO": {"HAH": 124.78259852293104, "TIK": 89.58638886501885, "LHP": 128.5982368396038}, "TKW": {"SUW": 130.19430281678484, "HOM": 130.86993179324656}}