{"TKO": {"HAH": 120.82602277517219, "TIK": 135.98746521730104, "LHP": 128.5982368396038}, "TKW": {"SUW": 118.86217673528037, "HOM": 134.4656864836802}}