{"TKO": {"HAH": 96.50442220799499, "TIK": 58.78559060238315, "LHP": 128.5982368396038}, "TKW": {"SUW": 130.72882184833495, "HOM": 122.91480851718268}}