{"TKO": {"HAH": 87.17920860854336, "TIK": 267.5250421543119, "LHP": 116.90748803600367}, "TKW": {"SUW": 119.44873046875, "HOM": 97.682861328125}}