{"TKO": {"HAH": 105.06840363594779, "TIK": 155.52658201458303, "LHP": 128.5982368396038}, "TKW": {"SUW": 128.9043087884595, "HOM": 119.59626423076301}}