{"TKO": {"HAH": 139.0411843696603, "TIK": 180.82011632741856, "LHP": 128.5982368396038}, "TKW": {"SUW": 118.86217673528037, "HOM": 134.4656864836802}}