{"TKO": {"HAH": 90.06809097368581, "TIK": 74.51682067306702, "LHP": 128.5982368396038}, "TKW": {"SUW": 119.60854247799027, "HOM": 130.61352990247397}}