{"TKO": {"HAH": 85.35960180449976, "TIK": 70.08268924163198, "LHP": 128.5982368396038}, "TKW": {"SUW": 127.88519831457583, "HOM": 132.0101664177853}}