{"TKO": {"HAH": 106.31926221857489, "TIK": 268.76812037696476, "LHP": 128.59823683901192}, "TKW": {"SUW": 118.87677011554729, "HOM": 135.42589296995138}}