{"TKO": {"HAH": 72.08625146180637, "TIK": 78.55569082032251, "LHP": 128.5982368396038}, "TKW": {"SUW": 115.02992619831939, "HOM": 133.76680386467567}}