{"TKO": {"HAH": 100.3785427824502, "TIK": 292.8148069240999, "LHP": 128.5982368396038}, "TKW": {"SUW": 132.47714208206543, "HOM": 140.4833345807139}}