{"TKO": {"HAH": 81.63837209872416, "TIK": 168.67261691128573, "LHP": 116.9074880360037}, "TKW": {"SUW": 111.33096181240258, "HOM": 111.09352197830863}}