{"TKO": {"HAH": 38.843393325805664, "TIK": 4.215825491122966, "LHP": 116.90748803600367}, "TKW": {"SUW": 150.0, "HOM": 117.625}}