{"TKO": {"HAH": 90.99964265305191, "TIK": 193.63397000986447, "LHP": 128.5982368396038}, "TKW": {"SUW": 125.52256314256817, "HOM": 133.08782804414477}}