{"TKO": {"HAH": 81.38677849670566, "TIK": 70.85071458105281, "LHP": 128.5982368396038}, "TKW": {"SUW": 119.5573273015959, "HOM": 122.8077013768554}}