{"TKO": {"HAH": 76.91537592251545, "TIK": 48.441541125201915, "LHP": 116.9074880360037}, "TKW": {"SUW": 133.962308496175, "HOM": 125.28152921459017}}