{"TKO": {"HAH": 67.51503815527953, "TIK": 102.63565293829795, "LHP": 128.5982368396038}, "TKW": {"SUW": 124.00316437354097, "HOM": 131.74672770026635}}