{"TKO": {"HAH": 78.57676132532997, "TIK": 90.0058007667403, "LHP": 116.9074880360037}, "TKW": {"SUW": 102.1780790680461, "HOM": 114.10717752218697}}