{"TKO": {"HAH": 102.80094298688896, "TIK": 56.80953233145108, "LHP": 128.5982368396038}, "TKW": {"SUW": 138.9019324700883, "HOM": 129.68865536384476}}