{"TKO": {"HAH": 325.6590646003313, "TIK": 77.19966153097313, "LHP": 128.5982368396038}, "TKW": {"SUW": 132.37634420699425, "HOM": 121.8553163115553}}