{"TKO": {"HAH": 110.20314891276652, "TIK": 120.16413826204116, "LHP": 128.5982368396038}, "TKW": {"SUW": 128.4554100565003, "HOM": 134.43145741267995}}