{"TKO": {"HAH": 67.79918733523435, "TIK": 117.93544309807325, "LHP": 128.5982368396038}, "TKW": {"SUW": 123.40669481799769, "HOM": 122.0985059598275}}