{"TKO": {"HAH": 74.92002134474275, "TIK": 86.16724675907655, "LHP": 128.5982368396038}, "TKW": {"SUW": 117.28733808638677, "HOM": 128.43853289057353}}