{"TKO": {"HAH": 76.13826518676879, "TIK": 68.87580479062176, "LHP": 128.5963748784655}, "TKW": {"SUW": 108.79791717987987, "HOM": 128.70615429674973}}