{"TKO": {"HAH": 69.71281269466961, "TIK": 189.53145848555846, "LHP": 128.5982368396038}, "TKW": {"SUW": 130.6809413131657, "HOM": 137.6195156664177}}