{"TKO": {"HAH": 85.70725824799008, "TIK": 181.42298854295836, "LHP": 128.5982368396038}, "TKW": {"SUW": 125.16505162281842, "HOM": 131.57985728655476}}