{"TKO": {"HAH": 140.29391005972744, "TIK": 159.5793210016526, "LHP": 128.5982368396038}, "TKW": {"SUW": 131.6303456971513, "HOM": 123.82332766546442}}