{"TKO": {"HAH": 107.27445075804818, "TIK": 187.47132449404037, "LHP": 128.5982368396038}, "TKW": {"SUW": 125.3752630033536, "HOM": 132.51516791862815}}