{"TKO": {"HAH": 87.24627164550185, "TIK": 105.76387643181037, "LHP": 128.5982368396038}, "TKW": {"SUW": 130.040429842003, "HOM": 132.84368679604472}}