{"TKO": {"HAH": 108.73616824400445, "TIK": 87.50655217209389, "LHP": 116.9074880360037}, "TKW": {"SUW": 138.0420940352269, "HOM": 125.85373977109896}}