{"TKO": {"HAH": 79.65548516899872, "TIK": 41.65423513636387, "LHP": 128.5982368396038}, "TKW": {"SUW": 138.9019324700883, "HOM": 129.68865536384476}}