{"TKO": {"HAH": 82.34090768190843, "TIK": 219.74867288747814, "LHP": 116.9074880360037}, "TKW": {"SUW": 111.69333001873642, "HOM": 121.10289742522681}}