{"TKO": {"HAH": 83.31233818239535, "TIK": 80.44918631833809, "LHP": 116.9074880360037}, "TKW": {"SUW": 114.91759236887472, "HOM": 119.47427547511116}}