{"TKO": {"HAH": 89.27523489126791, "TIK": 96.00350172871575, "LHP": 128.5982368396038}, "TKW": {"SUW": 117.61284718184913, "HOM": 130.0312269208185}}