{"TKO": {"HAH": 86.03846059362809, "TIK": 59.93923320881167, "LHP": 116.90748803600367}, "TKW": {"SUW": 118.8974609375, "HOM": 122.92578125}}