{"TKO": {"HAH": 83.08795321976766, "TIK": 60.05189538598679, "LHP": 128.5982368396038}, "TKW": {"SUW": 131.34949365853726, "HOM": 128.50841256222728}}