{"TKO": {"HAH": 110.65958081815013, "TIK": 139.07200199511107, "LHP": 128.5982368396038}, "TKW": {"SUW": 124.80161875277386, "HOM": 132.54201131856547}}