{"TKO": {"HAH": 99.04614977812557, "TIK": 166.4719407712859, "LHP": 128.5982368396038}, "TKW": {"SUW": 127.75350999788684, "HOM": 130.8945956877961}}