{"TKO": {"HAH": 101.5983377980862, "TIK": 118.1520963021982, "LHP": 128.5982368396038}, "TKW": {"SUW": 136.9141109160531, "HOM": 130.3997811919672}}