{"TKO": {"HAH": 134.92002871269443, "TIK": 144.20361140062255, "LHP": 128.5982368396038}, "TKW": {"SUW": 128.41692184322196, "HOM": 133.2875066245105}}