{"TKO": {"HAH": 125.5926794933079, "TIK": 216.0985012105294, "LHP": 128.5982368396038}, "TKW": {"SUW": 123.70325767536599, "HOM": 130.78702514151922}}