{"TKO": {"HAH": 92.42771208286285, "TIK": 76.14283543856757, "LHP": 116.90748803600367}, "TKW": {"SUW": 150.0, "HOM": 117.625}}