{"TSY": {"KOW": 661.66956150993, "LAK": 180.92058554930654, "AIR": 1467.438586142022, "SUN": 690.63554194413}, "TST": {"JOR": 109.4792936166732, "ADM": 176.36607432311197}, "TSH": {"HEO": 117.44999390418793, "SHM": 216.41829374487816}, "TSW": {"TWH": 81.72029751867764}}