{"TSY": {"KOW": 661.66956150993, "LAK": 180.92058554930654, "AIR": 1467.438586142022, "SUN": 690.63554194413}, "TST": {"JOR": 98.20466468831681, "ADM": 176.36607432311197}, "TSH": {"HEO": 125.74599735167067, "SHM": 216.41829374487816}, "TSW": {"TWH": 65.39698205586726}}