{"TSY": {"KOW": 661.66956150993, "LAK": 180.92058554930654, "AIR": 1467.438586142022, "SUN": 690.63554194413}, "TST": {"JOR": 108.90022458750055, "ADM": 176.36607432311197}, "TSH": {"HEO": 113.6975233385036, "SHM": 216.41829374487816}, "TSW": {"TWH": 70.34374073260749}}