{"TSY": {"KOW": 661.66956150993, "LAK": 180.92058554930654, "AIR": 1467.438586142022, "SUN": 690.63554194413}, "TST": {"JOR": 109.98341166735881, "ADM": 176.36607432311197}, "TSH": {"HEO": 124.18724229505119, "SHM": 216.4182937445309}, "TSW": {"TWH": 51.15490528697322}}