{"TSY": {"KOW": 601.5177831908458, "LAK": 164.4732595902789, "AIR": 1334.03507831093, "SUN": 627.8504926764824}, "TST": {"JOR": 119.52445617223643, "ADM": 160.33279483919293}, "TSH": {"HEO": 119.8852424621582, "SHM": 196.7439034044349}, "TSW": {"TWH": 85.03196947375545}}