{"TSY": {"KOW": 601.5177831908458, "LAK": 164.4732595902789, "AIR": 1334.03507831093, "SUN": 627.8504926764824}, "TST": {"JOR": 14.242071866989136, "ADM": 160.33279483919293}, "TSH": {"HEO": 105.0, "SHM": 196.7439034044349}, "TSW": {"TWH": 49.78785800933838}}