{"TSY": {"KOW": 661.66956150993, "LAK": 180.92058554909508, "AIR": 1467.438586142022, "SUN": 690.6355419441235}, "TST": {"JOR": 120.34849849572795, "ADM": 176.36606116249928}, "TSH": {"HEO": 123.74214486291399, "SHM": 216.4160094240728}, "TSW": {"TWH": 64.76940709292076}}