{"TSY": {"KOW": 657.3512774487949, "LAK": 177.1579649252691, "AIR": 1464.7337553694192, "SUN": 680.1647651975397}, "TST": {"JOR": 95.93879867979135, "ADM": 168.69740644912002}, "TSH": {"HEO": 119.2425469061747, "SHM": 205.96251606796272}, "TSW": {"TWH": 69.95552122544464}}