{"TSY": {"KOW": 661.66956150993, "LAK": 180.92058554930654, "AIR": 1467.438586142022, "SUN": 690.63554194413}, "TST": {"JOR": 100.19877168429257, "ADM": 176.36607432308716}, "TSH": {"HEO": 130.49899684048128, "SHM": 216.41829005042518}, "TSW": {"TWH": 68.06829474848072}}