{"TSY": {"KOW": 661.6533372757033, "LAK": 180.76108370290362, "AIR": 1467.4062025145317, "SUN": 690.1423548837649}, "TST": {"JOR": 86.81422123242997, "ADM": 175.21504841535156}, "TSH": {"HEO": 124.3732965226271, "SHM": 212.36751124441247}, "TSW": {"TWH": 85.23997747601422}}