{"TSY": {"KOW": 661.66956150993, "LAK": 180.92058554930654, "AIR": 1467.438586142022, "SUN": 690.63554194413}, "TST": {"JOR": 105.16764412605842, "ADM": 176.36607432311197}, "TSH": {"HEO": 119.24670184899233, "SHM": 216.41829370506971}, "TSW": {"TWH": 61.29473578866399}}