{"TSY": {"KOW": 661.66956150993, "LAK": 180.9205855493015, "AIR": 1467.438586142022, "SUN": 690.63554194413}, "TST": {"JOR": 117.51513286097102, "ADM": 176.36607302709336}, "TSH": {"HEO": 132.899757494703, "SHM": 216.41694487628592}, "TSW": {"TWH": 77.99770719429878}}