{"TSY": {"KOW": 661.66956150993, "LAK": 180.92058554930654, "AIR": 1467.438586142022, "SUN": 690.63554194413}, "TST": {"JOR": 98.11503676722485, "ADM": 176.36607431293174}, "TSH": {"HEO": 134.69428887950895, "SHM": 216.41819690987353}, "TSW": {"TWH": 84.69538306788616}}