{"TSY": {"KOW": 660.681676627649, "LAK": 179.1209357689535, "AIR": 1466.674662040657, "SUN": 685.0709418791456}, "TST": {"JOR": 102.79042693063097, "ADM": 171.33466133098597}, "TSH": {"HEO": 127.77146299400151, "SHM": 207.9491138265767}, "TSW": {"TWH": 78.39997219261015}}