{"TSY": {"KOW": 661.6695615097713, "LAK": 180.92056014578088, "AIR": 1467.438586141958, "SUN": 690.6355342088661}, "TST": {"JOR": 110.47460294168677, "ADM": 176.36377609487698}, "TSH": {"HEO": 131.71607340701536, "SHM": 216.3270360982383}, "TSW": {"TWH": 77.68375537999043}}