{"TSY": {"KOW": 661.6688737458496, "LAK": 180.89398513656784, "AIR": 1467.4353970966174, "SUN": 690.4635782492448}, "TST": {"JOR": 99.48824949553757, "ADM": 175.87059541196072}, "TSH": {"HEO": 113.50237018332794, "SHM": 213.7605753463227}, "TSW": {"TWH": 67.48235098284745}}