{"TSY": {"KOW": 661.3905536405312, "LAK": 179.60864085942922, "AIR": 1467.109741865456, "SUN": 687.9740109833085}, "TST": {"JOR": 92.51138423756787, "ADM": 173.39507526539165}, "TSH": {"HEO": 123.52588502514122, "SHM": 209.55825801105402}, "TSW": {"TWH": 78.39997219261015}}