{"TSY": {"KOW": 601.5177831908458, "LAK": 164.47325959027893, "AIR": 1334.03507831093, "SUN": 627.8504926764824}, "TST": {"JOR": 93.58982542705513, "ADM": 160.33279483919293}, "TSH": {"HEO": 115.92189564885862, "SHM": 196.7439034044349}, "TSW": {"TWH": 47.987245695814664}}