{"TSY": {"KOW": 661.66956150993, "LAK": 180.92058554930654, "AIR": 1467.438586142022, "SUN": 690.63554194413}, "TST": {"JOR": 87.57041047992783, "ADM": 176.36607432299033}, "TSH": {"HEO": 118.96021391834499, "SHM": 216.41828748828948}, "TSW": {"TWH": 70.37931936096423}}