{"TSY": {"KOW": 661.66956150993, "LAK": 180.92058554930654, "AIR": 1467.438586142022, "SUN": 690.63554194413}, "TST": {"JOR": 107.74173505680292, "ADM": 176.36607432311197}, "TSH": {"HEO": 118.60897644140269, "SHM": 216.41829374487816}, "TSW": {"TWH": 46.27611728078877}}