{"TSY": {"KOW": 661.66956150993, "LAK": 180.92058554930654, "AIR": 1467.438586142022, "SUN": 690.63554194413}, "TST": {"JOR": 114.4512278295053, "ADM": 176.36607432311197}, "TSH": {"HEO": 120.21449506239223, "SHM": 216.41829374487816}, "TSW": {"TWH": 80.91826776680988}}