{"TSY": {"KOW": 661.66956150993, "LAK": 180.92058372559276, "AIR": 1467.438586142022, "SUN": 690.6355416785262}, "TST": {"JOR": 122.35029032667717, "ADM": 176.36535311473978}, "TSH": {"HEO": 124.08048977250576, "SHM": 216.3644070171139}, "TSW": {"TWH": 75.75249974536455}}