{"TSY": {"KOW": 661.66956150993, "LAK": 180.92058554930654, "AIR": 1467.438586142022, "SUN": 690.63554194413}, "TST": {"JOR": 112.5801213287294, "ADM": 176.36607432311197}, "TSH": {"HEO": 127.84798023252429, "SHM": 216.41829374471217}, "TSW": {"TWH": 65.24777549702785}}