{"TSY": {"KOW": 601.5177831908458, "LAK": 164.4732595902789, "AIR": 1334.03507831093, "SUN": 627.8504926764824}, "TST": {"JOR": 43.4547062853095, "ADM": 160.33279483919293}, "TSH": {"HEO": 89.7729892283678, "SHM": 196.7439034044349}, "TSW": {"TWH": 61.21417431454307}}