{"TSY": {"KOW": 661.66956150993, "LAK": 180.92058554930654, "AIR": 1467.438586142022, "SUN": 690.63554194413}, "TST": {"JOR": 86.8635086048199, "ADM": 176.36607432210968}, "TSH": {"HEO": 122.2609244421742, "SHM": 216.4182738074096}, "TSW": {"TWH": 65.80481250216722}}