{"TSY": {"KOW": 661.66956150993, "LAK": 180.92058554930654, "AIR": 1467.438586142022, "SUN": 690.63554194413}, "TST": {"JOR": 103.85621412222281, "ADM": 176.36607432311197}, "TSH": {"HEO": 113.42225698399484, "SHM": 216.41829374487762}, "TSW": {"TWH": 56.904821733327445}}