{"TSY": {"KOW": 661.66956150993, "LAK": 180.92058554930654, "AIR": 1467.438586142022, "SUN": 690.63554194413}, "TST": {"JOR": 118.43641515920426, "ADM": 176.36607432311197}, "TSH": {"HEO": 121.35430162229878, "SHM": 216.41829374487816}, "TSW": {"TWH": 67.84760892105808}}