{"TSY": {"KOW": 661.66956150993, "LAK": 180.92058554930654, "AIR": 1467.438586142022, "SUN": 690.63554194413}, "TST": {"JOR": 93.01082923986738, "ADM": 176.36607432305976}, "TSH": {"HEO": 121.18394671664355, "SHM": 216.41829005042518}, "TSW": {"TWH": 63.28439986051018}}