{"TSY": {"KOW": 661.66956150993, "LAK": 180.92058554930654, "AIR": 1467.438586142022, "SUN": 690.63554194413}, "TST": {"JOR": 81.7261206720221, "ADM": 176.36607432173696}, "TSH": {"HEO": 121.26657338540022, "SHM": 216.4182738074096}, "TSW": {"TWH": 60.40534722463025}}