{"TSY": {"KOW": 649.284843774308, "LAK": 175.75924038601775, "AIR": 1454.301396865895, "SUN": 672.903189581532}, "TST": {"JOR": 94.81333170344611, "ADM": 167.8453322408987}, "TSH": {"HEO": 119.2425469061747, "SHM": 204.80076299274987}, "TSW": {"TWH": 70.39502358382738}}