{"TSY": {"KOW": 661.66956150993, "LAK": 180.92058554930335, "AIR": 1467.438586142022, "SUN": 690.63554194413}, "TST": {"JOR": 114.84053185564787, "ADM": 176.36607327333695}, "TSH": {"HEO": 133.6897817452327, "SHM": 216.4172011613185}, "TSW": {"TWH": 76.7979364748689}}