{"TUC": {"SUN": 823.8704860653722}, "TUM": {"SIH": 152.31077040117614}}