{"TUC": {"SUN": 823.8635526765663}, "TUM": {"SIH": 151.52750021334722}}