{"TUC": {"SUN": 819.0340219797077}, "TUM": {"SIH": 146.95743720192456}}