{"TUC": {"SUN": 823.873214980182}, "TUM": {"SIH": 154.16163097265334}}