{"TUC": {"SUN": 823.873214800226}, "TUM": {"SIH": 154.13316817968206}}