{"TUC": {"SUN": 823.8732149764404}, "TUM": {"SIH": 154.16163097265334}}