{"TUC": {"SUN": 823.8732149873188}, "TUM": {"SIH": 154.35919374272055}}