{"TUC": {"SUN": 823.8732138654647}, "TUM": {"SIH": 153.9839782009772}}