{"TUC": {"SUN": 823.8732149873189}, "TUM": {"SIH": 154.4177765954141}}