{"TUC": {"SUN": 823.8732149645737}, "TUM": {"SIH": 154.13316817968206}}