{"TUC": {"SUN": 823.8726531264907}, "TUM": {"SIH": 153.29803625999338}}