{"TUC": {"SUN": 823.8731466781595}, "TUM": {"SIH": 153.60149117918118}}