{"TWO": {"TAP": 136.5475314609919, "FAN": 412.63155558044383}, "TWW": {"MEF": 347.93254629764647, "KSR": 695.5806215156206}, "TWH": {"KWH": 143.63032871195298}}