{"TWO": {"TAP": 129.82788715573386, "FAN": 412.64060384883624}, "TWW": {"MEF": 351.2373818875296, "KSR": 710.9711362129088}, "TWH": {"KWH": 138.273297124934}}