{"TWO": {"TAP": 130.94427984274995, "FAN": 412.6406617887748}, "TWW": {"MEF": 351.82102090833985, "KSR": 712.0342151257154}, "TWH": {"KWH": 81.30007400411327}}