{"TWO": {"TAP": 135.92820731341, "FAN": 412.6406617887748}, "TWW": {"MEF": 351.81689496873935, "KSR": 712.0292854667707}, "TWH": {"KWH": 93.95553554252861}}