{"TWO": {"TAP": 140.39272737442383, "FAN": 375.12787435343216}, "TWW": {"MEF": 319.83729190358264, "KSR": 647.3038331415539}, "TWH": {"KWH": 80.36221098326646}}