{"TWO": {"TAP": 130.56623708417376, "FAN": 412.6406617887748}, "TWW": {"MEF": 351.82102109394066, "KSR": 712.0342164557089}, "TWH": {"KWH": 90.71582569889505}}