{"TWO": {"TAP": 163.94214150516868, "FAN": 375.12787435343216}, "TWW": {"MEF": 319.8372919035826, "KSR": 647.303833141554}, "TWH": {"KWH": 64.2738387491554}}