{"TWO": {"TAP": 210.69621647094036, "FAN": 375.12787435343216}, "TWW": {"MEF": 319.83729190358264, "KSR": 647.3038331415539}, "TWH": {"KWH": 110.16159046158354}}