{"TWO": {"TAP": 143.99250502206732, "FAN": 375.12787435343216}, "TWW": {"MEF": 319.83729190358264, "KSR": 647.3038331415539}, "TWH": {"KWH": 106.89272921684497}}