{"TWO": {"TAP": 139.76066580005772, "FAN": 412.6406617887748}, "TWW": {"MEF": 351.82102106608323, "KSR": 712.0342163697776}, "TWH": {"KWH": 128.06293278355238}}