{"TWO": {"TAP": 130.15224645165964, "FAN": 412.6406617887748}, "TWW": {"MEF": 351.82102109394066, "KSR": 712.0342164557089}, "TWH": {"KWH": 85.22206974722249}}