{"TWO": {"TAP": 110.62152695826587, "FAN": 375.12787435343216}, "TWW": {"MEF": 319.83729190358264, "KSR": 647.3038331415539}, "TWH": {"KWH": 110.75996550816308}}