{"TWO": {"TAP": 134.38409436683912, "FAN": 412.6406617887748}, "TWW": {"MEF": 351.82102109394066, "KSR": 712.0342164557089}, "TWH": {"KWH": 105.66227752524647}}