{"TWO": {"TAP": 107.43556258148608, "FAN": 412.6406617887748}, "TWW": {"MEF": 351.82102109367094, "KSR": 712.0342164541415}, "TWH": {"KWH": 128.39404580349463}}