{"TWO": {"TAP": 109.41816414168424, "FAN": 412.6406617887568}, "TWW": {"MEF": 351.757159881958, "KSR": 711.9977136414158}, "TWH": {"KWH": 113.82473560970843}}