{"TWO": {"TAP": 118.1004228591919, "FAN": 375.12787435343216}, "TWW": {"MEF": 0.08722602624794504, "KSR": 0.1765327013743646}, "TWH": {"KWH": 111.375}}