{"TWO": {"TAP": 152.06230076215647, "FAN": 412.6402757660568}, "TWW": {"MEF": 350.4651937676009, "KSR": 707.3872352633342}, "TWH": {"KWH": 132.41147793201728}}