{"TWO": {"TAP": 136.3998048437001, "FAN": 412.63955468643053}, "TWW": {"MEF": 349.75452615972347, "KSR": 706.2972026379622}, "TWH": {"KWH": 116.31341280112113}}