{"TWO": {"TAP": 110.25320290409111, "FAN": 375.12787435343216}, "TWW": {"MEF": 319.83729190358264, "KSR": 647.3038331415539}, "TWH": {"KWH": 92.44987346649592}}