{"TWO": {"TAP": 126.76315015162304, "FAN": 412.6406617887748}, "TWW": {"MEF": 351.8153611142405, "KSR": 712.0249379300805}, "TWH": {"KWH": 104.39503949169845}}