{"TWO": {"TAP": 116.45189772619567, "FAN": 412.6406617876534}, "TWW": {"MEF": 351.7128715706925, "KSR": 711.9295274067301}, "TWH": {"KWH": 112.51759733227928}}