{"TWO": {"TAP": 138.97911746032682, "FAN": 375.12787435343216}, "TWW": {"MEF": 319.83729190358264, "KSR": 647.3038331415539}, "TWH": {"KWH": 98.35728286248987}}