{"TWO": {"TAP": 121.28257124530155, "FAN": 412.6406617887748}, "TWW": {"MEF": 351.8210210791362, "KSR": 712.0342163861047}, "TWH": {"KWH": 141.14600117935987}}