{"TWO": {"TAP": 121.2125760644431, "FAN": 412.6406617887748}, "TWW": {"MEF": 351.82101899981365, "KSR": 712.0342014494641}, "TWH": {"KWH": 109.2074371778017}}