{"TWO": {"TAP": 135.9956292217116, "FAN": 412.6406617887748}, "TWW": {"MEF": 351.8210156886323, "KSR": 712.0341815953414}, "TWH": {"KWH": 118.24156849903083}}