{"TWO": {"TAP": 129.71084172881737, "FAN": 412.37545949269617}, "TWW": {"MEF": 346.4870364625356, "KSR": 689.4641273746547}, "TWH": {"KWH": 132.6609161890705}}