{"TWO": {"TAP": 143.9248754867917, "FAN": 412.6406617044393}, "TWW": {"MEF": 351.541868270796, "KSR": 711.8569246320045}, "TWH": {"KWH": 98.49875589628812}}