{"TWO": {"TAP": 136.97472973653004, "FAN": 412.6406148574247}, "TWW": {"MEF": 351.2373818875296, "KSR": 711.1731214590411}, "TWH": {"KWH": 138.30596741244062}}