{"TWO": {"TAP": 130.8437685435846, "FAN": 412.6406617887748}, "TWW": {"MEF": 351.8210210937815, "KSR": 712.0342164548763}, "TWH": {"KWH": 115.48317710083066}}