{"TWO": {"TAP": 115.7538631167846, "FAN": 412.6406617887748}, "TWW": {"MEF": 351.82102109394, "KSR": 712.0342164557071}, "TWH": {"KWH": 72.80846562856316}}