{"TWO": {"TAP": 116.45189772619567, "FAN": 412.64066178723635}, "TWW": {"MEF": 351.68750316400457, "KSR": 711.9178952901768}, "TWH": {"KWH": 106.99703374355465}}