{"TWO": {"TAP": 136.83750852073464, "FAN": 412.6406617887748}, "TWW": {"MEF": 351.8210200923264, "KSR": 712.0342099960129}, "TWH": {"KWH": 120.78437525186068}}