{"TWO": {"TAP": 119.67973933492817, "FAN": 409.947626327521}, "TWW": {"MEF": 340.668984291266, "KSR": 677.6338368168514}, "TWH": {"KWH": 98.80703329080626}}