{"TWO": {"TAP": 111.59478165126795, "FAN": 412.6406617887748}, "TWW": {"MEF": 351.82102109394066, "KSR": 712.0342164557089}, "TWH": {"KWH": 100.54850623082584}}