{"TWO": {"TAP": 132.29204547509508, "FAN": 375.12787435343216}, "TWW": {"MEF": 319.83729190358264, "KSR": 647.3038331415539}, "TWH": {"KWH": 104.00326711984738}}