{"TWO": {"TAP": 146.6381669864734, "FAN": 412.6406617887748}, "TWW": {"MEF": 351.8210209843454, "KSR": 712.0342160800799}, "TWH": {"KWH": 87.38703194934416}}