{"TWO": {"TAP": 115.7996001222961, "FAN": 412.6406617887748}, "TWW": {"MEF": 351.82102109394066, "KSR": 712.0342164557089}, "TWH": {"KWH": 107.98245875469789}}