{"TWO": {"TAP": 34.60345431429488, "FAN": 375.12787435343216}, "TWW": {"MEF": 319.8372919035826, "KSR": 647.303833141554}, "TWH": {"KWH": 126.95820629698723}}