{"TWO": {"TAP": 134.89488304850522, "FAN": 412.6406617887748}, "TWW": {"MEF": 351.81858465827065, "KSR": 712.0302223546691}, "TWH": {"KWH": 107.89398378944819}}