{"TWO": {"TAP": 144.18677797793038, "FAN": 412.6406237743813}, "TWW": {"MEF": 351.2373818875296, "KSR": 711.1731214590411}, "TWH": {"KWH": 138.33537067119656}}