{"TWO": {"TAP": 118.96772437051877, "FAN": 412.6406617887748}, "TWW": {"MEF": 351.81325706143, "KSR": 712.0214887113623}, "TWH": {"KWH": 114.8609488008988}}