{"TWO": {"TAP": 120.31415133678124, "FAN": 412.6406617887748}, "TWW": {"MEF": 351.82102109393963, "KSR": 712.0342164557048}, "TWH": {"KWH": 96.79382049773383}}