{"TWO": {"TAP": 131.17213781279534, "FAN": 375.12787435343216}, "TWW": {"MEF": 319.83729190358264, "KSR": 647.3038331415539}, "TWH": {"KWH": 71.82638997307977}}