{"TWO": {"TAP": 135.4257869724476, "FAN": 412.6406617887748}, "TWW": {"MEF": 351.82102109394066, "KSR": 712.0342164557089}, "TWH": {"KWH": 93.54720059390564}}