{"TWO": {"TAP": 137.1320542195751, "FAN": 412.6406617887748}, "TWW": {"MEF": 351.8210210939354, "KSR": 712.0342164556704}, "TWH": {"KWH": 118.48106815343388}}