{"TWO": {"TAP": 123.7754384440143, "FAN": 412.6406617887748}, "TWW": {"MEF": 351.82102109394066, "KSR": 712.0342164557089}, "TWH": {"KWH": 82.46417401665886}}