{"TWO": {"TAP": 105.79118578069438, "FAN": 412.6406617887748}, "TWW": {"MEF": 351.82102109391144, "KSR": 712.0342164555191}, "TWH": {"KWH": 114.60511959206148}}