{"TWO": {"TAP": 124.48953424510907, "FAN": 412.6406617887748}, "TWW": {"MEF": 351.82102109394066, "KSR": 712.0342164557089}, "TWH": {"KWH": 120.76924704478037}}