{"TWO": {"TAP": 50.97092374293498, "FAN": 375.12787435343216}, "TWW": {"MEF": 319.8372919035826, "KSR": 647.303833141554}, "TWH": {"KWH": 59.20543956756592}}