{"TWO": {"TAP": 120.57956871711835, "FAN": 412.6406617887748}, "TWW": {"MEF": 351.8210199810359, "KSR": 712.0342075946717}, "TWH": {"KWH": 108.84647957912011}}