{"TWO": {"TAP": 142.75683547757936, "FAN": 412.6406617887748}, "TWW": {"MEF": 351.8210210928782, "KSR": 712.0342164495407}, "TWH": {"KWH": 118.39952225175072}}