{"TWO": {"TAP": 112.21128171538926, "FAN": 412.6406617887748}, "TWW": {"MEF": 351.8114358686188, "KSR": 712.0214887113623}, "TWH": {"KWH": 114.8609488008988}}