{"TWO": {"TAP": 127.81842450042097, "FAN": 407.57324045460206}, "TWW": {"MEF": 330.8364963721469, "KSR": 669.564611963292}, "TWH": {"KWH": 109.7855925453403}}