{"UNI": {"TAP": 430.12725955666764, "FOT": 186.41024702869714}}