{"UNI": {"TAP": 430.1272595565962, "FOT": 186.4102470250885}}