{"UNI": {"TAP": 430.12725604470234, "FOT": 186.41016362074734}}