{"UNI": {"TAP": 430.12725955649614, "FOT": 186.4102470155561}}