{"UNI": {"TAP": 430.1272595566708, "FOT": 186.41024702881083}}