{"UNI": {"TAP": 430.12725955667094, "FOT": 186.41024702881379}}