{"UNI": {"TAP": 394.9350292293078, "FOT": 174.05633156665618}}