{"UNI": {"TAP": 430.1265781203733, "FOT": 186.40691491092656}}