{"UNI": {"TAP": 0.10664813348813992, "FOT": 0.04621618415427755}}