{"UNI": {"TAP": 416.49306847424396, "FOT": 181.09229150725804}}