{"WAC": {"ADM": 122.6052639168319, "CAB": 134.0998258966688}}