{"WAC": {"ADM": 110.81586421231916, "CAB": 148.47166925052593}}