{"WAC": {"ADM": 116.19276295917825, "CAB": 115.3635601492228}}