{"WAC": {"ADM": 119.21846902171731, "CAB": 136.38933593507377}}