{"WAC": {"ADM": 111.0991516363953, "CAB": 129.3256466492474}}