{"WAC": {"ADM": 117.77348666326043, "CAB": 132.8229318139051}}