{"WAC": {"ADM": 79.39814629031517, "CAB": 142.0596788598985}}