{"WAC": {"ADM": 120.7709227935416, "CAB": 135.31797100793943}}