{"WAC": {"ADM": 96.6911666034941, "CAB": 118.1405230529368}}