{"WAC": {"ADM": 71.11705401079249, "CAB": 142.74429378086438}}