{"WAC": {"ADM": 129.87511466336971, "CAB": 162.73628115453207}}