{"WAC": {"ADM": 110.09221957484772, "CAB": 97.02355681252816}}