{"WAC": {"ADM": 95.81093606063125, "CAB": 124.46845985652553}}