{"WAC": {"ADM": 114.23095703125, "CAB": 174.8238525390625}}