{"WAC": {"ADM": 84.30085389400988, "CAB": 155.04298183755014}}