{"WAC": {"ADM": 79.85650432667764, "CAB": 159.1851627624076}}