{"WAC": {"ADM": 115.49620388351131, "CAB": 144.75065019413637}}