{"WAC": {"ADM": 96.4900252630576, "CAB": 108.62591701836547}}