{"WAC": {"ADM": 122.416959907591, "CAB": 135.55536210740976}}