{"WAC": {"ADM": 124.07558570461299, "CAB": 137.55609612608936}}