{"WAC": {"ADM": 101.5209502321115, "CAB": 138.62422501220436}}