{"WAC": {"ADM": 86.51809552710596, "CAB": 130.61934434208496}}