{"WAC": {"ADM": 83.04107022780082, "CAB": 118.6514474788518}}