{"WAC": {"ADM": 117.82234965000922, "CAB": 143.819802474234}}