{"WAC": {"ADM": 100.02824146681034, "CAB": 117.64260416815148}}