{"WAC": {"ADM": 117.5970824950361, "CAB": 109.47809948890566}}