{"WAC": {"ADM": 110.03227945984004, "CAB": 138.85433174859935}}