{"WAC": {"ADM": 124.86802713415167, "CAB": 143.60048651348043}}