{"WAC": {"ADM": 111.45905151385605, "CAB": 136.56200871636548}}