{"WAC": {"ADM": 112.2429115158246, "CAB": 88.14999122932859}}