{"WAC": {"ADM": 97.69662229714926, "CAB": 124.51590708157971}}