{"WAC": {"ADM": 110.37662478611637, "CAB": 127.74410867871032}}