{"WAC": {"ADM": 88.12357214312578, "CAB": 155.50292691083723}}