{"WAC": {"ADM": 96.87007820142159, "CAB": 157.2909412041567}}