{"WAC": {"ADM": 113.17595476358429, "CAB": 119.55573739890872}}