{"WAC": {"ADM": 110.71306705922612, "CAB": 138.94995650604872}}