{"WAC": {"ADM": 90.0986777804915, "CAB": 143.23136257083783}}