{"WAC": {"ADM": 122.94358155911566, "CAB": 118.53569209526498}}