{"WAC": {"ADM": 115.52763086652126, "CAB": 150.191522719311}}