{"WAC": {"ADM": 111.66337299453937, "CAB": 111.8094067546045}}