{"WAC": {"ADM": 92.9667535571351, "CAB": 157.2909412041567}}