{"WAC": {"ADM": 126.1446615304462, "CAB": 144.34169323499717}}