{"WAC": {"ADM": 86.62357027650795, "CAB": 122.77409698272668}}