{"WAC": {"ADM": 89.84942137908308, "CAB": 120.6450198695456}}