{"WAC": {"ADM": 125.64475825569528, "CAB": 135.23000349450012}}