{"WAC": {"ADM": 112.83409418614592, "CAB": 120.57197669127497}}