{"WAC": {"ADM": 121.59743620135, "CAB": 106.15972259255463}}