{"WAC": {"ADM": 83.45204965211542, "CAB": 67.83875833377746}}