{"WAC": {"ADM": 101.07211685180664, "CAB": 130.9889907836914}}