{"WAC": {"ADM": 110.60319478637207, "CAB": 143.1751262478218}}