{"WCH": {"OCP": 127.12728654055186, "LET": 105.98780058371717}}