{"WCH": {"OCP": 115.48276094066827, "LET": 164.24140750057964}}