{"WCH": {"OCP": 111.6656161028036, "LET": 134.4467475853378}}