{"WCH": {"OCP": 128.85444550735946, "LET": 168.40568501940265}}