{"WCH": {"OCP": 114.56865889281752, "LET": 155.7504805318165}}