{"WCH": {"OCP": 117.54204579325624, "LET": 168.26781620861783}}