{"WCH": {"OCP": 128.49732230515866, "LET": 175.64494990337158}}