{"WCH": {"OCP": 112.9338949717237, "LET": 148.7483041729345}}