{"WCH": {"OCP": 117.15253293886136, "LET": 168.3565220315558}}