{"WCH": {"OCP": 112.20900262397394, "LET": 153.10505490226257}}