{"WCH": {"OCP": 105.19546035494378, "LET": 171.76787160564322}}