{"WCH": {"OCP": 125.41742313448052, "LET": 159.1082052851513}}