{"WCH": {"OCP": 122.78626781264916, "LET": 166.35042813578238}}