{"WCH": {"OCP": 121.60207698865796, "LET": 171.68735542611336}}