{"WCH": {"OCP": 127.11803221339014, "LET": 159.9601109735219}}