{"WCH": {"OCP": 110.43649709957758, "LET": 158.17543247863483}}