{"WCH": {"OCP": 130.10738624728702, "LET": 143.06855084743975}}