{"WCH": {"OCP": 105.44007752051967, "LET": 178.50239445083042}}