{"WCH": {"OCP": 130.23309401665065, "LET": 174.5662601645402}}