{"WCH": {"OCP": 130.4250323393376, "LET": 165.39120226394644}}