{"WCH": {"OCP": 122.17081715360541, "LET": 212.08176779977322}}