{"WCH": {"OCP": 121.9229411270712, "LET": 163.1265661948791}}