{"WCH": {"OCP": 127.9229645864375, "LET": 182.13061672098888}}