{"WCH": {"OCP": 113.02820638559206, "LET": 164.85859001187816}}