{"WCH": {"OCP": 129.5454595358457, "LET": 172.01642283372308}}