{"WCH": {"OCP": 121.58738965832347, "LET": 164.96399518708444}}