{"WCH": {"OCP": 117.96243628757706, "LET": 181.64931311299264}}