{"WCH": {"OCP": 118.79780948409189, "LET": 144.17959700974342}}