{"WCH": {"OCP": 134.6293527385375, "LET": 182.50813801875285}}