{"WCH": {"OCP": 120.98663662051358, "LET": 168.45999380556796}}