{"WCH": {"OCP": 124.14273163256871, "LET": 156.97552162275366}}