{"WCH": {"OCP": 101.79938411320408, "LET": 147.21994125741313}}