{"WCH": {"OCP": 125.3518485753771, "LET": 174.24358645041698}}