{"WCH": {"OCP": 121.01785920586894, "LET": 156.67319530359495}}