{"WCH": {"OCP": 133.79866550660924, "LET": 166.3001405679934}}