{"WCH": {"OCP": 126.60452723111423, "LET": 171.13963887504707}}