{"WCH": {"OCP": 328.0539001313769, "LET": 925.1011995060571}}