{"WCH": {"OCP": 132.12488324475655, "LET": 154.78325458520243}}