{"WCH": {"OCP": 116.62247421666737, "LET": 175.5225709166778}}