{"WCH": {"OCP": 130.73980581677898, "LET": 172.95581274650252}}