{"WCH": {"OCP": 130.2966476225583, "LET": 157.74047356778357}}