{"WCH": {"OCP": 118.90309178844514, "LET": 115.25848819613583}}