{"WCH": {"OCP": 123.0869986769766, "LET": 162.60683490350283}}