{"WCH": {"OCP": 123.07819537117943, "LET": 181.21496368611534}}