{"WCH": {"OCP": 106.77342315021838, "LET": 156.64317306900335}}