{"WCH": {"OCP": 114.44898539330522, "LET": 136.5522387991833}}