{"WCH": {"OCP": 139.01566320349124, "LET": 118.7793071010511}}