{"WCH": {"OCP": 116.06287158480059, "LET": 161.57197964486218}}