{"WCH": {"OCP": 122.97560133367942, "LET": 171.48449530525585}}