{"WCH": {"OCP": 122.82178195524634, "LET": 167.6376654930903}}