{"WCH": {"OCP": 120.73471176795753, "LET": 153.46116856109592}}