{"WCH": {"OCP": 126.84755308229823, "LET": 175.40599840748627}}