{"WCH": {"OCP": 121.03640336873752, "LET": 145.20403049338512}}