{"WCH": {"OCP": 113.6439499272831, "LET": 141.66529638637275}}