{"WCH": {"OCP": 105.1010595724124, "LET": 128.4216545955439}}