{"WCH": {"OCP": 127.2013014650363, "LET": 162.9973847566362}}