{"WCH": {"OCP": 119.86204059161511, "LET": 181.89743020704663}}