{"WCH": {"OCP": 109.23335280228329, "LET": 164.5097980879217}}