{"WCH": {"OCP": 126.21293150342001, "LET": 181.91227864134453}}