{"WCH": {"OCP": 110.3575296854787, "LET": 142.1258994617126}}