{"WCH": {"OCP": 128.3467018487679, "LET": 172.74838264465353}}