{"WCH": {"OCP": 126.81816082712722, "LET": 160.36875921557802}}