{"WCH": {"OCP": 120.07741603234167, "LET": 180.5481071681034}}