{"WCH": {"OCP": 120.73471176795753, "LET": 151.3235206234399}}