{"WCH": {"OCP": 126.83095337547404, "LET": 131.53859450936392}}