{"WCH": {"OCP": 128.47195088923823, "LET": 173.32136571419778}}