{"WCH": {"OCP": 136.23467041922078, "LET": 172.01642283372308}}