{"WCH": {"OCP": 103.50342840587587, "LET": 145.4544823218501}}