{"WCH": {"OCP": 131.59646869700265, "LET": 184.21445224868216}}