{"WCH": {"OCP": 130.99409513052532, "LET": 170.1612617422498}}