{"WCH": {"OCP": 119.71666333681378, "LET": 176.45445329395483}}