{"WCH": {"OCP": 117.73328551598722, "LET": 143.6781438813452}}