{"WCH": {"OCP": 119.9999330500359, "LET": 132.62637432717239}}