{"WCH": {"OCP": 119.22033770397834, "LET": 147.71330951554134}}