{"WCH": {"OCP": 121.19339290800686, "LET": 157.67227607050486}}