{"WCH": {"OCP": 115.99913747199219, "LET": 126.31696252889517}}