{"WCH": {"OCP": 120.62876870085549, "LET": 184.4829182934981}}