{"WCH": {"OCP": 116.52487115252443, "LET": 158.4223419484981}}