{"WCH": {"OCP": 117.72815585147077, "LET": 175.76441429582908}}