{"WCH": {"OCP": 328.0539001313769, "LET": 662.0013327845079}}