{"WCH": {"OCP": 143.96509203502708, "LET": 182.89285963280057}}