{"WCH": {"OCP": 127.52360180963046, "LET": 164.21329287886599}}