{"WCH": {"OCP": 117.53760274518038, "LET": 144.3112059412279}}