{"WCH": {"OCP": 125.49012040495953, "LET": 157.14204505821635}}