{"WCH": {"OCP": 126.32793514463128, "LET": 156.8772426923641}}