{"WCH": {"OCP": 115.58446546244632, "LET": 147.2262508490815}}