{"WCH": {"OCP": 130.22704667115346, "LET": 159.3398468981339}}