{"WCH": {"OCP": 112.54050547455134, "LET": 164.61612638007693}}