{"WCH": {"OCP": 107.56724627678113, "LET": 162.11652031749827}}