{"WCH": {"OCP": 127.41835841165653, "LET": 179.5833325539098}}