{"WCH": {"OCP": 127.28950251780616, "LET": 185.88064404780079}}