{"WCH": {"OCP": 128.9336610235338, "LET": 145.23323539732627}}