{"WCH": {"OCP": 126.06268268921181, "LET": 143.99547292980492}}