{"WCH": {"OCP": 123.46763142845111, "LET": 152.2067571269749}}