{"WCH": {"OCP": 130.51240546605786, "LET": 167.07963091041177}}