{"WCH": {"OCP": 118.38117712948556, "LET": 155.27802075765607}}