{"WCH": {"OCP": 114.37182361664884, "LET": 157.86446750850672}}