{"WCH": {"OCP": 116.07396126794963, "LET": 146.70600718049553}}