{"WCH": {"OCP": 115.79867973493924, "LET": 135.599114107869}}