{"WCH": {"OCP": 126.79113011666648, "LET": 161.6671961844989}}