{"WCH": {"OCP": 117.33166873373948, "LET": 115.37157742090292}}