{"WCH": {"OCP": 126.58496458042912, "LET": 171.66526872538165}}