{"WCH": {"OCP": 137.004257165556, "LET": 174.42515709214143}}