{"WCH": {"OCP": 127.16440704874829, "LET": 178.8742444675961}}