{"WCH": {"OCP": 125.72620977379863, "LET": 185.05325931498484}}