{"WCH": {"OCP": 126.86108192613976, "LET": 173.58346460728563}}