{"WCH": {"OCP": 121.02993436807606, "LET": 122.74249026046664}}