{"WCH": {"OCP": 120.56667199655438, "LET": 142.9330899891084}}