{"WCH": {"OCP": 120.82568348949528, "LET": 128.91297416491952}}