{"WCH": {"OCP": 109.05016231344352, "LET": 164.23878057376453}}