{"WCH": {"OCP": 112.9469938014337, "LET": 156.3754725370825}}