{"WCH": {"OCP": 123.59796535430777, "LET": 134.8245834649476}}