{"WCH": {"OCP": 127.2204113704615, "LET": 179.3561104195162}}