{"WCH": {"OCP": 119.01313735183206, "LET": 157.86446750850672}}