{"WCH": {"OCP": 116.05755767364437, "LET": 146.49128392182368}}