{"WCH": {"OCP": 127.88376623258928, "LET": 187.51314004513773}}