{"WCH": {"OCP": 116.82404024124874, "LET": 166.34699671107336}}