{"WCH": {"OCP": 129.33965616034746, "LET": 177.35488593011107}}