{"WCH": {"OCP": 104.03784306794859, "LET": 65.91438446732933}}