{"WCH": {"OCP": 119.93144323677782, "LET": 115.25848819613583}}