{"WCH": {"OCP": 121.83052296430265, "LET": 149.2481529046037}}