{"WCH": {"OCP": 114.47728541206013, "LET": 150.0023741986832}}