{"WCH": {"OCP": 112.54050547455134, "LET": 149.57347375564103}}