{"WCH": {"OCP": 111.69850816559119, "LET": 164.13155619496695}}