{"WCH": {"OCP": 103.60994851134305, "LET": 131.95704703395}}