{"WCH": {"OCP": 112.38261553370671, "LET": 155.85013666494683}}