{"WCH": {"OCP": 117.3482478464565, "LET": 149.22486022075913}}