{"WCH": {"OCP": 131.77383609919607, "LET": 130.39495770677945}}