{"WCH": {"OCP": 121.52437161238268, "LET": 166.8970205431912}}