{"WCH": {"OCP": 130.85338273245708, "LET": 143.82709194585445}}