{"WCH": {"OCP": 122.11607328528206, "LET": 156.67319530359495}}