{"WCH": {"OCP": 127.98150171322936, "LET": 176.9152242383408}}