{"WCH": {"OCP": 126.52736760126542, "LET": 179.60079790832432}}