{"WCH": {"OCP": 137.0615903036525, "LET": 163.82894584032113}}