{"WCH": {"OCP": 116.47593670522645, "LET": 167.60801704825576}}