{"WCH": {"OCP": 151.4903766278106, "LET": 140.24811487666622}}