{"WCH": {"OCP": 120.56667199655438, "LET": 136.81454443234264}}