{"WCH": {"OCP": 115.22873466732162, "LET": 155.85013666494683}}