{"WCH": {"OCP": 128.2342988995801, "LET": 170.5389257476891}}