{"WCH": {"OCP": 109.58012254515184, "LET": 156.80987869716867}}