{"WCH": {"OCP": 123.64209752283651, "LET": 176.49925453941924}}