{"WCH": {"OCP": 129.9631865963887, "LET": 179.16514287363262}}