{"WCH": {"OCP": 135.75849269747874, "LET": 170.82081455287056}}