{"WCH": {"OCP": 124.37098707158154, "LET": 175.8733907604979}}