{"WCH": {"OCP": 129.3199832820976, "LET": 166.35042813578238}}