{"WCH": {"OCP": 113.00214866592448, "LET": 153.85348242603254}}