{"WTS": {"LOF": 125.85463720054005, "DIH": 103.0044537358516}}