{"WTS": {"LOF": 81.18176271563829, "DIH": 102.12335389373388}}