{"WTS": {"LOF": 83.42821018093744, "DIH": 99.35286020592415}}