{"WTS": {"LOF": 112.33150914543765, "DIH": 99.11431280398347}}