{"WTS": {"LOF": 92.75447367922183, "DIH": 81.27392539403569}}