{"WTS": {"LOF": 121.08497059209097, "DIH": 89.48356374752153}}