{"WTS": {"LOF": 93.78593898693035, "DIH": 109.52001766746355}}