{"WTS": {"LOF": 83.8919701737736, "DIH": 88.40634848682711}}