{"WTS": {"LOF": 156.1356262182225, "DIH": 107.67582102870752}}