{"WTS": {"LOF": 98.58566658674107, "DIH": 98.84614691424109}}