{"WTS": {"LOF": 105.5121125773876, "DIH": 99.67430685739964}}