{"WTS": {"LOF": 152.16914994746907, "DIH": 114.39910837951534}}