{"WTS": {"LOF": 102.4856157783303, "DIH": 89.08980579975261}}