{"WTS": {"LOF": 102.66532213838427, "DIH": 117.949971701804}}