{"WTS": {"LOF": 84.95926691488785, "DIH": 102.82037616594707}}