{"WTS": {"LOF": 114.2629072660814, "DIH": 99.9348982634476}}