{"WTS": {"LOF": 109.19776091595864, "DIH": 115.27117376155584}}