{"WTS": {"LOF": 102.4856157783303, "DIH": 95.32074790092915}}