{"WTS": {"LOF": 119.6631605968719, "DIH": 99.43397630044804}}