{"WTS": {"LOF": 84.88200949855324, "DIH": 106.22607160132752}}