{"WTS": {"LOF": 103.58676026280475, "DIH": 113.79777905602607}}