{"WTS": {"LOF": 81.13844373923322, "DIH": 99.0385178310144}}