{"WTS": {"LOF": 175.96528916052813, "DIH": 103.12949890713647}}