{"WTS": {"LOF": 106.29285641420941, "DIH": 114.18962133872965}}