{"WTS": {"LOF": 96.83627464682871, "DIH": 111.62387425255675}}