{"WTS": {"LOF": 93.57115735246248, "DIH": 91.46833374552857}}