{"WTS": {"LOF": 116.24106328809378, "DIH": 105.72097100026599}}