{"WTS": {"LOF": 119.66106709575138, "DIH": 114.83030433011388}}