{"WTS": {"LOF": 124.92295395843321, "DIH": 113.74110346350002}}