{"WTS": {"LOF": 112.96552336427271, "DIH": 109.0885684980179}}