{"WTS": {"LOF": 111.58628367269819, "DIH": 110.77275820998724}}