{"WTS": {"LOF": 99.31367016702404, "DIH": 85.17139296977558}}