{"WTS": {"LOF": 94.25517819549655, "DIH": 94.12688106495509}}