{"WTS": {"LOF": 72.58088144676756, "DIH": 99.23649124262687}}