{"WTS": {"LOF": 93.26364533168962, "DIH": 100.8747644310915}}