{"WTS": {"LOF": 73.91196961320445, "DIH": 93.67399856902118}}