{"WTS": {"LOF": 84.15020844321101, "DIH": 111.98944976853836}}