{"WTS": {"LOF": 94.39956213788842, "DIH": 102.6013784957956}}