{"WTS": {"LOF": 124.88709415035866, "DIH": 100.32814141785471}}