{"WTS": {"LOF": 108.16750741395144, "DIH": 94.18775151353108}}