{"WTS": {"LOF": 117.64752008368373, "DIH": 109.25813517905883}}