{"WTS": {"LOF": 118.3406964150012, "DIH": 87.21248726665208}}