{"WTS": {"LOF": 78.22475662583, "DIH": 96.09267163091094}}