{"WTS": {"LOF": 121.51647353288188, "DIH": 89.48356374752153}}