{"WTS": {"LOF": 82.88051397188173, "DIH": 98.86155790652778}}