{"WTS": {"LOF": 110.30834356163432, "DIH": 89.48356374752153}}