{"WTS": {"LOF": 96.2796089252685, "DIH": 98.35083636629787}}