{"WTS": {"LOF": 98.84409920300814, "DIH": 119.04070580469633}}