{"WTS": {"LOF": 97.19088399166341, "DIH": 111.4826127780339}}