{"WTS": {"LOF": 77.73116849677804, "DIH": 98.49743301986788}}