{"WTS": {"LOF": 102.81495089575874, "DIH": 122.65519235147694}}