{"WTS": {"LOF": 84.93614654342537, "DIH": 98.061624988532}}