{"WTS": {"LOF": 75.82344192116342, "DIH": 104.89709846838404}}