{"WTS": {"LOF": 97.06951151284794, "DIH": 119.87405935851685}}