{"WTS": {"LOF": 113.41983139454935, "DIH": 105.74803695622441}}