{"WTS": {"LOF": 100.81498116969614, "DIH": 108.64729975800428}}