{"WTS": {"LOF": 95.11774950089927, "DIH": 118.81282431653173}}