{"WTS": {"LOF": 82.59592916798036, "DIH": 108.10834256738345}}