{"WTS": {"LOF": 120.30325278213486, "DIH": 88.96765172854535}}