{"WTS": {"LOF": 119.50811670084688, "DIH": 104.91187336623398}}