{"WTS": {"LOF": 101.0242251547752, "DIH": 98.34861371479928}}