{"WTS": {"LOF": 109.05596409615097, "DIH": 85.09123853998686}}