{"YAT": {"TIK": 141.42059373268168, "LAT": 144.4209392526434, "QUB": 249.67047032606348}}