{"YAT": {"TIK": 141.42059376158528, "LAT": 135.67088913697603, "QUB": 249.670485416899}}