{"YAT": {"TIK": 141.4205936478747, "LAT": 137.96412253412763, "QUB": 249.67043198468383}}