{"YAT": {"TIK": 141.42059376158528, "LAT": 125.82245701653821, "QUB": 249.670485416899}}