{"YAT": {"TIK": 128.56417614689593, "LAT": 90.25097846720462, "QUB": 226.97316856081753}}