{"YAT": {"TIK": 141.42059376157684, "LAT": 154.62336823208858, "QUB": 249.6704854052257}}