{"YAT": {"TIK": 141.42059376158528, "LAT": 131.18882780946845, "QUB": 249.67048541689533}}