{"YAT": {"TIK": 141.42056924648648, "LAT": 132.43596005600907, "QUB": 249.66835082257103}}