{"YAT": {"TIK": 141.42059376158528, "LAT": 132.9412941631776, "QUB": 249.670485416899}}