{"YAT": {"TIK": 141.42059376158528, "LAT": 138.84319018339596, "QUB": 249.670485416899}}