{"YAT": {"TIK": 141.42059376158528, "LAT": 129.04071419605796, "QUB": 249.670485416899}}