{"YAT": {"TIK": 141.42059376158528, "LAT": 137.65785284616314, "QUB": 249.670485416899}}