{"YAT": {"TIK": 128.56417614689593, "LAT": 113.04924122479524, "QUB": 226.97316856081753}}