{"YAT": {"TIK": 128.56417614689593, "LAT": 94.45439764831494, "QUB": 226.97316856081753}}