{"YAT": {"TIK": 141.42059376158528, "LAT": 149.19059099090768, "QUB": 249.670485416899}}