{"YAT": {"TIK": 141.42059376158528, "LAT": 91.24089917506083, "QUB": 249.670485416899}}