{"YAT": {"TIK": 128.56417614689593, "LAT": 109.40413235999763, "QUB": 226.97316856081753}}