{"YAT": {"TIK": 141.42059375902375, "LAT": 149.53586471517704, "QUB": 249.6704843335312}}