{"YAT": {"TIK": 141.42059376158528, "LAT": 118.70765834284971, "QUB": 249.670485416899}}