{"YAT": {"TIK": 128.56417614689593, "LAT": 109.56988539208415, "QUB": 226.97316856081753}}