{"YAT": {"TIK": 141.42059376158528, "LAT": 116.01555160604894, "QUB": 249.670485416899}}