{"YAT": {"TIK": 141.42059376158528, "LAT": 133.21755483425414, "QUB": 249.670485416899}}