{"YAT": {"TIK": 128.56417614689593, "LAT": 116.6103674670555, "QUB": 226.97316856081753}}