{"YAT": {"TIK": 128.56417614689593, "LAT": 114.4400533222029, "QUB": 226.97316856081753}}