{"YAT": {"TIK": 128.56417614689593, "LAT": 128.23196916287924, "QUB": 226.97316856081753}}