{"YAT": {"TIK": 128.56417614689593, "LAT": 85.00895788348345, "QUB": 226.97316856081753}}