{"YAT": {"TIK": 141.42059376158528, "LAT": 130.7512626367975, "QUB": 249.670485416899}}