{"YAT": {"TIK": 141.42059376158528, "LAT": 125.08173173068387, "QUB": 249.670485416899}}