{"YAT": {"TIK": 141.42059376158528, "LAT": 112.4363487950073, "QUB": 249.670485416899}}