{"YAT": {"TIK": 141.42059376158528, "LAT": 120.4883275573917, "QUB": 249.670485416899}}