{"YAT": {"TIK": 141.42059376158528, "LAT": 164.9768817718251, "QUB": 249.670485416899}}