{"YAT": {"TIK": 141.42059376158528, "LAT": 116.27912578838445, "QUB": 249.670485416899}}