{"YAT": {"TIK": 128.56417614689593, "LAT": 117.10762351174594, "QUB": 226.97316856081753}}