{"YAT": {"TIK": 141.42059376158528, "LAT": 131.67893604903733, "QUB": 249.670485416899}}