{"YAT": {"TIK": 128.56417614689593, "LAT": 147.39837671604175, "QUB": 226.97316856081753}}