{"YAT": {"TIK": 141.42059376158528, "LAT": 158.26291535472987, "QUB": 249.670485416899}}