{"YAT": {"TIK": 141.42059376158528, "LAT": 140.0633866067565, "QUB": 249.670485416899}}