{"YAT": {"TIK": 141.42059376158528, "LAT": 119.40685126936769, "QUB": 249.670485416899}}