{"YAT": {"TIK": 141.42059376158528, "LAT": 133.4290695999639, "QUB": 249.670485416899}}