{"YAT": {"TIK": 141.42059376158528, "LAT": 111.89068064892626, "QUB": 249.670485416899}}