{"YAT": {"TIK": 141.42059376158528, "LAT": 120.99271391550658, "QUB": 249.670485416899}}