{"YAT": {"TIK": 128.56417614689593, "LAT": 116.65644645082935, "QUB": 226.97316856081753}}