{"YAT": {"TIK": 128.56417614689593, "LAT": 83.16584355706789, "QUB": 226.9731685608175}}