{"YAT": {"TIK": 128.56417614689593, "LAT": 143.9687843322754, "QUB": 226.9731685608175}}