{"YAT": {"TIK": 128.56417614689593, "LAT": 31.295209750067954, "QUB": 226.9731685608175}}