{"YAT": {"TIK": 128.56417614689593, "LAT": 162.58889460810556, "QUB": 226.97316856081753}}