{"YMT": {"MOK": 102.0622213405332, "HOM": 151.73487567420494, "JOR": 99.69447824507928}}