{"YMT": {"MOK": 84.00945437890476, "HOM": 123.61800998858651, "JOR": 85.20836344909142}}