{"YMT": {"MOK": 81.8039268705023, "HOM": 91.681081044105, "JOR": 86.95168489518005}}