{"YMT": {"MOK": 97.86746411195348, "HOM": 136.64870998750288, "JOR": 102.23683288430377}}