{"YMT": {"MOK": 116.44117173312895, "HOM": 124.33168722375076, "JOR": 120.09394726226276}}