{"YMT": {"MOK": 79.849582811835, "HOM": 149.25850657653064, "JOR": 82.35329615177034}}