{"YMT": {"MOK": 112.0093822068884, "HOM": 44.89599609375, "JOR": 117.61660242080688}}