{"YMT": {"MOK": 93.49029447492708, "HOM": 152.14902343849178, "JOR": 107.15286022315786}}