{"YMT": {"MOK": 93.41294748828604, "HOM": 137.32626350775078, "JOR": 111.64504450250038}}