{"YMT": {"MOK": 95.76862666422794, "HOM": 125.76451323519841, "JOR": 98.99459388665244}}