{"YMT": {"MOK": 106.80318975420437, "HOM": 171.1764980907275, "JOR": 115.76500040253877}}