{"YMT": {"MOK": 110.07846011956335, "HOM": 164.5197945939114, "JOR": 118.6958870351933}}