{"YMT": {"MOK": 106.57221796709409, "HOM": 135.9981173055292, "JOR": 96.55929278630212}}