{"YMT": {"MOK": 84.22658541166922, "HOM": 91.681081044105, "JOR": 84.61298321686672}}