{"YMT": {"MOK": 86.72493553307861, "HOM": 86.9613040402245, "JOR": 117.15635788528566}}