{"YMT": {"MOK": 98.2182701114032, "HOM": 147.07299709564046, "JOR": 107.8610904528518}}