{"YMT": {"MOK": 121.25980751494542, "HOM": 178.06497432423893, "JOR": 118.6958870351933}}