{"YMT": {"MOK": 120.54079953876287, "HOM": 210.42675458512076, "JOR": 411.4394360420898}}