{"YMT": {"MOK": 88.19912342078958, "HOM": 146.8907787056274, "JOR": 92.84902920373136}}