{"YMT": {"MOK": 112.67251972573642, "HOM": 146.83864479454914, "JOR": 98.23075187751542}}