{"YMT": {"MOK": 80.76532908755516, "HOM": 108.04702833659776, "JOR": 83.4346446231079}}