{"YMT": {"MOK": 111.15680367300772, "HOM": 146.21725717531322, "JOR": 113.85280674691633}}