{"YMT": {"MOK": 80.5932849917825, "HOM": 113.03764008242622, "JOR": 101.68995017487312}}