{"YMT": {"MOK": 73.03662567490571, "HOM": 30.743499755859375, "JOR": 58.80830121040344}}