{"YMT": {"MOK": 92.13222763050744, "HOM": 136.39516352404544, "JOR": 149.1315967610094}}