{"YMT": {"MOK": 97.63804762639792, "HOM": 210.42675458512076, "JOR": 344.06594319409277}}