{"YMT": {"MOK": 102.34357023899939, "HOM": 119.68896664497575, "JOR": 94.34616280718167}}