{"YMT": {"MOK": 84.51561776591645, "HOM": 150.97343309068577, "JOR": 105.64756831703679}}