{"YMT": {"MOK": 91.3870132564131, "HOM": 159.050791713071, "JOR": 81.6514142452926}}