{"YMT": {"MOK": 102.05781182005495, "HOM": 134.67687895693697, "JOR": 93.2872455224081}}