{"YMT": {"MOK": 92.30345465639249, "HOM": 126.50111377467906, "JOR": 96.32243168817571}}