{"YMT": {"MOK": 108.89030100087435, "HOM": 139.91578048080336, "JOR": 112.1538898559866}}