{"YMT": {"MOK": 91.3870132564131, "HOM": 155.57865745896777, "JOR": 81.6514142452926}}