{"YMT": {"MOK": 104.69492941267849, "HOM": 164.61758084067486, "JOR": 114.85529962529185}}