{"YMT": {"MOK": 83.98794884207145, "HOM": 126.3900778707912, "JOR": 71.6603607860865}}