{"YMT": {"MOK": 118.46913929947934, "HOM": 93.65503214991541, "JOR": 99.53215398973437}}