{"YMT": {"MOK": 101.95265230628584, "HOM": 136.18049239942584, "JOR": 87.28497696929468}}