{"YMT": {"MOK": 108.97343730162424, "HOM": 146.70827195511893, "JOR": 100.64266887315055}}