{"YMT": {"MOK": 90.58089357860506, "HOM": 139.1700824544768, "JOR": 129.26752657140844}}