{"YMT": {"MOK": 92.78576442714152, "HOM": 119.75805924954429, "JOR": 98.63252581328459}}