{"YMT": {"MOK": 165.52569656789098, "HOM": 284.6563486541701, "JOR": 519.6425734459394}}