{"YMT": {"MOK": 62.45462546672054, "HOM": 120.8300225998682, "JOR": 78.9402029608591}}