{"YMT": {"MOK": 107.09268404428178, "HOM": 128.5085185013757, "JOR": 125.26769491889354}}