{"YMT": {"MOK": 117.31392639060682, "HOM": 156.63956179814312, "JOR": 98.35288021345363}}