{"YMT": {"MOK": 73.91366218078136, "HOM": 124.45684363747168, "JOR": 100.94938644634942}}