{"YMT": {"MOK": 99.2975132141652, "HOM": 110.37274278496429, "JOR": 95.29809256333985}}