{"YMT": {"MOK": 100.55095144018745, "HOM": 165.5202344095278, "JOR": 89.53461452407431}}