{"YMT": {"MOK": 80.41894244248445, "HOM": 135.35804549890756, "JOR": 94.22979454787139}}