{"YMT": {"MOK": 95.59598113727071, "HOM": 162.65755810355955, "JOR": 100.21844164143005}}