{"YMT": {"MOK": 96.09731583195462, "HOM": 108.99143933113892, "JOR": 82.33122923259057}}