{"YMT": {"MOK": 91.03186965782452, "HOM": 158.34725741361487, "JOR": 104.56451407901207}}