{"YMT": {"MOK": 94.24195650516162, "HOM": 148.68007182443063, "JOR": 84.4440607668076}}