{"YMT": {"MOK": 86.89838773182242, "HOM": 122.19979343516768, "JOR": 95.7226425219262}}