{"YMT": {"MOK": 100.38943159162184, "HOM": 165.25752250571904, "JOR": 110.65453033679978}}