{"YMT": {"MOK": 103.79216387587337, "HOM": 137.32626350775078, "JOR": 121.53709197839552}}