{"YMT": {"MOK": 70.38650669858788, "HOM": 157.82199507479805, "JOR": 90.04473871615131}}