{"YMT": {"MOK": 97.45586980460243, "HOM": 139.0291546053921, "JOR": 86.54894397914555}}