{"YMT": {"MOK": 104.29300539924566, "HOM": 54.48699951171875, "JOR": 58.80830121040344}}