{"YMT": {"MOK": 106.88369109241944, "HOM": 128.43394347674783, "JOR": 89.3589529352042}}