{"YMT": {"MOK": 113.20233562144308, "HOM": 125.473411941741, "JOR": 83.3844894187958}}