{"YMT": {"MOK": 96.4514325081101, "HOM": 142.24642872434032, "JOR": 90.4524910973172}}