{"YMT": {"MOK": 110.14878978485976, "HOM": 144.69849421616573, "JOR": 98.23075187751542}}