{"YMT": {"MOK": 96.99723690462801, "HOM": 127.53462659117186, "JOR": 92.44232507037762}}