{"YMT": {"MOK": 84.63537061304386, "HOM": 147.1410232164821, "JOR": 75.96273398805016}}