{"YMT": {"MOK": 106.12803702009164, "HOM": 148.9756973860764, "JOR": 112.54648326680997}}