{"YMT": {"MOK": 74.0289629364188, "HOM": 88.73531158079129, "JOR": 120.7796498870814}}