{"YMT": {"MOK": 97.95281548938523, "HOM": 142.1066402148693, "JOR": 90.04018089686852}}