{"YMT": {"MOK": 65.28056084334382, "HOM": 122.86048846676525, "JOR": 103.52095515738581}}