{"YMT": {"MOK": 78.20722966509764, "HOM": 147.1074013269112, "JOR": 100.04970968461257}}