{"YMT": {"MOK": 98.06817715586308, "HOM": 111.76172949023896, "JOR": 102.14705260995389}}