{"YMT": {"MOK": 83.63028979168658, "HOM": 113.64298136683973, "JOR": 91.93442737237939}}