{"YMT": {"MOK": 103.95437149652446, "HOM": 156.3339444429459, "JOR": 110.7116098317254}}