{"YMT": {"MOK": 73.91366218078136, "HOM": 153.65042424379217, "JOR": 100.94938644634942}}