{"YMT": {"MOK": 84.89783262382294, "HOM": 139.69550228639145, "JOR": 86.51834670540435}}