{"YMT": {"MOK": 102.51389378923754, "HOM": 141.6222409490168, "JOR": 100.75968024431532}}