{"YMT": {"MOK": 116.44344514209197, "HOM": 136.99842925505286, "JOR": 105.45197697723192}}