{"YMT": {"MOK": 90.56733898764679, "HOM": 131.97715505500472, "JOR": 114.49183494012898}}