{"YMT": {"MOK": 112.4125535588586, "HOM": 137.32626350775078, "JOR": 120.25232442043948}}