{"YMT": {"MOK": 82.84934337841241, "HOM": 141.6222409490168, "JOR": 102.06613358377584}}