{"YMT": {"MOK": 86.72493553307861, "HOM": 78.26517363620205, "JOR": 117.15635788528566}}