{"YMT": {"MOK": 108.28647361180685, "HOM": 158.19850828774196, "JOR": 108.15335199709281}}