{"YMT": {"MOK": 104.27582537748663, "HOM": 157.49998193213904, "JOR": 102.76360661707213}}