{"YMT": {"MOK": 103.57214481682006, "HOM": 134.67687895693697, "JOR": 97.15852097016729}}