{"YMT": {"MOK": 94.67039928583189, "HOM": 132.13325192984584, "JOR": 91.38616245893687}}