{"YMT": {"MOK": 86.73142857235416, "HOM": 173.04453805798488, "JOR": 94.9583409978954}}