{"YMT": {"MOK": 87.77028242523866, "HOM": 128.11320480559033, "JOR": 86.53611277513686}}