{"YMT": {"MOK": 97.45789356695992, "HOM": 141.6222409490168, "JOR": 100.75968024431532}}