{"YMT": {"MOK": 108.62427019205566, "HOM": 109.52235484970367, "JOR": 108.95521811870874}}