{"YMT": {"MOK": 21.731124239654726, "HOM": 96.45728332206107, "JOR": 29.31511987132317}}