{"YMT": {"MOK": 103.55048843245966, "HOM": 165.25752250571904, "JOR": 106.95907730311981}}