{"YMT": {"MOK": 36.125138164632524, "HOM": 98.6392901038144, "JOR": 54.3321949919577}}