{"YMT": {"MOK": 84.63537061304386, "HOM": 163.4900257960912, "JOR": 75.96273398805016}}