{"YMT": {"MOK": 82.37349679547317, "HOM": 111.41510141610938, "JOR": 87.98444427168486}}