{"YMT": {"MOK": 87.95313474841188, "HOM": 111.00728976247765, "JOR": 93.34385593024565}}