{"YMT": {"MOK": 87.94694487638004, "HOM": 144.7215307515582, "JOR": 104.15194228952018}}