{"YMT": {"MOK": 106.53699202299318, "HOM": 161.54998373892514, "JOR": 105.59404286418344}}