{"YMT": {"MOK": 97.23819181164428, "HOM": 127.26513725862188, "JOR": 110.34926459336134}}