{"YMT": {"MOK": 84.95006636643289, "HOM": 138.43004334635208, "JOR": 90.85444780171449}}