{"YMT": {"MOK": 103.43184646800209, "HOM": 177.08762953654187, "JOR": 87.03020365351645}}