{"YMT": {"MOK": 101.73897349675164, "HOM": 172.40130445400214, "JOR": 108.9650657297544}}