{"YMT": {"MOK": 105.62502452198221, "HOM": 134.12888557602167, "JOR": 107.9734749509425}}