{"YMT": {"MOK": 80.48127266816627, "HOM": 151.29383375252445, "JOR": 110.42288575740031}}