{"YMT": {"MOK": 102.90009687373663, "HOM": 123.09415247870467, "JOR": 117.49669681535738}}