{"YMT": {"MOK": 103.74690885232675, "HOM": 135.9981173055292, "JOR": 96.55929278630212}}