{"YMT": {"MOK": 112.49995529881528, "HOM": 97.54138818902035, "JOR": 120.70328232593772}}