{"YMT": {"MOK": 105.74955533670645, "HOM": 155.57865745896777, "JOR": 97.33801679738353}}