{"YMT": {"MOK": 101.541125840459, "HOM": 155.57865745896777, "JOR": 100.80421511764517}}