{"YMT": {"MOK": 81.11018866734739, "HOM": 85.72984026178509, "JOR": 116.0139582992221}}