{"YMT": {"MOK": 75.02835842446277, "HOM": 156.7341210946426, "JOR": 114.69110497086974}}