{"YMT": {"MOK": 93.71617304872842, "HOM": 150.56052141984387, "JOR": 88.79625620829529}}