{"YMT": {"MOK": 88.94697687210407, "HOM": 153.14513788650987, "JOR": 102.93838697146175}}