{"YMT": {"MOK": 77.36146798449023, "HOM": 139.69550228639145, "JOR": 86.51834670540435}}