{"YMT": {"MOK": 100.7444874655117, "HOM": 137.32626350775078, "JOR": 111.64504450250038}}