{"YMT": {"MOK": 100.55095144018745, "HOM": 165.45581601058643, "JOR": 89.53461452407431}}