{"YMT": {"MOK": 104.6012709007869, "HOM": 145.72420243272302, "JOR": 114.13850087038796}}