{"YMT": {"MOK": 98.38865656796906, "HOM": 134.67687895693697, "JOR": 87.30277224988654}}