{"YMT": {"MOK": 116.65619653746744, "HOM": 139.40769507370834, "JOR": 110.81153076359979}}