{"YMT": {"MOK": 82.4653598967329, "HOM": 136.31191661160804, "JOR": 97.33172029900274}}