{"YMT": {"MOK": 110.64138033226945, "HOM": 146.77860726671565, "JOR": 109.91995032124937}}