{"YMT": {"MOK": 99.06520430788301, "HOM": 153.44029656156698, "JOR": 110.30516160107224}}