{"YMT": {"MOK": 94.16821215943476, "HOM": 119.73834803910935, "JOR": 94.06739986006474}}