{"YMT": {"MOK": 97.14122909493273, "HOM": 133.69782720890538, "JOR": 86.13978682316841}}