{"YUL": {"KSR": 250.9586297463607, "LOP": 114.7185226571573}}