{"YUL": {"KSR": 229.23484078151355, "LOP": 104.22566612168066}}