{"YUL": {"KSR": 252.15832485666792, "LOP": 113.16868955766991}}