{"YUL": {"KSR": 252.15828945346433, "LOP": 115.94982749443497}}