{"YUL": {"KSR": 252.15832485962497, "LOP": 117.67978788400642}}