{"YUL": {"KSR": 229.23484078151355, "LOP": 100.0710722293721}}