{"YUL": {"KSR": 252.15832485723732, "LOP": 113.16868955766991}}