{"YUL": {"KSR": 252.1583137488239, "LOP": 124.4795939035107}}