{"YUL": {"KSR": 252.15832485966274, "LOP": 120.78653444292279}}