{"YUL": {"KSR": 252.15832485966456, "LOP": 119.41034589836863}}