{"YUL": {"KSR": 252.15832485930045, "LOP": 114.83739442490442}}