{"YUL": {"KSR": 229.23484078151355, "LOP": 111.49138243973884}}