{"YUL": {"KSR": 229.23484078151355, "LOP": 54.83965505667943}}