{"YUL": {"KSR": 239.97584555768805, "LOP": 110.67622796296428}}