{"YUL": {"KSR": 252.15832463438633, "LOP": 113.55736935287341}}