{"YUL": {"KSR": 252.1580012759727, "LOP": 118.9164044873942}}