{"YUL": {"KSR": 252.15832485966456, "LOP": 120.49245855051865}}