{"YUL": {"KSR": 252.02705543310108, "LOP": 114.63031376172773}}