{"YUL": {"KSR": 252.15832475191488, "LOP": 114.55379003242024}}