{"YUL": {"KSR": 252.08856290434233, "LOP": 117.93055414699947}}