{"YUL": {"KSR": 229.23484078151355, "LOP": 107.83795417974167}}