{"YUL": {"KSR": 229.2348407815136, "LOP": 110.44700928032398}}