{"YUL": {"KSR": 229.2348407815136, "LOP": 29.850734520005062}}