{"YUL": {"KSR": 252.15832485966456, "LOP": 124.68328495606056}}