{"YUL": {"KSR": 252.15832485966456, "LOP": 120.64050163457493}}