{"YUL": {"KSR": 251.78184782103258, "LOP": 112.50966459944235}}