{"YUL": {"KSR": 252.1583248585038, "LOP": 109.1815772187872}}