{"YUL": {"KSR": 251.91131827461817, "LOP": 118.87381094369411}}