{"YUL": {"KSR": 252.15832485965944, "LOP": 124.25974435286423}}