{"YUL": {"KSR": 252.1582648989534, "LOP": 116.24049432578872}}