{"YUL": {"KSR": 252.15777686784085, "LOP": 114.87051370012924}}