{"YUL": {"KSR": 252.15829299408438, "LOP": 117.33484474499146}}