{"YUL": {"KSR": 252.15832485966456, "LOP": 108.94719280920776}}